"id","media_type","timestamp","like_count","comments_count","hashtag"
"22915435894288827_9698230649","image",2025-08-15 15:00:00,449,10,"#AppleEvent2025"
"29191953052727066_6956945746","carousel",2025-09-21 09:00:00,371,9,"#AppleEvent2025"
"72960122594310041_1245922070","reel",2025-10-04 15:00:00,444,17,"#AppleEvent2025"
"05721201179386725_5701477640","carousel",2025-07-26 11:00:00,0,5,"#AppleEvent2025"
"53220646887044715_1396570748","carousel",2025-09-02 04:00:00,836,21,"#AppleEvent2025"
"27511562278821641_9212565303","reel",2025-09-24 18:00:00,129,4,"#AppleEvent2025"
"40744409663510108_2355882897","reel",2025-10-02 13:00:00,854,26,"#AppleEvent2025"
"56193423213109339_5413514284","reel",2025-08-31 21:00:00,200,6,"#AppleEvent2025"
"42250241794274233_0368545206","image",2025-10-01 11:00:00,947,31,"#AppleEvent2025"
"94880815184873247_2021411955","reel",2025-09-04 04:00:00,513,12,"#AppleEvent2025"
"12529712489908230_0596691438","image",2025-09-27 18:00:00,180,6,"#AppleEvent2025"
"51991017751497164_3891309299","carousel",2025-09-05 03:00:00,166,2,"#AppleEvent2025"
"91916107518355868_7638581881","image",2025-09-28 02:00:00,174,6,"#AppleEvent2025"
"42008235882709065_6479009723","image",2025-10-01 23:00:00,111,7,"#AppleEvent2025"
"87111671511578808_1195120115","image",2025-09-04 11:00:00,410,6,"#AppleEvent2025"
"83409724434184007_4021725437","reel",2025-08-27 01:00:00,194,2,"#AppleEvent2025"
"48221077679086515_1315521738","image",2025-09-17 20:00:00,174,7,"#AppleEvent2025"
"25821501026111788_4532927268","image",2025-09-27 03:00:00,438,10,"#AppleEvent2025"
"11254664147489389_8152506201","image",2025-07-28 11:00:00,13,0,"#AppleEvent2025"
"14001251998060076_7322679668","reel",2025-10-09 06:00:00,173,10,"#AppleEvent2025"
"23205072200188088_7721115807","carousel",2025-07-22 16:00:00,298,5,"#AppleEvent2025"
"77403637997321680_0288763439","image",2025-07-19 17:00:00,435,14,"#AppleEvent2025"
"10566713335579259_4147551479","image",2025-08-26 12:00:00,641,16,"#AppleEvent2025"
"84081137723019174_4050228481","image",2025-08-24 02:00:00,169,9,"#AppleEvent2025"
"35929084014702934_7053793739","image",2025-07-26 10:00:00,93,2,"#AppleEvent2025"
"72681040959659469_6225813291","reel",2025-09-08 01:00:00,66,1,"#AppleEvent2025"
"99373725050825883_0847874610","image",2025-09-29 02:00:00,381,9,"#AppleEvent2025"
"70844754905281624_0399810204","reel",2025-08-12 14:00:00,119,0,"#AppleEvent2025"
"62300506517093670_7587485672","reel",2025-09-13 04:00:00,246,8,"#AppleEvent2025"
"33825060971305274_2294864509","image",2025-09-20 06:00:00,122,3,"#AppleEvent2025"
"29236852533149374_3552200670","image",2025-09-30,226,11,"#AppleEvent2025"
"87280267892319059_3186899508","image",2025-08-13 14:00:00,75,2,"#AppleEvent2025"
"69533422738039129_5636269102","image",2025-09-13 03:00:00,357,13,"#AppleEvent2025"
"69899920287986900_0638610457","image",2025-09-02 16:00:00,339,13,"#AppleEvent2025"
"04769471405326747_0476467927","carousel",2025-10-04 07:00:00,43,1,"#AppleEvent2025"
"63362189627756710_3639632151","carousel",2025-09-23 16:00:00,520,14,"#AppleEvent2025"
"36593625172732927_3766493321","carousel",2025-09-13 01:00:00,64,3,"#AppleEvent2025"
"00842005716268586_5387770940","image",2025-10-01 01:00:00,418,14,"#AppleEvent2025"
"29278573284805070_5492852288","carousel",2025-10-08 11:00:00,464,12,"#AppleEvent2025"
"61128522257992102_3831292871","carousel",2025-08-03 08:00:00,88,4,"#AppleEvent2025"
"30175790410225072_7223667387","image",2025-09-03 20:00:00,382,9,"#AppleEvent2025"
"29154659909945935_6528506527","reel",2025-07-21 11:00:00,133,3,"#AppleEvent2025"
"65647130184630759_3460954264","carousel",2025-09-05 08:00:00,147,6,"#AppleEvent2025"
"54316201162667010_5859264774","carousel",2025-08-14 04:00:00,825,23,"#AppleEvent2025"
"33161230609200813_6397884821","image",2025-09-08 14:00:00,989,32,"#AppleEvent2025"
"93250891212585561_9516290718","reel",2025-09-07 11:00:00,679,24,"#AppleEvent2025"
"83998732226921740_6734441266","carousel",2025-09-26 13:00:00,681,19,"#AppleEvent2025"
"73279086759652650_8957255872","image",2025-09-02 16:00:00,516,14,"#AppleEvent2025"
"80895047640983539_1746492852","image",2025-08-23 13:00:00,46,4,"#AppleEvent2025"
"51428561979189151_7221890827","reel",2025-09-27 18:00:00,205,9,"#AppleEvent2025"
"24546916781205865_2455740720","carousel",2025-10-02 09:00:00,203,5,"#AppleEvent2025"
"36539215092704271_5744869902","image",2025-08-16 06:00:00,182,8,"#AppleEvent2025"
"15341894830960911_9295570021","image",2025-10-03 06:00:00,221,6,"#AppleEvent2025"
"67342568607319906_2990584865","carousel",2025-10-03,101,2,"#AppleEvent2025"
"47114368126177197_4456142455","image",2025-07-13 05:00:00,54,2,"#AppleEvent2025"
"62484295887225756_7330155114","carousel",2025-09-28 18:00:00,2172,72,"#AppleEvent2025"
"52388359158458563_4307485889","image",2025-08-26 03:00:00,647,14,"#AppleEvent2025"
"64100148925501563_9815327940","image",2025-07-29 13:00:00,39,1,"#AppleEvent2025"
"85503937909062030_0114677102","reel",2025-07-26 06:00:00,177,4,"#AppleEvent2025"
"10890331675211581_7740153414","image",2025-10-05 13:00:00,66,2,"#AppleEvent2025"
"62091906082588644_5076528550","image",2025-09-13 16:00:00,96,4,"#AppleEvent2025"
"82310126314939240_8269100448","carousel",2025-09-27,1010,36,"#AppleEvent2025"
"06218856877972360_9592614101","image",2025-09-16 09:00:00,319,7,"#AppleEvent2025"
"88983723311339129_1475985994","image",2025-09-11 22:00:00,441,18,"#AppleEvent2025"
"06160041863071778_9365002055","image",2025-09-17 09:00:00,157,4,"#AppleEvent2025"
"96951586291327354_0243774958","image",2025-10-06 04:00:00,343,11,"#AppleEvent2025"
"72337881632250576_8048439208","carousel",2025-08-18 04:00:00,87,5,"#AppleEvent2025"
"30669945877049501_6624468335","reel",2025-09-12 01:00:00,0,84,"#AppleEvent2025"
"87241674937185842_8566015832","reel",2025-08-21 07:00:00,252,6,"#AppleEvent2025"
"08461272426894933_7653504986","carousel",2025-09-30 11:00:00,517,17,"#AppleEvent2025"
"78779976618094485_7483335167","image",2025-09-22 08:00:00,300,9,"#AppleEvent2025"
"48982509197153779_3042702218","carousel",2025-09-25,222,6,"#AppleEvent2025"
"53531784832282569_9177533707","image",2025-08-21 09:00:00,104,6,"#AppleEvent2025"
"47377842384959534_8941019368","image",2025-10-03 04:00:00,50,2,"#AppleEvent2025"
"52812897532476324_1015196709","image",2025-09-21 17:00:00,246,9,"#AppleEvent2025"
"77902861004308998_6974202230","image",2025-09-06,53,3,"#AppleEvent2025"
"15266957769843141_2112830138","image",2025-10-06 16:00:00,361,12,"#AppleEvent2025"
"60871783686457765_2453281605","reel",2025-09-28 08:00:00,145,10,"#AppleEvent2025"
"31553131695585951_6247729302","reel",2025-09-26 19:00:00,165,4,"#AppleEvent2025"
"85010838596993088_1445792115","carousel",2025-09-08 13:00:00,486,9,"#AppleEvent2025"
"30059468917320019_0282642301","reel",2025-08-26 07:00:00,194,5,"#AppleEvent2025"
"91246677648906435_8877164581","reel",2025-09-01 21:00:00,196,4,"#AppleEvent2025"
"39767158627625381_2366763452","image",2025-09-09 20:00:00,61,0,"#AppleEvent2025"
"16762660284418267_1023998223","image",2025-08-11,75,1,"#AppleEvent2025"
"85640666743114228_7225491228","image",2025-09-07 03:00:00,142,3,"#AppleEvent2025"
"53748038010486833_0160393002","image",2025-09-21 10:00:00,437,12,"#AppleEvent2025"
"07386366273805503_9161802195","carousel",2025-08-03 20:00:00,489,16,"#AppleEvent2025"
"91020281750090385_7219573310","image",2025-10-05 17:00:00,35,1,"#AppleEvent2025"
"04049924354595432_5021764817","reel",2025-09-05 13:00:00,340,0,"#AppleEvent2025"
"34652609642367119_0074835243","carousel",2025-09-28 17:00:00,138,5,"#AppleEvent2025"
"50726403132650311_7309463394","carousel",2025-09-22 16:00:00,128,8,"#AppleEvent2025"
"99334492320425647_1634615390","carousel",2025-09-30 14:00:00,173,11,"#AppleEvent2025"
"00111227544184725_7677695892","carousel",2025-09-04 13:00:00,468,12,"#AppleEvent2025"
"71063790225991440_9755190118","image",2025-10-09 04:00:00,245,3,"#AppleEvent2025"
"76112926668784823_1866472339","carousel",2025-09-06 23:00:00,162,5,"#AppleEvent2025"
"54680000200186463_3805890247","image",2025-10-08 06:00:00,62,6,"#AppleEvent2025"
"86117866784550991_2970068207","image",2025-08-04 08:00:00,228,9,"#AppleEvent2025"
"85155516723080549_7906144446","carousel",2025-09-05 02:00:00,136,5,"#AppleEvent2025"
"03385489281149637_2896622461","reel",2025-09-28 16:00:00,84,1,"#AppleEvent2025"
"49646607642313840_7887694080","carousel",2025-08-30 04:00:00,474,15,"#AppleEvent2025"
"29610230176007095_5488924891","image",2025-09-16 15:00:00,0,3,"#AppleEvent2025"
"19788990207066486_0047032891","reel",2025-08-31 13:00:00,137,6,"#AppleEvent2025"
"74517219903346318_6658565534","carousel",2025-07-28 08:00:00,359,13,"#AppleEvent2025"
"03781535464450080_3688903448","carousel",2025-09-29 08:00:00,201,6,"#AppleEvent2025"
"31145544667442119_6572117948","reel",2025-07-31 14:00:00,0,8,"#AppleEvent2025"
"09510186657264796_6787230529","carousel",2025-09-07 04:00:00,191,7,"#AppleEvent2025"
"42258860518602847_4172566563","image",2025-08-01 06:00:00,775,24,"#AppleEvent2025"
"90977359557862742_9122714213","image",2025-08-29 04:00:00,63,1,"#AppleEvent2025"
"94290960256066124_9145653237","image",2025-09-10 21:00:00,638,19,"#AppleEvent2025"
"30346947074703479_5378343663","image",2025-09-19 06:00:00,334,11,"#AppleEvent2025"
"56779916515911327_5414336687","image",2025-09-20 15:00:00,641,10,"#AppleEvent2025"
"34717711220520090_1961294066","carousel",2025-09-21 22:00:00,133,5,"#AppleEvent2025"
"85176040952163962_2284953323","carousel",2025-09-16 03:00:00,212,4,"#AppleEvent2025"
"47706595803688122_0692461715","image",2025-10-01 12:00:00,50,2,"#AppleEvent2025"
"85508774105719283_5390827466","carousel",2025-09-26 21:00:00,448,19,"#AppleEvent2025"
"54896988412102666_4988023387","image",2025-08-01,148,4,"#AppleEvent2025"
"21526358488333563_8168813185","carousel",2025-09-24 06:00:00,1339,31,"#AppleEvent2025"
"30557883383033723_9930593720","image",2025-08-22 08:00:00,361,11,"#AppleEvent2025"
"20460419470726413_0273299772","reel",2025-08-25 12:00:00,63,3,"#AppleEvent2025"
"16228822503369543_2234922597","carousel",2025-08-05 21:00:00,0,8,"#AppleEvent2025"
"59378422494564303_9828904386","reel",2025-08-28 17:00:00,385,9,"#AppleEvent2025"
"52858290355280727_7842252827","image",2025-08-02 05:00:00,267,11,"#AppleEvent2025"
"06680359197218001_3107699327","carousel",2025-08-18 07:00:00,106,4,"#AppleEvent2025"
"91479513350141387_6559432599","carousel",2025-09-15 03:00:00,172,7,"#AppleEvent2025"
"98971694533775770_0919345450","carousel",2025-07-28 11:00:00,608,17,"#AppleEvent2025"
"41848259298032247_5094773425","carousel",2025-08-13 07:00:00,421,11,"#AppleEvent2025"
"20858376524179151_7369342200","carousel",2025-09-24 02:00:00,63,4,"#AppleEvent2025"
"40263831598721121_3323212521","carousel",2025-10-09 02:00:00,116,2,"#AppleEvent2025"
"84320061201259041_4919311168","reel",2025-09-02 01:00:00,497,17,"#AppleEvent2025"
"03441737249746668_5692692335","image",2025-08-27 01:00:00,991,31,"#AppleEvent2025"
"92235681628695818_5246480364","reel",2025-09-29 06:00:00,382,11,"#AppleEvent2025"
"55943397922013941_6246568924","image",2025-07-20 07:00:00,349,6,"#AppleEvent2025"
"96018914363557148_5738112269","image",2025-10-03 15:00:00,606,19,"#AppleEvent2025"
"59091068697507587_2122964609","reel",2025-10-03 17:00:00,694,23,"#AppleEvent2025"
"16837810983183952_0931606990","image",2025-08-08 04:00:00,86,3,"#AppleEvent2025"
"64290212083015990_0327745633","image",2025-10-07 13:00:00,198,9,"#AppleEvent2025"
"57819888600399206_3746061057","reel",2025-09-27 04:00:00,68,1,"#AppleEvent2025"
"96716513815688753_8181805800","image",2025-09-25 11:00:00,75,4,"#AppleEvent2025"
"96154781876124387_6652922762","carousel",2025-09-13 11:00:00,320,11,"#AppleEvent2025"
"48005373073148476_0911144680","image",2025-10-08 18:00:00,613,16,"#AppleEvent2025"
"16110146280610267_8801241278","carousel",2025-09-05 19:00:00,124,4,"#AppleEvent2025"
"34178456820486125_5555591658","carousel",2025-09-30 10:00:00,164,0,"#AppleEvent2025"
"68701274310901744_9696443624","carousel",2025-08-20 15:00:00,304,8,"#AppleEvent2025"
"89609680751580140_7120940710","image",2025-08-25 14:00:00,311,7,"#AppleEvent2025"
"99058922381944139_7462684910","carousel",2025-10-05 14:00:00,0,39,"#AppleEvent2025"
"99299475829231153_2128817135","image",2025-08-28 23:00:00,180,2,"#AppleEvent2025"
"01237635232058663_2956151342","carousel",2025-08-08 07:00:00,42,1,"#AppleEvent2025"
"16298087786408252_1319798110","image",2025-09-19 12:00:00,157,4,"#AppleEvent2025"
"03236557046104471_5599317498","carousel",2025-09-25 21:00:00,178,7,"#AppleEvent2025"
"01868310592768870_4384978291","image",2025-09-11 04:00:00,0,4,"#AppleEvent2025"
"71493641673409962_4658273507","image",2025-08-06 06:00:00,176,4,"#AppleEvent2025"
"40301887795449025_7505663163","image",2025-08-22 16:00:00,60,4,"#AppleEvent2025"
"84533984470967063_8677450964","image",2025-09-29 23:00:00,207,0,"#AppleEvent2025"
"66773532376810329_4481024044","carousel",2025-07-15 01:00:00,551,19,"#AppleEvent2025"
"85590029966710142_9542462083","reel",2025-08-13 07:00:00,0,3,"#AppleEvent2025"
"55807110821428660_5277168834","image",2025-10-01 11:00:00,311,10,"#AppleEvent2025"
"13109028560561605_5576025713","image",2025-08-25 02:00:00,633,10,"#AppleEvent2025"
"63493520690442654_4389657469","carousel",2025-09-26 09:00:00,436,9,"#AppleEvent2025"
"23070518638760369_0305354500","reel",2025-09-04 13:00:00,45,1,"#AppleEvent2025"
"40386453607740154_5112805261","reel",2025-09-17 12:00:00,50,2,"#AppleEvent2025"
"05790770036421995_9431296356","reel",2025-09-12 21:00:00,88,1,"#AppleEvent2025"
"13875973820537791_0574457723","carousel",2025-10-04 18:00:00,165,8,"#AppleEvent2025"
"93167169353277354_3644830139","carousel",2025-08-17 10:00:00,17,1,"#AppleEvent2025"
"42066866339531853_7057631341","image",2025-09-30 13:00:00,177,6,"#AppleEvent2025"
"06853411217311483_6282010851","reel",2025-09-17 14:00:00,306,7,"#AppleEvent2025"
"10973227837844099_7203166475","reel",2025-10-01 07:00:00,135,5,"#AppleEvent2025"
"82717894106567901_2155477158","image",2025-09-05 21:00:00,60,0,"#AppleEvent2025"
"32229622053091893_3347376836","reel",2025-08-17 07:00:00,50,4,"#AppleEvent2025"
"97303574799811367_0441671397","carousel",2025-09-20 05:00:00,303,12,"#AppleEvent2025"
"71494930461250340_2015707951","carousel",2025-08-29 21:00:00,82,2,"#AppleEvent2025"
"14097604723136384_8074345068","image",2025-08-26 23:00:00,58,4,"#AppleEvent2025"
"48088284037489558_6156130360","reel",2025-09-11 21:00:00,227,8,"#AppleEvent2025"
"65008942324485012_2450685884","image",2025-08-13 03:00:00,56,4,"#AppleEvent2025"
"97971389902618594_5628646348","reel",2025-09-18 20:00:00,181,3,"#AppleEvent2025"
"50376447402792332_9923942043","image",2025-08-03 02:00:00,192,6,"#AppleEvent2025"
"39690447058692560_3429437924","reel",2025-07-26 17:00:00,371,11,"#AppleEvent2025"
"72171295468591283_9483521984","image",2025-09-10 20:00:00,266,10,"#AppleEvent2025"
"54254121031749659_8644932988","carousel",2025-10-07 11:00:00,295,8,"#AppleEvent2025"
"41556099347966444_5998793513","image",2025-07-17 03:00:00,222,6,"#AppleEvent2025"
"73756512380573544_4660333666","carousel",2025-10-01 04:00:00,60,0,"#AppleEvent2025"
"70541975691079208_9207934737","reel",2025-08-27 02:00:00,723,31,"#AppleEvent2025"
"18616545622579566_9910821348","carousel",2025-08-12 15:00:00,128,7,"#AppleEvent2025"
"33330741084558517_0996257819","carousel",2025-09-27 05:00:00,104,4,"#AppleEvent2025"
"87691425157755793_4250278334","reel",2025-09-25 17:00:00,31,0,"#AppleEvent2025"
"07303529316886320_2766218995","carousel",2025-10-01 02:00:00,325,6,"#AppleEvent2025"
"83464024389812998_2548596332","carousel",2025-08-29 08:00:00,72,0,"#AppleEvent2025"
"36397913031147351_7540765868","reel",2025-09-05 09:00:00,496,12,"#AppleEvent2025"
"21495004390681260_4936952696","carousel",2025-07-15 09:00:00,337,11,"#AppleEvent2025"
"91820234333556314_8961435308","carousel",2025-09-08 14:00:00,208,6,"#AppleEvent2025"
"24942500897830984_7646272226","carousel",2025-07-27,326,11,"#AppleEvent2025"
"91844371998263093_0987062285","image",2025-08-01 04:00:00,62,1,"#AppleEvent2025"
"81749977504403338_7697991745","carousel",2025-07-28 08:00:00,369,20,"#AppleEvent2025"
"14210423078073737_9856432764","reel",2025-09-02 02:00:00,206,11,"#AppleEvent2025"
"74160589033913717_6914473515","carousel",2025-09-24 03:00:00,135,7,"#AppleEvent2025"
"87301349468692267_5264276654","carousel",2025-09-23 14:00:00,310,10,"#AppleEvent2025"
"45582902006236016_4559752904","carousel",2025-08-10 04:00:00,205,0,"#AppleEvent2025"
"81911858476989778_7317333578","image",2025-09-08 17:00:00,586,16,"#AppleEvent2025"
"77421042704497951_7653186270","carousel",2025-08-30 12:00:00,230,10,"#AppleEvent2025"
"25147519727847960_5459757216","reel",2025-09-09 10:00:00,41,1,"#AppleEvent2025"
"47714933586314151_4730975105","carousel",2025-07-30 22:00:00,338,11,"#AppleEvent2025"
"11326663513268564_2939437867","reel",2025-09-17 10:00:00,254,9,"#AppleEvent2025"
"54516152907054562_5188953277","image",2025-10-06 15:00:00,609,17,"#AppleEvent2025"
"86604417461077646_3956165540","image",2025-08-27 03:00:00,272,9,"#AppleEvent2025"
"74761082862513394_5005809784","carousel",2025-10-01 19:00:00,321,10,"#AppleEvent2025"
"57598377411114118_4747389062","reel",2025-08-23 04:00:00,16,0,"#AppleEvent2025"
"56372263306328944_6118370457","image",2025-09-14 20:00:00,58,1,"#AppleEvent2025"
"41876072854456949_7515319734","carousel",2025-08-08 10:00:00,341,9,"#AppleEvent2025"
"23960935560307888_0487970911","image",2025-09-17 19:00:00,387,8,"#AppleEvent2025"
"04357014653057127_0814371598","carousel",2025-08-03 14:00:00,659,22,"#AppleEvent2025"
"14879644428872104_0557691192","image",2025-09-13 18:00:00,244,8,"#AppleEvent2025"
"18982606407772303_2922849766","image",2025-09-17 01:00:00,257,11,"#AppleEvent2025"
"30562903245174686_0798433124","image",2025-08-23 22:00:00,1511,52,"#AppleEvent2025"
"33592802556866969_9530156924","image",2025-09-19 18:00:00,211,6,"#AppleEvent2025"
"53281820042254886_8572237129","carousel",2025-08-04 09:00:00,147,4,"#AppleEvent2025"
"69100768358677223_0378790609","reel",2025-07-26 18:00:00,326,10,"#AppleEvent2025"
"33875498396186976_9647329069","reel",2025-07-17 13:00:00,150,6,"#AppleEvent2025"
"67695306050942142_0027178197","reel",2025-10-07 03:00:00,158,2,"#AppleEvent2025"
"87605389642894932_0119588854","image",2025-08-20 14:00:00,290,15,"#AppleEvent2025"
"56511643226609896_4721524651","reel",2025-09-20 10:00:00,619,25,"#AppleEvent2025"
"19657519997703738_5045237712","carousel",2025-10-04 23:00:00,145,4,"#AppleEvent2025"
"67984226041600254_5557350788","carousel",2025-08-02 14:00:00,81,1,"#AppleEvent2025"
"50250843780134184_3205626288","carousel",2025-08-06 19:00:00,155,0,"#AppleEvent2025"
"92534344457545623_2108708581","image",2025-09-23 10:00:00,636,15,"#AppleEvent2025"
"41475135221588258_2292809265","reel",2025-08-29 23:00:00,126,2,"#AppleEvent2025"
"03418703377182570_0115166748","carousel",2025-10-03 08:00:00,68,3,"#AppleEvent2025"
"36408596790090129_9014258532","carousel",2025-10-03 07:00:00,272,5,"#AppleEvent2025"
"90618403578773446_3469862301","carousel",2025-08-30,0,2,"#AppleEvent2025"
"31064831070639961_1985596504","image",2025-09-10 11:00:00,82,1,"#AppleEvent2025"
"20745734138340329_0470653826","image",2025-09-30 12:00:00,96,3,"#AppleEvent2025"
"72806067255893130_8991679401","image",2025-09-05 07:00:00,389,5,"#AppleEvent2025"
"06773906703678291_9938651132","image",2025-07-19 05:00:00,126,2,"#AppleEvent2025"
"00635947941311627_8559323665","carousel",2025-09-30 19:00:00,124,3,"#AppleEvent2025"
"70556283414682477_2124611126","reel",2025-09-28 04:00:00,379,0,"#AppleEvent2025"
"70741292059789680_8316231577","image",2025-08-03 20:00:00,99,1,"#AppleEvent2025"
"16271889079655438_1426467210","carousel",2025-09-10 10:00:00,237,3,"#AppleEvent2025"
"24651390136015483_6972902061","reel",2025-07-29 13:00:00,928,29,"#AppleEvent2025"
"07691486543884367_4381384894","reel",2025-10-06 04:00:00,150,2,"#AppleEvent2025"
"72140761431001930_0506424275","image",2025-09-10 16:00:00,1086,30,"#AppleEvent2025"
"80668979429737734_1589762499","carousel",2025-09-30 14:00:00,1036,27,"#AppleEvent2025"
"34515522403320383_9199879201","reel",2025-08-07 14:00:00,187,6,"#AppleEvent2025"
"81777430542769863_0580448116","reel",2025-09-06 06:00:00,248,7,"#AppleEvent2025"
"74488026941131328_9350164807","image",2025-08-31 02:00:00,475,12,"#AppleEvent2025"
"32747941448502902_3896458685","image",2025-10-06,91,2,"#AppleEvent2025"
"28602898640654524_9528640759","carousel",2025-08-23 12:00:00,36,5,"#AppleEvent2025"
"64406323409382499_5006936925","carousel",2025-09-07 19:00:00,427,15,"#AppleEvent2025"
"84300580788593085_6379937561","image",2025-08-29 02:00:00,488,17,"#AppleEvent2025"
"29607287869032102_2646931516","reel",2025-08-08 09:00:00,179,3,"#AppleEvent2025"
"24454856672805391_1982364264","image",2025-08-23 19:00:00,134,2,"#AppleEvent2025"
"47449582628418545_3804495848","image",2025-07-20 06:00:00,452,16,"#AppleEvent2025"
"62232605958066700_9091456968","image",2025-08-26 11:00:00,396,16,"#AppleEvent2025"
"96326345082951542_7465439637","image",2025-09-29 07:00:00,278,7,"#AppleEvent2025"
"87131390830484960_9552780798","image",2025-07-20 12:00:00,14,0,"#AppleEvent2025"
"79478305916578401_3217921402","carousel",2025-08-19 01:00:00,330,3,"#AppleEvent2025"
"08392595962815952_3133484479","reel",2025-09-12 13:00:00,399,10,"#AppleEvent2025"
"46247719182138740_7125472968","carousel",2025-08-16 13:00:00,62,1,"#AppleEvent2025"
"84625688535940125_7076510366","image",2025-09-15 01:00:00,303,10,"#AppleEvent2025"
"27528685732774869_5127290993","reel",2025-09-04 15:00:00,106,2,"#AppleEvent2025"
"51482505927342158_0964416818","image",2025-09-24 03:00:00,63,2,"#AppleEvent2025"
"97999569942847072_0784710861","image",2025-09-28 02:00:00,67,4,"#AppleEvent2025"
"19433098730890781_2408360070","reel",2025-08-20 11:00:00,166,5,"#AppleEvent2025"
"52183504622130848_3803120835","reel",2025-09-23 06:00:00,230,5,"#AppleEvent2025"
"29310497262656652_1629886598","carousel",2025-10-01 05:00:00,1318,41,"#AppleEvent2025"
"58565694368730215_0776043152","carousel",2025-09-02 08:00:00,843,20,"#AppleEvent2025"
"10697260754352812_7422477600","image",2025-09-27 02:00:00,87,2,"#AppleEvent2025"
"42940410718458566_1182769651","carousel",2025-09-04 07:00:00,210,3,"#AppleEvent2025"
"71022258331470011_9031561448","image",2025-09-20 07:00:00,714,24,"#AppleEvent2025"
"87585076745920052_0113377795","carousel",2025-10-03 17:00:00,663,18,"#AppleEvent2025"
"52737393374307817_4466163052","image",2025-09-06 12:00:00,316,11,"#AppleEvent2025"
"55243560057853468_0322105475","reel",2025-08-11 18:00:00,970,33,"#AppleEvent2025"
"62667000846622826_7035972089","carousel",2025-09-14 03:00:00,322,8,"#AppleEvent2025"
"45853767891405421_6850320548","carousel",2025-09-26 15:00:00,214,10,"#AppleEvent2025"
"02572561542491042_1811193037","reel",2025-08-16 10:00:00,493,21,"#AppleEvent2025"
"80512884900995697_4584072499","carousel",2025-08-17 03:00:00,301,13,"#AppleEvent2025"
"54614997546056989_3423433162","image",2025-10-07 02:00:00,77,3,"#AppleEvent2025"
"07480954973042820_7901371394","carousel",2025-09-04 17:00:00,1036,25,"#AppleEvent2025"
"64795375259794435_4926549729","reel",2025-08-12 21:00:00,31,2,"#AppleEvent2025"
"15821931891410172_1462930761","reel",2025-09-06 09:00:00,126,5,"#AppleEvent2025"
"00802819073907783_5300959411","carousel",2025-08-22 22:00:00,456,15,"#AppleEvent2025"
"19524819892934595_5711837400","image",2025-08-23 23:00:00,62,3,"#AppleEvent2025"
"58904759768032327_3635474283","image",2025-09-14,258,3,"#AppleEvent2025"
"92960736422246080_5492408875","reel",2025-09-15 14:00:00,346,14,"#AppleEvent2025"
"43491309321092920_6920214974","reel",2025-10-01 16:00:00,418,10,"#AppleEvent2025"
"76104432974576323_8154935729","carousel",2025-07-21 08:00:00,141,5,"#AppleEvent2025"
"29982110491282707_0852473444","reel",2025-09-06 19:00:00,248,6,"#AppleEvent2025"
"31554584964459846_0890798331","image",2025-10-08 09:00:00,177,4,"#AppleEvent2025"
"92037400741534600_9299413956","carousel",2025-09-26 09:00:00,57,0,"#AppleEvent2025"
"32463490355127626_6037422210","image",2025-09-22 14:00:00,276,8,"#AppleEvent2025"
"41206196217759702_0077250843","carousel",2025-09-21 01:00:00,135,5,"#AppleEvent2025"
"86811161776557157_7646969151","carousel",2025-09-18 08:00:00,553,11,"#AppleEvent2025"
"75405842029300133_0578735088","reel",2025-07-26 23:00:00,118,0,"#AppleEvent2025"
"76113040458086220_7058058162","image",2025-10-08 02:00:00,781,19,"#AppleEvent2025"
"74633203502296271_0794061563","reel",2025-10-05 15:00:00,195,12,"#AppleEvent2025"
"17934363895118182_9609213451","reel",2025-08-23 04:00:00,119,1,"#AppleEvent2025"
"76089763017649082_2042516880","image",2025-08-28 20:00:00,505,16,"#AppleEvent2025"
"67985255819974561_2205428644","carousel",2025-10-05 07:00:00,110,4,"#AppleEvent2025"
"18073643281397227_9066677082","reel",2025-09-15 18:00:00,1444,36,"#AppleEvent2025"
"05326149189959344_9137335838","carousel",2025-09-26 03:00:00,427,6,"#AppleEvent2025"
"95095247454448582_0961006217","reel",2025-10-05 15:00:00,134,5,"#AppleEvent2025"
"26664238912757979_6996007264","image",2025-09-27 13:00:00,622,23,"#AppleEvent2025"
"21136592233591837_2568001260","image",2025-10-04 17:00:00,30,0,"#AppleEvent2025"
"30348305164229664_2105976193","carousel",2025-08-25 12:00:00,137,4,"#AppleEvent2025"
"33941011929887185_3577554820","carousel",2025-10-04 10:00:00,280,8,"#AppleEvent2025"
"66311065603622218_6074580906","image",2025-10-04 01:00:00,95,3,"#AppleEvent2025"
"28269909848720052_6947954358","image",2025-10-06 07:00:00,211,7,"#AppleEvent2025"
"78466266742672454_5011785456","image",2025-08-18 08:00:00,337,12,"#AppleEvent2025"
"86305478703944235_6802721219","reel",2025-10-03 13:00:00,153,3,"#AppleEvent2025"
"66542968914372335_5115273923","image",2025-09-17 13:00:00,104,5,"#AppleEvent2025"
"05130688450602567_1234242786","image",2025-07-21 03:00:00,57,5,"#AppleEvent2025"
"39975284711870869_2568412614","image",2025-09-23 17:00:00,63,1,"#AppleEvent2025"
"80901989889948823_5795479572","image",2025-08-31 04:00:00,15,0,"#AppleEvent2025"
"79379855348897143_9794581017","reel",2025-10-04 02:00:00,114,3,"#AppleEvent2025"
"32923488741861023_6223143195","image",2025-09-22 06:00:00,134,3,"#AppleEvent2025"
"63916030312710762_4648703483","image",2025-09-02 12:00:00,169,0,"#AppleEvent2025"
"55076761729430750_9704638849","image",2025-09-16 08:00:00,355,16,"#AppleEvent2025"
"30164510809093279_1350499023","image",2025-07-31 04:00:00,172,3,"#AppleEvent2025"
"33177865787034019_4264382745","image",2025-08-31 16:00:00,164,5,"#AppleEvent2025"
"44867067651873458_3106783861","carousel",2025-09-20,85,5,"#AppleEvent2025"
"86239229201329507_2403545808","carousel",2025-09-03 04:00:00,139,2,"#AppleEvent2025"
"69512373343321449_3850375694","image",2025-09-10 20:00:00,88,1,"#AppleEvent2025"
"34186647608761098_8106445982","image",2025-07-30,35,2,"#AppleEvent2025"
"65336168040648425_0490444396","carousel",2025-07-26 01:00:00,278,11,"#AppleEvent2025"
"33486098896459428_1743679029","image",2025-09-23 16:00:00,305,9,"#AppleEvent2025"
"07249204427726436_6031994753","image",2025-09-17 11:00:00,226,10,"#AppleEvent2025"
"49402111679181944_6335607813","image",2025-10-06 01:00:00,143,5,"#AppleEvent2025"
"02735269318691324_9900078614","image",2025-08-29 07:00:00,224,4,"#AppleEvent2025"
"90615844254093679_4020643235","reel",2025-08-26 11:00:00,541,19,"#AppleEvent2025"
"25989994195069965_2744459803","image",2025-08-04 03:00:00,2166,45,"#AppleEvent2025"
"02334789519488820_7428235849","carousel",2025-08-26 09:00:00,231,4,"#AppleEvent2025"
"19959838013460229_6860537501","image",2025-09-24 11:00:00,259,9,"#AppleEvent2025"
"06348842840263457_0143199922","reel",2025-09-11 17:00:00,519,22,"#AppleEvent2025"
"95076424732389140_7691782643","carousel",2025-09-10 01:00:00,335,8,"#AppleEvent2025"
"53870194184507893_8508982047","image",2025-09-26 17:00:00,305,7,"#AppleEvent2025"
"33434844804878075_5676138227","carousel",2025-08-29 06:00:00,183,4,"#AppleEvent2025"
"76016995500892565_3980567691","reel",2025-09-23 04:00:00,99,5,"#AppleEvent2025"
"32440766152375662_1222949825","reel",2025-07-26,155,4,"#AppleEvent2025"
"20012388152743575_4135208043","carousel",2025-09-28 14:00:00,758,13,"#AppleEvent2025"
"42639992085942592_2077318533","carousel",2025-08-25 06:00:00,158,4,"#AppleEvent2025"
"68238943861765055_4637119276","image",2025-09-05 16:00:00,361,12,"#AppleEvent2025"
"03422188048533921_6372628216","carousel",2025-10-09 07:00:00,287,5,"#AppleEvent2025"
"69922192178223669_9901759827","image",2025-10-01 21:00:00,195,8,"#AppleEvent2025"
"83570065269009337_4255516498","image",2025-09-22 01:00:00,113,6,"#AppleEvent2025"
"06057419600590110_4770154586","carousel",2025-10-01 19:00:00,147,4,"#AppleEvent2025"
"91687791186482494_5257706310","image",2025-09-09 14:00:00,1275,21,"#AppleEvent2025"
"77210413063054090_2159514592","image",2025-08-29 23:00:00,47,3,"#AppleEvent2025"
"78122062040839578_4433946940","reel",2025-08-21 07:00:00,199,4,"#AppleEvent2025"
"61651463709065995_2644587691","image",2025-08-04 10:00:00,113,4,"#AppleEvent2025"
"15062575986548568_3866953077","carousel",2025-09-27,328,0,"#AppleEvent2025"
"55885945969667664_5551399398","image",2025-10-05 04:00:00,622,17,"#AppleEvent2025"
"55004163951624878_4228744146","image",2025-09-27,159,5,"#AppleEvent2025"
"37162561507969056_7928293141","carousel",2025-10-08 22:00:00,518,14,"#AppleEvent2025"
"11137968414892960_5525210620","image",2025-09-10 06:00:00,494,14,"#AppleEvent2025"
"68421994986279407_5080216073","reel",2025-09-30 04:00:00,111,3,"#AppleEvent2025"
"26259613948370720_7226915888","image",2025-09-30 14:00:00,226,9,"#AppleEvent2025"
"34758362990721004_4903125427","image",2025-10-04 20:00:00,263,6,"#AppleEvent2025"
"57191144046899226_7745386453","image",2025-09-13 14:00:00,180,4,"#AppleEvent2025"
"25775644465498520_2981218946","carousel",2025-07-27 15:00:00,428,12,"#AppleEvent2025"
"68040338371936758_4175996512","carousel",2025-09-06 23:00:00,82,2,"#AppleEvent2025"
"31362105449886434_4350403761","carousel",2025-08-20 02:00:00,246,5,"#AppleEvent2025"
"43425454226323247_5556743440","image",2025-09-28 18:00:00,260,13,"#AppleEvent2025"
"80491191116929858_8706616312","reel",2025-08-05 03:00:00,96,3,"#AppleEvent2025"
"28011991590928389_6436941086","reel",2025-09-25 22:00:00,152,5,"#AppleEvent2025"
"77450683453431897_3714032150","carousel",2025-08-12 07:00:00,405,16,"#AppleEvent2025"
"91843494334197211_9990615650","carousel",2025-09-16 10:00:00,89,2,"#AppleEvent2025"
"32711484053012200_9638883742","carousel",2025-08-02 01:00:00,0,29,"#AppleEvent2025"
"71440093296432443_4850119925","reel",2025-09-10 12:00:00,409,17,"#AppleEvent2025"
"76242848691254550_7902927394","reel",2025-09-24 21:00:00,0,1,"#AppleEvent2025"
"47398465524028014_0759723747","carousel",2025-10-06 17:00:00,962,22,"#AppleEvent2025"
"60943867872901237_2523691242","carousel",2025-09-20 11:00:00,756,24,"#AppleEvent2025"
"88906141620348342_4123637602","reel",2025-08-28 14:00:00,445,14,"#AppleEvent2025"
"49203018564967797_7438078023","carousel",2025-07-29 19:00:00,85,1,"#AppleEvent2025"
"93290221593830618_5453425806","carousel",2025-08-18 05:00:00,278,12,"#AppleEvent2025"
"94076666456843479_8295321723","reel",2025-10-02 07:00:00,334,11,"#AppleEvent2025"
"90576627298282548_1493583721","image",2025-08-20 08:00:00,137,7,"#AppleEvent2025"
"96197631394016065_7148017171","reel",2025-08-26 09:00:00,236,9,"#AppleEvent2025"
"24116479037494424_9270512332","reel",2025-08-19 18:00:00,77,2,"#AppleEvent2025"
"48549602752313113_9885530564","reel",2025-08-16 05:00:00,74,2,"#AppleEvent2025"
"47295920453131612_7760810477","image",2025-10-01 02:00:00,685,0,"#AppleEvent2025"
"58501920299661828_3123866706","image",2025-09-29 07:00:00,580,18,"#AppleEvent2025"
"11922062704568302_4796513999","image",2025-09-22 18:00:00,740,26,"#AppleEvent2025"
"25874599435200319_5486969489","reel",2025-09-04 07:00:00,104,2,"#AppleEvent2025"
"50493582941848548_2858952853","image",2025-09-23 08:00:00,227,8,"#AppleEvent2025"
"29903712000996597_9480802303","reel",2025-09-16 18:00:00,687,17,"#AppleEvent2025"
"79658406726190591_8338787887","image",2025-09-27 18:00:00,178,1,"#AppleEvent2025"
"61597771437202013_8593065010","reel",2025-10-02,178,6,"#AppleEvent2025"
"13424256878313628_9624850081","image",2025-09-19 23:00:00,92,6,"#AppleEvent2025"
"24402700942626598_5493973026","carousel",2025-08-21 09:00:00,285,7,"#AppleEvent2025"
"29106698471734557_4428763722","reel",2025-08-07 21:00:00,143,6,"#AppleEvent2025"
"98523005109207690_9775415657","carousel",2025-09-19 16:00:00,661,14,"#AppleEvent2025"
"22968722296363243_7148507440","reel",2025-09-20 12:00:00,220,5,"#AppleEvent2025"
"98430628497884733_5947962890","reel",2025-09-28 11:00:00,78,2,"#AppleEvent2025"
"80949899230819533_5590483450","image",2025-09-21 23:00:00,636,0,"#AppleEvent2025"
"55307926581702885_4570395371","image",2025-10-08 13:00:00,193,4,"#AppleEvent2025"
"84676274526592025_2741824182","carousel",2025-08-26 16:00:00,0,3,"#AppleEvent2025"
"92740823660281451_5117880438","reel",2025-10-08 19:00:00,91,1,"#AppleEvent2025"
"50990991396950534_6246021415","image",2025-09-14 01:00:00,80,3,"#AppleEvent2025"
"11375378496244360_4673731080","reel",2025-09-25 09:00:00,533,19,"#AppleEvent2025"
"88540453208767834_9189755046","carousel",2025-09-29 08:00:00,107,1,"#AppleEvent2025"
"32829617796870410_0631763704","carousel",2025-10-07 12:00:00,729,28,"#AppleEvent2025"
"02569471967038213_9740605406","reel",2025-09-21 09:00:00,27,2,"#AppleEvent2025"
"11169426797639079_9944978406","image",2025-10-08,74,2,"#AppleEvent2025"
"83637082429820517_7250515320","image",2025-10-02 21:00:00,273,9,"#AppleEvent2025"
"97563677445875589_3463864712","carousel",2025-08-21 15:00:00,363,7,"#AppleEvent2025"
"36816584038932534_1962903269","image",2025-09-12 14:00:00,316,8,"#AppleEvent2025"
"89616177727015087_7830385690","image",2025-09-20 10:00:00,296,12,"#AppleEvent2025"
"59614539769735305_0867146523","carousel",2025-10-03 18:00:00,119,5,"#AppleEvent2025"
"27861203058397107_8147023079","image",2025-09-21 06:00:00,1345,46,"#AppleEvent2025"
"93044517730442504_5620045133","image",2025-10-06 15:00:00,1171,32,"#AppleEvent2025"
"46533649420482459_6052026361","image",2025-10-02 13:00:00,166,7,"#AppleEvent2025"
"97679881012165656_7823521150","image",2025-09-22 20:00:00,239,9,"#AppleEvent2025"
"35601821642267123_3822253157","carousel",2025-09-11 18:00:00,74,1,"#AppleEvent2025"
"57092810875231523_7139211824","reel",2025-08-10 21:00:00,429,14,"#AppleEvent2025"
"70325288854985924_2638829793","reel",2025-10-06 20:00:00,66,0,"#AppleEvent2025"
"01374112915191147_1937752973","carousel",2025-10-04 14:00:00,229,2,"#AppleEvent2025"
"03655481478667242_4829817735","image",2025-09-06 19:00:00,155,1,"#AppleEvent2025"
"54313719599530810_8657379735","image",2025-09-01 11:00:00,509,20,"#AppleEvent2025"
"83881699889600824_4961352251","carousel",2025-09-01 02:00:00,115,3,"#AppleEvent2025"
"06308844367267072_6594596338","carousel",2025-09-03 14:00:00,305,16,"#AppleEvent2025"
"68667047417824472_6660135852","image",2025-07-24 18:00:00,206,4,"#AppleEvent2025"
"38518846137560718_3251228431","image",2025-09-21 15:00:00,110,3,"#AppleEvent2025"
"19900233821410420_6018228452","carousel",2025-09-12 18:00:00,145,5,"#AppleEvent2025"
"03787540669132066_1641808379","carousel",2025-10-05 15:00:00,565,15,"#AppleEvent2025"
"59062112603423998_1854590879","image",2025-09-19 05:00:00,251,2,"#AppleEvent2025"
"23848439283989766_2816061732","image",2025-09-26 09:00:00,1057,32,"#AppleEvent2025"
"54077404380139319_9986829029","carousel",2025-10-08 06:00:00,193,6,"#AppleEvent2025"
"87921207279436978_9370601821","image",2025-08-14 13:00:00,224,8,"#AppleEvent2025"
"67108605819705659_1233707453","image",2025-09-03 17:00:00,52,0,"#AppleEvent2025"
"59398080836258142_9269039636","carousel",2025-09-08 10:00:00,208,0,"#AppleEvent2025"
"79139693440123664_7098577517","image",2025-09-22 21:00:00,808,31,"#AppleEvent2025"
"77381624857744555_8051676094","reel",2025-10-06 22:00:00,83,3,"#AppleEvent2025"
"28597096687270720_9434494123","image",2025-07-30,273,12,"#AppleEvent2025"
"98682001874308093_3579369548","reel",2025-09-24 02:00:00,188,10,"#AppleEvent2025"
"20958395643832871_1248054647","image",2025-10-03 23:00:00,47,1,"#AppleEvent2025"
"83958558125645748_8821476514","reel",2025-09-19 11:00:00,234,6,"#AppleEvent2025"
"88090613768805401_3462990949","carousel",2025-09-11 08:00:00,125,0,"#AppleEvent2025"
"36844851755492585_9320560464","image",2025-09-24 13:00:00,213,2,"#AppleEvent2025"
"62299473028828747_9192206441","carousel",2025-10-05 14:00:00,265,10,"#AppleEvent2025"
"63617065226670926_1880905488","carousel",2025-09-21 15:00:00,708,21,"#AppleEvent2025"
"02673762342353452_2820601700","reel",2025-07-31 01:00:00,404,14,"#AppleEvent2025"
"81123901493957978_0799806306","reel",2025-09-25 22:00:00,280,6,"#AppleEvent2025"
"49119396079866078_6304426549","image",2025-09-24 04:00:00,119,2,"#AppleEvent2025"
"31780647914811668_1756701262","image",2025-10-02 21:00:00,114,1,"#AppleEvent2025"
"73568406826051184_7562507393","carousel",2025-10-04 03:00:00,415,15,"#AppleEvent2025"
"44072846419418806_7771837414","carousel",2025-08-27 06:00:00,85,0,"#AppleEvent2025"
"36209990417458674_6566750392","carousel",2025-09-12 17:00:00,121,6,"#AppleEvent2025"
"30563111861015802_9900104459","reel",2025-10-01 06:00:00,728,22,"#AppleEvent2025"
"93818662223491014_9754972513","carousel",2025-10-06 10:00:00,10,0,"#AppleEvent2025"
"66680590665206440_5606488238","reel",2025-09-03 14:00:00,45,0,"#AppleEvent2025"
"01084957133801687_1934542560","image",2025-09-28,996,24,"#AppleEvent2025"
"03522421504363002_7058755039","image",2025-09-19 22:00:00,602,23,"#AppleEvent2025"
"65178924416528459_1193279924","image",2025-08-28 06:00:00,113,3,"#AppleEvent2025"
"91405334738000482_7289529845","image",2025-09-07 08:00:00,81,3,"#AppleEvent2025"
"02325888525449252_3460888779","reel",2025-09-01 07:00:00,351,12,"#AppleEvent2025"
"34763079944742797_5748645290","image",2025-09-04 12:00:00,137,0,"#AppleEvent2025"
"06878085407986240_4430558492","image",2025-07-21 01:00:00,151,6,"#AppleEvent2025"
"51176806621774528_8253854305","carousel",2025-08-17 23:00:00,115,2,"#AppleEvent2025"
"70316177875919946_6630394185","reel",2025-09-10 18:00:00,317,3,"#AppleEvent2025"
"59249209352532575_5918657245","carousel",2025-09-22 16:00:00,115,4,"#AppleEvent2025"
"03004955853819057_0167243041","image",2025-09-26 19:00:00,90,0,"#AppleEvent2025"
"46117262578066866_2865351669","reel",2025-09-16 04:00:00,192,5,"#AppleEvent2025"
"21880468414772026_5347967066","reel",2025-07-20 17:00:00,213,4,"#AppleEvent2025"
"65296778861000879_6413625260","reel",2025-09-25 17:00:00,277,7,"#AppleEvent2025"
"08471476678611312_7156500100","carousel",2025-10-05 08:00:00,509,22,"#AppleEvent2025"
"03473421259121057_2529070041","image",2025-09-02 04:00:00,590,14,"#AppleEvent2025"
"27187048453713629_7701608481","image",2025-09-16 21:00:00,130,0,"#AppleEvent2025"
"40023460128052235_6328570193","carousel",2025-09-13 15:00:00,39,1,"#AppleEvent2025"
"15707055686580325_4635410435","carousel",2025-09-06 08:00:00,143,1,"#AppleEvent2025"
"74194735032625028_4304797745","image",2025-08-28 22:00:00,1140,33,"#AppleEvent2025"
"67039934761079418_8706832560","carousel",2025-09-17 15:00:00,109,4,"#AppleEvent2025"
"51642816671939832_2176406370","image",2025-09-03 02:00:00,271,7,"#AppleEvent2025"
"85501694178879201_5197923548","carousel",2025-08-20 05:00:00,427,20,"#AppleEvent2025"
"84469534028220863_2098081870","carousel",2025-07-16 05:00:00,237,8,"#AppleEvent2025"
"43667928974323307_8704111829","carousel",2025-09-23,127,3,"#AppleEvent2025"
"67596001113413724_2690258355","image",2025-10-05 08:00:00,33,2,"#AppleEvent2025"
"19849897760770124_0667794851","reel",2025-08-18 22:00:00,225,10,"#AppleEvent2025"
"38915936747107983_2837601524","reel",2025-10-03 17:00:00,156,7,"#AppleEvent2025"
"59224333961630925_0793212839","image",2025-07-28 18:00:00,594,27,"#AppleEvent2025"
"81730481544201020_7718928244","carousel",2025-10-05 20:00:00,118,3,"#AppleEvent2025"
"26037079825697364_9209608323","reel",2025-08-25 15:00:00,81,1,"#AppleEvent2025"
"84076116502479796_6943872682","image",2025-10-01 08:00:00,136,2,"#AppleEvent2025"
"30301169302190799_1860512534","reel",2025-08-29 04:00:00,61,1,"#AppleEvent2025"
"60400444895679543_9639858902","image",2025-08-27 19:00:00,88,4,"#AppleEvent2025"
"11191904512824312_7895317289","image",2025-09-23,187,8,"#AppleEvent2025"
"82031218337639267_4848881901","reel",2025-09-18 04:00:00,2495,94,"#AppleEvent2025"
"93002862805691493_2810224604","image",2025-09-14 23:00:00,28,1,"#AppleEvent2025"
"19037448480680030_1141462517","reel",2025-07-28 04:00:00,496,11,"#AppleEvent2025"
"82026147949184643_7315042375","carousel",2025-08-31 17:00:00,116,2,"#AppleEvent2025"
"46858702294401674_0420936753","carousel",2025-08-14 20:00:00,25,0,"#AppleEvent2025"
"46219517944361982_6702741724","image",2025-07-19 12:00:00,640,19,"#AppleEvent2025"
"11665912005608778_8304679070","carousel",2025-08-17 06:00:00,165,2,"#AppleEvent2025"
"49883113953305565_7889225334","image",2025-08-01 16:00:00,281,15,"#AppleEvent2025"
"13728810619421558_7216808336","reel",2025-08-28 05:00:00,183,7,"#AppleEvent2025"
"95835993466373135_7981975245","image",2025-09-26 09:00:00,667,25,"#AppleEvent2025"
"42452961109096122_6418389722","image",2025-09-05 14:00:00,1414,39,"#AppleEvent2025"
"58578015948400580_2046716156","carousel",2025-09-03 21:00:00,156,4,"#AppleEvent2025"
"91618823402911579_3442711151","reel",2025-09-19 02:00:00,140,5,"#AppleEvent2025"
"90295883969086916_1385927519","image",2025-08-16 22:00:00,1060,27,"#AppleEvent2025"
"98434291455833956_2714953482","image",2025-08-24 20:00:00,872,36,"#AppleEvent2025"
"06167324103712746_8893548986","reel",2025-08-25 21:00:00,161,1,"#AppleEvent2025"
"76442710252175463_6468816953","carousel",2025-09-13 22:00:00,77,4,"#AppleEvent2025"
"83572536622169544_2020832081","reel",2025-08-31 18:00:00,146,6,"#AppleEvent2025"
"91125862031966493_8868517499","image",2025-09-29 09:00:00,474,0,"#AppleEvent2025"
"11530029404312851_3377651842","reel",2025-08-09 07:00:00,345,12,"#AppleEvent2025"
"00881765723501027_1338686092","reel",2025-09-03 11:00:00,272,7,"#AppleEvent2025"
"17436717496912735_3534423621","reel",2025-09-16 08:00:00,198,8,"#AppleEvent2025"
"03673763727108572_9642004252","carousel",2025-08-17 21:00:00,295,12,"#AppleEvent2025"
"72442263822526664_8939223619","reel",2025-09-11 07:00:00,186,3,"#AppleEvent2025"
"87485641626188995_1144441331","carousel",2025-08-29 16:00:00,165,6,"#AppleEvent2025"
"27584150033471308_0574748579","reel",2025-08-24 16:00:00,222,0,"#AppleEvent2025"
"71915452386889082_4269047192","carousel",2025-09-06 09:00:00,15,0,"#AppleEvent2025"
"01026539776982088_5995495660","image",2025-09-19 10:00:00,317,10,"#AppleEvent2025"
"65001790564131129_7565824084","image",2025-07-18 11:00:00,87,3,"#AppleEvent2025"
"05602221741013955_0701889256","carousel",2025-07-19 11:00:00,831,20,"#AppleEvent2025"
"22535352358115541_9601010848","image",2025-10-02 08:00:00,139,4,"#AppleEvent2025"
"43524168238376662_6065954800","carousel",2025-07-17 17:00:00,598,21,"#AppleEvent2025"
"33054968836666863_9276823813","carousel",2025-09-15 03:00:00,169,3,"#AppleEvent2025"
"81194011640949337_6435670462","image",2025-08-23 20:00:00,304,16,"#AppleEvent2025"
"49332378665157067_7905025094","carousel",2025-10-05 14:00:00,102,3,"#AppleEvent2025"
"58895129140875287_1384235264","image",2025-09-14 18:00:00,84,3,"#AppleEvent2025"
"38758150402116843_4990374700","reel",2025-10-09 09:00:00,33,0,"#AppleEvent2025"
"00966866072214969_9939669161","carousel",2025-07-19 15:00:00,313,6,"#AppleEvent2025"
"74829917818545711_2160301218","image",2025-09-15 20:00:00,93,2,"#AppleEvent2025"
"26633901870334708_9692696094","reel",2025-09-23 09:00:00,898,31,"#AppleEvent2025"
"90031582614841090_5019813052","reel",2025-09-25 07:00:00,59,1,"#AppleEvent2025"
"10905522737414520_6482224538","carousel",2025-08-21 15:00:00,288,8,"#AppleEvent2025"
"73986995098813766_8820717877","image",2025-08-04 03:00:00,61,1,"#AppleEvent2025"
"45457500289624145_0424977947","carousel",2025-10-05 06:00:00,167,7,"#AppleEvent2025"
"13151259785572892_1188362561","carousel",2025-09-27 06:00:00,300,3,"#AppleEvent2025"
"75071228731148508_5712592856","carousel",2025-09-11 01:00:00,233,5,"#AppleEvent2025"
"66848770938375313_4896414242","image",2025-09-16 17:00:00,606,20,"#AppleEvent2025"
"76432754166894824_4266355385","image",2025-09-22 08:00:00,137,4,"#AppleEvent2025"
"53025519342340843_3521090555","image",2025-09-14 03:00:00,94,6,"#AppleEvent2025"
"72151000876599544_4123872701","carousel",2025-09-11 04:00:00,95,2,"#AppleEvent2025"
"98613743808585553_7386558526","image",2025-09-20 02:00:00,62,1,"#AppleEvent2025"
"72923617245525063_4383881892","carousel",2025-08-31 08:00:00,285,12,"#AppleEvent2025"
"50196645224235364_2856570397","reel",2025-09-15 09:00:00,110,3,"#AppleEvent2025"
"23019319302448949_4736065381","reel",2025-08-25 21:00:00,255,15,"#AppleEvent2025"
"67146124903792341_6842443120","reel",2025-07-27 17:00:00,57,2,"#AppleEvent2025"
"62215518070952818_0887850913","reel",2025-09-16 10:00:00,2836,83,"#AppleEvent2025"
"63815775086842157_9544072619","carousel",2025-09-04 12:00:00,408,8,"#AppleEvent2025"
"57727345707965283_0505979879","reel",2025-09-18 22:00:00,418,9,"#AppleEvent2025"
"17488676544144604_8140325124","image",2025-09-09 14:00:00,120,5,"#AppleEvent2025"
"23178538670805025_5472985787","carousel",2025-08-28 11:00:00,75,1,"#AppleEvent2025"
"63102343387635106_5382517697","reel",2025-09-14 05:00:00,245,4,"#AppleEvent2025"
"05675088812488647_9766184258","image",2025-10-09 20:00:00,35,1,"#AppleEvent2025"
"55771374538157954_5634529851","image",2025-09-21 20:00:00,61,5,"#AppleEvent2025"
"83200910590939330_7634977498","image",2025-08-11 05:00:00,117,3,"#AppleEvent2025"
"02354388045475109_1992157728","carousel",2025-08-31 06:00:00,28,0,"#AppleEvent2025"
"92748822931722966_0066783151","image",2025-09-07 16:00:00,156,4,"#AppleEvent2025"
"59921576948187892_1686639785","reel",2025-09-02 21:00:00,309,9,"#AppleEvent2025"
"79319338602260251_1307455771","reel",2025-09-08 16:00:00,451,7,"#AppleEvent2025"
"28357418661674191_8130551845","image",2025-09-18 12:00:00,158,5,"#AppleEvent2025"
"52016367595701766_0092424790","carousel",2025-08-25 19:00:00,370,7,"#AppleEvent2025"
"48178474602306430_8686459236","reel",2025-09-28 07:00:00,385,20,"#AppleEvent2025"
"29976044397311535_0551492463","image",2025-09-25 09:00:00,123,5,"#AppleEvent2025"
"59575962628128012_7828515030","carousel",2025-09-22 14:00:00,362,14,"#AppleEvent2025"
"71406874634436283_8602847270","image",2025-10-09 04:00:00,284,3,"#AppleEvent2025"
"38695177901532687_1009822074","carousel",2025-08-10 03:00:00,119,3,"#AppleEvent2025"
"08138303685012386_5618258239","carousel",2025-08-11 09:00:00,140,4,"#AppleEvent2025"
"35280898639865125_2042850050","carousel",2025-09-12 04:00:00,676,9,"#AppleEvent2025"
"86785511129156388_1210775600","image",2025-08-31 16:00:00,2093,59,"#AppleEvent2025"
"02629062077469848_3724532294","carousel",2025-09-29 01:00:00,456,18,"#AppleEvent2025"
"74025154239775645_6343414332","reel",2025-08-30 08:00:00,92,4,"#AppleEvent2025"
"47511045182830448_1297676977","reel",2025-07-22 05:00:00,284,13,"#AppleEvent2025"
"96123764446100409_6404786182","image",2025-09-11 20:00:00,1042,51,"#AppleEvent2025"
"83495490572763595_8970522783","carousel",2025-07-14 12:00:00,57,1,"#AppleEvent2025"
"96516424878020584_8991325340","reel",2025-08-14 06:00:00,342,0,"#AppleEvent2025"
"62292813605732705_3439263694","carousel",2025-09-09 22:00:00,56,1,"#AppleEvent2025"
"78605489817713425_5409179173","carousel",2025-08-15 15:00:00,55,2,"#AppleEvent2025"
"06418183901157534_4480669269","carousel",2025-08-30 05:00:00,196,9,"#AppleEvent2025"
"89309601959089080_9495738448","carousel",2025-09-06,37,1,"#AppleEvent2025"
"46241530208552739_9148658019","reel",2025-08-12 18:00:00,731,21,"#AppleEvent2025"
"57448552594286980_3461431114","carousel",2025-07-28 23:00:00,345,6,"#AppleEvent2025"
"25587395983591120_3605295056","image",2025-08-25 07:00:00,993,33,"#AppleEvent2025"
"38696133675700857_0712984603","image",2025-09-22 04:00:00,1432,47,"#AppleEvent2025"
"77868191899575697_1757509500","image",2025-09-08 01:00:00,197,3,"#AppleEvent2025"
"95582781522440195_6350970253","carousel",2025-09-03 22:00:00,151,6,"#AppleEvent2025"
"30966657850018842_5844352548","reel",2025-07-23 18:00:00,198,9,"#AppleEvent2025"
"01574469849407259_8100928810","image",2025-08-29 12:00:00,54,1,"#AppleEvent2025"
"84415712512150667_5997388027","image",2025-09-22 12:00:00,458,19,"#AppleEvent2025"
"60062492541155850_3753617884","image",2025-07-27 04:00:00,131,6,"#AppleEvent2025"
"06781174793558913_8271747703","carousel",2025-08-24 20:00:00,137,7,"#AppleEvent2025"
"60722898270151521_7870907926","reel",2025-08-09 16:00:00,71,2,"#AppleEvent2025"
"76570996032824887_0564629185","carousel",2025-08-03,85,3,"#AppleEvent2025"
"30295775627176514_4511533586","carousel",2025-09-26 08:00:00,81,1,"#AppleEvent2025"
"84926477932076019_6940713822","image",2025-09-08 20:00:00,222,7,"#AppleEvent2025"
"14570691726597441_0152780342","reel",2025-09-09 20:00:00,90,2,"#AppleEvent2025"
"77129355506687729_5537706009","image",2025-08-18 13:00:00,50,2,"#AppleEvent2025"
"96247199933605248_0064073305","carousel",2025-08-27 17:00:00,82,2,"#AppleEvent2025"
"02084168741647707_5647247952","reel",2025-08-25 18:00:00,574,17,"#AppleEvent2025"
"87890662274549812_6774315963","reel",2025-10-04 09:00:00,488,20,"#AppleEvent2025"
"14283044186357688_3034121199","image",2025-08-26 21:00:00,366,0,"#AppleEvent2025"
"00711486408760281_7216524480","carousel",2025-09-17 06:00:00,208,8,"#AppleEvent2025"
"70841093226291443_0296607436","carousel",2025-09-17 15:00:00,208,6,"#AppleEvent2025"
"71761370854355307_3394411001","reel",2025-08-26 14:00:00,230,9,"#AppleEvent2025"
"73516238803936398_8534055464","carousel",2025-08-07 09:00:00,147,4,"#AppleEvent2025"
"43656047891078081_5837940050","image",2025-08-24 21:00:00,50,3,"#AppleEvent2025"
"82985847452673455_3350102673","image",2025-09-25 09:00:00,47,2,"#AppleEvent2025"
"65627584773738197_5890524653","reel",2025-08-07 13:00:00,289,9,"#AppleEvent2025"
"07795033832659135_2269037188","carousel",2025-07-29 02:00:00,51,1,"#AppleEvent2025"
"27214461933218964_3061270675","image",2025-09-26 13:00:00,157,3,"#AppleEvent2025"
"75737548026339983_3698093777","image",2025-09-17 03:00:00,270,9,"#AppleEvent2025"
"27861039187351130_3318350638","image",2025-10-07 01:00:00,60,3,"#AppleEvent2025"
"51726375177587994_7306289151","reel",2025-10-01 10:00:00,512,15,"#AppleEvent2025"
"70714920708486682_2339454778","carousel",2025-09-06 12:00:00,1210,41,"#AppleEvent2025"
"34086197872264509_6549494512","carousel",2025-08-07 12:00:00,1752,60,"#AppleEvent2025"
"85119096756214952_9075546404","carousel",2025-09-28 10:00:00,287,7,"#AppleEvent2025"
"31795756812641628_1210849017","image",2025-09-04 07:00:00,222,5,"#AppleEvent2025"
"93934146594108232_3706170120","reel",2025-09-11 16:00:00,280,11,"#AppleEvent2025"
"20172756266859694_6666216831","carousel",2025-09-21 20:00:00,210,5,"#AppleEvent2025"
"73664965636972931_2430089710","reel",2025-08-28 09:00:00,142,6,"#AppleEvent2025"
"32798969048302416_8740965849","image",2025-07-18 23:00:00,307,6,"#AppleEvent2025"
"01618503264153567_8074161257","image",2025-09-13 12:00:00,210,7,"#AppleEvent2025"
"71194816386344232_6095403132","reel",2025-08-11 19:00:00,12,0,"#AppleEvent2025"
"96183588574275460_7255241019","carousel",2025-09-07 01:00:00,111,3,"#AppleEvent2025"
"32137871467556349_3588658074","image",2025-09-28 12:00:00,160,6,"#AppleEvent2025"
"60743822583534817_1641274032","image",2025-09-03 11:00:00,278,8,"#AppleEvent2025"
"35123669761434740_9552755403","image",2025-09-12 05:00:00,81,1,"#AppleEvent2025"
"24643158049883838_1139966748","reel",2025-07-18 15:00:00,396,12,"#AppleEvent2025"
"96037129842566902_2157091046","carousel",2025-09-14 14:00:00,60,1,"#AppleEvent2025"
"29988255630225438_9396292920","image",2025-09-29 12:00:00,511,18,"#AppleEvent2025"
"82385747917365437_0647358363","image",2025-09-07 03:00:00,120,1,"#AppleEvent2025"
"02184641207006922_3135156851","carousel",2025-09-18 21:00:00,699,22,"#AppleEvent2025"
"45387856683084741_6645883687","carousel",2025-07-12 16:00:00,298,13,"#AppleEvent2025"
"50726990252574410_0912450345","carousel",2025-09-15 11:00:00,476,24,"#AppleEvent2025"
"94810039766273766_6603484009","carousel",2025-08-16 10:00:00,179,8,"#AppleEvent2025"
"02102818177236250_4971146289","image",2025-10-02 02:00:00,75,2,"#AppleEvent2025"
"93995821748958239_0026710467","carousel",2025-08-19 02:00:00,110,3,"#AppleEvent2025"
"33625508944027400_3548393517","image",2025-08-26 17:00:00,99,4,"#AppleEvent2025"
"76920965353617005_7189887537","carousel",2025-08-11,49,1,"#AppleEvent2025"
"60432669243119840_9789077710","reel",2025-09-16 20:00:00,172,4,"#AppleEvent2025"
"39643323772643274_9846623848","carousel",2025-08-31 08:00:00,571,17,"#AppleEvent2025"
"64108923373449255_9757286383","image",2025-09-02 19:00:00,181,2,"#AppleEvent2025"
"54068547276160136_3289055939","carousel",2025-09-27 23:00:00,226,8,"#AppleEvent2025"
"00456382180040047_3954550254","image",2025-07-29 03:00:00,273,7,"#AppleEvent2025"
"96036015320771484_2781899607","carousel",2025-09-01 02:00:00,1006,38,"#AppleEvent2025"
"16439830357838507_3299479200","image",2025-08-20 11:00:00,255,6,"#AppleEvent2025"
"03587886358894119_8729388667","carousel",2025-09-06 06:00:00,29,1,"#AppleEvent2025"
"86894464353508163_5993888957","reel",2025-09-27 03:00:00,255,11,"#AppleEvent2025"
"28632338460875173_9295955040","carousel",2025-10-03 13:00:00,414,17,"#AppleEvent2025"
"82884639907625666_4580971790","carousel",2025-09-19 05:00:00,231,0,"#AppleEvent2025"
"01247063492858070_0841503619","image",2025-09-18 16:00:00,350,0,"#AppleEvent2025"
"62111079861277988_9747047429","reel",2025-08-02,193,7,"#AppleEvent2025"
"58903082483256350_5634192969","carousel",2025-08-28 21:00:00,419,13,"#AppleEvent2025"
"94935119093257280_8189791369","image",2025-09-11 23:00:00,290,9,"#AppleEvent2025"
"57149998960687531_7679384464","reel",2025-09-27 03:00:00,281,0,"#AppleEvent2025"
"51387469037382236_0433965650","reel",2025-09-22 08:00:00,384,9,"#AppleEvent2025"
"43994925195605856_1452147808","image",2025-09-20 15:00:00,155,5,"#AppleEvent2025"
"51308381466180683_1958980009","carousel",2025-09-04 09:00:00,672,28,"#AppleEvent2025"
"62342220000344105_8108005354","carousel",2025-09-27 12:00:00,131,2,"#AppleEvent2025"
"55596988902083467_7764189657","image",2025-09-13 21:00:00,496,10,"#AppleEvent2025"
"53527972525951689_1816260094","reel",2025-09-21 01:00:00,95,3,"#AppleEvent2025"
"40042059665403012_9222880754","image",2025-09-19 23:00:00,212,6,"#AppleEvent2025"
"17833978493325678_7481162055","image",2025-09-15 05:00:00,336,15,"#AppleEvent2025"
"01519023679918907_6027665177","reel",2025-08-14 16:00:00,95,4,"#AppleEvent2025"
"89485977706452033_4367351733","image",2025-09-09 18:00:00,572,21,"#AppleEvent2025"
"83599781465624861_9343743841","reel",2025-08-26 01:00:00,388,14,"#AppleEvent2025"
"46251481558209341_8569804828","image",2025-09-18,199,5,"#AppleEvent2025"
"67546756136727798_0956033286","carousel",2025-09-29 11:00:00,582,17,"#AppleEvent2025"
"75595169819397405_7262846300","image",2025-09-29 17:00:00,29,1,"#AppleEvent2025"
"61858490233163357_0425340799","reel",2025-09-14,0,75,"#AppleEvent2025"
"22726112776162821_6873801007","reel",2025-09-27 09:00:00,229,3,"#AppleEvent2025"
"86316403360430780_8698108350","reel",2025-08-29 21:00:00,150,3,"#AppleEvent2025"
"58609651768188236_1165721302","image",2025-09-28,50,2,"#AppleEvent2025"
"71513574614638988_0348270337","image",2025-10-04 08:00:00,161,4,"#AppleEvent2025"
"68089103178331888_4102948132","carousel",2025-09-06 02:00:00,196,8,"#AppleEvent2025"
"60688169107767889_0441289762","image",2025-08-02 13:00:00,580,20,"#AppleEvent2025"
"98910470801567814_3391240345","carousel",2025-08-04 08:00:00,286,9,"#AppleEvent2025"
"63831066447026192_0257268206","image",2025-07-27 07:00:00,361,10,"#AppleEvent2025"
"29619685520830357_4356233684","reel",2025-08-26 10:00:00,552,17,"#AppleEvent2025"
"03118321967643339_5801433016","carousel",2025-08-10 21:00:00,244,9,"#AppleEvent2025"
"44099447324452440_6741580938","image",2025-08-28 19:00:00,42,3,"#AppleEvent2025"
"71331373375139874_0095245510","reel",2025-09-06 06:00:00,81,4,"#AppleEvent2025"
"23076219401479757_3558618113","reel",2025-10-06 14:00:00,122,4,"#AppleEvent2025"
"42277240466345321_1677466013","carousel",2025-10-05 22:00:00,349,11,"#AppleEvent2025"
"90741917759809849_7695934509","image",2025-08-10 02:00:00,1395,46,"#AppleEvent2025"
"21626195131714042_8908671302","carousel",2025-09-20 17:00:00,559,14,"#AppleEvent2025"
"64306117123766161_9882513706","image",2025-08-20 14:00:00,0,61,"#AppleEvent2025"
"35014450966376984_1201205050","carousel",2025-09-19 17:00:00,328,12,"#AppleEvent2025"
"73241404961704100_0613738868","reel",2025-09-06 04:00:00,691,22,"#AppleEvent2025"
"79740346863348502_8678823405","image",2025-10-07 22:00:00,104,5,"#AppleEvent2025"
"22762366749455109_8331394097","carousel",2025-09-23 14:00:00,40,3,"#AppleEvent2025"
"02851932865509509_3682830334","reel",2025-08-31 12:00:00,223,6,"#AppleEvent2025"
"29548790839551344_9533715336","carousel",2025-08-27 10:00:00,154,8,"#AppleEvent2025"
"24876419736505863_8547608726","image",2025-09-10 13:00:00,276,10,"#AppleEvent2025"
"83753793621729644_8259574168","image",2025-07-28 19:00:00,523,24,"#AppleEvent2025"
"07871560121914535_8070254014","image",2025-10-09 18:00:00,73,4,"#AppleEvent2025"
"38980629422889636_4136869164","reel",2025-10-07 21:00:00,399,8,"#AppleEvent2025"
"19192037637301707_5957572861","carousel",2025-08-16 15:00:00,110,1,"#AppleEvent2025"
"76380722663977352_8637336138","image",2025-07-29 02:00:00,36,1,"#AppleEvent2025"
"70455651006078282_2857108395","carousel",2025-10-03 15:00:00,102,3,"#AppleEvent2025"
"93985001004591447_2048710390","reel",2025-08-14 05:00:00,145,6,"#AppleEvent2025"
"27363517925521747_8450875664","image",2025-09-27 10:00:00,175,6,"#AppleEvent2025"
"18465047931087528_5849443908","carousel",2025-09-10 19:00:00,448,16,"#AppleEvent2025"
"76498261634894381_3087803075","carousel",2025-09-29 07:00:00,66,1,"#AppleEvent2025"
"46271756238040139_1822229731","reel",2025-10-01 08:00:00,63,5,"#AppleEvent2025"
"08755001241589364_7873846715","carousel",2025-09-11 08:00:00,401,7,"#AppleEvent2025"
"39012766876617905_3797505468","carousel",2025-08-22 05:00:00,683,32,"#AppleEvent2025"
"04270553913799298_4056634438","carousel",2025-09-19 08:00:00,255,11,"#AppleEvent2025"
"22554316997114970_2436456839","reel",2025-09-09 23:00:00,137,1,"#AppleEvent2025"
"27887945755754098_5088215794","image",2025-09-22 02:00:00,488,19,"#AppleEvent2025"
"85587992373168662_1927114728","image",2025-09-06 14:00:00,484,10,"#AppleEvent2025"
"12391797127652489_6999533752","image",2025-09-11 03:00:00,258,0,"#AppleEvent2025"
"73612775568050776_4572550549","reel",2025-09-30 14:00:00,303,7,"#AppleEvent2025"
"68370217733836655_8216298836","image",2025-09-25,145,3,"#AppleEvent2025"
"57251674043165535_0675420133","image",2025-09-06 02:00:00,185,9,"#AppleEvent2025"
"40813121576656080_3189322778","carousel",2025-10-03 21:00:00,1087,28,"#AppleEvent2025"
"21218961807977874_0799633281","reel",2025-09-12 12:00:00,18,1,"#AppleEvent2025"
"86598095392543144_7539254282","reel",2025-10-01 06:00:00,793,18,"#AppleEvent2025"
"00197730203571968_1105164578","reel",2025-10-04 12:00:00,94,3,"#AppleEvent2025"
"50020439931156441_1654077783","carousel",2025-07-15 11:00:00,150,1,"#AppleEvent2025"
"55510009328862937_5684672124","image",2025-10-03 17:00:00,86,4,"#AppleEvent2025"
"40583402672550540_2161972993","image",2025-10-05 22:00:00,141,6,"#AppleEvent2025"
"69932930599341495_0037706245","reel",2025-08-25 13:00:00,467,13,"#AppleEvent2025"
"96217950239445301_9513238759","image",2025-09-03 23:00:00,180,3,"#AppleEvent2025"
"46744174008341085_5703116573","reel",2025-09-03 06:00:00,61,1,"#AppleEvent2025"
"06307316766290894_8673709440","carousel",2025-09-24,254,8,"#AppleEvent2025"
"09464170455815841_7535254736","image",2025-09-09 07:00:00,287,15,"#AppleEvent2025"
"40044203040038937_1316624077","reel",2025-08-20 20:00:00,192,5,"#AppleEvent2025"
"40455116187414358_6202707441","reel",2025-10-07 03:00:00,119,6,"#AppleEvent2025"
"17341367114774850_7773549823","carousel",2025-10-03 15:00:00,110,2,"#AppleEvent2025"
"12765787158806227_2537466931","reel",2025-09-28 02:00:00,727,19,"#AppleEvent2025"
"29354623525333878_0172724187","carousel",2025-09-25 12:00:00,114,5,"#AppleEvent2025"
"07611695522485733_2742399156","reel",2025-10-01,209,8,"#AppleEvent2025"
"20581900763656423_6524058840","carousel",2025-08-19 03:00:00,31,3,"#AppleEvent2025"
"82616056281010895_1498638513","carousel",2025-09-15 15:00:00,83,0,"#AppleEvent2025"
"56269076446438789_5644902800","image",2025-09-12 12:00:00,0,14,"#AppleEvent2025"
"02744467627012832_7358329046","reel",2025-09-24 19:00:00,324,9,"#AppleEvent2025"
"82285313967679506_5360884202","carousel",2025-09-08 21:00:00,398,20,"#AppleEvent2025"
"13390244253185501_9875906482","reel",2025-08-27 03:00:00,179,7,"#AppleEvent2025"
"82954043751275887_7516231687","reel",2025-08-27 16:00:00,511,21,"#AppleEvent2025"
"65241805653332126_0692239280","carousel",2025-09-13,357,11,"#AppleEvent2025"
"89315683668064096_9497651693","carousel",2025-10-05 15:00:00,125,3,"#AppleEvent2025"
"24117234058697760_3529187012","reel",2025-07-21 20:00:00,121,1,"#AppleEvent2025"
"68752180565950860_8663318189","carousel",2025-09-28 08:00:00,147,4,"#AppleEvent2025"
"93845377798091635_4025986336","reel",2025-09-01 21:00:00,100,1,"#AppleEvent2025"
"67090053311978520_4259959741","reel",2025-09-08 12:00:00,235,12,"#AppleEvent2025"
"30848296182931860_6642435570","carousel",2025-09-26 09:00:00,40,1,"#AppleEvent2025"
"81898981588063023_1814312663","reel",2025-07-19 17:00:00,195,5,"#AppleEvent2025"
"42622272012674331_1787193365","image",2025-09-12 16:00:00,197,7,"#AppleEvent2025"
"34736614644205657_2114993417","image",2025-09-09 05:00:00,66,2,"#AppleEvent2025"
"70441791678837237_1664156284","carousel",2025-09-01 21:00:00,164,5,"#AppleEvent2025"
"33574625608869681_6101232146","reel",2025-09-17 20:00:00,113,3,"#AppleEvent2025"
"09821346656308466_1094371303","reel",2025-10-09 09:00:00,245,6,"#AppleEvent2025"
"49757377432664075_2533757306","reel",2025-08-06 18:00:00,149,4,"#AppleEvent2025"
"93307700410539894_7664103757","carousel",2025-10-03 03:00:00,554,12,"#AppleEvent2025"
"36207243669589266_5768114684","carousel",2025-09-22 03:00:00,62,2,"#AppleEvent2025"
"47056722723379492_9174687326","reel",2025-09-20 02:00:00,239,8,"#AppleEvent2025"
"07447488854636861_6102300299","carousel",2025-07-28 22:00:00,161,6,"#AppleEvent2025"
"11495854870832324_4700166273","carousel",2025-10-04 20:00:00,18,0,"#AppleEvent2025"
"64103887452672833_5431697175","image",2025-09-26 17:00:00,61,2,"#AppleEvent2025"
"01016401084437366_8657535526","reel",2025-07-16 16:00:00,91,2,"#AppleEvent2025"
"60026405686333385_3975913833","carousel",2025-09-11 15:00:00,98,5,"#AppleEvent2025"
"56274337755783974_4486697302","reel",2025-09-21 18:00:00,387,7,"#AppleEvent2025"
"08936662601958749_3542687753","image",2025-08-06 10:00:00,103,5,"#AppleEvent2025"
"14464470541951271_5797567342","reel",2025-10-06 04:00:00,277,13,"#AppleEvent2025"
"64414590555228443_2512096786","reel",2025-10-01 20:00:00,55,1,"#AppleEvent2025"
"60985173851980805_5028455506","carousel",2025-09-02 12:00:00,85,2,"#AppleEvent2025"
"04842274000401621_3075963642","carousel",2025-09-20 11:00:00,138,7,"#AppleEvent2025"
"22373623246161337_5915577429","carousel",2025-09-23 01:00:00,224,11,"#AppleEvent2025"
"56400718872102891_3235725348","carousel",2025-08-27 15:00:00,272,5,"#AppleEvent2025"
"75952563730777931_4855035869","image",2025-09-19 14:00:00,323,4,"#AppleEvent2025"
"56931630756248113_5740006139","reel",2025-09-12 02:00:00,198,3,"#AppleEvent2025"
"40597369032733479_7618156951","image",2025-09-22 03:00:00,139,5,"#AppleEvent2025"
"77496543312182672_8051473814","reel",2025-07-29 07:00:00,88,5,"#AppleEvent2025"
"47994484039301082_8188046837","carousel",2025-09-15 01:00:00,89,4,"#AppleEvent2025"
"15923738384800294_5111906630","reel",2025-07-31 23:00:00,126,2,"#AppleEvent2025"
"83256113398598390_4458365295","carousel",2025-09-13 05:00:00,45,2,"#AppleEvent2025"
"89755103854166312_3307455836","reel",2025-10-03 06:00:00,38,2,"#AppleEvent2025"
"16619079959955240_6487025737","carousel",2025-09-06 15:00:00,185,8,"#AppleEvent2025"
"86867401632111067_0627321037","carousel",2025-07-26 05:00:00,431,0,"#AppleEvent2025"
"87933665526725118_5424610408","image",2025-10-01 20:00:00,107,5,"#AppleEvent2025"
"22430909343546349_5157413404","carousel",2025-09-09 10:00:00,1156,39,"#AppleEvent2025"
"50660922226278300_5114425318","carousel",2025-09-04 14:00:00,249,5,"#AppleEvent2025"
"28835963535901343_5617018491","image",2025-09-17 15:00:00,132,6,"#AppleEvent2025"
"38713185964654211_7061294425","reel",2025-09-20,339,14,"#AppleEvent2025"
"58122818027634747_0254247139","carousel",2025-08-03 13:00:00,391,8,"#AppleEvent2025"
"52044504452224818_9884624096","image",2025-08-31 08:00:00,291,6,"#AppleEvent2025"
"28256099216238628_8869844126","image",2025-09-12 23:00:00,33,2,"#AppleEvent2025"
"58716677552365476_7872591545","reel",2025-08-11 23:00:00,186,6,"#AppleEvent2025"
"83335284612502513_9119715384","image",2025-08-11 09:00:00,236,10,"#AppleEvent2025"
"49529977373917799_3495938562","carousel",2025-09-17 19:00:00,403,21,"#AppleEvent2025"
"54543009049445013_9489787567","image",2025-09-11 21:00:00,83,6,"#AppleEvent2025"
"63093924380708616_7703113094","carousel",2025-09-15 02:00:00,185,6,"#AppleEvent2025"
"12432692106708848_0584007605","reel",2025-09-07 15:00:00,132,6,"#AppleEvent2025"
"05146741082780100_1034753445","carousel",2025-08-22 12:00:00,181,4,"#AppleEvent2025"
"09098104440410378_5193956715","carousel",2025-10-01 15:00:00,151,1,"#AppleEvent2025"
"15317213531135219_1101788631","image",2025-10-07 02:00:00,393,10,"#AppleEvent2025"
"85162365534602208_6518518496","carousel",2025-09-05 22:00:00,385,13,"#AppleEvent2025"
"58711146300599459_7063081758","image",2025-09-25 16:00:00,714,0,"#AppleEvent2025"
"64883039615074387_0861609639","reel",2025-09-27 23:00:00,129,5,"#AppleEvent2025"
"73215296040163321_1327465067","reel",2025-09-07 15:00:00,688,21,"#AppleEvent2025"
"99505446558545235_4105039046","reel",2025-09-05 21:00:00,82,5,"#AppleEvent2025"
"97925994131501054_8181528541","reel",2025-09-14 09:00:00,321,10,"#AppleEvent2025"
"39269935786541763_3400997254","image",2025-10-03 10:00:00,99,3,"#AppleEvent2025"
"98976551636552314_4359327359","image",2025-09-04 20:00:00,562,12,"#AppleEvent2025"
"73936793212590282_3425965211","reel",2025-09-24 15:00:00,627,39,"#AppleEvent2025"
"50138250512839138_3507186594","image",2025-08-19 23:00:00,960,21,"#AppleEvent2025"
"79559556497240354_1393775001","image",2025-08-22 01:00:00,45,0,"#AppleEvent2025"
"05098547083480897_6913728476","image",2025-09-19 07:00:00,499,20,"#AppleEvent2025"
"14527978392473210_6846297364","carousel",2025-09-01 14:00:00,246,3,"#AppleEvent2025"
"76639709731597477_2041526693","image",2025-08-26 14:00:00,404,14,"#AppleEvent2025"
"78618653760408410_0418846611","carousel",2025-09-04 13:00:00,79,2,"#AppleEvent2025"
"64883658028511837_8054817155","carousel",2025-10-07,144,4,"#AppleEvent2025"
"30768214214415661_8523737687","image",2025-08-05 19:00:00,21,0,"#AppleEvent2025"
"23485666620294196_6823135224","carousel",2025-08-26 23:00:00,714,21,"#AppleEvent2025"
"29177424997495273_3498891968","image",2025-09-22 09:00:00,117,4,"#AppleEvent2025"
"05514399338848733_3628876883","image",2025-08-10 03:00:00,591,12,"#AppleEvent2025"
"54433158051814397_1799335146","carousel",2025-10-01 01:00:00,45,1,"#AppleEvent2025"
"32966543811216751_4796976482","image",2025-09-12 01:00:00,137,4,"#AppleEvent2025"
"51890161855084580_5648242429","image",2025-10-09 22:00:00,49,3,"#AppleEvent2025"
"25552760556406229_3144456394","carousel",2025-10-03 11:00:00,213,11,"#AppleEvent2025"
"83363282080983696_6573542627","image",2025-09-02 01:00:00,25,0,"#AppleEvent2025"
"47528813575757703_2847417229","image",2025-09-07 17:00:00,135,8,"#AppleEvent2025"
"98176286334920015_2153079720","reel",2025-08-30 09:00:00,119,3,"#AppleEvent2025"
"49120425403499616_4943858907","carousel",2025-08-15 20:00:00,135,6,"#AppleEvent2025"
"40204560534116025_3241855014","reel",2025-10-04 21:00:00,334,6,"#AppleEvent2025"
"55463181315917488_5847136583","image",2025-09-03 04:00:00,491,18,"#AppleEvent2025"
"80566556944082822_0774928079","carousel",2025-09-02 14:00:00,101,7,"#AppleEvent2025"
"88180074039888468_6976676860","image",2025-08-26 06:00:00,147,7,"#AppleEvent2025"
"41090898448488350_7395901550","reel",2025-08-25 19:00:00,262,9,"#AppleEvent2025"
"38449066239638181_2890735885","carousel",2025-08-21 01:00:00,426,11,"#AppleEvent2025"
"51613011213932612_5126122851","image",2025-07-31,1058,27,"#AppleEvent2025"
"90576423241399241_1847222615","reel",2025-08-28 04:00:00,426,14,"#AppleEvent2025"
"60153393807018568_7411716863","image",2025-09-26,1896,64,"#AppleEvent2025"
"19008554127371156_5925419951","image",2025-09-14 21:00:00,595,21,"#AppleEvent2025"
"00520285949872768_9106248845","carousel",2025-09-09 23:00:00,341,5,"#AppleEvent2025"
"68529259918134149_2750669692","image",2025-09-06 18:00:00,499,14,"#AppleEvent2025"
"46329467730925871_2267769856","carousel",2025-09-13 05:00:00,306,11,"#AppleEvent2025"
"86210139578520114_5391550201","image",2025-08-24 10:00:00,361,7,"#AppleEvent2025"
"40373674460817072_4697967127","carousel",2025-09-11 15:00:00,330,8,"#AppleEvent2025"
"02347585511885470_7635583252","image",2025-09-14 06:00:00,182,4,"#AppleEvent2025"
"50706567089281148_2929130924","reel",2025-09-09 19:00:00,25,1,"#AppleEvent2025"
"81470304090248674_9372813949","image",2025-09-04 05:00:00,264,11,"#AppleEvent2025"
"20424527761044373_2324546419","carousel",2025-09-11 21:00:00,116,3,"#AppleEvent2025"
"98488223228621617_8691661010","carousel",2025-08-08 07:00:00,165,9,"#AppleEvent2025"
"74310392327018077_4124711186","reel",2025-09-27 02:00:00,72,3,"#AppleEvent2025"
"86059637454674971_0743473108","image",2025-09-13 13:00:00,94,1,"#AppleEvent2025"
"47206918970036338_0227078140","image",2025-09-15 22:00:00,125,1,"#AppleEvent2025"
"29405477350685543_9853853490","reel",2025-10-06 17:00:00,62,1,"#AppleEvent2025"
"53242557779673067_7250241142","reel",2025-07-31 19:00:00,884,27,"#AppleEvent2025"
"84019627185611651_0971107043","carousel",2025-09-18 04:00:00,184,6,"#AppleEvent2025"
"54240013355524731_3184474751","carousel",2025-10-03 13:00:00,320,10,"#AppleEvent2025"
"46883165083968644_6120904950","image",2025-09-23 01:00:00,116,2,"#AppleEvent2025"
"76465499590165320_7295269646","image",2025-09-08 17:00:00,243,9,"#AppleEvent2025"
"09788433026173833_6752819523","image",2025-10-08 12:00:00,110,4,"#AppleEvent2025"
"10837611118100475_1499143195","image",2025-09-21 17:00:00,33,0,"#AppleEvent2025"
"23465547331696776_7406532136","carousel",2025-09-30 08:00:00,432,20,"#AppleEvent2025"
"03877759974042414_2271854008","image",2025-08-06 07:00:00,329,5,"#AppleEvent2025"
"68445639431731409_9323506717","image",2025-09-21 11:00:00,753,16,"#AppleEvent2025"
"75068742704395572_1053355667","reel",2025-10-06 18:00:00,44,2,"#AppleEvent2025"
"70171564305154544_2956267307","image",2025-09-05 19:00:00,259,7,"#AppleEvent2025"
"13277124904449315_9976234465","carousel",2025-09-25 14:00:00,131,5,"#AppleEvent2025"
"68393322716179051_8129734388","carousel",2025-08-23 09:00:00,102,2,"#AppleEvent2025"
"83041303470644529_4130890547","image",2025-07-28 18:00:00,0,2,"#AppleEvent2025"
"48919718782900664_8635570633","image",2025-08-29 19:00:00,387,9,"#AppleEvent2025"
"92057469094174861_4465728943","carousel",2025-09-25 22:00:00,899,26,"#AppleEvent2025"
"27783154451515749_3854480877","carousel",2025-09-24 23:00:00,66,2,"#AppleEvent2025"
"64247915803725611_7607278501","image",2025-09-02 13:00:00,163,6,"#AppleEvent2025"
"55630660544545760_5118220031","reel",2025-08-01 22:00:00,98,2,"#AppleEvent2025"
"49683657453743642_6184960343","carousel",2025-10-06 04:00:00,234,8,"#AppleEvent2025"
"07229453131515648_7726472571","reel",2025-09-01 15:00:00,0,11,"#AppleEvent2025"
"55126458985154132_1438226605","carousel",2025-09-21 18:00:00,192,7,"#AppleEvent2025"
"49477645349684895_9552369359","image",2025-10-05 23:00:00,258,0,"#AppleEvent2025"
"80108100159233436_9337065171","carousel",2025-09-04 08:00:00,825,27,"#AppleEvent2025"
"63719179724170923_0149605117","reel",2025-09-30 20:00:00,425,16,"#AppleEvent2025"
"17438435457606422_2244543058","reel",2025-09-23 08:00:00,945,23,"#AppleEvent2025"
"34329209543139538_1509473765","reel",2025-09-13 14:00:00,347,17,"#AppleEvent2025"
"90464200584606870_6941694062","image",2025-08-22 11:00:00,0,11,"#AppleEvent2025"
"73179802582810696_7468225111","carousel",2025-10-04 14:00:00,337,10,"#AppleEvent2025"
"13077992677747242_6561088937","carousel",2025-10-08 10:00:00,25,3,"#AppleEvent2025"
"88425185765373069_6603829387","carousel",2025-10-07 08:00:00,516,8,"#AppleEvent2025"
"64205716490111211_5939571030","image",2025-08-28 21:00:00,68,0,"#AppleEvent2025"
"21804204063642149_5554919683","reel",2025-09-21 05:00:00,126,5,"#AppleEvent2025"
"86114431061226528_3692919712","carousel",2025-08-22 11:00:00,334,10,"#AppleEvent2025"
"68660667237874701_8802578252","carousel",2025-09-03 18:00:00,106,3,"#AppleEvent2025"
"97293597923263775_5372378914","reel",2025-08-15 16:00:00,203,6,"#AppleEvent2025"
"02186661935049232_4349417289","carousel",2025-08-07 15:00:00,302,10,"#AppleEvent2025"
"12066287824515880_4094783930","reel",2025-08-30 02:00:00,99,3,"#AppleEvent2025"
"30985587179161956_1350068046","image",2025-10-05 09:00:00,121,2,"#AppleEvent2025"
"21452055478152571_9850014660","image",2025-09-29 23:00:00,663,20,"#AppleEvent2025"
"31010618849478497_3911168729","reel",2025-08-07 03:00:00,61,2,"#AppleEvent2025"
"09322143525344682_8142109454","reel",2025-07-28 06:00:00,205,5,"#AppleEvent2025"
"94029590204139344_3076175735","image",2025-08-23 20:00:00,1176,36,"#AppleEvent2025"
"37422495597774139_3866907775","reel",2025-09-14 21:00:00,216,0,"#AppleEvent2025"
"34748615204081811_0282556063","reel",2025-09-06 09:00:00,239,11,"#AppleEvent2025"
"33751952687408071_2932694752","reel",2025-10-05 14:00:00,417,12,"#AppleEvent2025"
"41843356148038796_1755490601","reel",2025-10-02 07:00:00,212,1,"#AppleEvent2025"
"40141547015232466_2960498664","image",2025-08-31 20:00:00,145,2,"#AppleEvent2025"
"50350999881354699_9933719003","image",2025-08-26 06:00:00,69,3,"#AppleEvent2025"
"17318545726139573_6121879271","carousel",2025-08-28 10:00:00,387,15,"#AppleEvent2025"
"09223338349489966_7529393636","image",2025-08-24 16:00:00,0,5,"#AppleEvent2025"
"43748128620584877_9356011404","reel",2025-08-08 19:00:00,355,15,"#AppleEvent2025"
"35908942433062755_0285746949","carousel",2025-08-11 03:00:00,596,15,"#AppleEvent2025"
"31976087027944646_0407839187","carousel",2025-08-26 09:00:00,280,8,"#AppleEvent2025"
"82115023509913994_0927794654","reel",2025-08-18 10:00:00,144,2,"#AppleEvent2025"
"10954511314117065_8765489811","reel",2025-09-18,342,11,"#AppleEvent2025"
"02421960385300651_8733605437","carousel",2025-09-23 02:00:00,109,3,"#AppleEvent2025"
"08388638901337550_7038103986","image",2025-08-15 15:00:00,699,18,"#AppleEvent2025"
"50790383774901264_6568734466","carousel",2025-08-27 21:00:00,36,0,"#AppleEvent2025"
"99634470561309719_0877103901","carousel",2025-09-16 21:00:00,905,23,"#AppleEvent2025"
"54380138386910953_6069962021","image",2025-09-29 10:00:00,1069,32,"#AppleEvent2025"
"59941310168585818_9930133689","reel",2025-07-21 14:00:00,147,5,"#AppleEvent2025"
"34348271929895347_0201639583","reel",2025-09-16 23:00:00,45,0,"#AppleEvent2025"
"05923513306958888_1333146394","carousel",2025-07-25 08:00:00,40,0,"#AppleEvent2025"
"57701796899218590_7183859766","reel",2025-07-18 11:00:00,231,6,"#AppleEvent2025"
"78583407012056330_5685192213","image",2025-09-28 02:00:00,162,2,"#AppleEvent2025"
"47528087771733653_8087865562","carousel",2025-10-04 14:00:00,266,8,"#AppleEvent2025"
"83937908155848981_6573475376","image",2025-09-28 14:00:00,331,11,"#AppleEvent2025"
"64696607157134208_2958786416","carousel",2025-08-14 06:00:00,488,12,"#AppleEvent2025"
"68996846971625217_5732837796","carousel",2025-10-04 18:00:00,72,1,"#AppleEvent2025"
"93998451073589059_6241427106","carousel",2025-07-27 15:00:00,325,9,"#AppleEvent2025"
"22075043710294051_8520310155","image",2025-09-04 15:00:00,201,8,"#AppleEvent2025"
"59979624407035897_6610489041","carousel",2025-07-17 05:00:00,65,2,"#AppleEvent2025"
"59439938669373314_5955455019","carousel",2025-09-06 17:00:00,121,4,"#AppleEvent2025"
"15389947989881938_8382459772","reel",2025-08-18 07:00:00,806,20,"#AppleEvent2025"
"89633755163193296_5411682074","image",2025-08-03 14:00:00,355,5,"#AppleEvent2025"
"59077569428524428_1153125800","reel",2025-07-29 11:00:00,53,1,"#AppleEvent2025"
"39877471631003579_0638854429","image",2025-08-03 20:00:00,107,0,"#AppleEvent2025"
"91882675626448282_4552305876","image",2025-09-17 09:00:00,178,6,"#AppleEvent2025"
"33610186714426867_0102793232","carousel",2025-08-08 05:00:00,20,0,"#AppleEvent2025"
"79749068733718913_1779721389","reel",2025-09-06 11:00:00,62,3,"#AppleEvent2025"
"99756605866396933_3545958520","carousel",2025-08-17 06:00:00,21,1,"#AppleEvent2025"
"32075403369421404_5785286997","carousel",2025-09-25 02:00:00,598,14,"#AppleEvent2025"
"92098654579324515_3950131279","image",2025-07-20 04:00:00,324,15,"#AppleEvent2025"
"78640874861076360_6857871457","carousel",2025-10-04 16:00:00,337,8,"#AppleEvent2025"
"59130944574532614_0602936131","image",2025-09-02 05:00:00,137,4,"#AppleEvent2025"
"96322721683576044_1790783853","reel",2025-09-01 23:00:00,217,4,"#AppleEvent2025"
"62367442752075598_7294966300","reel",2025-07-31 17:00:00,168,8,"#AppleEvent2025"
"96314217058292163_9483943525","image",2025-08-23 16:00:00,279,9,"#AppleEvent2025"
"64801970300643568_2726214002","image",2025-08-27,80,4,"#AppleEvent2025"
"24753073317730884_3602798291","reel",2025-09-16 23:00:00,735,17,"#AppleEvent2025"
"53915738812415450_1383791682","carousel",2025-10-03 21:00:00,185,5,"#AppleEvent2025"
"13318789995645713_9253820619","reel",2025-09-01 05:00:00,372,9,"#AppleEvent2025"
"69879872307399318_1317702548","carousel",2025-09-21 09:00:00,69,3,"#AppleEvent2025"
"25637168508224732_6930748563","image",2025-08-17 12:00:00,1510,35,"#AppleEvent2025"
"97572860002034790_2872963750","carousel",2025-08-15 10:00:00,420,12,"#AppleEvent2025"
"41698146483927910_7178995924","carousel",2025-08-29 19:00:00,41,0,"#AppleEvent2025"
"11635412510267544_4008500023","reel",2025-08-14 05:00:00,258,6,"#AppleEvent2025"
"37659854370929023_8232409742","reel",2025-09-19 08:00:00,343,14,"#AppleEvent2025"
"49255427162702657_2079741705","carousel",2025-08-20 09:00:00,110,2,"#AppleEvent2025"
"40469904545257772_2959391095","image",2025-08-27 21:00:00,143,8,"#AppleEvent2025"
"94557384430947273_8831638549","reel",2025-09-05 10:00:00,59,2,"#AppleEvent2025"
"80233292966996921_2429210566","reel",2025-10-04 17:00:00,587,13,"#AppleEvent2025"
"33438923828117624_8659585021","image",2025-09-18 23:00:00,100,4,"#AppleEvent2025"
"57085809835967139_0076201397","image",2025-08-17 01:00:00,351,6,"#AppleEvent2025"
"29539411579624055_4407520852","image",2025-09-26 01:00:00,146,2,"#AppleEvent2025"
"25033072273687812_2550063631","reel",2025-09-30 22:00:00,54,3,"#AppleEvent2025"
"48642657861060703_1594251885","reel",2025-08-25 07:00:00,235,4,"#AppleEvent2025"
"21168823827064949_6508528167","carousel",2025-09-18,272,3,"#AppleEvent2025"
"85022057442481813_8666410596","carousel",2025-09-18 09:00:00,53,1,"#AppleEvent2025"
"77316076745122883_3097180074","carousel",2025-09-20 04:00:00,119,1,"#AppleEvent2025"
"97864132973215714_7356887304","image",2025-09-24 07:00:00,130,4,"#AppleEvent2025"
"47864625290358201_2358390533","image",2025-09-09 01:00:00,103,5,"#AppleEvent2025"
"18217427026119230_6637475326","image",2025-08-03 04:00:00,209,6,"#AppleEvent2025"
"03531986693637895_4869724670","carousel",2025-08-21 19:00:00,357,20,"#AppleEvent2025"
"43656706997311621_8768853965","carousel",2025-08-25 01:00:00,186,11,"#AppleEvent2025"
"07445418905721107_2216178145","image",2025-08-30 23:00:00,19,1,"#AppleEvent2025"
"50701774861536237_0429398459","reel",2025-08-25 23:00:00,107,1,"#AppleEvent2025"
"83868228025641927_6825952266","reel",2025-07-22 05:00:00,194,3,"#AppleEvent2025"
"63887973938982076_1778847279","carousel",2025-10-03 02:00:00,247,9,"#AppleEvent2025"
"53348777996110954_1547352737","image",2025-09-25 05:00:00,413,11,"#AppleEvent2025"
"33466512454010848_8198285262","carousel",2025-09-26 08:00:00,311,9,"#AppleEvent2025"
"08983007700330740_6048286040","image",2025-09-16 17:00:00,686,21,"#AppleEvent2025"
"62283262892490697_1688441729","carousel",2025-09-20 09:00:00,353,10,"#AppleEvent2025"
"34393271763396444_5920354712","image",2025-09-11 09:00:00,93,3,"#AppleEvent2025"
"68391195887713793_2717946297","carousel",2025-08-14 08:00:00,220,8,"#AppleEvent2025"
"04164653627537366_2742893492","carousel",2025-08-28 05:00:00,80,1,"#AppleEvent2025"
"76636535977644926_2774085108","carousel",2025-09-20 18:00:00,2748,93,"#AppleEvent2025"
"45803832405712225_5119392632","image",2025-09-25 23:00:00,392,10,"#AppleEvent2025"
"13529216976602806_1537296915","carousel",2025-09-20 23:00:00,104,3,"#AppleEvent2025"
"34740985420919140_0733220204","carousel",2025-09-29 09:00:00,402,12,"#AppleEvent2025"
"00049463309885166_9625429150","image",2025-09-20 03:00:00,252,9,"#AppleEvent2025"
"69747126081449330_7468147087","carousel",2025-08-26 20:00:00,212,0,"#AppleEvent2025"
"86645877354980985_1638323033","reel",2025-09-23 06:00:00,114,5,"#AppleEvent2025"
"50529222366268896_8667500192","reel",2025-10-09 06:00:00,84,1,"#AppleEvent2025"
"63785922581506825_0909771333","image",2025-09-21 06:00:00,44,0,"#AppleEvent2025"
"95083117455244116_9895158773","image",2025-09-16 14:00:00,199,6,"#AppleEvent2025"
"17763130349383991_3813937907","image",2025-09-12 16:00:00,127,3,"#AppleEvent2025"
"42294397515913044_2048242513","reel",2025-09-20 22:00:00,310,10,"#AppleEvent2025"
"98607987322071549_4913223470","reel",2025-10-04 01:00:00,510,11,"#AppleEvent2025"
"31281686418436711_7594225661","image",2025-09-25 20:00:00,479,17,"#AppleEvent2025"
"26567652561407771_2855886749","carousel",2025-09-12 11:00:00,161,4,"#AppleEvent2025"
"99509906861921261_4590768703","carousel",2025-09-27 14:00:00,187,5,"#AppleEvent2025"
"24592095416063961_5233582900","carousel",2025-09-21 08:00:00,745,25,"#AppleEvent2025"
"37676721812165863_5680285148","image",2025-10-05 11:00:00,227,7,"#AppleEvent2025"
"38914406983344672_7484181927","carousel",2025-09-05 04:00:00,1275,37,"#AppleEvent2025"
"61185506083699238_0536780835","reel",2025-07-16 06:00:00,180,6,"#AppleEvent2025"
"71768280657765065_6556938608","carousel",2025-09-20 06:00:00,297,17,"#AppleEvent2025"
"57297218297571550_2185206140","image",2025-09-18 21:00:00,147,6,"#AppleEvent2025"
"98131503133805723_9862927858","image",2025-09-04 16:00:00,174,10,"#AppleEvent2025"
"39952746887513202_4454402241","reel",2025-08-05 19:00:00,96,1,"#AppleEvent2025"
"46332746371298706_1572943404","carousel",2025-07-27 23:00:00,0,4,"#AppleEvent2025"
"60076431638066755_0825952140","carousel",2025-09-10 23:00:00,79,2,"#AppleEvent2025"
"24043806545748023_1545717135","carousel",2025-09-19 12:00:00,413,17,"#AppleEvent2025"
"42270246305717055_3826013921","image",2025-09-02 12:00:00,15,1,"#AppleEvent2025"
"36789764886676113_0755899127","carousel",2025-09-21 05:00:00,104,4,"#AppleEvent2025"
"34090709606496856_0648464930","reel",2025-09-19 14:00:00,41,0,"#AppleEvent2025"
"50056050753683576_5589085417","carousel",2025-09-09 03:00:00,127,4,"#AppleEvent2025"
"33998280972950020_7886679442","reel",2025-08-04 07:00:00,553,12,"#AppleEvent2025"
"95454193531290247_1542920364","reel",2025-08-28 18:00:00,977,30,"#AppleEvent2025"
"51367714702969308_6864165633","reel",2025-07-19 17:00:00,253,5,"#AppleEvent2025"
"65870540588383584_9520332656","image",2025-08-19 21:00:00,657,22,"#AppleEvent2025"
"85187417497309381_6545324439","carousel",2025-09-12,211,3,"#AppleEvent2025"
"17678640255954323_0903183374","carousel",2025-10-05 04:00:00,37,0,"#AppleEvent2025"
"87124322415501085_3576618992","reel",2025-10-08 06:00:00,244,7,"#AppleEvent2025"
"58794970236970103_8509480748","image",2025-09-05 05:00:00,65,4,"#AppleEvent2025"
"30401714264893380_2816738722","carousel",2025-09-18 05:00:00,810,42,"#AppleEvent2025"
"51823358087963049_0808504866","image",2025-09-18 02:00:00,696,19,"#AppleEvent2025"
"58072518040091895_2975525948","image",2025-10-07 22:00:00,287,12,"#AppleEvent2025"
"62595950538232718_9532116447","carousel",2025-08-30 11:00:00,397,11,"#AppleEvent2025"
"37671362615463325_2634561469","carousel",2025-09-08 20:00:00,95,3,"#AppleEvent2025"
"75939798250606908_0396381869","carousel",2025-08-15 12:00:00,121,5,"#AppleEvent2025"
"09517776432321866_8987886415","carousel",2025-08-30 20:00:00,680,18,"#AppleEvent2025"
"08751542522823125_5574772224","carousel",2025-08-25 14:00:00,433,15,"#AppleEvent2025"
"66730256540825027_3152921512","reel",2025-09-16 13:00:00,120,5,"#AppleEvent2025"
"59246404243664211_3635951595","reel",2025-09-17 03:00:00,251,10,"#AppleEvent2025"
"56933780239902734_5114074088","image",2025-08-28 21:00:00,217,10,"#AppleEvent2025"
"29214282021130646_0075098072","image",2025-10-09 21:00:00,210,8,"#AppleEvent2025"
"79723600222203945_5979350093","image",2025-10-03 17:00:00,116,4,"#AppleEvent2025"
"86756756710357269_9728218345","reel",2025-08-31 17:00:00,316,10,"#AppleEvent2025"
"77736748137134899_9926036928","image",2025-09-16 10:00:00,404,14,"#AppleEvent2025"
"62657872808656778_2723459516","image",2025-08-08 23:00:00,23,0,"#AppleEvent2025"
"12229630467493819_8637760246","carousel",2025-08-04 16:00:00,37,0,"#AppleEvent2025"
"97225942437843436_7257650983","reel",2025-08-27 10:00:00,178,4,"#AppleEvent2025"
"41815171184791490_6534497556","reel",2025-10-09 23:00:00,124,3,"#AppleEvent2025"
"15573862520554372_5495871792","image",2025-09-06 02:00:00,104,0,"#AppleEvent2025"
"43799747316637046_1900699438","image",2025-09-24 08:00:00,387,17,"#AppleEvent2025"
"56685112712770239_2208720234","image",2025-08-14 23:00:00,13,1,"#AppleEvent2025"
"36533169417769191_7511982179","image",2025-09-13 14:00:00,347,18,"#AppleEvent2025"
"41247234893902443_7846155671","carousel",2025-09-27 13:00:00,56,0,"#AppleEvent2025"
"09816170239608432_9703345793","image",2025-08-09 19:00:00,450,15,"#AppleEvent2025"
"87456746274895232_0938355860","carousel",2025-09-02 12:00:00,470,10,"#AppleEvent2025"
"70685982456727067_0938739393","image",2025-09-25 21:00:00,94,2,"#AppleEvent2025"
"01524267412568321_4765846530","reel",2025-09-19 01:00:00,55,1,"#AppleEvent2025"
"01002611958488514_9173149811","image",2025-09-07 22:00:00,103,3,"#AppleEvent2025"
"15368530672473910_2827779629","reel",2025-09-10 14:00:00,81,0,"#AppleEvent2025"
"00665194908315926_6586518000","reel",2025-09-04 01:00:00,597,10,"#AppleEvent2025"
"21287327143626972_5075577961","reel",2025-09-17 02:00:00,155,8,"#AppleEvent2025"
"88912371651332771_6429793525","image",2025-10-03 01:00:00,391,15,"#AppleEvent2025"
"61797242788590163_9805147093","carousel",2025-08-20 03:00:00,84,2,"#AppleEvent2025"
"96526341037927407_1394827279","reel",2025-07-22,145,4,"#AppleEvent2025"
"97042649657896469_0180961189","reel",2025-08-09 19:00:00,624,24,"#AppleEvent2025"
"96388493399301176_1688603986","image",2025-08-30 10:00:00,342,8,"#AppleEvent2025"
"95456244569032752_9026391300","reel",2025-07-22 05:00:00,61,1,"#AppleEvent2025"
"15139935877394878_6216136694","reel",2025-09-19 13:00:00,28,0,"#AppleEvent2025"
"42418284913576280_4923502333","image",2025-08-28 23:00:00,80,3,"#AppleEvent2025"
"20369434212563793_8562223606","reel",2025-09-15 04:00:00,144,2,"#AppleEvent2025"
"31455515568490968_8729412028","reel",2025-09-15 05:00:00,61,2,"#AppleEvent2025"
"27544298977774488_2806465156","carousel",2025-07-24 18:00:00,62,0,"#AppleEvent2025"
"48857150608032518_2143064832","carousel",2025-09-12 12:00:00,118,3,"#AppleEvent2025"
"77294089206446857_5375732719","image",2025-08-19 11:00:00,240,10,"#AppleEvent2025"
"55739958043681642_9294189991","reel",2025-09-25 07:00:00,541,22,"#AppleEvent2025"
"35834127233357854_0865244041","carousel",2025-09-28 05:00:00,259,10,"#AppleEvent2025"
"13099180127778467_1753899524","reel",2025-09-19,431,15,"#AppleEvent2025"
"97647047822827079_9576583700","reel",2025-10-04 05:00:00,498,11,"#AppleEvent2025"
"05784289446149695_5948156811","carousel",2025-08-10 22:00:00,125,3,"#AppleEvent2025"
"34534165092279667_2811886108","image",2025-10-02 06:00:00,137,3,"#AppleEvent2025"
"09155102774558596_2027528091","image",2025-09-12 20:00:00,2073,48,"#AppleEvent2025"
"58168366555900190_2470220826","image",2025-08-28 11:00:00,212,5,"#AppleEvent2025"
"96074861967664047_2820094406","carousel",2025-08-03 08:00:00,86,3,"#AppleEvent2025"
"08534880796581063_3604052124","reel",2025-09-13 16:00:00,126,3,"#AppleEvent2025"
"91023711777753493_7515935602","carousel",2025-09-30 04:00:00,67,3,"#AppleEvent2025"
"18416181784801144_8880407796","carousel",2025-08-17 16:00:00,70,3,"#AppleEvent2025"
"40388026833574017_9366440471","carousel",2025-07-21 21:00:00,328,8,"#AppleEvent2025"
"21254516107926411_9264477016","image",2025-08-28 14:00:00,232,5,"#AppleEvent2025"
"62931483624494636_0356786811","carousel",2025-09-20 15:00:00,285,9,"#AppleEvent2025"
"58701334530273137_6413213544","image",2025-08-10 18:00:00,921,27,"#AppleEvent2025"
"70321696517850411_2620980921","image",2025-08-16 13:00:00,103,1,"#AppleEvent2025"
"11008860625652965_3152988935","carousel",2025-10-09 03:00:00,738,23,"#AppleEvent2025"
"81769930032105691_8538647850","carousel",2025-08-13 15:00:00,196,6,"#AppleEvent2025"
"36085340530418617_7704287185","image",2025-09-02 10:00:00,362,12,"#AppleEvent2025"
"78080114735891189_0837899293","reel",2025-09-28 10:00:00,183,10,"#AppleEvent2025"
"69231254828453663_2066883151","carousel",2025-08-23 21:00:00,590,16,"#AppleEvent2025"
"34620896991010917_2455065988","reel",2025-10-08 19:00:00,155,5,"#AppleEvent2025"
"41904830031097153_6780695462","image",2025-08-12 14:00:00,162,7,"#AppleEvent2025"
"18350622142353896_5340947205","reel",2025-09-14 01:00:00,17,0,"#AppleEvent2025"
"92731357928698631_0355623068","carousel",2025-08-26 19:00:00,176,4,"#AppleEvent2025"
"01738904822335135_7157433626","carousel",2025-09-20 17:00:00,316,7,"#AppleEvent2025"
"70564609032382350_2245513598","carousel",2025-09-10 22:00:00,133,6,"#AppleEvent2025"
"04808662506290487_4771632939","image",2025-08-12 04:00:00,0,8,"#AppleEvent2025"
"97190831554137359_0671591936","carousel",2025-09-13,257,13,"#AppleEvent2025"
"48775004000093618_6896660769","reel",2025-09-17 21:00:00,392,10,"#AppleEvent2025"
"56247951927975747_5603482294","reel",2025-08-24 09:00:00,131,2,"#AppleEvent2025"
"70944057367823682_9400501252","carousel",2025-08-06 09:00:00,225,5,"#AppleEvent2025"
"39638344103820912_2473711847","image",2025-10-03,196,7,"#AppleEvent2025"
"49996358366132022_0024664523","reel",2025-09-20 23:00:00,220,8,"#AppleEvent2025"
"84130456919354758_0924713190","carousel",2025-08-28 12:00:00,278,8,"#AppleEvent2025"
"14255484817339075_1207191129","reel",2025-09-27 21:00:00,280,11,"#AppleEvent2025"
"07810660283327699_1285419699","carousel",2025-09-02 13:00:00,615,20,"#AppleEvent2025"
"16935658154673328_3800208524","image",2025-09-20 22:00:00,604,12,"#AppleEvent2025"
"35457971733625804_9165801575","reel",2025-09-02 14:00:00,247,7,"#AppleEvent2025"
"06582717039018830_6654778420","carousel",2025-09-18 17:00:00,565,14,"#AppleEvent2025"
"21751663366654666_0693575902","image",2025-09-08 08:00:00,183,5,"#AppleEvent2025"
"23857337569554964_5255321630","carousel",2025-09-24 22:00:00,51,3,"#AppleEvent2025"
"56024172743034484_3732911942","image",2025-08-26 02:00:00,1557,48,"#AppleEvent2025"
"66587482521798190_4654149860","image",2025-09-24 19:00:00,167,10,"#AppleEvent2025"
"49396487542351258_8052100414","reel",2025-10-08 08:00:00,531,12,"#AppleEvent2025"
"28196052309619762_9008031198","reel",2025-10-02 02:00:00,65,1,"#AppleEvent2025"
"48077009657708972_7187637877","carousel",2025-09-29 20:00:00,195,2,"#AppleEvent2025"
"13948340618282690_9766513319","reel",2025-08-04 04:00:00,182,5,"#AppleEvent2025"
"21011700213745323_6786679748","reel",2025-09-21 22:00:00,308,9,"#AppleEvent2025"
"62138122584323660_1691855923","image",2025-08-30 10:00:00,566,20,"#AppleEvent2025"
"27098449376417761_2427200650","image",2025-07-25 17:00:00,270,6,"#AppleEvent2025"
"25436560065183764_9174302943","carousel",2025-08-28 03:00:00,351,11,"#AppleEvent2025"
"60321288294776254_2359935078","carousel",2025-08-04 14:00:00,417,18,"#AppleEvent2025"
"50159843853341574_8339379896","carousel",2025-07-28 12:00:00,144,2,"#AppleEvent2025"
"71209423191972207_9848541934","reel",2025-08-27 03:00:00,438,17,"#AppleEvent2025"
"83763965655449452_1689877905","carousel",2025-09-13 12:00:00,158,6,"#AppleEvent2025"
"47337658785490385_9931896105","carousel",2025-09-11 20:00:00,58,0,"#AppleEvent2025"
"82058633924929950_1520115627","carousel",2025-09-04 22:00:00,132,2,"#AppleEvent2025"
"15051766613782967_3411707999","carousel",2025-09-20 10:00:00,283,15,"#AppleEvent2025"
"43897451619322460_8621745337","carousel",2025-08-27 10:00:00,54,2,"#AppleEvent2025"
"46144886940332852_5416325564","carousel",2025-09-21 17:00:00,179,7,"#AppleEvent2025"
"25448229582388735_0808958149","image",2025-09-16 07:00:00,47,2,"#AppleEvent2025"
"43796029863728819_0146206195","image",2025-07-14 08:00:00,19,0,"#AppleEvent2025"
"19851500166724281_2481419848","carousel",2025-09-09 08:00:00,172,4,"#AppleEvent2025"
"55540177190762242_2697229076","carousel",2025-08-29 04:00:00,80,0,"#AppleEvent2025"
"52634622785973045_1452856692","image",2025-09-10 04:00:00,330,7,"#AppleEvent2025"
"49326918584044089_0053522569","reel",2025-09-25 01:00:00,128,4,"#AppleEvent2025"
"03615612164242602_1695389763","carousel",2025-10-07 10:00:00,226,7,"#AppleEvent2025"
"06429242496715979_1377623250","image",2025-08-26 13:00:00,502,10,"#AppleEvent2025"
"49870422474770244_0666569012","carousel",2025-08-14 23:00:00,128,5,"#AppleEvent2025"
"12933776038485335_3323524241","carousel",2025-09-15 06:00:00,183,7,"#AppleEvent2025"
"33508758932508384_0397404839","carousel",2025-09-26 09:00:00,1131,31,"#AppleEvent2025"
"76680098597573088_1208432287","carousel",2025-08-04 04:00:00,50,0,"#AppleEvent2025"
"53974294273303233_2354473029","reel",2025-10-04 11:00:00,140,1,"#AppleEvent2025"
"52640156086431582_7587243149","image",2025-08-01 01:00:00,140,5,"#AppleEvent2025"
"20270573363843550_0678302169","carousel",2025-09-20 15:00:00,58,1,"#AppleEvent2025"
"52262257244697867_4988590648","image",2025-09-06 19:00:00,351,4,"#AppleEvent2025"
"70449536438503642_4562299798","carousel",2025-07-27 11:00:00,291,9,"#AppleEvent2025"
"96819939485523228_0692717932","carousel",2025-09-10 23:00:00,47,2,"#AppleEvent2025"
"20580969024994425_8824364570","reel",2025-09-24 02:00:00,0,3,"#AppleEvent2025"
"77230187125476303_8008057786","carousel",2025-08-22 05:00:00,631,19,"#AppleEvent2025"
"22704412010114093_6871623700","reel",2025-09-11 03:00:00,86,1,"#AppleEvent2025"
"70295439274083244_8243046115","reel",2025-08-28 01:00:00,575,18,"#AppleEvent2025"
"79768489980893325_3296665160","reel",2025-09-27 12:00:00,455,13,"#AppleEvent2025"
"13887909631916195_6496731943","carousel",2025-09-27 09:00:00,20,1,"#AppleEvent2025"
"59531591882765972_1190595926","reel",2025-09-14,72,2,"#AppleEvent2025"
"69274167981303322_2473883055","carousel",2025-09-24 05:00:00,207,4,"#AppleEvent2025"
"04448590974216235_4571199295","image",2025-08-17 14:00:00,135,2,"#AppleEvent2025"
"67619932956253328_2659807083","image",2025-08-17 03:00:00,423,7,"#AppleEvent2025"
"53188466950169257_6193295140","carousel",2025-08-26 22:00:00,297,12,"#AppleEvent2025"
"71247430273227577_0101891821","reel",2025-09-21 13:00:00,0,3,"#AppleEvent2025"
"85915016035170845_4084878073","carousel",2025-08-15,117,2,"#AppleEvent2025"
"92473062128008203_0528592621","reel",2025-09-12 23:00:00,486,20,"#AppleEvent2025"
"12545930214457521_3008832492","carousel",2025-09-17 12:00:00,76,2,"#AppleEvent2025"
"23729856341111840_8138790659","reel",2025-09-18 10:00:00,106,5,"#AppleEvent2025"
"19519909483154175_4331892935","carousel",2025-08-15 11:00:00,369,6,"#AppleEvent2025"
"62310269547740127_3507083310","carousel",2025-08-09 02:00:00,117,3,"#AppleEvent2025"
"00335345067512742_5020807694","image",2025-10-03 09:00:00,502,16,"#AppleEvent2025"
"13985448476950304_5815192481","reel",2025-09-15 18:00:00,180,4,"#AppleEvent2025"
"69298681461364133_7618049226","image",2025-08-18,213,0,"#AppleEvent2025"
"41017015666847711_2488680773","image",2025-08-25 14:00:00,166,9,"#AppleEvent2025"
"44044935087436018_4057373594","image",2025-09-27 20:00:00,229,4,"#AppleEvent2025"
"64370073148197690_5168300192","reel",2025-09-08 07:00:00,227,15,"#AppleEvent2025"
"98302431827860277_8048083770","image",2025-07-16 01:00:00,0,16,"#AppleEvent2025"
"15477287682884626_1815042205","image",2025-09-15 14:00:00,139,1,"#AppleEvent2025"
"95833147087690855_0344311719","carousel",2025-09-11 02:00:00,246,5,"#AppleEvent2025"
"83803649443318925_2844515710","image",2025-09-19 20:00:00,124,2,"#AppleEvent2025"
"12137422580729264_9094290350","image",2025-09-23 01:00:00,687,18,"#AppleEvent2025"
"08884969190291249_5699373552","reel",2025-09-20 21:00:00,232,2,"#AppleEvent2025"
"85678035075741453_3803478746","carousel",2025-09-07 20:00:00,206,5,"#AppleEvent2025"
"40409310297934541_0368913900","reel",2025-10-06 07:00:00,366,13,"#AppleEvent2025"
"91909569999752885_3862705640","image",2025-10-03 17:00:00,107,4,"#AppleEvent2025"
"38937718378221577_5531318945","carousel",2025-08-25 14:00:00,72,4,"#AppleEvent2025"
"02404772276520357_0714900702","image",2025-10-02 07:00:00,51,2,"#AppleEvent2025"
"70784669142630236_2322677147","carousel",2025-08-11 10:00:00,317,14,"#AppleEvent2025"
"44085937811125338_8656571578","image",2025-08-09 20:00:00,689,19,"#AppleEvent2025"
"70117895256036732_5971285825","image",2025-08-03 07:00:00,596,17,"#AppleEvent2025"
"02361301756056904_8091832322","reel",2025-09-04 05:00:00,348,13,"#AppleEvent2025"
"36846110260264795_3002434905","image",2025-09-24 15:00:00,128,6,"#AppleEvent2025"
"75655971338222902_7539831955","carousel",2025-08-28 19:00:00,510,16,"#AppleEvent2025"
"86637392424712113_4028027710","image",2025-09-07 06:00:00,210,5,"#AppleEvent2025"
"60235484826378972_2039122119","image",2025-09-03 10:00:00,195,0,"#AppleEvent2025"
"60058169122044622_7642426418","image",2025-09-30 09:00:00,505,14,"#AppleEvent2025"
"95577966456232083_3885624767","image",2025-09-11 13:00:00,158,5,"#AppleEvent2025"
"28973049056569008_2167893487","carousel",2025-08-12 01:00:00,580,20,"#AppleEvent2025"
"10376105630257425_0591607933","image",2025-08-13 23:00:00,58,1,"#AppleEvent2025"
"92263112724209912_8899774309","carousel",2025-08-24 13:00:00,627,21,"#AppleEvent2025"
"49456397302120907_2872632610","image",2025-10-07 19:00:00,804,33,"#AppleEvent2025"
"31088821549723853_1808478405","carousel",2025-08-30 02:00:00,384,8,"#AppleEvent2025"
"52902124459842420_0077884504","image",2025-08-29 17:00:00,345,12,"#AppleEvent2025"
"77545122392807759_5105435637","image",2025-09-04 20:00:00,40,2,"#AppleEvent2025"
"08710850186703195_3798831577","image",2025-08-22 13:00:00,85,0,"#AppleEvent2025"
"35984747180336537_2044504772","reel",2025-09-24 07:00:00,500,19,"#AppleEvent2025"
"35828285105011400_8949737841","reel",2025-09-06 12:00:00,59,5,"#AppleEvent2025"
"08780963637902633_8812865858","image",2025-08-18 02:00:00,266,5,"#AppleEvent2025"
"34384497017085342_0813173243","carousel",2025-08-28 02:00:00,202,2,"#AppleEvent2025"
"87722279376874563_5252448041","carousel",2025-07-27 08:00:00,1881,54,"#AppleEvent2025"
"72003507114041894_7272014844","image",2025-09-18 07:00:00,228,5,"#AppleEvent2025"
"18712701939157071_5808909825","image",2025-08-29 18:00:00,174,9,"#AppleEvent2025"
"74712982687128316_2462435683","reel",2025-09-17 06:00:00,37,1,"#AppleEvent2025"
"79111485967684495_3692432553","carousel",2025-08-28 13:00:00,128,2,"#AppleEvent2025"
"36823780035315633_3139970504","image",2025-08-05 23:00:00,112,1,"#AppleEvent2025"
"92276503664716752_7124468900","reel",2025-09-14,127,3,"#AppleEvent2025"
"14629120424282697_0722247184","carousel",2025-08-28 23:00:00,53,1,"#AppleEvent2025"
"18721099224379067_4409383966","reel",2025-09-19 01:00:00,167,6,"#AppleEvent2025"
"39555208839489063_4493221264","image",2025-09-03 16:00:00,235,9,"#AppleEvent2025"
"29520823641417839_7833666072","reel",2025-10-01 23:00:00,108,2,"#AppleEvent2025"
"60841803177344355_8414906997","image",2025-08-21 17:00:00,96,3,"#AppleEvent2025"
"38592659881391419_8833851179","image",2025-09-05 13:00:00,283,7,"#AppleEvent2025"
"85353345559632521_3523081327","image",2025-10-07 12:00:00,358,11,"#AppleEvent2025"
"66601841223709655_5241881981","reel",2025-10-02 12:00:00,58,1,"#AppleEvent2025"
"62896598826866611_9683374442","reel",2025-07-20 02:00:00,121,1,"#AppleEvent2025"
"64173046412736394_3090867935","reel",2025-09-28 18:00:00,556,21,"#AppleEvent2025"
"56432879363526681_1216623267","carousel",2025-08-17 12:00:00,105,1,"#AppleEvent2025"
"30473319289861810_8760747975","carousel",2025-09-25 23:00:00,286,9,"#AppleEvent2025"
"98668054215266440_0295400556","image",2025-09-07 04:00:00,91,5,"#AppleEvent2025"
"60931035501094332_3293256102","reel",2025-10-05 07:00:00,211,5,"#AppleEvent2025"
"20945644266731088_5055878743","reel",2025-08-28 02:00:00,218,6,"#AppleEvent2025"
"59739746033692753_9307244455","image",2025-07-15 07:00:00,1380,22,"#AppleEvent2025"
"70440249789486707_8895785654","carousel",2025-08-22 21:00:00,87,4,"#AppleEvent2025"
"47573859683761300_2004303784","carousel",2025-07-25 19:00:00,221,5,"#AppleEvent2025"
"36470440514375719_5775744675","reel",2025-09-27 14:00:00,602,20,"#AppleEvent2025"
"43109887883922898_8752756722","image",2025-08-23 17:00:00,274,11,"#AppleEvent2025"
"24659865609311874_6669983473","reel",2025-09-02 22:00:00,226,0,"#AppleEvent2025"
"78795452528531902_7140474556","reel",2025-08-28 01:00:00,122,1,"#AppleEvent2025"
"51846942317587406_4257260487","image",2025-10-05 13:00:00,111,0,"#AppleEvent2025"
"40608815615147933_2493946459","carousel",2025-08-25 16:00:00,435,11,"#AppleEvent2025"
"50338556639389180_9941842806","image",2025-07-31 13:00:00,47,2,"#AppleEvent2025"
"43134870389614198_7812511759","reel",2025-08-25 02:00:00,273,8,"#AppleEvent2025"
"01237366285192169_2118043711","image",2025-10-07 20:00:00,126,4,"#AppleEvent2025"
"27257081573538109_0265000292","carousel",2025-08-23 10:00:00,311,14,"#AppleEvent2025"
"84600731626776320_0220856899","image",2025-09-27 01:00:00,74,2,"#AppleEvent2025"
"02555157089773349_4109883169","image",2025-08-27 18:00:00,212,5,"#AppleEvent2025"
"34119546577678625_8787404495","carousel",2025-08-21 20:00:00,188,7,"#AppleEvent2025"
"80869543150127271_6672510916","reel",2025-09-01 14:00:00,42,3,"#AppleEvent2025"
"46436129197349521_2099958758","image",2025-08-23 05:00:00,41,0,"#AppleEvent2025"
"22034397759949843_0868221071","image",2025-07-27 08:00:00,534,22,"#AppleEvent2025"
"54867433054221558_1327524530","reel",2025-07-23 18:00:00,310,6,"#AppleEvent2025"
"66269827503885957_4292361160","carousel",2025-09-19 23:00:00,168,3,"#AppleEvent2025"
"93180648766461322_4833115140","carousel",2025-07-21 14:00:00,496,11,"#AppleEvent2025"
"72737834988990020_2747692358","image",2025-08-31 13:00:00,837,12,"#AppleEvent2025"
"91231093549865249_8523934579","carousel",2025-07-27,464,11,"#AppleEvent2025"
"05691914402357837_4965138428","carousel",2025-09-27 15:00:00,128,4,"#AppleEvent2025"
"99094022491734052_1013771657","image",2025-09-19 05:00:00,335,12,"#AppleEvent2025"
"60807889327886377_6143705755","reel",2025-09-21 01:00:00,173,3,"#AppleEvent2025"
"66017515961523681_4016685406","image",2025-08-21 13:00:00,132,4,"#AppleEvent2025"
"47529581207408698_4116355374","image",2025-09-30 11:00:00,158,6,"#AppleEvent2025"
"16724645227614867_2098280308","carousel",2025-09-15 01:00:00,594,21,"#AppleEvent2025"
"30455959544638155_9998688793","carousel",2025-09-19 07:00:00,415,10,"#AppleEvent2025"
"61701625551545455_6691267297","carousel",2025-10-06 07:00:00,367,5,"#AppleEvent2025"
"60743329294114598_8260298028","carousel",2025-09-19 19:00:00,0,0,"#AppleEvent2025"
"90027479714765861_8031132212","reel",2025-08-06 01:00:00,276,9,"#AppleEvent2025"
"88670929452148149_3323801031","carousel",2025-08-26,553,16,"#AppleEvent2025"
"44040266886294642_1281875408","image",2025-09-11,287,9,"#AppleEvent2025"
"13140318434335039_2817607347","image",2025-10-04 18:00:00,237,4,"#AppleEvent2025"
"91591553154842895_3647898531","carousel",2025-08-27 11:00:00,249,4,"#AppleEvent2025"
"63694116105594098_5375717709","reel",2025-09-16 12:00:00,140,5,"#AppleEvent2025"
"54824983827919089_1500502671","carousel",2025-08-10 11:00:00,419,13,"#AppleEvent2025"
"22845928233800690_9630399127","carousel",2025-09-03,133,2,"#AppleEvent2025"
"37381945731988161_9059133235","carousel",2025-10-03 02:00:00,99,3,"#AppleEvent2025"
"05687047930377585_3890503654","image",2025-08-24 13:00:00,790,23,"#AppleEvent2025"
"67698164971689973_4384618324","carousel",2025-09-17 09:00:00,69,2,"#AppleEvent2025"
"15396836236461140_2619092811","reel",2025-08-19,531,18,"#AppleEvent2025"
"25175216108740282_7162841588","carousel",2025-10-02 22:00:00,112,6,"#AppleEvent2025"
"48853842834500377_1894860278","reel",2025-08-21 04:00:00,1064,27,"#AppleEvent2025"
"37162554598599221_9577212511","carousel",2025-09-20 01:00:00,265,5,"#AppleEvent2025"
"48372804729863957_4314808886","image",2025-08-17 18:00:00,875,23,"#AppleEvent2025"
"51683235216398427_1766186911","carousel",2025-07-30 07:00:00,567,13,"#AppleEvent2025"
"54844044838360337_1384842878","carousel",2025-09-05 07:00:00,1218,33,"#AppleEvent2025"
"09912859112877639_5336170549","carousel",2025-09-18 23:00:00,113,2,"#AppleEvent2025"
"05969877417218060_2949564533","image",2025-08-18 04:00:00,350,8,"#AppleEvent2025"
"49098015960004864_4678816412","carousel",2025-08-30 18:00:00,311,7,"#AppleEvent2025"
"91277640801186486_6473868894","image",2025-09-20 13:00:00,169,5,"#AppleEvent2025"
"84650587438589292_2739609190","image",2025-08-22 19:00:00,210,5,"#AppleEvent2025"
"36667820773417388_5745176747","reel",2025-10-08 22:00:00,121,8,"#AppleEvent2025"
"22357368656811255_6292179763","image",2025-09-27 14:00:00,421,14,"#AppleEvent2025"
"23568432158367827_7808900896","reel",2025-10-09 21:00:00,73,1,"#AppleEvent2025"
"36888233903626446_9788485365","carousel",2025-10-08 07:00:00,58,0,"#AppleEvent2025"
"11061123732726986_0744245376","carousel",2025-09-11 16:00:00,443,0,"#AppleEvent2025"
"85761263482201710_9505736938","reel",2025-09-17 09:00:00,437,13,"#AppleEvent2025"
"58096717999126696_6975052105","reel",2025-08-30 13:00:00,144,5,"#AppleEvent2025"
"54752569396757311_4192944776","image",2025-10-08 08:00:00,176,9,"#AppleEvent2025"
"52253332732309484_5539531051","image",2025-09-27 17:00:00,547,16,"#AppleEvent2025"
"55180486833581521_7297574331","image",2025-09-30 15:00:00,315,4,"#AppleEvent2025"
"33372237486794913_6373426526","reel",2025-09-07 10:00:00,464,9,"#AppleEvent2025"
"86284310798221564_6039012586","carousel",2025-09-14 22:00:00,273,2,"#AppleEvent2025"
"02296451965038346_0862293717","reel",2025-09-16 15:00:00,618,14,"#AppleEvent2025"
"44472926548926513_3467150988","carousel",2025-09-19 10:00:00,94,3,"#AppleEvent2025"
"22253472005571601_1214466110","carousel",2025-09-27,1198,49,"#AppleEvent2025"
"82800010859027646_9738532944","reel",2025-09-08 13:00:00,246,10,"#AppleEvent2025"
"07567868922486669_6088247111","image",2025-08-23 15:00:00,9,0,"#AppleEvent2025"
"62972483015753973_4722095964","carousel",2025-09-20 11:00:00,233,0,"#AppleEvent2025"
"21487585010918008_0240266273","image",2025-09-20 05:00:00,171,6,"#AppleEvent2025"
"03388825490633984_0417357167","image",2025-09-21 12:00:00,82,1,"#AppleEvent2025"
"05166419820301526_0606716514","carousel",2025-10-09 23:00:00,83,3,"#AppleEvent2025"
"75134608456618745_2875005518","reel",2025-08-19 04:00:00,160,4,"#AppleEvent2025"
"75756881350555200_4872471233","carousel",2025-09-09 06:00:00,418,16,"#AppleEvent2025"
"76587593921654738_3285490490","carousel",2025-09-02 15:00:00,232,11,"#AppleEvent2025"
"55914213146743826_1859186022","carousel",2025-07-19 07:00:00,131,2,"#AppleEvent2025"
"01495829561283961_0451224352","image",2025-09-11 20:00:00,98,0,"#AppleEvent2025"
"42500029174789638_3051764221","image",2025-09-07 12:00:00,495,14,"#AppleEvent2025"
"45279562273928299_3336225611","carousel",2025-07-18 06:00:00,179,4,"#AppleEvent2025"
"74354812116781483_4196659626","reel",2025-10-06 10:00:00,78,3,"#AppleEvent2025"
"65325576946524772_6085771733","image",2025-07-31 09:00:00,527,14,"#AppleEvent2025"
"33026018055312124_2773308755","reel",2025-08-26 04:00:00,1506,48,"#AppleEvent2025"
"45855272310628204_2993557382","image",2025-10-06 11:00:00,0,7,"#AppleEvent2025"
"80099748112223193_4070700374","carousel",2025-09-19 01:00:00,98,0,"#AppleEvent2025"
"34629596567506902_2979552884","reel",2025-10-09 01:00:00,318,11,"#AppleEvent2025"
"83381398969808629_5133301005","image",2025-07-27,117,2,"#AppleEvent2025"
"88708251888137341_1070318290","carousel",2025-09-10 17:00:00,146,5,"#AppleEvent2025"
"80283919324065728_3735268879","image",2025-09-29 11:00:00,477,0,"#AppleEvent2025"
"18576861264131775_3639750110","image",2025-10-04,398,14,"#AppleEvent2025"
"25165376075753899_1024431132","carousel",2025-07-23 12:00:00,1353,36,"#AppleEvent2025"
"44173882171751760_5321836548","reel",2025-09-17 03:00:00,330,15,"#AppleEvent2025"
"79221076794411807_9151689008","image",2025-09-20 03:00:00,215,3,"#AppleEvent2025"
"35949088079637454_7828248137","reel",2025-10-01 11:00:00,1366,39,"#AppleEvent2025"
"23893179327542145_5174457713","reel",2025-09-13 23:00:00,58,1,"#AppleEvent2025"
"38254880980900893_5506623303","image",2025-08-10 14:00:00,45,2,"#AppleEvent2025"
"16945896527367682_9916174045","carousel",2025-07-20 15:00:00,136,4,"#AppleEvent2025"
"03417299492035102_7571540886","reel",2025-07-21 07:00:00,73,0,"#AppleEvent2025"
"23399953580492941_0458267059","image",2025-09-15 16:00:00,57,1,"#AppleEvent2025"
"11433835996129977_1069154429","image",2025-09-30,106,1,"#AppleEvent2025"
"68862229757734229_6742485941","carousel",2025-08-27 15:00:00,394,10,"#AppleEvent2025"
"77150718028405782_4722514777","image",2025-09-13 22:00:00,198,9,"#AppleEvent2025"
"92794614248203077_4700704324","carousel",2025-08-15 13:00:00,0,5,"#AppleEvent2025"
"41381789207039014_8937341163","carousel",2025-10-06 05:00:00,1117,34,"#AppleEvent2025"
"25328903203935730_3151942719","carousel",2025-09-12 12:00:00,455,20,"#AppleEvent2025"
"05004249358367849_0320479999","image",2025-10-01 07:00:00,85,3,"#AppleEvent2025"
"09010693211840607_0988755995","image",2025-09-07 14:00:00,180,4,"#AppleEvent2025"
"13617083370687548_0255049826","image",2025-08-01 02:00:00,340,10,"#AppleEvent2025"
"57582229778701492_9201305019","carousel",2025-10-08,104,2,"#AppleEvent2025"
"32301403553674922_3706883934","carousel",2025-07-18 03:00:00,296,8,"#AppleEvent2025"
"89853762207049743_6664850848","carousel",2025-10-03 06:00:00,74,2,"#AppleEvent2025"
"76862391499629767_9128525684","reel",2025-10-07 04:00:00,260,12,"#AppleEvent2025"
"14033036645541487_3572340722","carousel",2025-09-26 19:00:00,508,13,"#AppleEvent2025"
"86109273880986466_5866056481","reel",2025-09-09 08:00:00,61,0,"#AppleEvent2025"
"64447228168101829_4642075507","carousel",2025-09-02 15:00:00,486,13,"#AppleEvent2025"
"54157368063774633_4764484392","carousel",2025-09-29 17:00:00,233,11,"#AppleEvent2025"
"90941994436492587_1663282183","carousel",2025-08-23 19:00:00,182,4,"#AppleEvent2025"
"59842177030939632_3407432993","reel",2025-09-24 18:00:00,137,2,"#AppleEvent2025"
"84368136418100155_6103721519","image",2025-08-12 14:00:00,98,3,"#AppleEvent2025"
"00174501378694449_4236729617","carousel",2025-09-15 04:00:00,136,2,"#AppleEvent2025"
"86142220965587673_0648997381","reel",2025-09-29 01:00:00,416,14,"#AppleEvent2025"
"52984666915636087_7687272577","carousel",2025-10-02 07:00:00,89,5,"#AppleEvent2025"
"84600476949543951_9442816601","carousel",2025-09-23 02:00:00,653,12,"#AppleEvent2025"
"91115371567374616_2420639107","image",2025-07-27 16:00:00,376,17,"#AppleEvent2025"
"59662073085413252_4227088893","carousel",2025-10-05 14:00:00,594,23,"#AppleEvent2025"
"47208906402700360_7839153633","reel",2025-09-27 04:00:00,0,1,"#AppleEvent2025"
"11829064360386524_2788329846","reel",2025-09-17 14:00:00,551,27,"#AppleEvent2025"
"76366557773523576_9240431127","carousel",2025-07-19 02:00:00,423,11,"#AppleEvent2025"
"61982395681274035_9240652467","image",2025-09-13 12:00:00,231,6,"#AppleEvent2025"
"50793933604040068_6990376153","image",2025-09-02 11:00:00,459,27,"#AppleEvent2025"
"75793542445058434_3430141272","image",2025-09-18 21:00:00,399,13,"#AppleEvent2025"
"34748238941103356_6517069683","image",2025-09-05 04:00:00,351,8,"#AppleEvent2025"
"82872678308527828_4895664390","carousel",2025-09-27 02:00:00,115,6,"#AppleEvent2025"
"16417247478131012_9499919368","reel",2025-09-20 12:00:00,109,0,"#AppleEvent2025"
"58438791254437773_3901046955","image",2025-07-30 07:00:00,381,7,"#AppleEvent2025"
"71899652052243036_7278000710","reel",2025-09-05 11:00:00,520,13,"#AppleEvent2025"
"57691662489257733_1862336981","image",2025-09-08 21:00:00,221,6,"#AppleEvent2025"
"31704993298841954_4408575808","image",2025-09-21 20:00:00,208,3,"#AppleEvent2025"
"80222543867982740_1216123589","image",2025-08-21 07:00:00,95,3,"#AppleEvent2025"
"07657960254323616_3692954910","reel",2025-09-12 13:00:00,221,8,"#AppleEvent2025"
"04742689641493722_7422331743","reel",2025-09-06 22:00:00,21,3,"#AppleEvent2025"
"37796478157277515_7476821741","image",2025-09-19 03:00:00,411,9,"#AppleEvent2025"
"26845741933799990_7423860111","image",2025-09-20 10:00:00,233,6,"#AppleEvent2025"
"26207859774288797_3957498777","carousel",2025-09-23 10:00:00,187,4,"#AppleEvent2025"
"01124936204987645_5919184377","image",2025-07-24 14:00:00,38,1,"#AppleEvent2025"
"69084750182863432_8004950693","image",2025-09-21 14:00:00,113,3,"#AppleEvent2025"
"56197970786615795_4927274855","reel",2025-08-18 20:00:00,185,5,"#AppleEvent2025"
"01541516797033799_0002862996","carousel",2025-08-12 10:00:00,93,2,"#AppleEvent2025"
"74111235934341772_3518066912","reel",2025-10-02 22:00:00,62,1,"#AppleEvent2025"
"21232503093122303_7352077276","image",2025-08-27 10:00:00,196,3,"#AppleEvent2025"
"24352473924469955_0323431231","image",2025-08-01 02:00:00,313,10,"#AppleEvent2025"
"84907670013544563_7503739658","carousel",2025-07-25 06:00:00,243,9,"#AppleEvent2025"
"21654301233305963_8637386680","image",2025-07-22 13:00:00,375,6,"#AppleEvent2025"
"97121080037409026_4296456351","reel",2025-10-04 10:00:00,169,5,"#AppleEvent2025"
"28079412865985422_1940584014","carousel",2025-09-05 12:00:00,219,8,"#AppleEvent2025"
"30776167545096360_6499570909","reel",2025-07-23,281,9,"#AppleEvent2025"
"20098805960812295_1203541450","reel",2025-10-05 21:00:00,91,4,"#AppleEvent2025"
"98747230818059802_0754377676","reel",2025-09-05 16:00:00,438,10,"#AppleEvent2025"
"98700089840876992_2326416099","image",2025-09-08 11:00:00,87,3,"#AppleEvent2025"
"16560605059137644_5558090421","image",2025-08-21 05:00:00,99,2,"#AppleEvent2025"
"34684720445973403_0002392048","reel",2025-09-25 08:00:00,665,22,"#AppleEvent2025"
"04215350089866671_1406874790","image",2025-09-29 17:00:00,504,14,"#AppleEvent2025"
"29938191963819427_9736590591","reel",2025-10-08 09:00:00,122,3,"#AppleEvent2025"
"60136399775621735_3245128503","carousel",2025-09-24 23:00:00,847,32,"#AppleEvent2025"
"58519118507270671_8528210616","carousel",2025-08-19 15:00:00,231,6,"#AppleEvent2025"
"94596658052729923_5377603750","image",2025-09-11 19:00:00,220,5,"#AppleEvent2025"
"21409508678208183_1959544115","reel",2025-09-08 05:00:00,326,9,"#AppleEvent2025"
"28619886030961632_8865872220","image",2025-09-04,126,4,"#AppleEvent2025"
"00649557750531265_4554035728","image",2025-09-29 23:00:00,291,10,"#AppleEvent2025"
"31393624646547809_2823560437","carousel",2025-09-08 15:00:00,66,1,"#AppleEvent2025"
"58145128019528269_9016088643","carousel",2025-09-21 12:00:00,159,3,"#AppleEvent2025"
"02210573234693390_1846810991","reel",2025-10-01 18:00:00,192,5,"#AppleEvent2025"
"24328625689054000_5387316341","image",2025-07-23 18:00:00,1837,55,"#AppleEvent2025"
"79896400054676943_5965339803","reel",2025-08-29 20:00:00,120,5,"#AppleEvent2025"
"91866361971449749_7335007594","carousel",2025-09-12 04:00:00,295,9,"#AppleEvent2025"
"87518924062648376_0111510780","carousel",2025-08-30 07:00:00,302,8,"#AppleEvent2025"
"65904003237318355_7970901773","carousel",2025-08-28 08:00:00,363,17,"#AppleEvent2025"
"52170070481260523_8380869268","carousel",2025-09-09,244,7,"#AppleEvent2025"
"75321850239834478_8284437057","reel",2025-08-27 12:00:00,132,3,"#AppleEvent2025"
"94045938046173502_0283169629","carousel",2025-10-07 12:00:00,371,13,"#AppleEvent2025"
"34585008861710116_2063895616","reel",2025-07-16 06:00:00,29,1,"#AppleEvent2025"
"62987383016184203_1389551039","carousel",2025-10-07 13:00:00,131,7,"#AppleEvent2025"
"80532804050867032_3180712793","image",2025-10-09 20:00:00,401,15,"#AppleEvent2025"
"22746482246683164_2634194374","carousel",2025-09-05 04:00:00,110,2,"#AppleEvent2025"
"67564178429409752_7386617751","carousel",2025-07-20 23:00:00,126,3,"#AppleEvent2025"
"52955473139761765_0785041088","carousel",2025-10-08 14:00:00,156,3,"#AppleEvent2025"
"76000833535940956_3355140161","carousel",2025-10-01 05:00:00,861,24,"#AppleEvent2025"
"88692451901586582_6121421477","image",2025-10-02 05:00:00,147,5,"#AppleEvent2025"
"64026690378786901_7822410857","image",2025-09-07 13:00:00,87,5,"#AppleEvent2025"
"56253296227191811_6788413771","image",2025-09-29,175,9,"#AppleEvent2025"
"00280307482216831_1842376931","image",2025-10-01,377,11,"#AppleEvent2025"
"80000378329234831_4639686245","image",2025-09-15 04:00:00,243,10,"#AppleEvent2025"
"40523022960278962_1917999158","reel",2025-09-10 16:00:00,116,0,"#AppleEvent2025"
"55174756294828972_7221959484","image",2025-07-28 09:00:00,1425,81,"#AppleEvent2025"
"01013585072547718_1872275868","reel",2025-09-18 12:00:00,113,2,"#AppleEvent2025"
"31354397672539441_9424488856","image",2025-10-09 16:00:00,765,20,"#AppleEvent2025"
"39595490113356747_3375062898","carousel",2025-10-03 19:00:00,67,3,"#AppleEvent2025"
"56768148569377975_7800925102","carousel",2025-09-16 19:00:00,1296,39,"#AppleEvent2025"
"82114919343903942_7581948936","carousel",2025-07-23 16:00:00,369,9,"#AppleEvent2025"
"34217562581354102_7140216072","carousel",2025-08-31,340,8,"#AppleEvent2025"
"24011149425054235_4201143534","reel",2025-07-20 02:00:00,754,0,"#AppleEvent2025"
"09354593096210667_6666520431","carousel",2025-09-16 23:00:00,238,4,"#AppleEvent2025"
"83299014176528988_8311411838","carousel",2025-08-10 20:00:00,333,10,"#AppleEvent2025"
"96706937494753043_7343188560","image",2025-08-29 10:00:00,1499,37,"#AppleEvent2025"
"63497765519021427_0223233950","image",2025-10-04,63,1,"#AppleEvent2025"
"92104254376127641_5257003857","image",2025-09-15 17:00:00,56,2,"#AppleEvent2025"
"71018739876947774_8796875610","image",2025-09-22 23:00:00,479,17,"#AppleEvent2025"
"46557176394084310_4651311138","image",2025-09-07 09:00:00,280,13,"#AppleEvent2025"
"02580871821432019_3249215545","reel",2025-08-19 07:00:00,277,6,"#AppleEvent2025"
"90762797924992226_8644030485","image",2025-09-09 14:00:00,430,24,"#AppleEvent2025"
"03391726736097739_2730349601","carousel",2025-09-26 18:00:00,88,1,"#AppleEvent2025"
"00714888501012475_4143388842","image",2025-08-30 01:00:00,427,11,"#AppleEvent2025"
"22192439605807204_0230850878","reel",2025-09-25 20:00:00,252,5,"#AppleEvent2025"
"89341562171411274_1357401967","reel",2025-08-23 03:00:00,294,9,"#AppleEvent2025"
"70361713680910275_4292345137","reel",2025-08-15 13:00:00,16,0,"#AppleEvent2025"
"69351098582695349_8038256656","image",2025-09-03,71,1,"#AppleEvent2025"
"55713768200823606_4135309038","image",2025-09-04 14:00:00,365,10,"#AppleEvent2025"
"27867000877110989_7708603963","image",2025-09-30 15:00:00,162,5,"#AppleEvent2025"
"66208373170074734_4088007966","image",2025-09-09 23:00:00,223,9,"#AppleEvent2025"
"02505647133511970_0776684539","carousel",2025-08-01 17:00:00,265,4,"#AppleEvent2025"
"99612372568193499_8174208056","carousel",2025-09-26 12:00:00,314,8,"#AppleEvent2025"
"62675566076005715_0207789519","reel",2025-08-01 02:00:00,220,7,"#AppleEvent2025"
"29269482865753476_5702940540","carousel",2025-09-08 19:00:00,537,21,"#AppleEvent2025"
"82154423635975973_6082369751","carousel",2025-09-28 13:00:00,66,2,"#AppleEvent2025"
"81146179916189604_8328359231","image",2025-10-03 04:00:00,260,13,"#AppleEvent2025"
"73263844434633825_8112802638","image",2025-08-24 13:00:00,270,8,"#AppleEvent2025"
"14179326260647537_8663822955","image",2025-08-27 23:00:00,141,4,"#AppleEvent2025"
"10057722989839368_7421320688","image",2025-09-21 10:00:00,211,8,"#AppleEvent2025"
"53784150485957057_3250670586","carousel",2025-09-10 22:00:00,329,5,"#AppleEvent2025"
"58658189032262138_7117942291","image",2025-07-29 08:00:00,171,8,"#AppleEvent2025"
"52390192360404791_7834847762","reel",2025-08-07 23:00:00,45,0,"#AppleEvent2025"
"62270285296867428_9575829343","image",2025-08-14 18:00:00,353,15,"#AppleEvent2025"
"39392867268619824_5435179628","reel",2025-10-08 13:00:00,440,8,"#AppleEvent2025"
"73483009203215252_0016141049","image",2025-09-12 04:00:00,186,6,"#AppleEvent2025"
"33193732296899516_1517373632","image",2025-09-23 02:00:00,544,8,"#AppleEvent2025"
"93221177510731346_2487390905","reel",2025-07-29,152,6,"#AppleEvent2025"
"92785967672758439_2945427540","reel",2025-09-04 01:00:00,111,7,"#AppleEvent2025"
"68787012252079185_3441604414","reel",2025-09-12 09:00:00,174,3,"#AppleEvent2025"
"43736908925791331_1730951516","reel",2025-09-30 16:00:00,386,13,"#AppleEvent2025"
"47392715521701534_3722512458","reel",2025-07-23 15:00:00,365,9,"#AppleEvent2025"
"66069707549031909_5237818928","image",2025-09-20 11:00:00,32,2,"#AppleEvent2025"
"45004701776501748_1105835029","reel",2025-08-19 17:00:00,921,31,"#AppleEvent2025"
"86468509752087622_2555647096","image",2025-09-24 06:00:00,211,0,"#AppleEvent2025"
"17134036812776739_9048170040","reel",2025-09-08 13:00:00,165,3,"#AppleEvent2025"
"18069446881900472_3513014363","reel",2025-09-29,92,0,"#AppleEvent2025"
"66936221959773365_7410161853","image",2025-08-07 20:00:00,285,11,"#AppleEvent2025"
"07240521564228561_7159305067","reel",2025-07-26 12:00:00,136,5,"#AppleEvent2025"
"44408404424426137_0024433823","image",2025-09-25 04:00:00,121,3,"#AppleEvent2025"
"64611251030968922_3322641329","carousel",2025-09-18 03:00:00,231,7,"#AppleEvent2025"
"81189872717480762_7605889027","carousel",2025-09-11 08:00:00,107,0,"#AppleEvent2025"
"74666719199123579_2963794946","image",2025-10-08 20:00:00,232,6,"#AppleEvent2025"
"98037002395492491_8106844184","reel",2025-09-20 17:00:00,92,0,"#AppleEvent2025"
"17089855836440916_1912750931","carousel",2025-09-30 18:00:00,467,14,"#AppleEvent2025"
"69132654265590248_1163932133","reel",2025-09-17 07:00:00,86,3,"#AppleEvent2025"
"35707989724497854_9353465863","image",2025-08-28 11:00:00,240,10,"#AppleEvent2025"
"29055623964446330_1588998045","image",2025-09-25 06:00:00,154,3,"#AppleEvent2025"
"04425090008653544_0316551876","image",2025-08-26 13:00:00,88,5,"#AppleEvent2025"
"98901552256073571_8711194227","image",2025-07-26 07:00:00,175,13,"#AppleEvent2025"
"94133193760210929_4114426917","image",2025-09-21 23:00:00,152,3,"#AppleEvent2025"
"36356987482843135_3253585327","reel",2025-09-06 23:00:00,309,10,"#AppleEvent2025"
"51318242285366229_7143009690","carousel",2025-09-26 10:00:00,219,0,"#AppleEvent2025"
"50959160421679341_8729944446","reel",2025-10-09 13:00:00,86,1,"#AppleEvent2025"
"82004708926957084_2607749813","reel",2025-09-16 22:00:00,60,2,"#AppleEvent2025"
"12241497765514608_2137859529","carousel",2025-10-09 06:00:00,0,7,"#AppleEvent2025"
"73832292350418995_5189438645","carousel",2025-08-04 09:00:00,69,0,"#AppleEvent2025"
"64294906989910491_6657956671","carousel",2025-08-07 20:00:00,416,0,"#AppleEvent2025"
"18386801226398990_4871257580","reel",2025-09-16 18:00:00,417,12,"#AppleEvent2025"
"52535676166000558_0782056395","image",2025-09-21 15:00:00,61,3,"#AppleEvent2025"
"63884511119329208_5327285437","carousel",2025-08-24 16:00:00,138,8,"#AppleEvent2025"
"41534601751625404_3260120925","carousel",2025-09-13 19:00:00,72,0,"#AppleEvent2025"
"06446023397917189_9393015619","carousel",2025-09-16 03:00:00,44,0,"#AppleEvent2025"
"97646975238361548_4253247794","image",2025-07-26 19:00:00,177,8,"#AppleEvent2025"
"59571043664498549_8929611534","carousel",2025-09-01 04:00:00,238,9,"#AppleEvent2025"
"50671976403543659_0238518583","reel",2025-07-30 18:00:00,845,18,"#AppleEvent2025"
"80430463547832660_1014311901","image",2025-09-02 22:00:00,129,4,"#AppleEvent2025"
"41439902130998622_7796986635","image",2025-08-13 22:00:00,88,2,"#AppleEvent2025"
"89229430353989019_9252139111","image",2025-09-28 23:00:00,454,12,"#AppleEvent2025"
"95846342870751257_7399062724","image",2025-09-19 14:00:00,371,11,"#AppleEvent2025"
"89863765174344935_7269467651","carousel",2025-07-26 13:00:00,79,3,"#AppleEvent2025"
"96708585987753641_4991127626","carousel",2025-08-20 08:00:00,215,3,"#AppleEvent2025"
"59529926366573862_3519949828","reel",2025-10-06 17:00:00,271,6,"#AppleEvent2025"
"42166823151696391_9438567310","reel",2025-09-12 13:00:00,90,1,"#AppleEvent2025"
"00257102930040257_8369798589","image",2025-07-19 08:00:00,1225,42,"#AppleEvent2025"
"74011814568366840_7248368113","carousel",2025-09-03,530,14,"#AppleEvent2025"
"86123867224858777_6179497810","reel",2025-09-27 03:00:00,538,13,"#AppleEvent2025"
"83229820667092097_6920882058","image",2025-09-10 07:00:00,89,4,"#AppleEvent2025"
"27841866238944035_3786806916","image",2025-07-27 07:00:00,102,0,"#AppleEvent2025"
"20342826981469920_3792810904","image",2025-09-09 03:00:00,92,3,"#AppleEvent2025"
"63715926762800962_7506294912","carousel",2025-10-01 05:00:00,857,26,"#AppleEvent2025"
"93431970269440860_8851095999","carousel",2025-08-08 13:00:00,48,0,"#AppleEvent2025"
"80780630827633938_8018674015","image",2025-09-12 10:00:00,173,5,"#AppleEvent2025"
"72745708678041951_2331437183","reel",2025-10-08 09:00:00,110,5,"#AppleEvent2025"
"93135218801095792_8154463506","carousel",2025-08-10 02:00:00,77,2,"#AppleEvent2025"
"33061799976757933_4807195842","carousel",2025-07-27 14:00:00,24,1,"#AppleEvent2025"
"37486390324141396_1098203691","carousel",2025-10-08 15:00:00,147,7,"#AppleEvent2025"
"21922811586650893_1486469942","image",2025-09-02 18:00:00,106,3,"#AppleEvent2025"
"25332129714721772_4562738338","image",2025-08-02 01:00:00,85,4,"#AppleEvent2025"
"65125230516573496_2882888108","carousel",2025-09-17 07:00:00,103,2,"#AppleEvent2025"
"88824070552305826_4533426903","image",2025-09-27 18:00:00,147,4,"#AppleEvent2025"
"18940110169702752_0549250744","image",2025-08-27 13:00:00,148,4,"#AppleEvent2025"
"89972775248637636_2123005650","image",2025-08-06 08:00:00,199,3,"#AppleEvent2025"
"80201539771354635_5901940317","reel",2025-07-23 11:00:00,44,1,"#AppleEvent2025"
"46959632914343716_2647120477","image",2025-07-29 12:00:00,298,8,"#AppleEvent2025"
"57060452734394766_4924357027","image",2025-08-21 04:00:00,156,3,"#AppleEvent2025"
"48477849601528953_0876755330","reel",2025-09-14 21:00:00,65,4,"#AppleEvent2025"
"81395359193038683_1077669470","carousel",2025-09-01 14:00:00,133,7,"#AppleEvent2025"
"31348850880142701_0110654014","image",2025-09-26 21:00:00,198,3,"#AppleEvent2025"
"47658822048104587_9063245885","image",2025-09-10 15:00:00,317,3,"#AppleEvent2025"
"83768722120166378_9661461356","image",2025-08-14 03:00:00,81,4,"#AppleEvent2025"
"32110857951270610_5667582875","reel",2025-09-03 12:00:00,334,7,"#AppleEvent2025"
"75891465135427571_2210816901","image",2025-09-28 10:00:00,98,4,"#AppleEvent2025"
"57643311555127499_8604569575","reel",2025-09-20 06:00:00,201,9,"#AppleEvent2025"
"99753848076293550_8266782541","image",2025-09-21 05:00:00,41,1,"#AppleEvent2025"
"29340863034333896_9015811548","image",2025-08-20,252,8,"#AppleEvent2025"
"40802931981401010_8007047379","carousel",2025-09-26 04:00:00,539,24,"#AppleEvent2025"
"14002781682323439_1094098529","image",2025-10-03 21:00:00,715,22,"#AppleEvent2025"
"60037016928934422_4281138063","carousel",2025-09-10 10:00:00,212,4,"#AppleEvent2025"
"49704984119454494_1468321338","image",2025-08-31 14:00:00,304,4,"#AppleEvent2025"
"27401677409382340_6338103202","image",2025-08-07 15:00:00,420,20,"#AppleEvent2025"
"93942733851504108_2402214246","image",2025-09-26 07:00:00,472,10,"#AppleEvent2025"
"85338802003289944_2401991031","image",2025-10-06 08:00:00,348,18,"#AppleEvent2025"
"54200529445236564_6644665708","image",2025-08-22 11:00:00,139,2,"#AppleEvent2025"
"44211829266578384_9919180954","image",2025-09-21 18:00:00,734,15,"#AppleEvent2025"
"47500443699276650_3739388583","image",2025-10-06 22:00:00,71,4,"#AppleEvent2025"
"95913978530714085_0310144244","image",2025-09-17 20:00:00,52,0,"#AppleEvent2025"
"72497550400386817_5108793633","carousel",2025-09-20 04:00:00,168,6,"#AppleEvent2025"
"20524589167042476_0988370950","image",2025-09-14,129,3,"#AppleEvent2025"
"60266956585166233_9423629923","carousel",2025-09-20 22:00:00,214,4,"#AppleEvent2025"
"31798396044865586_9754500692","image",2025-09-06 19:00:00,137,4,"#AppleEvent2025"
"98600533392862767_1329208376","image",2025-09-26 14:00:00,419,10,"#AppleEvent2025"
"92699045461776254_6518366334","image",2025-08-03 07:00:00,221,5,"#AppleEvent2025"
"21695519958764200_8078257897","carousel",2025-09-12 21:00:00,1052,43,"#AppleEvent2025"
"02144453355525872_8637316143","image",2025-07-20 15:00:00,50,0,"#AppleEvent2025"
"85971001464707569_2874486752","reel",2025-07-22 05:00:00,48,0,"#AppleEvent2025"
"50998511994374994_3495185221","carousel",2025-09-27 11:00:00,445,12,"#AppleEvent2025"
"24994023268384427_5501888846","image",2025-10-04 08:00:00,49,1,"#AppleEvent2025"
"60744369625245652_9091373755","image",2025-09-11 13:00:00,303,9,"#AppleEvent2025"
"97681659263853263_2043649942","image",2025-10-05,205,5,"#AppleEvent2025"
"44132654714891528_7888320027","image",2025-07-28 11:00:00,338,14,"#AppleEvent2025"
"97549751199156859_9670799331","image",2025-08-08 18:00:00,270,17,"#AppleEvent2025"
"73695879184823164_6634578239","carousel",2025-10-04 08:00:00,15,1,"#AppleEvent2025"
"88014231460121109_6508713928","reel",2025-09-22 19:00:00,297,2,"#AppleEvent2025"
"22641327769164327_1258438235","carousel",2025-09-27 18:00:00,129,2,"#AppleEvent2025"
"69359412747827851_4173184122","image",2025-08-06 16:00:00,112,1,"#AppleEvent2025"
"92391770089069736_2495920682","reel",2025-10-05 13:00:00,385,10,"#AppleEvent2025"
"74759732868662642_4948333449","reel",2025-09-27 14:00:00,79,4,"#AppleEvent2025"
"45060480407116954_8656286685","reel",2025-09-09 06:00:00,130,7,"#AppleEvent2025"
"94668012710196203_9354875902","reel",2025-09-27 15:00:00,1122,29,"#AppleEvent2025"
"79280914672691225_3637549292","image",2025-09-19 02:00:00,73,0,"#AppleEvent2025"
"34513663070130556_9379692614","carousel",2025-09-12 09:00:00,140,7,"#AppleEvent2025"
"73666916898552350_5513907422","carousel",2025-09-11 14:00:00,45,1,"#AppleEvent2025"
"98607978244376044_6461764746","image",2025-09-30 02:00:00,186,3,"#AppleEvent2025"
"23246737694534554_8836519036","reel",2025-10-05 18:00:00,591,25,"#AppleEvent2025"
"46549322530229762_0072431070","image",2025-09-20 08:00:00,55,3,"#AppleEvent2025"
"23391685386319744_8074722677","reel",2025-08-20 15:00:00,261,6,"#AppleEvent2025"
"46247113789238105_0691860559","carousel",2025-07-27 02:00:00,191,2,"#AppleEvent2025"
"37121002471437731_0408159419","carousel",2025-07-22 11:00:00,181,6,"#AppleEvent2025"
"84839056026484811_6673569900","carousel",2025-09-12 08:00:00,64,1,"#AppleEvent2025"
"48506293176383057_5037780197","carousel",2025-09-16 23:00:00,116,5,"#AppleEvent2025"
"85298921928637221_7913258045","carousel",2025-08-21 02:00:00,100,2,"#AppleEvent2025"
"14273761960417661_1226691179","carousel",2025-09-07 15:00:00,233,9,"#AppleEvent2025"
"51950235837077296_8952961340","image",2025-08-12 18:00:00,319,6,"#AppleEvent2025"
"82450363259950068_5678602597","carousel",2025-10-08 10:00:00,481,11,"#AppleEvent2025"
"89350427527210625_6901348649","carousel",2025-08-16 14:00:00,53,2,"#AppleEvent2025"
"10192036585954403_8566777247","carousel",2025-10-04 20:00:00,33,0,"#AppleEvent2025"
"82604152762509570_6740740613","carousel",2025-08-12 23:00:00,247,5,"#AppleEvent2025"
"02118379639966321_5372464000","reel",2025-08-06 19:00:00,272,8,"#AppleEvent2025"
"94868655044783960_0354497551","carousel",2025-09-17 06:00:00,81,4,"#AppleEvent2025"
"20691903545565701_0267855812","image",2025-09-20 23:00:00,759,26,"#AppleEvent2025"
"54276689508821617_3771441847","carousel",2025-09-13 12:00:00,60,1,"#AppleEvent2025"
"50968277804905091_4042853107","carousel",2025-09-01 07:00:00,115,4,"#AppleEvent2025"
"55717285394814403_2900579892","reel",2025-08-16 21:00:00,131,3,"#AppleEvent2025"
"39038844609142774_9891628401","reel",2025-10-04 23:00:00,136,4,"#AppleEvent2025"
"31765980623203831_4125047019","image",2025-08-11,632,10,"#AppleEvent2025"
"15798250574613012_9601491009","carousel",2025-09-02 06:00:00,361,10,"#AppleEvent2025"
"21609874202563526_8848954001","carousel",2025-10-01 10:00:00,232,7,"#AppleEvent2025"
"95661042488339260_6410069998","carousel",2025-08-26 15:00:00,312,8,"#AppleEvent2025"
"10926795936689604_9259510315","reel",2025-09-15 21:00:00,24,0,"#AppleEvent2025"
"91802310867592652_5713513495","reel",2025-08-02 10:00:00,212,6,"#AppleEvent2025"
"16209135199448063_5466401210","carousel",2025-09-17 06:00:00,54,1,"#AppleEvent2025"
"87185275205069743_9454672942","image",2025-07-15 22:00:00,313,7,"#AppleEvent2025"
"70209997532795338_7557748438","reel",2025-09-22 03:00:00,66,2,"#AppleEvent2025"
"75068419557273028_7871730516","carousel",2025-09-29 14:00:00,58,1,"#AppleEvent2025"
"71905572590797072_7712770561","carousel",2025-09-09 19:00:00,385,9,"#AppleEvent2025"
"94375919792969315_7706130644","reel",2025-10-09,303,10,"#AppleEvent2025"
"23718488412336391_1846041347","carousel",2025-07-30 14:00:00,762,27,"#AppleEvent2025"
"23025057226464762_4486201118","reel",2025-10-07 08:00:00,98,4,"#AppleEvent2025"
"16395938395116873_6335739297","image",2025-08-09 23:00:00,196,8,"#AppleEvent2025"
"47549286898470427_7195936281","carousel",2025-07-25 13:00:00,40,2,"#AppleEvent2025"
"34015790577232688_6685763186","carousel",2025-08-07 23:00:00,112,5,"#AppleEvent2025"
"04613165038207138_4561931826","carousel",2025-10-08 10:00:00,47,0,"#AppleEvent2025"
"93072873993124883_0655233715","reel",2025-09-22 23:00:00,254,9,"#AppleEvent2025"
"04067269346167434_1665722293","image",2025-07-15 16:00:00,96,2,"#AppleEvent2025"
"24595165021961307_5770422872","image",2025-07-30 19:00:00,313,6,"#AppleEvent2025"
"50719810205452671_5852573053","image",2025-09-09 17:00:00,292,9,"#AppleEvent2025"
"66575975135358972_8924000651","carousel",2025-10-02 13:00:00,267,9,"#AppleEvent2025"
"94281214947576031_8800060440","carousel",2025-08-09 06:00:00,193,6,"#AppleEvent2025"
"89004498641608038_6593515758","image",2025-09-17 06:00:00,79,0,"#AppleEvent2025"
"36621950161188362_6521195737","carousel",2025-07-24 17:00:00,836,18,"#AppleEvent2025"
"40637001772435559_9923023335","reel",2025-10-03 05:00:00,56,1,"#AppleEvent2025"
"39009354653632680_4602617704","image",2025-08-01 17:00:00,91,2,"#AppleEvent2025"
"80559354168256844_2365167862","carousel",2025-09-13 17:00:00,101,2,"#AppleEvent2025"
"45611327456116145_0472905504","image",2025-09-23 16:00:00,137,6,"#AppleEvent2025"
"54552266178220644_1754904000","image",2025-08-12 03:00:00,247,7,"#AppleEvent2025"
"19261567359963864_4013706104","carousel",2025-09-20 18:00:00,771,22,"#AppleEvent2025"
"08372684401102386_9702262309","image",2025-10-02 16:00:00,307,12,"#AppleEvent2025"
"52799137184075409_6311372957","image",2025-10-08 19:00:00,800,25,"#AppleEvent2025"
"93984538223920411_4514430078","image",2025-09-25,57,0,"#AppleEvent2025"
"63661380042381449_8756194557","carousel",2025-09-12 09:00:00,163,5,"#AppleEvent2025"
"62358812290891105_0002324978","reel",2025-07-21 02:00:00,663,32,"#AppleEvent2025"
"91869705560421523_0109238195","reel",2025-09-15 18:00:00,197,9,"#AppleEvent2025"
"61902540749003057_5070502466","image",2025-07-26 20:00:00,116,1,"#AppleEvent2025"
"53078240822396349_0163133582","reel",2025-10-07 22:00:00,154,8,"#AppleEvent2025"
"72304584510810623_3799171951","carousel",2025-08-15 12:00:00,105,6,"#AppleEvent2025"
"11164284288233293_7727972155","image",2025-08-09 12:00:00,100,2,"#AppleEvent2025"
"25021274770575573_5236710621","reel",2025-09-26 22:00:00,180,5,"#AppleEvent2025"
"49841615251966658_2474783578","image",2025-08-28 11:00:00,280,6,"#AppleEvent2025"
"65157228343856492_5444100731","image",2025-09-23 22:00:00,58,1,"#AppleEvent2025"
"75455074536265076_1494742270","image",2025-08-29 07:00:00,450,7,"#AppleEvent2025"
"71545939186379471_4475002635","reel",2025-09-10 12:00:00,184,4,"#AppleEvent2025"
"75626495128308333_7056831228","image",2025-09-26 11:00:00,190,7,"#AppleEvent2025"
"07450886729994300_9364226132","image",2025-10-03 04:00:00,163,7,"#AppleEvent2025"
"97315536173436988_4143978519","carousel",2025-07-19 15:00:00,0,5,"#AppleEvent2025"
"85465350581507685_6457772783","carousel",2025-09-18 01:00:00,214,5,"#AppleEvent2025"
"18240439680025570_4040003422","image",2025-10-06 16:00:00,0,4,"#AppleEvent2025"
"53178838743958583_5144216117","carousel",2025-09-15 20:00:00,388,10,"#AppleEvent2025"
"78757492713888174_4423187261","reel",2025-07-28 21:00:00,333,6,"#AppleEvent2025"
"17372078532745406_3783792807","reel",2025-09-19 06:00:00,463,14,"#AppleEvent2025"
"37135503618980587_8480495216","image",2025-09-19 20:00:00,227,8,"#AppleEvent2025"
"58383938656052670_5084694446","carousel",2025-09-06 16:00:00,14,0,"#AppleEvent2025"
"26999565686871302_3818514532","image",2025-08-17 18:00:00,643,20,"#AppleEvent2025"
"76282014904513058_8308988228","carousel",2025-10-08 20:00:00,146,2,"#AppleEvent2025"
"53987531132910005_9112141451","image",2025-08-28 05:00:00,295,5,"#AppleEvent2025"
"61434144098456580_5918381868","image",2025-08-26 06:00:00,173,3,"#AppleEvent2025"
"39487419559114625_2232552638","image",2025-09-30 07:00:00,106,4,"#AppleEvent2025"
"78404176529661140_4429159850","image",2025-08-07 22:00:00,226,3,"#AppleEvent2025"
"27813995328233532_4839745358","carousel",2025-07-19 11:00:00,204,3,"#AppleEvent2025"
"98123829082605877_0059257946","reel",2025-10-04 22:00:00,0,21,"#AppleEvent2025"
"85823866174353467_5407184443","carousel",2025-10-04 06:00:00,337,17,"#AppleEvent2025"
"61502951198076261_9628144126","image",2025-08-24 16:00:00,308,7,"#AppleEvent2025"
"92313569937662014_3372481059","carousel",2025-09-12 07:00:00,274,8,"#AppleEvent2025"
"91464346879671720_5275262081","carousel",2025-10-04 16:00:00,1347,27,"#AppleEvent2025"
"32838774412022130_8337066408","reel",2025-09-14 06:00:00,462,15,"#AppleEvent2025"
"30443577626866747_4697274262","carousel",2025-10-02 19:00:00,118,6,"#AppleEvent2025"
"14071984682127058_3296617519","reel",2025-09-25 19:00:00,169,9,"#AppleEvent2025"
"23310042575290054_9321480165","image",2025-09-13 05:00:00,284,10,"#AppleEvent2025"
"26429073606109760_6059342524","carousel",2025-09-02 13:00:00,215,6,"#AppleEvent2025"
"73275454453763248_9565001032","image",2025-09-30 17:00:00,132,3,"#AppleEvent2025"
"07857057893146337_5611899128","image",2025-08-02 03:00:00,24,1,"#AppleEvent2025"
"59520908484327261_1770896417","image",2025-09-08 12:00:00,288,9,"#AppleEvent2025"
"06794467911152483_7016963147","reel",2025-09-12 11:00:00,171,4,"#AppleEvent2025"
"53946701289675648_1371653837","carousel",2025-08-24 11:00:00,419,9,"#AppleEvent2025"
"02257191799050256_5405613148","image",2025-08-30 03:00:00,1994,59,"#AppleEvent2025"
"41705647422200154_2313974516","image",2025-09-10 08:00:00,294,11,"#AppleEvent2025"
"60407580219287136_2590150564","carousel",2025-09-15 21:00:00,230,8,"#AppleEvent2025"
"25754660465566644_8226838471","carousel",2025-08-28 12:00:00,144,8,"#AppleEvent2025"
"85711748853070884_7203917785","reel",2025-08-26 21:00:00,349,11,"#AppleEvent2025"
"23850859306793998_8442827746","image",2025-07-25 22:00:00,347,12,"#AppleEvent2025"
"67145847801383183_9307050979","image",2025-09-11 03:00:00,81,3,"#AppleEvent2025"
"89198102162550780_3299780616","reel",2025-09-22 04:00:00,19,0,"#AppleEvent2025"
"88636183048790447_0302288065","reel",2025-08-04 21:00:00,81,4,"#AppleEvent2025"
"36560880691909675_4254893880","reel",2025-07-24 16:00:00,76,2,"#AppleEvent2025"
"42921345157823855_2729727804","carousel",2025-10-06 03:00:00,101,0,"#AppleEvent2025"
"91029385028940337_8515766353","image",2025-08-02 06:00:00,58,6,"#AppleEvent2025"
"20505227396324784_1775559240","reel",2025-09-04 23:00:00,130,3,"#AppleEvent2025"
"15280526027902250_0487272140","image",2025-10-03 15:00:00,275,6,"#AppleEvent2025"
"16758968602951943_1973657399","image",2025-08-21 13:00:00,314,5,"#AppleEvent2025"
"85159056716652669_5261140140","carousel",2025-09-07 22:00:00,0,5,"#AppleEvent2025"
"42180730067716311_3762361439","carousel",2025-10-08 04:00:00,98,4,"#AppleEvent2025"
"80915727296160111_8794189145","image",2025-07-25 14:00:00,385,9,"#AppleEvent2025"
"47570886474160094_4123551192","carousel",2025-08-02 19:00:00,181,6,"#AppleEvent2025"
"81441014152123234_6234999130","carousel",2025-09-29 19:00:00,258,6,"#AppleEvent2025"
"11658672225082306_5262502717","reel",2025-09-26 04:00:00,126,1,"#AppleEvent2025"
"50547808443883271_9744070065","image",2025-09-17 07:00:00,145,5,"#AppleEvent2025"
"15213951074185744_2767403314","image",2025-10-02 18:00:00,284,6,"#AppleEvent2025"
"21265979068184646_9495912552","reel",2025-10-01 06:00:00,111,1,"#AppleEvent2025"
"15243711212647021_2399538000","carousel",2025-08-23 21:00:00,0,3,"#AppleEvent2025"
"92430590163636766_0820595293","image",2025-09-02 17:00:00,1132,37,"#AppleEvent2025"
"28713784339258298_8205116425","image",2025-09-10 07:00:00,181,6,"#AppleEvent2025"
"55006792283145758_3916162067","carousel",2025-09-28 07:00:00,109,7,"#AppleEvent2025"
"13550821738036030_9745083222","carousel",2025-09-02 01:00:00,236,9,"#AppleEvent2025"
"79792490626484681_0598829049","image",2025-07-24 21:00:00,325,15,"#AppleEvent2025"
"52639161367853532_6846977602","image",2025-07-17 02:00:00,410,14,"#AppleEvent2025"
"27213558339445160_6277880188","image",2025-08-29 06:00:00,775,18,"#AppleEvent2025"
"80796571705483787_7461673910","image",2025-08-03 09:00:00,433,13,"#AppleEvent2025"
"61633119212602423_8846347177","carousel",2025-07-18 12:00:00,32,1,"#AppleEvent2025"
"88969143802347802_8622807209","reel",2025-09-22 01:00:00,916,25,"#AppleEvent2025"
"72116999098141668_5471700094","reel",2025-10-08 09:00:00,185,7,"#AppleEvent2025"
"55754608633727022_1544699364","image",2025-09-01 13:00:00,267,9,"#AppleEvent2025"
"90212809450114659_3615758967","reel",2025-08-25 20:00:00,453,18,"#AppleEvent2025"
"47135402669407658_9189417411","image",2025-09-08 05:00:00,83,2,"#AppleEvent2025"
"50167058913102717_0177796010","image",2025-10-01 03:00:00,662,31,"#AppleEvent2025"
"40102472089132056_6613025352","carousel",2025-09-08 23:00:00,114,0,"#AppleEvent2025"
"60252309758095243_2098042360","carousel",2025-09-30 18:00:00,338,10,"#AppleEvent2025"
"29838115657919772_4276333782","reel",2025-09-09 20:00:00,275,11,"#AppleEvent2025"
"72704782503738261_9441446820","carousel",2025-10-04 18:00:00,221,7,"#AppleEvent2025"
"77203557886117511_7177665143","reel",2025-09-18 14:00:00,193,5,"#AppleEvent2025"
"36199332413431552_6022163108","image",2025-07-14 01:00:00,578,11,"#AppleEvent2025"
"01037773489181259_0583827407","carousel",2025-08-25 22:00:00,60,1,"#AppleEvent2025"
"21136586231884646_2089381988","reel",2025-09-13 06:00:00,373,13,"#AppleEvent2025"
"87572274787533630_6981006895","image",2025-08-21 16:00:00,90,2,"#AppleEvent2025"
"02416903985538527_1402506143","image",2025-09-29 20:00:00,742,22,"#AppleEvent2025"
"92658009144502457_0718346949","carousel",2025-08-29 20:00:00,49,0,"#AppleEvent2025"
"86021170619052466_8549042260","image",2025-08-26 09:00:00,97,5,"#AppleEvent2025"
"15268354662352075_3862029028","reel",2025-08-17 06:00:00,199,5,"#AppleEvent2025"
"63430772746394360_5056310742","carousel",2025-09-09 06:00:00,106,6,"#AppleEvent2025"
"47387620162427708_4070639144","reel",2025-08-18 21:00:00,453,12,"#AppleEvent2025"
"62571113496442735_3480944212","reel",2025-09-27 20:00:00,52,0,"#AppleEvent2025"
"50372343268749349_8720926460","image",2025-09-03 17:00:00,319,14,"#AppleEvent2025"
"57215465468968549_4171615324","reel",2025-09-11 01:00:00,67,2,"#AppleEvent2025"
"69567488388937025_6403085660","reel",2025-09-08 11:00:00,392,9,"#AppleEvent2025"
"94144570627895836_8485431019","carousel",2025-09-23 17:00:00,94,7,"#AppleEvent2025"
"42319729396410993_0944209565","carousel",2025-10-08 22:00:00,110,3,"#AppleEvent2025"
"26600005440380810_1566467805","image",2025-10-03 12:00:00,330,3,"#AppleEvent2025"
"49114821896763052_4060392078","carousel",2025-07-27,81,2,"#AppleEvent2025"
"99020859571886476_9429251752","reel",2025-10-04 07:00:00,83,5,"#AppleEvent2025"
"06574439084262149_1052564987","image",2025-08-12 22:00:00,786,13,"#AppleEvent2025"
"08758027748983160_8766331570","image",2025-09-28 12:00:00,427,10,"#AppleEvent2025"
"73433052957147309_5720447270","image",2025-08-10 04:00:00,220,5,"#AppleEvent2025"
"85984413431269660_2381482098","reel",2025-08-07 04:00:00,47,5,"#AppleEvent2025"
"81684576797094055_1375110446","reel",2025-09-30 17:00:00,101,3,"#AppleEvent2025"
"58277278451825794_9689722449","carousel",2025-09-28,173,7,"#AppleEvent2025"
"27524550846210180_8741869683","reel",2025-09-23 12:00:00,84,2,"#AppleEvent2025"
"83684937118385948_7916731206","image",2025-09-29 02:00:00,350,8,"#AppleEvent2025"
"79937120791461418_6077249358","image",2025-09-18 20:00:00,357,12,"#AppleEvent2025"
"57155803170972162_1496184784","image",2025-09-08 05:00:00,416,10,"#AppleEvent2025"
"43625371121757727_3083446421","carousel",2025-08-26 14:00:00,277,10,"#AppleEvent2025"
"98928808779764465_0316172383","reel",2025-09-25 01:00:00,343,10,"#AppleEvent2025"
"25495643789222733_2982384013","carousel",2025-08-08 12:00:00,162,7,"#AppleEvent2025"
"89928462163467727_8110062520","reel",2025-10-01 06:00:00,193,7,"#AppleEvent2025"
"88096767096707199_8885933542","image",2025-09-26 15:00:00,1091,39,"#AppleEvent2025"
"70936662401447379_8254135334","reel",2025-09-03 07:00:00,88,0,"#AppleEvent2025"
"73304824322312494_1408584535","image",2025-09-07 12:00:00,131,2,"#AppleEvent2025"
"26185698407291562_5574032926","image",2025-08-14 22:00:00,176,5,"#AppleEvent2025"
"58648680589888552_4072539508","reel",2025-10-03,114,1,"#AppleEvent2025"
"58457546862399114_8751869357","image",2025-10-01 14:00:00,67,2,"#AppleEvent2025"
"32537596468979874_9082246406","carousel",2025-09-01 03:00:00,127,4,"#AppleEvent2025"
"69358496293413060_8478106411","carousel",2025-09-16 05:00:00,288,15,"#AppleEvent2025"
"24398455318248364_6525218657","image",2025-09-26 15:00:00,239,11,"#AppleEvent2025"
"87462611698976674_2923543538","carousel",2025-09-12 10:00:00,187,7,"#AppleEvent2025"
"50991001231102576_4195713496","image",2025-09-27 13:00:00,276,5,"#AppleEvent2025"
"29189626323853282_8780756746","image",2025-09-02 20:00:00,39,2,"#AppleEvent2025"
"61691877644202442_5199195849","image",2025-09-07 04:00:00,420,16,"#AppleEvent2025"
"24939854261705794_8773432713","image",2025-10-06 13:00:00,82,3,"#AppleEvent2025"
"84082894052255862_9997685668","reel",2025-10-06 22:00:00,162,2,"#AppleEvent2025"
"17241621410958511_8736171075","carousel",2025-08-16 19:00:00,79,2,"#AppleEvent2025"
"18595800867770188_7539058080","reel",2025-09-12 19:00:00,432,13,"#AppleEvent2025"
"53926435386439023_0853477606","carousel",2025-09-24 09:00:00,0,41,"#AppleEvent2025"
"60932989492141790_9076405604","carousel",2025-09-27 05:00:00,139,3,"#AppleEvent2025"
"10857573271409044_2389442387","image",2025-10-08 22:00:00,423,14,"#AppleEvent2025"
"07117142950329918_0561691323","carousel",2025-09-10 16:00:00,336,9,"#AppleEvent2025"
"52833035417745039_2757591410","image",2025-09-13 07:00:00,58,2,"#AppleEvent2025"
"64298928459340002_1414567073","reel",2025-09-14 11:00:00,381,14,"#AppleEvent2025"
"55647026481608642_0488899952","reel",2025-10-01 09:00:00,0,1,"#AppleEvent2025"
"86434926320818117_0214163056","reel",2025-09-25 01:00:00,52,1,"#AppleEvent2025"
"44674713683888011_4205827774","image",2025-10-04 15:00:00,477,9,"#AppleEvent2025"
"02176171602435407_5197141691","carousel",2025-08-04 01:00:00,214,10,"#AppleEvent2025"
"02268082648164341_7481238726","image",2025-09-04 14:00:00,1275,30,"#AppleEvent2025"
"21760547463647730_5019524170","image",2025-09-12 02:00:00,43,2,"#AppleEvent2025"
"26419395840430574_3533219964","reel",2025-09-28 19:00:00,175,2,"#AppleEvent2025"
"61661376921816932_5251458520","reel",2025-09-16 02:00:00,579,12,"#AppleEvent2025"
"78483545763743409_6959011408","reel",2025-09-11 02:00:00,267,7,"#AppleEvent2025"
"50997287969849363_7176749584","image",2025-10-07 14:00:00,69,3,"#AppleEvent2025"
"63270683755159091_6950602385","carousel",2025-08-23 09:00:00,198,5,"#AppleEvent2025"
"94880997697656780_0175485149","image",2025-09-30 07:00:00,112,4,"#AppleEvent2025"
"27669863208147065_5722219566","carousel",2025-08-31 05:00:00,333,11,"#AppleEvent2025"
"61770307515740343_0634605340","image",2025-09-20 19:00:00,148,4,"#AppleEvent2025"
"02717347805844299_2224238646","reel",2025-10-08 16:00:00,1016,36,"#AppleEvent2025"
"09392184553553993_1988289660","image",2025-07-31 15:00:00,1039,33,"#AppleEvent2025"
"13651248545001025_0062537625","image",2025-09-09 09:00:00,360,15,"#AppleEvent2025"
"65258638509896716_0376012129","image",2025-09-29 10:00:00,0,1,"#AppleEvent2025"
"06917461644175711_1476556668","carousel",2025-09-14 15:00:00,32,1,"#AppleEvent2025"
"94391055494038680_9149216036","image",2025-09-24 10:00:00,515,18,"#AppleEvent2025"
"43341250715767563_2447250995","carousel",2025-09-23,122,4,"#AppleEvent2025"
"35840224852823474_1817801997","carousel",2025-09-28 02:00:00,153,2,"#AppleEvent2025"
"57886912956266423_7054593369","image",2025-07-26 03:00:00,141,2,"#AppleEvent2025"
"40434252493129860_6867886682","image",2025-08-08 03:00:00,112,5,"#AppleEvent2025"
"14871015124171480_9829731838","carousel",2025-10-04 21:00:00,219,0,"#AppleEvent2025"
"22962639864035983_4730041188","carousel",2025-07-30 19:00:00,325,12,"#AppleEvent2025"
"86416404254851050_9505894990","image",2025-07-17 09:00:00,161,4,"#AppleEvent2025"
"07274413640700827_3215495988","carousel",2025-09-26 13:00:00,230,12,"#AppleEvent2025"
"16792167680812646_5786962175","reel",2025-10-09 19:00:00,51,0,"#AppleEvent2025"
"13190214317927252_5450210201","image",2025-08-05 19:00:00,173,1,"#AppleEvent2025"
"57390958448672417_0691698428","carousel",2025-09-13 15:00:00,589,0,"#AppleEvent2025"
"46826659259915324_3068312046","image",2025-09-13 18:00:00,144,5,"#AppleEvent2025"
"36685132395494894_6426338133","carousel",2025-09-18 05:00:00,48,4,"#AppleEvent2025"
"81676175091725520_2380852639","image",2025-09-18 12:00:00,19,1,"#AppleEvent2025"
"90018637883803935_8488716208","reel",2025-09-15 07:00:00,344,12,"#AppleEvent2025"
"50868194011913972_4978232633","image",2025-09-29 08:00:00,531,16,"#AppleEvent2025"
"52385256110122998_4263791460","image",2025-08-11 06:00:00,411,14,"#AppleEvent2025"
"22799049797043961_2867167601","image",2025-07-27 08:00:00,69,3,"#AppleEvent2025"
"30830215510611653_4351901492","image",2025-09-13 19:00:00,20,0,"#AppleEvent2025"
"84413414523832840_2522693250","reel",2025-09-23 22:00:00,72,3,"#AppleEvent2025"
"73940987552596746_1562536131","carousel",2025-09-06 16:00:00,205,9,"#AppleEvent2025"
"00716563574781578_2363391587","reel",2025-10-02 08:00:00,178,9,"#AppleEvent2025"
"44230838058817382_2862162206","carousel",2025-09-11 07:00:00,47,2,"#AppleEvent2025"
"96532405077706047_1065737717","image",2025-08-18 05:00:00,132,3,"#AppleEvent2025"
"94719104871436802_0902387073","image",2025-09-26 16:00:00,102,3,"#AppleEvent2025"
"38670745211419716_5786399518","carousel",2025-09-05 13:00:00,319,0,"#AppleEvent2025"
"30250417734483508_1423153250","image",2025-09-28 01:00:00,72,1,"#AppleEvent2025"
"39977764876513245_4473130146","reel",2025-09-04 10:00:00,87,5,"#AppleEvent2025"
"40459652751660924_1169591885","image",2025-09-29 02:00:00,0,6,"#AppleEvent2025"
"11040894048145739_3375476040","image",2025-09-17 20:00:00,258,6,"#AppleEvent2025"
"16907027276848306_4886761798","image",2025-07-27 20:00:00,562,12,"#AppleEvent2025"
"86623156999123944_2745114356","carousel",2025-10-01 07:00:00,64,2,"#AppleEvent2025"
"77302331756045162_6387909391","carousel",2025-07-19 02:00:00,122,2,"#AppleEvent2025"
"68512325872358367_6405328705","image",2025-07-21 19:00:00,165,6,"#AppleEvent2025"
"28993945219571124_1834841975","image",2025-09-09 17:00:00,687,12,"#AppleEvent2025"
"64767634705620575_5144341523","carousel",2025-09-15 02:00:00,57,1,"#AppleEvent2025"
"26635706589702555_6177192180","reel",2025-09-07 06:00:00,507,13,"#AppleEvent2025"
"09097982934356239_2121629563","image",2025-07-21,346,11,"#AppleEvent2025"
"84863179213728126_4270796617","carousel",2025-08-27 17:00:00,388,14,"#AppleEvent2025"
"78557696004477330_9330361410","reel",2025-09-20 23:00:00,127,4,"#AppleEvent2025"
"08581172902218853_0109394974","carousel",2025-07-27 20:00:00,136,7,"#AppleEvent2025"
"03764874921091655_7654844627","image",2025-09-27 19:00:00,114,2,"#AppleEvent2025"
"14812144989870007_4355990573","carousel",2025-09-02 16:00:00,647,20,"#AppleEvent2025"
"78715413357172773_8792309521","image",2025-08-29 07:00:00,294,9,"#AppleEvent2025"
"24983856236543200_5233981851","image",2025-08-02 13:00:00,0,6,"#AppleEvent2025"
"67221051673132853_8272637321","carousel",2025-08-26 08:00:00,71,3,"#AppleEvent2025"
"72214683444968014_5501980646","image",2025-08-20 08:00:00,116,0,"#AppleEvent2025"
"19311622262633999_6902826120","carousel",2025-09-27 02:00:00,31,1,"#AppleEvent2025"
"47222259778507390_9362474734","image",2025-08-19,235,5,"#AppleEvent2025"
"55436136293485831_3759704589","image",2025-09-17 01:00:00,606,12,"#AppleEvent2025"
"49689500352736931_1787793118","reel",2025-10-04,321,8,"#AppleEvent2025"
"65928844544301278_7384104522","carousel",2025-09-04 11:00:00,32,1,"#AppleEvent2025"
"56608007199068815_3903741687","image",2025-09-05 05:00:00,144,5,"#AppleEvent2025"
"38246391074414401_7490519868","image",2025-10-06 07:00:00,402,11,"#AppleEvent2025"
"09010119369081070_0533189720","carousel",2025-08-27 01:00:00,156,6,"#AppleEvent2025"
"12781136260634279_3186679310","image",2025-09-29 18:00:00,283,10,"#AppleEvent2025"
"16553739712032267_9962304563","image",2025-07-25 02:00:00,23,0,"#AppleEvent2025"
"12428352891356368_5118985501","reel",2025-09-29 04:00:00,73,4,"#AppleEvent2025"
"79193781943016145_5441471630","carousel",2025-08-09 03:00:00,336,14,"#AppleEvent2025"
"52577404743620521_9835235249","image",2025-09-29,296,4,"#AppleEvent2025"
"71812843841093985_9265676397","image",2025-08-25 11:00:00,100,5,"#AppleEvent2025"
"97919266738777027_8435443123","reel",2025-07-21 19:00:00,97,2,"#AppleEvent2025"
"45809637770371234_4934738100","carousel",2025-08-05 14:00:00,88,1,"#AppleEvent2025"
"17906039198228959_8139747024","image",2025-10-04 07:00:00,26,0,"#AppleEvent2025"
"43296863273053951_7468832151","image",2025-09-10 22:00:00,513,9,"#AppleEvent2025"
"02114420796570286_8351393280","image",2025-09-01 19:00:00,191,7,"#AppleEvent2025"
"36390054766401098_0071065569","carousel",2025-08-28 17:00:00,316,13,"#AppleEvent2025"
"20768724324502669_2676799396","reel",2025-09-03 16:00:00,99,4,"#AppleEvent2025"
"94242574482755476_8232908121","carousel",2025-07-29 08:00:00,131,5,"#AppleEvent2025"
"96684991773854198_1843281736","image",2025-10-06 10:00:00,34,5,"#AppleEvent2025"
"76068936697479186_2170583261","image",2025-09-17 12:00:00,517,20,"#AppleEvent2025"
"39382294790793879_9200099722","carousel",2025-08-20 21:00:00,642,17,"#AppleEvent2025"
"16348293846954202_4747406253","image",2025-09-26 08:00:00,153,2,"#AppleEvent2025"
"83051840913248741_6499181390","reel",2025-09-08 17:00:00,146,3,"#AppleEvent2025"
"43315976495260714_9073563480","image",2025-10-08 02:00:00,197,7,"#AppleEvent2025"
"23935745977950381_7599746666","carousel",2025-10-04 19:00:00,266,8,"#AppleEvent2025"
"80457109823852179_3053914924","image",2025-08-12 11:00:00,654,27,"#AppleEvent2025"
"39716217028468470_1171147815","carousel",2025-09-18 21:00:00,155,5,"#AppleEvent2025"
"99563341735476245_3382154922","carousel",2025-08-26,212,7,"#AppleEvent2025"
"81869747681314221_8576910022","reel",2025-09-22,437,0,"#AppleEvent2025"
"81560923752732839_1128946225","image",2025-09-26 12:00:00,116,7,"#AppleEvent2025"
"93780972656420139_5350035510","reel",2025-09-07 23:00:00,338,12,"#AppleEvent2025"
"77466125243588215_5184645136","image",2025-09-04 19:00:00,0,3,"#AppleEvent2025"
"15507853600889672_8005210764","carousel",2025-09-04 04:00:00,315,10,"#AppleEvent2025"
"44734378152138038_5052179109","image",2025-10-08 10:00:00,1376,45,"#AppleEvent2025"
"83369810116762453_2019159993","carousel",2025-09-04 01:00:00,143,2,"#AppleEvent2025"
"07260346075609170_0812982019","image",2025-09-12 14:00:00,247,12,"#AppleEvent2025"
"56581700797424677_1580238556","carousel",2025-09-06 19:00:00,1862,58,"#AppleEvent2025"
"31305371498063814_8833181744","image",2025-07-23 22:00:00,70,1,"#AppleEvent2025"
"94870719171506738_9635999705","image",2025-07-15 07:00:00,145,2,"#AppleEvent2025"
"37204660736552822_5011613660","image",2025-09-22 16:00:00,62,1,"#AppleEvent2025"
"96589287669759648_7610191161","reel",2025-09-11 02:00:00,249,8,"#AppleEvent2025"
"87287782460962085_0310651843","reel",2025-08-22 20:00:00,127,5,"#AppleEvent2025"
"48755893858369432_4200695937","image",2025-09-05 11:00:00,205,9,"#AppleEvent2025"
"33898095868016066_4476881097","carousel",2025-08-24 15:00:00,911,16,"#AppleEvent2025"
"75211334493728819_6131208375","reel",2025-09-12 11:00:00,127,3,"#AppleEvent2025"
"74063773814828216_3301721463","carousel",2025-10-01 08:00:00,21,0,"#AppleEvent2025"
"84284761431594341_1755492324","reel",2025-09-22 02:00:00,173,6,"#AppleEvent2025"
"63776365459753116_7403332290","reel",2025-09-02 13:00:00,655,12,"#AppleEvent2025"
"27464759294406339_4951006809","image",2025-09-22 14:00:00,20,0,"#AppleEvent2025"
"07001438564597242_5897385386","image",2025-09-27 23:00:00,131,5,"#AppleEvent2025"
"13059695110363906_5195592090","image",2025-09-05 23:00:00,182,0,"#AppleEvent2025"
"01787388379346177_4005308885","reel",2025-09-16 10:00:00,85,3,"#AppleEvent2025"
"09189595298677718_1143721767","carousel",2025-08-28 23:00:00,180,8,"#AppleEvent2025"
"32083269550338215_4893807402","carousel",2025-09-08 13:00:00,370,10,"#AppleEvent2025"
"63176363778148028_0869501606","reel",2025-09-04 10:00:00,131,4,"#AppleEvent2025"
"38305999049832430_6943453419","image",2025-09-22 13:00:00,472,18,"#AppleEvent2025"
"84921365233640226_3438969263","image",2025-08-12 14:00:00,54,1,"#AppleEvent2025"
"46077967444221575_0417080010","image",2025-07-31 22:00:00,534,16,"#AppleEvent2025"
"04695001182297506_8880986900","image",2025-09-14 18:00:00,337,4,"#AppleEvent2025"
"28087561801626660_0534780797","reel",2025-09-17 19:00:00,139,0,"#AppleEvent2025"
"28298884297465535_8983274971","carousel",2025-09-23 17:00:00,200,11,"#AppleEvent2025"
"94536932498190436_8632663174","carousel",2025-08-16 06:00:00,719,21,"#AppleEvent2025"
"44289805768567054_0006413731","carousel",2025-10-03 15:00:00,74,2,"#AppleEvent2025"
"38847990730118377_1612317163","image",2025-09-09 20:00:00,468,7,"#AppleEvent2025"
"59264228366098162_7147466266","image",2025-09-05 23:00:00,110,3,"#AppleEvent2025"
"38343915831784855_4607273352","reel",2025-09-12 07:00:00,42,3,"#AppleEvent2025"
"47560727478354928_8486814955","reel",2025-08-30 06:00:00,781,26,"#AppleEvent2025"
"23208867423381875_7523897022","carousel",2025-09-20 06:00:00,327,8,"#AppleEvent2025"
"32440426617834684_8688274005","reel",2025-10-03 12:00:00,113,2,"#AppleEvent2025"
"10866935048314227_6176712578","image",2025-10-03 19:00:00,85,3,"#AppleEvent2025"
"05969175020120647_1415431271","reel",2025-08-18 19:00:00,211,8,"#AppleEvent2025"
"15574901973129027_0399742202","carousel",2025-09-22 01:00:00,384,13,"#AppleEvent2025"
"97607394334946336_9966990597","image",2025-07-18 06:00:00,54,2,"#AppleEvent2025"
"80822209166954712_5885797944","carousel",2025-09-26,472,13,"#AppleEvent2025"
"20231305619397811_4835628955","reel",2025-08-25 20:00:00,256,8,"#AppleEvent2025"
"02331620821635572_7013625297","carousel",2025-10-02 04:00:00,144,4,"#AppleEvent2025"
"78548866944770189_2665864192","reel",2025-09-09 06:00:00,104,5,"#AppleEvent2025"
"11798174908997682_5965918383","image",2025-10-03 05:00:00,170,6,"#AppleEvent2025"
"97444023972846403_3338004963","reel",2025-09-28 10:00:00,114,2,"#AppleEvent2025"
"90102759907065602_6345961229","reel",2025-08-09 02:00:00,51,2,"#AppleEvent2025"
"03807355649844832_9464813863","carousel",2025-09-05 23:00:00,72,2,"#AppleEvent2025"
"11197721631568601_7427733958","carousel",2025-10-02 02:00:00,0,1,"#AppleEvent2025"
"46543928823136634_9182953176","carousel",2025-08-05 13:00:00,217,7,"#AppleEvent2025"
"44283780361266606_8235432361","carousel",2025-08-06,172,7,"#AppleEvent2025"
"97989366802188515_9665463987","carousel",2025-09-01,197,6,"#AppleEvent2025"
"69284558644200813_6373888040","image",2025-09-28 18:00:00,46,2,"#AppleEvent2025"
"02499818100620279_7423225397","reel",2025-09-15 17:00:00,192,4,"#AppleEvent2025"
"81305518464963331_8043436686","reel",2025-10-09 23:00:00,162,5,"#AppleEvent2025"
"25892754634282025_7280235569","image",2025-09-01 22:00:00,1708,37,"#AppleEvent2025"
"43004739016464265_2277541737","carousel",2025-09-15 22:00:00,245,7,"#AppleEvent2025"
"09748878948596843_5420324133","image",2025-09-20 17:00:00,49,2,"#AppleEvent2025"
"88694503612083713_8292635423","carousel",2025-09-23 18:00:00,753,28,"#AppleEvent2025"
"33998530701204603_5640414193","reel",2025-09-07 12:00:00,121,4,"#AppleEvent2025"
"14312577786868354_5456234342","image",2025-10-08 05:00:00,102,4,"#AppleEvent2025"
"55675339280452181_9837468990","carousel",2025-08-04 08:00:00,175,6,"#AppleEvent2025"
"14524710360288936_0403551218","carousel",2025-09-27 16:00:00,54,2,"#AppleEvent2025"
"31982678069403045_2647662501","reel",2025-10-08 13:00:00,172,6,"#AppleEvent2025"
"97255292247654024_6789097663","image",2025-09-09 11:00:00,38,2,"#AppleEvent2025"
"68131376846422012_5278247565","carousel",2025-09-30 01:00:00,632,24,"#AppleEvent2025"
"64419953632741892_9141094350","reel",2025-10-04 13:00:00,159,9,"#AppleEvent2025"
"43010140971901893_2924788986","carousel",2025-09-28 06:00:00,548,0,"#AppleEvent2025"
"17884874438495568_5531207379","image",2025-09-08 14:00:00,515,15,"#AppleEvent2025"
"47340486863413859_4651477061","reel",2025-10-03 05:00:00,209,6,"#AppleEvent2025"
"94301670541082109_2663656131","carousel",2025-09-21 19:00:00,86,3,"#AppleEvent2025"
"59412262801651834_2848319926","reel",2025-09-22 18:00:00,47,1,"#AppleEvent2025"
"12702041955646293_0058695399","image",2025-08-09 03:00:00,144,5,"#AppleEvent2025"
"45049115978672824_7438325976","reel",2025-07-28 01:00:00,629,23,"#AppleEvent2025"
"10658619703701351_1860330186","image",2025-10-02 23:00:00,652,18,"#AppleEvent2025"
"11614872040273820_5073155105","carousel",2025-09-01 10:00:00,325,9,"#AppleEvent2025"
"12639025425957914_3068280071","image",2025-09-26 16:00:00,69,2,"#AppleEvent2025"
"29092347861980109_3998226032","image",2025-07-21 10:00:00,202,6,"#AppleEvent2025"
"24346805318934570_4398873302","reel",2025-08-25 09:00:00,151,1,"#AppleEvent2025"
"73266599868778482_1527104333","image",2025-09-10 08:00:00,48,0,"#AppleEvent2025"
"22283084080222021_8517277348","image",2025-10-06 03:00:00,217,6,"#AppleEvent2025"
"94438843608111543_3478931440","reel",2025-09-01 16:00:00,92,2,"#AppleEvent2025"
"01123691055883677_7129473263","image",2025-09-27 19:00:00,75,4,"#AppleEvent2025"
"75126995235906189_9389299087","carousel",2025-08-29 07:00:00,72,3,"#AppleEvent2025"
"01564506488128116_9207488291","image",2025-09-24 15:00:00,279,10,"#AppleEvent2025"
"19255057972452826_3261603365","image",2025-09-19 11:00:00,63,2,"#AppleEvent2025"
"20235424561381690_9127973037","carousel",2025-10-03 07:00:00,682,22,"#AppleEvent2025"
"92135218441685553_3487718811","image",2025-09-03 09:00:00,821,17,"#AppleEvent2025"
"72291495308407495_0147582340","image",2025-10-02 18:00:00,109,5,"#AppleEvent2025"
"35658221410455558_9308871753","image",2025-08-27 13:00:00,50,3,"#AppleEvent2025"
"20103656157127732_4913051122","image",2025-09-11 18:00:00,98,4,"#AppleEvent2025"
"23107339222818817_7426625130","image",2025-09-12 10:00:00,72,3,"#AppleEvent2025"
"26286679546499443_0462068535","reel",2025-09-14 09:00:00,315,8,"#AppleEvent2025"
"59018068231397650_9931244460","image",2025-09-18 01:00:00,132,0,"#AppleEvent2025"
"33213520736720881_6753854813","reel",2025-08-25 08:00:00,279,8,"#AppleEvent2025"
"27568674044162325_8635308430","image",2025-09-02 08:00:00,448,13,"#AppleEvent2025"
"16122561239218039_7499417119","image",2025-10-07 22:00:00,150,3,"#AppleEvent2025"
"78233962943608447_6726000452","carousel",2025-10-07 18:00:00,666,0,"#AppleEvent2025"
"82029139255368159_9785628808","image",2025-09-10 13:00:00,127,2,"#AppleEvent2025"
"09634445314805436_5188654605","carousel",2025-08-05 04:00:00,271,9,"#AppleEvent2025"
"34334451946530993_0455634642","carousel",2025-09-20 14:00:00,171,9,"#AppleEvent2025"
"70702443890390299_1127845587","image",2025-09-19 05:00:00,169,5,"#AppleEvent2025"
"37275928995525070_7148518280","image",2025-09-28 04:00:00,464,15,"#AppleEvent2025"
"35463529588149722_6756987994","carousel",2025-09-23 09:00:00,407,11,"#AppleEvent2025"
"79817358171749266_2697206243","image",2025-07-23 10:00:00,140,4,"#AppleEvent2025"
"86753881135460757_4789645045","image",2025-09-12 15:00:00,106,2,"#AppleEvent2025"
"60739033567167900_6456457929","image",2025-08-27 21:00:00,683,21,"#AppleEvent2025"
"02897570241833303_2798358510","image",2025-09-10 23:00:00,243,11,"#AppleEvent2025"
"93065330394506582_1661683788","carousel",2025-10-06 21:00:00,626,24,"#AppleEvent2025"
"74814529292680127_9972870186","carousel",2025-09-20 14:00:00,169,5,"#AppleEvent2025"
"01322301264879095_3073238379","image",2025-09-23 21:00:00,427,18,"#AppleEvent2025"
"63551653515422898_6180033142","carousel",2025-08-22 09:00:00,260,10,"#AppleEvent2025"
"03315999115824274_8032880338","carousel",2025-10-04 12:00:00,784,28,"#AppleEvent2025"
"32870460376798467_5395930362","carousel",2025-07-21 21:00:00,291,12,"#AppleEvent2025"
"85809353767773756_6288782061","reel",2025-08-27 17:00:00,72,1,"#AppleEvent2025"
"15008413897486083_1168747695","reel",2025-07-28 19:00:00,133,6,"#AppleEvent2025"
"96056004914490832_5407546449","image",2025-09-04 13:00:00,383,7,"#AppleEvent2025"
"97465850048518788_5108586831","carousel",2025-09-12 01:00:00,689,19,"#AppleEvent2025"
"43420052879809844_3497411081","image",2025-10-07 03:00:00,178,8,"#AppleEvent2025"
"22089794450392863_4558414299","carousel",2025-09-16 14:00:00,413,11,"#AppleEvent2025"
"06695447686683229_7282935048","reel",2025-10-04 05:00:00,148,3,"#AppleEvent2025"
"40567157726841853_3686091700","carousel",2025-08-04 05:00:00,468,20,"#AppleEvent2025"
"88729880928327534_8136600703","carousel",2025-09-18 04:00:00,253,5,"#AppleEvent2025"
"47213750346407157_1657804180","reel",2025-08-26 23:00:00,401,12,"#AppleEvent2025"
"86332596457474568_8247440470","reel",2025-09-26 19:00:00,279,2,"#AppleEvent2025"
"39300891740901335_2026336381","reel",2025-10-08 11:00:00,548,25,"#AppleEvent2025"
"56705159174977806_9353526461","carousel",2025-08-27 23:00:00,161,3,"#AppleEvent2025"
"00867354542722520_5044805152","carousel",2025-08-29 01:00:00,184,5,"#AppleEvent2025"
"69487101298508063_8192277720","image",2025-08-03 17:00:00,239,1,"#AppleEvent2025"
"86713663805204678_1127858556","image",2025-10-09 06:00:00,216,4,"#AppleEvent2025"
"58680225674476205_9121394170","carousel",2025-08-14 10:00:00,99,3,"#AppleEvent2025"
"99474157576991217_6564137509","image",2025-09-17 17:00:00,130,2,"#AppleEvent2025"
"63142073559211307_8309808894","image",2025-10-05 16:00:00,182,0,"#AppleEvent2025"
"72566629737739120_1291034276","carousel",2025-09-02 03:00:00,302,11,"#AppleEvent2025"
"75057657644614170_5599928488","image",2025-08-17 15:00:00,68,3,"#AppleEvent2025"
"37368561218186734_4231714801","image",2025-08-06 08:00:00,303,5,"#AppleEvent2025"
"35585355489329783_0463599020","reel",2025-08-29 19:00:00,172,4,"#AppleEvent2025"
"44024367376185996_5483686041","reel",2025-09-20 03:00:00,82,2,"#AppleEvent2025"
"52604983719745806_1412752503","image",2025-09-02 17:00:00,49,3,"#AppleEvent2025"
"57518709797659263_9602961270","reel",2025-09-04 16:00:00,171,4,"#AppleEvent2025"
"51540666864307816_8334550556","carousel",2025-09-11 11:00:00,480,13,"#AppleEvent2025"
"67970820164153240_6061061932","reel",2025-09-07 09:00:00,262,10,"#AppleEvent2025"
"04319388880924217_9726857851","reel",2025-09-07 03:00:00,545,19,"#AppleEvent2025"
"90832889262338173_4752145459","reel",2025-09-23 16:00:00,278,7,"#AppleEvent2025"
"86202776604085238_6571898410","reel",2025-10-06 19:00:00,228,6,"#AppleEvent2025"
"23759866885570611_1442933677","carousel",2025-09-27 04:00:00,183,6,"#AppleEvent2025"
"45521043421754643_8231340245","image",2025-09-12 16:00:00,87,3,"#AppleEvent2025"
"04111744459587848_7998996625","carousel",2025-08-27 07:00:00,82,2,"#AppleEvent2025"
"50683394626259501_2958736408","carousel",2025-08-05 06:00:00,910,19,"#AppleEvent2025"
"39265167135611581_5360777668","image",2025-09-03 10:00:00,190,7,"#AppleEvent2025"
"77863550876314284_6253310039","carousel",2025-07-29 21:00:00,210,6,"#AppleEvent2025"
"29373470647465491_6095693882","image",2025-08-26 10:00:00,80,2,"#AppleEvent2025"
"92557655290581539_5804070109","image",2025-08-04 13:00:00,51,0,"#AppleEvent2025"
"95069426391141712_0372824140","image",2025-09-27 17:00:00,589,20,"#AppleEvent2025"
"84899430836952124_3937017630","image",2025-09-16 15:00:00,93,5,"#AppleEvent2025"
"10827284988851306_9530548802","reel",2025-08-31 03:00:00,81,2,"#AppleEvent2025"
"19404679051538590_3718238630","image",2025-09-26 10:00:00,193,4,"#AppleEvent2025"
"89194421953051864_2401920234","image",2025-09-03 01:00:00,0,11,"#AppleEvent2025"
"50660624218258741_7252891121","carousel",2025-08-22 01:00:00,188,6,"#AppleEvent2025"
"15979371722255745_9969835030","carousel",2025-08-22 17:00:00,175,4,"#AppleEvent2025"
"85016327602597068_7309009992","carousel",2025-08-25 03:00:00,461,9,"#AppleEvent2025"
"29274698386126241_8373582950","carousel",2025-07-18 15:00:00,877,20,"#AppleEvent2025"
"95876552101211219_4261863559","image",2025-09-01 22:00:00,141,5,"#AppleEvent2025"
"96183359289466762_5540129844","image",2025-09-03 23:00:00,202,0,"#AppleEvent2025"
"82516402733226719_0861420308","carousel",2025-10-09 18:00:00,222,9,"#AppleEvent2025"
"69388612378318023_6388481980","reel",2025-08-09 01:00:00,90,2,"#AppleEvent2025"
"12163436323118406_8860520350","image",2025-07-28 08:00:00,1166,33,"#AppleEvent2025"
"88075943542595356_3143221860","carousel",2025-09-11 03:00:00,236,5,"#AppleEvent2025"
"13339210792874098_7461466498","image",2025-09-13 02:00:00,243,7,"#AppleEvent2025"
"59390234381526266_1289896143","reel",2025-08-30,69,1,"#AppleEvent2025"
"87970905681945312_7796258238","reel",2025-10-09 14:00:00,303,8,"#AppleEvent2025"
"24702892121069011_6415133371","carousel",2025-09-10 23:00:00,590,26,"#AppleEvent2025"
"39303095143538603_3750674842","reel",2025-07-20 23:00:00,254,7,"#AppleEvent2025"
"11715766395319568_0969349947","reel",2025-07-16 03:00:00,238,11,"#AppleEvent2025"
"21943232037044389_8383815030","carousel",2025-07-17 21:00:00,224,4,"#AppleEvent2025"
"73112115747986107_1639863491","image",2025-10-07,412,16,"#AppleEvent2025"
"41075394293905252_7392797939","image",2025-09-24 06:00:00,605,14,"#AppleEvent2025"
"80985594141050305_6939422014","carousel",2025-08-28 21:00:00,91,2,"#AppleEvent2025"
"07615278025366521_0455427722","carousel",2025-08-26 11:00:00,33,0,"#AppleEvent2025"
"05979762269221504_8457240633","carousel",2025-09-27 01:00:00,214,2,"#AppleEvent2025"
"75222384290921579_5028556185","image",2025-08-31 14:00:00,94,4,"#AppleEvent2025"
"67795785594995391_6578444882","reel",2025-09-23 21:00:00,194,6,"#AppleEvent2025"
"70702590285432596_1084324465","carousel",2025-08-23 11:00:00,140,3,"#AppleEvent2025"
"10968338245199964_7517803142","reel",2025-10-07 15:00:00,41,2,"#AppleEvent2025"
"55031089477943302_4600715138","image",2025-08-30 21:00:00,244,4,"#AppleEvent2025"
"16706336122547846_7617497403","carousel",2025-09-16 03:00:00,420,13,"#AppleEvent2025"
"47868882870388102_9016894359","reel",2025-09-11 18:00:00,45,3,"#AppleEvent2025"
"01759769942135802_2026875001","carousel",2025-08-09 05:00:00,579,18,"#AppleEvent2025"
"70283768032641578_6408998400","image",2025-09-21 07:00:00,261,6,"#AppleEvent2025"
"59268741057716198_0541357114","carousel",2025-10-03 12:00:00,814,40,"#AppleEvent2025"
"61080013750941786_5217520063","image",2025-09-11 21:00:00,43,2,"#AppleEvent2025"
"95862264103941472_4384482173","image",2025-09-15 22:00:00,349,8,"#AppleEvent2025"
"80398992456934293_5088749653","reel",2025-09-30 08:00:00,112,3,"#AppleEvent2025"
"44450008150203252_5108799271","reel",2025-08-29 20:00:00,447,11,"#AppleEvent2025"
"41736000071240380_1103914509","reel",2025-09-05 06:00:00,21,2,"#AppleEvent2025"
"74856878724141856_1112728037","image",2025-09-08 16:00:00,1215,37,"#AppleEvent2025"
"90777214633678037_7240459841","reel",2025-07-15 23:00:00,132,4,"#AppleEvent2025"
"08851565848667421_2980404129","reel",2025-09-16 01:00:00,31,1,"#AppleEvent2025"
"25906100552219658_7878651130","reel",2025-10-03 06:00:00,272,8,"#AppleEvent2025"
"09925306259244665_6005125285","reel",2025-08-09 13:00:00,249,12,"#AppleEvent2025"
"57175327953915976_3013290342","image",2025-09-13 02:00:00,55,1,"#AppleEvent2025"
"48549129929702772_0406901483","carousel",2025-09-22 20:00:00,109,2,"#AppleEvent2025"
"98235598649741364_6892667104","carousel",2025-07-24 05:00:00,53,2,"#AppleEvent2025"
"49253899424155629_0009540028","carousel",2025-09-17 06:00:00,131,4,"#AppleEvent2025"
"87763309777064060_8927357084","reel",2025-09-01 12:00:00,114,3,"#AppleEvent2025"
"84353262170361881_9334041659","carousel",2025-10-04 12:00:00,363,10,"#AppleEvent2025"
"62429583042323964_2010010503","carousel",2025-10-01 17:00:00,103,2,"#AppleEvent2025"
"50996775544776126_9447100540","carousel",2025-08-19,176,10,"#AppleEvent2025"
"77073118157171559_3559085300","carousel",2025-07-18 13:00:00,149,4,"#AppleEvent2025"
"76544971004594495_6994281686","image",2025-09-28 18:00:00,721,28,"#AppleEvent2025"
"00580256584651839_2205863882","reel",2025-10-05,109,5,"#AppleEvent2025"
"10671674159332189_6144524330","carousel",2025-09-27 02:00:00,96,4,"#AppleEvent2025"
"45580296518039615_9103463371","image",2025-07-31 01:00:00,126,3,"#AppleEvent2025"
"98536750510775603_6428418053","image",2025-09-13 05:00:00,318,8,"#AppleEvent2025"
"16126994084488229_2884451122","carousel",2025-07-15 05:00:00,136,4,"#AppleEvent2025"
"28520439476902885_3339585662","reel",2025-07-28 09:00:00,49,2,"#AppleEvent2025"
"03844831341329020_2375192493","carousel",2025-09-18 17:00:00,396,16,"#AppleEvent2025"
"41703585869324134_2877037071","carousel",2025-08-10 16:00:00,796,27,"#AppleEvent2025"
"63750350271727133_2779637166","carousel",2025-08-21 08:00:00,217,9,"#AppleEvent2025"
"13519788312537718_4679445882","image",2025-09-29 15:00:00,177,7,"#AppleEvent2025"
"09720069900866189_8135504908","image",2025-10-02 05:00:00,309,9,"#AppleEvent2025"
"45856107890484802_2042470578","image",2025-09-14 08:00:00,210,8,"#AppleEvent2025"
"49407826392020177_0033824950","carousel",2025-09-04 07:00:00,43,1,"#AppleEvent2025"
"01636197158626116_2337686940","image",2025-10-07 20:00:00,73,3,"#AppleEvent2025"
"64405775147470812_1895928000","carousel",2025-10-08 03:00:00,293,10,"#AppleEvent2025"
"97881050636258665_6161049240","image",2025-09-29 04:00:00,554,15,"#AppleEvent2025"
"87650891866198946_2392995150","image",2025-09-02 09:00:00,68,1,"#AppleEvent2025"
"30858036519033759_1583737340","image",2025-08-20 21:00:00,78,1,"#AppleEvent2025"
"38596622684332083_1507634706","carousel",2025-09-03,982,24,"#AppleEvent2025"
"27186323660838066_5834311682","reel",2025-09-17,107,2,"#AppleEvent2025"
"53864323477477846_0626159233","carousel",2025-09-29 23:00:00,504,14,"#AppleEvent2025"
"64665272218641575_5583303936","image",2025-09-25 04:00:00,334,11,"#AppleEvent2025"
"96181033977550415_0451548133","reel",2025-09-09 09:00:00,114,0,"#AppleEvent2025"
"49193708721166369_9490907514","reel",2025-07-26 21:00:00,344,0,"#AppleEvent2025"
"96792977072492003_6597398175","carousel",2025-10-01 04:00:00,83,2,"#AppleEvent2025"
"34127103688718643_3496478189","carousel",2025-09-04 14:00:00,107,1,"#AppleEvent2025"
"10857583962668484_3973104758","carousel",2025-09-14 22:00:00,286,12,"#AppleEvent2025"
"43117481405179202_8139864515","carousel",2025-09-10,1311,40,"#AppleEvent2025"
"87792967755102699_2910738079","reel",2025-10-02 21:00:00,44,1,"#AppleEvent2025"
"44361972048902656_4683714055","image",2025-08-23 20:00:00,248,6,"#AppleEvent2025"
"91977542935506003_4275170054","reel",2025-09-19 11:00:00,152,10,"#AppleEvent2025"
"34507284216616064_6769645605","carousel",2025-08-11 09:00:00,113,5,"#AppleEvent2025"
"17953635965453274_4335685406","reel",2025-09-30 11:00:00,251,9,"#AppleEvent2025"
"54387790888510659_2158978214","reel",2025-10-03 23:00:00,120,2,"#AppleEvent2025"
"39275984383793565_9120849412","carousel",2025-09-17 10:00:00,143,4,"#AppleEvent2025"
"73820936830665013_6692380635","image",2025-09-28 05:00:00,206,9,"#AppleEvent2025"
"47763507557524627_4395254559","image",2025-09-05 05:00:00,150,5,"#AppleEvent2025"
"07496678383525844_7254008785","carousel",2025-10-06 03:00:00,439,0,"#AppleEvent2025"
"32483188253866402_1834346843","carousel",2025-09-23 04:00:00,184,7,"#AppleEvent2025"
"38769205707281447_1515359866","image",2025-08-23 03:00:00,192,7,"#AppleEvent2025"
"93956407732745056_8287988715","carousel",2025-09-22 10:00:00,278,15,"#AppleEvent2025"
"49034056436282371_5284885421","reel",2025-10-03 15:00:00,58,5,"#AppleEvent2025"
"79877421059551614_4558208946","carousel",2025-07-25 09:00:00,218,4,"#AppleEvent2025"
"64905982734734000_4647559468","carousel",2025-08-25 16:00:00,162,7,"#AppleEvent2025"
"24059748859280768_0774896423","reel",2025-10-03 17:00:00,110,1,"#AppleEvent2025"
"09925302797096745_8682878780","image",2025-09-29 16:00:00,269,7,"#AppleEvent2025"
"19424356234863830_4556669626","carousel",2025-09-30 15:00:00,31,3,"#AppleEvent2025"
"53801489391211397_8100884418","image",2025-08-20 23:00:00,212,5,"#AppleEvent2025"
"68989295451915545_8754970150","image",2025-09-03 22:00:00,383,7,"#AppleEvent2025"
"23611371441710998_2012045001","reel",2025-09-08 17:00:00,152,3,"#AppleEvent2025"
"58676258294273135_5822707947","carousel",2025-09-24 16:00:00,18,0,"#AppleEvent2025"
"74879107672176006_6694987293","reel",2025-09-10 14:00:00,345,9,"#AppleEvent2025"
"22735000853812017_1684531462","image",2025-10-08 08:00:00,91,3,"#AppleEvent2025"
"41327650895457833_5536965330","carousel",2025-09-03 03:00:00,208,6,"#AppleEvent2025"
"49944857010898780_4145641086","image",2025-09-26 23:00:00,101,2,"#AppleEvent2025"
"51581671083209575_5886937000","carousel",2025-08-22 14:00:00,204,8,"#AppleEvent2025"
"00753987620380698_7623687924","image",2025-07-26 21:00:00,216,10,"#AppleEvent2025"
"68148141964529107_1495066123","reel",2025-09-23 13:00:00,133,3,"#AppleEvent2025"
"40790713911171436_5101525595","image",2025-08-14 15:00:00,154,2,"#AppleEvent2025"
"02571844560883332_5305460284","carousel",2025-08-18 12:00:00,162,6,"#AppleEvent2025"
"47636722989987083_0780286313","reel",2025-08-04 12:00:00,122,0,"#AppleEvent2025"
"84074654545162748_7848024419","carousel",2025-09-25 22:00:00,743,26,"#AppleEvent2025"
"88438122291833057_2484667041","carousel",2025-09-09 11:00:00,285,12,"#AppleEvent2025"
"14035857803875427_6732952890","carousel",2025-08-16 10:00:00,0,2,"#AppleEvent2025"
"35250339039381313_7659620679","image",2025-07-18 22:00:00,56,1,"#AppleEvent2025"
"65733154576329732_1426012920","image",2025-09-24 09:00:00,621,15,"#AppleEvent2025"
"71175656748227564_6228206692","carousel",2025-09-01 04:00:00,150,2,"#AppleEvent2025"
"71683658955452241_7077977849","carousel",2025-10-09 12:00:00,125,6,"#AppleEvent2025"
"33102426199454405_0771356452","reel",2025-08-27 12:00:00,65,1,"#AppleEvent2025"
"27315388182898671_9290544274","carousel",2025-08-17 15:00:00,168,5,"#AppleEvent2025"
"84766235754816919_9183202360","reel",2025-09-15 09:00:00,291,13,"#AppleEvent2025"
"32790824494630117_0621463049","reel",2025-09-11 12:00:00,313,10,"#AppleEvent2025"
"02997549869344505_9159445385","image",2025-09-21 07:00:00,821,26,"#AppleEvent2025"
"08880583928422818_6566823879","image",2025-08-13 18:00:00,246,3,"#AppleEvent2025"
"47618657025014008_2242809023","reel",2025-07-24 20:00:00,269,9,"#AppleEvent2025"
"53753000362685636_1910697477","carousel",2025-09-03 08:00:00,99,5,"#AppleEvent2025"
"55724958876214728_5641286132","carousel",2025-08-15 01:00:00,223,6,"#AppleEvent2025"
"04115456821250325_4850139890","image",2025-07-23 17:00:00,49,2,"#AppleEvent2025"
"09887856990499141_3928433118","carousel",2025-09-26 20:00:00,128,3,"#AppleEvent2025"
"75046855110967357_1913963264","image",2025-10-07 07:00:00,253,4,"#AppleEvent2025"
"29861844814473156_9328802038","carousel",2025-09-06,0,12,"#AppleEvent2025"
"92737187317102435_9166233930","image",2025-09-07 08:00:00,88,3,"#AppleEvent2025"
"15373825182523427_8602973610","carousel",2025-09-27 08:00:00,1118,31,"#AppleEvent2025"
"66464267399362766_7747965567","image",2025-08-21 20:00:00,104,1,"#AppleEvent2025"
"75923431035188873_5841200142","carousel",2025-09-28 21:00:00,148,6,"#AppleEvent2025"
"22382358518963979_4466591805","carousel",2025-10-03 02:00:00,426,15,"#AppleEvent2025"
"83342366623197005_7301336964","carousel",2025-09-10 16:00:00,247,9,"#AppleEvent2025"
"14410083921373742_4365030306","image",2025-08-27 10:00:00,150,2,"#AppleEvent2025"
"89007320058970165_0065245527","image",2025-10-03 21:00:00,62,2,"#AppleEvent2025"
"49330192323253312_5728704730","reel",2025-08-23 08:00:00,46,3,"#AppleEvent2025"
"47774689823199904_5691416054","carousel",2025-09-23 01:00:00,63,1,"#AppleEvent2025"
"59849117019003099_8755431640","carousel",2025-09-25 13:00:00,85,2,"#AppleEvent2025"
"19438861389319316_0867423920","image",2025-10-03 15:00:00,242,5,"#AppleEvent2025"
"48720084001359480_6351702730","reel",2025-09-08 21:00:00,325,6,"#AppleEvent2025"
"61469222409516728_8896677722","carousel",2025-07-18 07:00:00,474,6,"#AppleEvent2025"
"62794832708105722_7674186338","carousel",2025-07-26 03:00:00,145,4,"#AppleEvent2025"
"90308285805529203_1716925281","image",2025-09-23 04:00:00,0,10,"#AppleEvent2025"
"79441889816971106_4113866815","reel",2025-09-20 14:00:00,366,8,"#AppleEvent2025"
"74514704533764451_8699574121","image",2025-10-02 10:00:00,541,19,"#AppleEvent2025"
"50956857427717333_5218207557","image",2025-07-25 12:00:00,316,8,"#AppleEvent2025"
"56320539758423431_6905298597","reel",2025-10-06 03:00:00,481,11,"#AppleEvent2025"
"35440257263923405_2546110292","carousel",2025-09-28 06:00:00,95,2,"#AppleEvent2025"
"71436068932162359_3354531391","carousel",2025-09-27 22:00:00,582,15,"#AppleEvent2025"
"16430460950691339_2190395219","image",2025-07-21 16:00:00,317,15,"#AppleEvent2025"
"24502440973718357_3657260439","carousel",2025-09-20 09:00:00,82,3,"#AppleEvent2025"
"78165544255532453_3204032216","reel",2025-09-01 22:00:00,177,6,"#AppleEvent2025"
"42967296079162501_4786093738","carousel",2025-07-29 16:00:00,309,0,"#AppleEvent2025"
"03327155517348138_3024759872","carousel",2025-08-06 22:00:00,82,3,"#AppleEvent2025"
"23921071032721763_4717032993","image",2025-10-05 13:00:00,123,3,"#AppleEvent2025"
"43968989559337526_7460863944","image",2025-09-07 01:00:00,80,3,"#AppleEvent2025"
"36796829729333581_3074716271","reel",2025-08-29 06:00:00,36,1,"#AppleEvent2025"
"57642844143360837_8214958055","image",2025-09-21 01:00:00,66,3,"#AppleEvent2025"
"66962987156976225_9747099138","reel",2025-09-04 20:00:00,90,3,"#AppleEvent2025"
"91281175374660402_9837801433","image",2025-09-03 03:00:00,317,11,"#AppleEvent2025"
"53143196108795028_1695461533","carousel",2025-10-09 12:00:00,285,7,"#AppleEvent2025"
"82451003766758371_7693381045","image",2025-10-09 04:00:00,385,8,"#AppleEvent2025"
"02543932636073449_5634778891","image",2025-09-26 18:00:00,195,7,"#AppleEvent2025"
"68684043022294447_2904533038","image",2025-08-27 15:00:00,187,3,"#AppleEvent2025"
"45750253411621986_8570909033","carousel",2025-09-29 11:00:00,173,5,"#AppleEvent2025"
"75372277553653331_9080805081","image",2025-09-13 18:00:00,514,14,"#AppleEvent2025"
"94912601751991052_4722343120","image",2025-08-23 08:00:00,169,5,"#AppleEvent2025"
"85635258540806859_2804154020","image",2025-09-04 11:00:00,136,3,"#AppleEvent2025"
"24098729379660705_5311490334","reel",2025-07-27 20:00:00,628,20,"#AppleEvent2025"
"08422561915724679_6482159216","image",2025-10-02 06:00:00,75,1,"#AppleEvent2025"
"05450548108030819_5027456761","image",2025-08-07 11:00:00,366,15,"#AppleEvent2025"
"01017136148073524_3597837179","carousel",2025-09-05 23:00:00,194,7,"#AppleEvent2025"
"44297806086178520_4272327059","carousel",2025-08-27,245,12,"#AppleEvent2025"
"53049211517402889_3251872543","carousel",2025-09-03 17:00:00,142,2,"#AppleEvent2025"
"63860992285285048_8788647200","image",2025-09-01 05:00:00,231,5,"#AppleEvent2025"
"62000477628911091_1158510597","carousel",2025-10-08 06:00:00,53,2,"#AppleEvent2025"
"29768056115816515_5182772313","carousel",2025-09-03 19:00:00,722,22,"#AppleEvent2025"
"71509641406795576_1967195668","reel",2025-08-26 11:00:00,528,14,"#AppleEvent2025"
"09535221648511052_8488748895","carousel",2025-09-14 02:00:00,132,2,"#AppleEvent2025"
"42917282342608560_9081414420","image",2025-10-05 23:00:00,186,6,"#AppleEvent2025"
"34196336178019877_9716930819","image",2025-10-01 17:00:00,497,17,"#AppleEvent2025"
"45528381517542763_3118665638","carousel",2025-10-08 04:00:00,66,0,"#AppleEvent2025"
"79339919546445513_2275570064","carousel",2025-09-13 17:00:00,170,7,"#AppleEvent2025"
"73774423336282987_9415488470","image",2025-09-09 22:00:00,1010,50,"#AppleEvent2025"
"78396665607656628_1116238303","carousel",2025-09-06 21:00:00,463,12,"#AppleEvent2025"
"64206522633437765_3040278658","carousel",2025-09-21 07:00:00,359,8,"#AppleEvent2025"
"70224646408269362_8287719009","image",2025-09-11 13:00:00,25,2,"#AppleEvent2025"
"35040356506024112_4094156004","image",2025-09-08 12:00:00,558,19,"#AppleEvent2025"
"20996961294190223_0150522555","image",2025-09-04 23:00:00,78,2,"#AppleEvent2025"
"90317818259915194_4241037236","image",2025-09-06 11:00:00,0,10,"#AppleEvent2025"
"57354339082329469_4218568028","image",2025-09-26 18:00:00,150,8,"#AppleEvent2025"
"39686044114828738_0591358584","image",2025-09-19 23:00:00,278,6,"#AppleEvent2025"
"58269144649326866_5280387414","reel",2025-10-07 21:00:00,661,26,"#AppleEvent2025"
"25265702109372444_8865313108","image",2025-09-15 18:00:00,235,13,"#AppleEvent2025"
"40621044115627394_9640929707","carousel",2025-10-02 14:00:00,250,5,"#AppleEvent2025"
"40770619430695057_5588315975","carousel",2025-08-16 12:00:00,218,6,"#AppleEvent2025"
"58140848394370793_7009430119","carousel",2025-09-25 14:00:00,335,15,"#AppleEvent2025"
"72788861545551629_9521617740","carousel",2025-10-08 22:00:00,402,10,"#AppleEvent2025"
"24847737588723505_7284349015","image",2025-09-30 23:00:00,194,8,"#AppleEvent2025"
"03531452006751832_1202961807","carousel",2025-07-17 11:00:00,379,9,"#AppleEvent2025"
"03956567455676777_2710779299","image",2025-09-23 05:00:00,305,5,"#AppleEvent2025"
"96792283907721989_1836804646","image",2025-08-22 09:00:00,92,2,"#AppleEvent2025"
"24247886007974057_6314920121","image",2025-07-24 20:00:00,980,27,"#AppleEvent2025"
"85799035712111633_5976435923","image",2025-07-22 05:00:00,33,0,"#AppleEvent2025"
"58055015064900457_7423259065","reel",2025-08-06 17:00:00,1004,14,"#AppleEvent2025"
"62637759262081940_0447602897","reel",2025-09-30 23:00:00,1805,50,"#AppleEvent2025"
"67595677602152728_1072421593","image",2025-08-07 21:00:00,124,3,"#AppleEvent2025"
"40324965877098828_1737068243","image",2025-10-08 03:00:00,192,3,"#AppleEvent2025"
"36166494869473811_0603052296","image",2025-09-29 14:00:00,425,0,"#AppleEvent2025"
"07541297876192834_4426115476","carousel",2025-10-09 09:00:00,267,10,"#AppleEvent2025"
"41844729666208578_0410662664","carousel",2025-09-05 14:00:00,245,5,"#AppleEvent2025"
"39164370867549882_7193298068","image",2025-08-16 09:00:00,97,3,"#AppleEvent2025"
"07752478048186468_9171163056","image",2025-08-27 19:00:00,100,1,"#AppleEvent2025"
"55146121550294377_6228582396","image",2025-10-07 01:00:00,355,7,"#AppleEvent2025"
"86096108182671037_3355755881","reel",2025-09-10 13:00:00,32,1,"#AppleEvent2025"
"64550338763205664_6583890656","image",2025-09-04,298,8,"#AppleEvent2025"
"99197419902391980_0474635054","reel",2025-09-10 21:00:00,106,3,"#AppleEvent2025"
"45830284486037215_7177909891","carousel",2025-09-19 12:00:00,68,3,"#AppleEvent2025"
"35521000113175606_8394819005","reel",2025-09-02 18:00:00,302,10,"#AppleEvent2025"
"17768755780758574_1873546682","image",2025-08-22 07:00:00,57,4,"#AppleEvent2025"
"10381975463516856_6100778922","reel",2025-08-08 03:00:00,717,18,"#AppleEvent2025"
"85520047365117065_8131088530","image",2025-07-31 11:00:00,212,5,"#AppleEvent2025"
"85807852814631313_4690084004","reel",2025-10-04 01:00:00,0,16,"#AppleEvent2025"
"90353651119507688_4395291251","carousel",2025-08-08 01:00:00,308,6,"#AppleEvent2025"
"22689371493073355_3593388008","reel",2025-09-07 22:00:00,237,3,"#AppleEvent2025"
"36385659163552225_5816436427","carousel",2025-08-01 04:00:00,97,2,"#AppleEvent2025"
"52292465308429030_8562822300","image",2025-09-24 02:00:00,363,8,"#AppleEvent2025"
"73248603422337240_2107883101","reel",2025-10-07 05:00:00,458,17,"#AppleEvent2025"
"95228249992275331_4326004559","image",2025-09-25 11:00:00,403,13,"#AppleEvent2025"
"00641792952275096_9881581985","image",2025-09-29 04:00:00,221,6,"#AppleEvent2025"
"54165527074265931_0503848269","image",2025-07-31 06:00:00,358,10,"#AppleEvent2025"
"95863423720118145_3486537747","carousel",2025-08-24 15:00:00,86,3,"#AppleEvent2025"
"93203250883679296_5714539648","reel",2025-08-11 09:00:00,21,0,"#AppleEvent2025"
"83470630136366833_7950812225","carousel",2025-09-23 03:00:00,466,20,"#AppleEvent2025"
"80687562533924763_7348554915","image",2025-09-05 02:00:00,104,0,"#AppleEvent2025"
"68249348710843911_8883873256","carousel",2025-10-02 16:00:00,74,2,"#AppleEvent2025"
"87368447164848994_0155560187","image",2025-09-05 10:00:00,118,5,"#AppleEvent2025"
"37427920958721306_1598252783","reel",2025-10-09 09:00:00,351,17,"#AppleEvent2025"
"03216491239985312_8897927988","carousel",2025-07-20 13:00:00,126,3,"#AppleEvent2025"
"33821303085243762_8763661199","image",2025-08-29 19:00:00,180,0,"#AppleEvent2025"
"69998739252701722_1864172927","carousel",2025-08-17 15:00:00,0,5,"#AppleEvent2025"
"60340844354270457_6159787364","carousel",2025-09-13 15:00:00,47,0,"#AppleEvent2025"
"84329382165491584_7874002595","image",2025-10-01 04:00:00,346,8,"#AppleEvent2025"
"14041565376968164_5430946388","carousel",2025-09-03 03:00:00,432,12,"#AppleEvent2025"
"11298812858653625_4897080483","carousel",2025-09-20 09:00:00,295,7,"#AppleEvent2025"
"13760855296171412_6185670414","image",2025-08-27 17:00:00,395,13,"#AppleEvent2025"
"05965683311492594_1664522175","reel",2025-07-21 03:00:00,521,15,"#AppleEvent2025"
"95206209533725466_3389281064","image",2025-10-06,1694,41,"#AppleEvent2025"
"65673165353236885_9404623427","image",2025-09-21 19:00:00,66,5,"#AppleEvent2025"
"25559472579777645_8778597303","image",2025-10-06 13:00:00,633,28,"#AppleEvent2025"
"35555605825665761_7147456730","image",2025-10-07 03:00:00,627,17,"#AppleEvent2025"
"39644479300227899_5065051534","reel",2025-09-23 02:00:00,108,2,"#AppleEvent2025"
"20037786404110911_0571709325","carousel",2025-09-16 09:00:00,224,4,"#AppleEvent2025"
"78662824345222164_7332957213","carousel",2025-09-25 11:00:00,82,1,"#AppleEvent2025"
"89455564801017833_6183619901","image",2025-10-03 12:00:00,120,1,"#AppleEvent2025"
"66348417891807655_9851117239","carousel",2025-07-18 05:00:00,132,4,"#AppleEvent2025"
"96476691065738777_6718647149","reel",2025-08-27 13:00:00,123,2,"#AppleEvent2025"
"59948691920001414_6776876979","carousel",2025-10-04 09:00:00,116,2,"#AppleEvent2025"
"52167671647092029_8776577023","carousel",2025-08-28 19:00:00,167,0,"#AppleEvent2025"
"80316859376478012_8688332929","reel",2025-09-03 21:00:00,157,7,"#AppleEvent2025"
"26020927928635314_0628902192","reel",2025-09-08 12:00:00,143,1,"#AppleEvent2025"
"27963950690826389_7537526772","image",2025-09-23 11:00:00,139,3,"#AppleEvent2025"
"23755095108630397_9190279324","carousel",2025-09-24 15:00:00,358,7,"#AppleEvent2025"
"96963325618006018_4239582145","carousel",2025-09-23 23:00:00,792,27,"#AppleEvent2025"
"94875357256255985_2760207030","carousel",2025-10-03 09:00:00,83,0,"#AppleEvent2025"
"31322643684763105_9147438845","carousel",2025-09-02 17:00:00,144,3,"#AppleEvent2025"
"37022267560241066_8667452806","reel",2025-08-20 05:00:00,391,16,"#AppleEvent2025"
"71017864169525562_0215311362","reel",2025-09-30 05:00:00,485,14,"#AppleEvent2025"
"21148907198787688_0036943718","image",2025-10-03 21:00:00,59,1,"#AppleEvent2025"
"27320240491770000_5945058781","carousel",2025-10-01 06:00:00,67,4,"#AppleEvent2025"
"57251261648272656_8909518733","image",2025-09-11 23:00:00,266,4,"#AppleEvent2025"
"09893519536226453_7247792329","carousel",2025-09-27 22:00:00,613,19,"#AppleEvent2025"
"66507753409878281_7330359367","carousel",2025-09-09 11:00:00,0,8,"#AppleEvent2025"
"86278949796903768_8634441686","reel",2025-09-24 18:00:00,64,0,"#AppleEvent2025"
"77895813971735970_8521838791","carousel",2025-08-10 06:00:00,265,11,"#AppleEvent2025"
"53431912616948963_0173555704","reel",2025-08-12 23:00:00,476,14,"#AppleEvent2025"
"41681706540737321_5667922479","carousel",2025-08-22 17:00:00,48,3,"#AppleEvent2025"
"70574538242055876_4026699794","carousel",2025-09-25 11:00:00,130,3,"#AppleEvent2025"
"67782170149409127_7964632278","image",2025-10-03 03:00:00,425,11,"#AppleEvent2025"
"41632841148155966_4246660368","reel",2025-09-27 04:00:00,342,13,"#AppleEvent2025"
"05648514861325781_5198794986","carousel",2025-10-03 07:00:00,518,13,"#AppleEvent2025"
"47445811018192026_8007822660","image",2025-08-22 08:00:00,223,5,"#AppleEvent2025"
"57900155649944644_4175058142","image",2025-10-01 19:00:00,582,22,"#AppleEvent2025"
"41627069342463565_0848671690","reel",2025-10-04 08:00:00,223,7,"#AppleEvent2025"
"06639879382621312_0981629444","carousel",2025-09-07 17:00:00,158,4,"#AppleEvent2025"
"10033417620295011_4801989579","reel",2025-09-05 05:00:00,333,11,"#AppleEvent2025"
"88116967915211066_6140630445","carousel",2025-09-15 06:00:00,174,7,"#AppleEvent2025"
"06849776936007860_6553267364","carousel",2025-09-27 14:00:00,25,1,"#AppleEvent2025"
"72900783767130710_4422182998","carousel",2025-09-04 21:00:00,86,4,"#AppleEvent2025"
"95494971530279605_3947161298","carousel",2025-09-17 19:00:00,129,2,"#AppleEvent2025"
"53168906557272618_4532042792","image",2025-09-30 16:00:00,96,1,"#AppleEvent2025"
"07673525752257045_1944737810","reel",2025-08-06 06:00:00,92,6,"#AppleEvent2025"
"77819142086518078_7270246474","carousel",2025-10-04 17:00:00,316,10,"#AppleEvent2025"
"59970239971803580_6073364068","carousel",2025-09-26 02:00:00,467,16,"#AppleEvent2025"
"29182326912049333_5134094888","carousel",2025-10-05 12:00:00,382,9,"#AppleEvent2025"
"45367616667520728_2151324755","reel",2025-09-04 17:00:00,60,1,"#AppleEvent2025"
"22253051386065116_3524065664","reel",2025-10-02 23:00:00,108,0,"#AppleEvent2025"
"70876063600732757_0010120705","reel",2025-10-02 19:00:00,0,12,"#AppleEvent2025"
"72710377975601919_6095169273","carousel",2025-09-19 23:00:00,185,5,"#AppleEvent2025"
"41935424965862975_0286467919","carousel",2025-10-05 10:00:00,34,1,"#AppleEvent2025"
"66937410152600873_7370315149","carousel",2025-09-01 12:00:00,82,1,"#AppleEvent2025"
"56471755398825429_4665483057","image",2025-09-17 21:00:00,110,4,"#AppleEvent2025"
"23705222210824750_0777400502","reel",2025-09-27,471,16,"#AppleEvent2025"
"76878423641403979_6272501468","reel",2025-09-30 22:00:00,544,12,"#AppleEvent2025"
"73007238328176345_0074511467","image",2025-09-06,458,12,"#AppleEvent2025"
"09385193904498854_6283403883","carousel",2025-08-27 22:00:00,269,0,"#AppleEvent2025"
"77354940256958403_9783023073","carousel",2025-10-03 06:00:00,353,16,"#AppleEvent2025"
"61264940847272667_0894174340","image",2025-09-28 18:00:00,642,0,"#AppleEvent2025"
"58541516245893524_1845251910","image",2025-09-30 06:00:00,49,1,"#AppleEvent2025"
"37927443925015605_6150346613","carousel",2025-07-14 02:00:00,63,2,"#AppleEvent2025"
"10423462999708590_6095790637","image",2025-10-04 22:00:00,605,19,"#AppleEvent2025"
"25703495666391611_6701873717","reel",2025-09-05 17:00:00,37,2,"#AppleEvent2025"
"01983228003412951_1595668191","reel",2025-09-21 13:00:00,99,6,"#AppleEvent2025"
"11155465708496074_8644911694","reel",2025-10-05 01:00:00,227,8,"#AppleEvent2025"
"12216979852683908_3021761663","carousel",2025-09-12 08:00:00,220,5,"#AppleEvent2025"
"50299593063724520_4650780691","carousel",2025-08-01 19:00:00,462,17,"#AppleEvent2025"
"23952555844672193_8828489764","carousel",2025-08-16 05:00:00,148,7,"#AppleEvent2025"
"27274269109932058_0081935880","reel",2025-07-29 13:00:00,330,5,"#AppleEvent2025"
"25041982017504434_3706960518","carousel",2025-08-20 05:00:00,142,2,"#AppleEvent2025"
"81051308657847976_4461901130","reel",2025-08-23 08:00:00,1545,43,"#AppleEvent2025"
"50896959957849985_3147638127","reel",2025-09-15 09:00:00,464,16,"#AppleEvent2025"
"79623649192010114_9492687743","carousel",2025-07-28 19:00:00,577,15,"#AppleEvent2025"
"28391779619101556_4394815234","image",2025-08-01 11:00:00,598,22,"#AppleEvent2025"
"86337162951228209_4382934548","reel",2025-08-02 12:00:00,144,5,"#AppleEvent2025"
"31901971754105024_1232077963","image",2025-09-01 10:00:00,35,2,"#AppleEvent2025"
"09898404512721815_5525017207","carousel",2025-09-13 07:00:00,41,0,"#AppleEvent2025"
"21056563098090129_0405204702","reel",2025-09-11 16:00:00,400,10,"#AppleEvent2025"
"15546309970137503_3090203473","image",2025-07-30 14:00:00,136,6,"#AppleEvent2025"
"78710791116758267_2693941123","image",2025-09-27 14:00:00,156,7,"#AppleEvent2025"
"44525297796733489_4193155993","carousel",2025-09-08 17:00:00,91,4,"#AppleEvent2025"
"84868444890166558_6998291068","carousel",2025-07-24 11:00:00,824,30,"#AppleEvent2025"
"78558686674872854_6397442636","reel",2025-08-15 02:00:00,39,2,"#AppleEvent2025"
"05078830179332990_0904899839","image",2025-09-19,201,4,"#AppleEvent2025"
"95354065199755663_3077552302","carousel",2025-09-13 12:00:00,91,1,"#AppleEvent2025"
"10242678204085859_2092446949","image",2025-07-22 20:00:00,85,1,"#AppleEvent2025"
"14898097982629511_6457646088","carousel",2025-08-07 13:00:00,626,13,"#AppleEvent2025"
"00734944547514376_9896497529","reel",2025-10-03,550,12,"#AppleEvent2025"
"69150297550476378_1441368017","reel",2025-07-31 08:00:00,412,8,"#AppleEvent2025"
"94638083951291134_2765481913","carousel",2025-10-08 11:00:00,350,12,"#AppleEvent2025"
"33583891561944556_8336956211","image",2025-09-16 11:00:00,413,10,"#AppleEvent2025"
"04602059350800167_2917463175","reel",2025-08-09 01:00:00,85,2,"#AppleEvent2025"
"17352499717925565_0254592238","carousel",2025-09-18 02:00:00,274,8,"#AppleEvent2025"
"29436797475295816_0155623524","image",2025-07-12 23:00:00,138,3,"#AppleEvent2025"
"82959625484124125_6550661075","carousel",2025-08-06 11:00:00,0,20,"#AppleEvent2025"
"00717781874212276_3289767247","carousel",2025-09-25 19:00:00,1269,66,"#AppleEvent2025"
"21889840954578269_6861617719","image",2025-09-20 15:00:00,285,10,"#AppleEvent2025"
"26507785952477669_8489647007","carousel",2025-09-17 08:00:00,256,13,"#AppleEvent2025"
"26567009060646001_1000753754","carousel",2025-10-01 09:00:00,173,4,"#AppleEvent2025"
"46913916787180258_2760211735","image",2025-09-30 02:00:00,277,8,"#AppleEvent2025"
"37789497235409500_7015672415","reel",2025-09-16 10:00:00,479,13,"#AppleEvent2025"
"59946648407711098_5455459824","reel",2025-09-11,139,3,"#AppleEvent2025"
"05884427800007777_6767801378","image",2025-07-27 10:00:00,78,4,"#AppleEvent2025"
"05193018838331139_4192907628","reel",2025-10-03 20:00:00,34,0,"#AppleEvent2025"
"87512785313519196_8421600361","carousel",2025-09-22 13:00:00,876,15,"#AppleEvent2025"
"36763538812634682_2978797483","reel",2025-09-30 18:00:00,219,6,"#AppleEvent2025"
"58445557923713368_8028823464","carousel",2025-09-16 17:00:00,215,3,"#AppleEvent2025"
"22567776904775744_3959388975","reel",2025-09-26 11:00:00,803,18,"#AppleEvent2025"
"61235959292525958_6111777242","image",2025-10-02 12:00:00,197,5,"#AppleEvent2025"
"74313266984291425_0894636915","carousel",2025-09-11 17:00:00,898,24,"#AppleEvent2025"
"30018482192704608_1625983096","reel",2025-07-21 02:00:00,81,1,"#AppleEvent2025"
"16915961415505708_5245642903","carousel",2025-08-26 10:00:00,436,9,"#AppleEvent2025"
"29922298406213684_0666325789","carousel",2025-07-24 13:00:00,365,6,"#AppleEvent2025"
"80126772795621626_0975099657","reel",2025-09-23 15:00:00,114,4,"#AppleEvent2025"
"69578960495101244_8323961254","image",2025-10-08,27,0,"#AppleEvent2025"
"94249943201753288_0262123914","carousel",2025-07-22 09:00:00,1014,31,"#AppleEvent2025"
"42542923208782916_1148396331","reel",2025-08-14 20:00:00,87,1,"#AppleEvent2025"
"83058741832206986_2255784619","image",2025-08-26 23:00:00,420,12,"#AppleEvent2025"
"28477375419993491_0133389562","image",2025-10-09 22:00:00,305,9,"#AppleEvent2025"
"54399611185446913_9431456569","image",2025-10-03 07:00:00,64,0,"#AppleEvent2025"
"32736876054934260_4115244445","carousel",2025-08-23 02:00:00,65,1,"#AppleEvent2025"
"31085147808648941_8237263663","carousel",2025-08-20 08:00:00,450,13,"#AppleEvent2025"
"75918231736809643_2604704130","image",2025-09-10 16:00:00,60,0,"#AppleEvent2025"
"11918429813780831_0732543221","carousel",2025-10-08 06:00:00,118,3,"#AppleEvent2025"
"14173652168876298_6337446034","image",2025-07-29 07:00:00,180,2,"#AppleEvent2025"
"20142715241579715_3449405134","carousel",2025-09-02 01:00:00,283,9,"#AppleEvent2025"
"32960279028194748_5710901218","image",2025-09-18 19:00:00,218,7,"#AppleEvent2025"
"43445525442415239_8866826635","reel",2025-08-31 16:00:00,172,0,"#AppleEvent2025"
"15290838520317229_8480852665","image",2025-09-01 13:00:00,130,3,"#AppleEvent2025"
"22619415249450924_5455866647","carousel",2025-08-29 10:00:00,178,3,"#AppleEvent2025"
"37707447518529280_4206419892","image",2025-09-20 20:00:00,95,2,"#AppleEvent2025"
"97150990511896922_8428405216","image",2025-08-12,453,11,"#AppleEvent2025"
"14549591112187207_1044454503","carousel",2025-07-23 16:00:00,78,5,"#AppleEvent2025"
"79159264135215288_9804429772","carousel",2025-08-24 13:00:00,166,5,"#AppleEvent2025"
"26211008439713616_0346202485","image",2025-09-15 23:00:00,157,3,"#AppleEvent2025"
"08504688072726188_3936965837","reel",2025-07-29 20:00:00,65,3,"#AppleEvent2025"
"92197168076021901_8979136423","carousel",2025-09-24 07:00:00,298,12,"#AppleEvent2025"
"87983257164610368_6792450749","carousel",2025-07-25 14:00:00,112,3,"#AppleEvent2025"
"07671370904034135_3716577631","image",2025-08-07 17:00:00,546,13,"#AppleEvent2025"
"92316850655926608_7830120123","image",2025-09-04 15:00:00,187,8,"#AppleEvent2025"
"38673164888078188_7936238533","carousel",2025-08-24 10:00:00,187,3,"#AppleEvent2025"
"91046795634297897_8798361606","image",2025-09-06 06:00:00,1860,60,"#AppleEvent2025"
"45332345898885726_7529298511","carousel",2025-08-16 07:00:00,270,13,"#AppleEvent2025"
"30141779318665635_3547631532","image",2025-09-17 06:00:00,307,11,"#AppleEvent2025"
"53126018704258600_1410215974","reel",2025-09-25 13:00:00,359,9,"#AppleEvent2025"
"65876609041009323_6101033798","carousel",2025-07-30 12:00:00,621,13,"#AppleEvent2025"
"87852578899406959_4182929898","carousel",2025-09-27 09:00:00,119,4,"#AppleEvent2025"
"94767132789702557_1138997137","image",2025-09-30 03:00:00,90,3,"#AppleEvent2025"
"62823535626589392_4090766794","carousel",2025-10-06 09:00:00,144,11,"#AppleEvent2025"
"47898526630059912_2059972133","image",2025-10-04 12:00:00,277,6,"#AppleEvent2025"
"32892565631454540_1137006296","image",2025-09-05 19:00:00,377,10,"#AppleEvent2025"
"49421840427621720_8778851322","carousel",2025-10-06 12:00:00,68,2,"#AppleEvent2025"
"41709761074234242_5443059100","reel",2025-09-18 22:00:00,345,6,"#AppleEvent2025"
"53030761239614167_6211140512","carousel",2025-09-01 06:00:00,207,4,"#AppleEvent2025"
"00508969982677075_3633109640","image",2025-08-12 05:00:00,149,2,"#AppleEvent2025"
"39383287225060707_0590142819","reel",2025-08-30 02:00:00,120,1,"#AppleEvent2025"
"14242006117861162_8992506381","reel",2025-10-05 07:00:00,371,7,"#AppleEvent2025"
"98705242507837289_4891333791","reel",2025-08-10 21:00:00,32,2,"#AppleEvent2025"
"63478816316242577_0573341069","image",2025-08-31 04:00:00,330,7,"#AppleEvent2025"
"36463274227310489_1176504071","reel",2025-10-06 13:00:00,65,1,"#AppleEvent2025"
"63385934922789469_6215323735","carousel",2025-08-11 02:00:00,0,56,"#AppleEvent2025"
"37164903508417282_7748340516","image",2025-08-20 15:00:00,0,2,"#AppleEvent2025"
"82152388186295388_9920807137","carousel",2025-07-28 19:00:00,219,5,"#AppleEvent2025"
"61502502793257202_2864887641","reel",2025-09-09 16:00:00,0,10,"#AppleEvent2025"
"72511584613326306_6120368774","image",2025-07-24 09:00:00,70,2,"#AppleEvent2025"
"32005688532936270_7151620985","reel",2025-08-18 04:00:00,73,2,"#AppleEvent2025"
"61830849083017715_0407418722","carousel",2025-09-03 09:00:00,96,3,"#AppleEvent2025"
"82339488336900633_9404921040","image",2025-09-27 11:00:00,54,3,"#AppleEvent2025"
"16990254350945643_0512495760","carousel",2025-08-26 09:00:00,57,1,"#AppleEvent2025"
"71761080901762157_7329466011","image",2025-07-23 11:00:00,75,1,"#AppleEvent2025"
"96781227751721945_5425814398","image",2025-10-04 03:00:00,812,22,"#AppleEvent2025"
"42917544507462184_6170159210","reel",2025-08-05 06:00:00,210,5,"#AppleEvent2025"
"54760548919965885_8078370429","carousel",2025-10-08 15:00:00,353,0,"#AppleEvent2025"
"87790698954619528_8324175017","carousel",2025-09-17 05:00:00,914,33,"#AppleEvent2025"
"48245265080389171_9772963346","carousel",2025-09-27 15:00:00,23,1,"#AppleEvent2025"
"48863430596864165_7829582171","carousel",2025-07-30 11:00:00,302,9,"#AppleEvent2025"
"06833224528225172_7724485429","carousel",2025-09-14 20:00:00,214,9,"#AppleEvent2025"
"47959504019495852_8366028827","carousel",2025-10-02 19:00:00,70,3,"#AppleEvent2025"
"55377528283487385_1403688514","image",2025-08-17 21:00:00,119,3,"#AppleEvent2025"
"95291158459206498_9585511691","reel",2025-09-11 20:00:00,131,3,"#AppleEvent2025"
"00028637134845834_4100879493","reel",2025-09-01 02:00:00,347,7,"#AppleEvent2025"
"57242368598914038_5805108323","image",2025-08-16 12:00:00,96,5,"#AppleEvent2025"
"63390003891237170_4354922006","image",2025-09-25 23:00:00,1083,36,"#AppleEvent2025"
"02826781870126821_7556253616","carousel",2025-09-26 04:00:00,121,5,"#AppleEvent2025"
"21475972850009820_9411130824","carousel",2025-08-10 14:00:00,181,5,"#AppleEvent2025"
"32510197127328125_6083786021","image",2025-09-13 11:00:00,440,16,"#AppleEvent2025"
"32778197067607561_6964424669","reel",2025-09-13 05:00:00,196,9,"#AppleEvent2025"
"63110876617169128_5630426313","reel",2025-07-29 05:00:00,499,15,"#AppleEvent2025"
"57847315474954889_5854976475","image",2025-09-15 11:00:00,54,0,"#AppleEvent2025"
"91863237809318312_4570192639","carousel",2025-08-29 19:00:00,229,10,"#AppleEvent2025"
"21249895333788466_3576001960","image",2025-09-10 06:00:00,475,11,"#AppleEvent2025"
"44215333575515715_2262034838","reel",2025-08-25 17:00:00,506,14,"#AppleEvent2025"
"67607632378825943_2452541200","image",2025-10-05 20:00:00,522,17,"#AppleEvent2025"
"76291199209318290_1953742326","image",2025-09-28 16:00:00,279,5,"#AppleEvent2025"
"49426602834159686_9478000167","carousel",2025-09-11 22:00:00,42,5,"#AppleEvent2025"
"54159620253843720_7514686010","image",2025-10-07 03:00:00,605,13,"#AppleEvent2025"
"41258263127724740_5187112010","carousel",2025-08-19 09:00:00,266,7,"#AppleEvent2025"
"42690507705346774_4354821406","carousel",2025-10-06 15:00:00,503,21,"#AppleEvent2025"
"52321447401499766_2437296335","image",2025-07-30 13:00:00,131,4,"#AppleEvent2025"
"05595677593092567_2975820243","carousel",2025-10-04 03:00:00,517,15,"#AppleEvent2025"
"37191743662675028_6432530274","reel",2025-09-25 03:00:00,117,5,"#AppleEvent2025"
"91621243879005662_9333927083","image",2025-08-20 16:00:00,0,1,"#AppleEvent2025"
"52231622000274217_7390526578","image",2025-09-06 22:00:00,158,4,"#AppleEvent2025"
"36916735169505204_0967392345","image",2025-07-16 21:00:00,193,1,"#AppleEvent2025"
"42380082481262693_6426776480","carousel",2025-09-23 03:00:00,111,4,"#AppleEvent2025"
"96171037155841050_1969881525","image",2025-10-09 13:00:00,323,9,"#AppleEvent2025"
"64005980981518248_4768270776","carousel",2025-08-11 05:00:00,78,2,"#AppleEvent2025"
"70467580256010965_8187674867","carousel",2025-08-18 06:00:00,482,16,"#AppleEvent2025"
"02360583385436812_1706888992","image",2025-09-01 06:00:00,376,9,"#AppleEvent2025"
"88405827430845374_1483290648","image",2025-09-22 14:00:00,0,15,"#AppleEvent2025"
"59653613453316095_6900733157","image",2025-07-27 12:00:00,389,9,"#AppleEvent2025"
"09997290363743121_3387800480","carousel",2025-08-25 14:00:00,105,3,"#AppleEvent2025"
"36721345319147527_3678353590","reel",2025-10-01 02:00:00,81,1,"#AppleEvent2025"
"04198838040544499_5347087440","image",2025-09-16 18:00:00,54,2,"#AppleEvent2025"
"49692925735608260_4118098657","reel",2025-09-12 07:00:00,867,28,"#AppleEvent2025"
"86127015368513544_0742036177","image",2025-10-06 20:00:00,70,1,"#AppleEvent2025"
"95165188093438868_1810033643","image",2025-10-01 03:00:00,232,11,"#AppleEvent2025"
"83360985165537665_6434039482","reel",2025-09-10 13:00:00,73,2,"#AppleEvent2025"
"39816492784344335_3427117002","image",2025-09-15 20:00:00,183,9,"#AppleEvent2025"
"16077487502398731_5923091456","reel",2025-09-10 05:00:00,132,4,"#AppleEvent2025"
"04426835892191001_9965619258","reel",2025-08-19 14:00:00,82,3,"#AppleEvent2025"
"58151553459440359_1084695875","reel",2025-10-05 22:00:00,203,0,"#AppleEvent2025"
"34002983246961129_3039460542","reel",2025-09-01 11:00:00,111,4,"#AppleEvent2025"
"15054507511263628_5939619263","reel",2025-09-01 04:00:00,83,1,"#AppleEvent2025"
"86811931171632076_2552547319","image",2025-08-28 11:00:00,44,0,"#AppleEvent2025"
"34018364423516721_7238425445","image",2025-08-21 14:00:00,312,11,"#AppleEvent2025"
"46059245295074109_5545621209","carousel",2025-09-15 11:00:00,70,2,"#AppleEvent2025"
"97027670828408298_9783569572","carousel",2025-10-02 01:00:00,113,2,"#AppleEvent2025"
"99381681412115987_8681141666","image",2025-09-24 15:00:00,995,30,"#AppleEvent2025"
"24897450161987440_4897129829","image",2025-08-09 12:00:00,561,18,"#AppleEvent2025"
"28347615953468061_4691390936","image",2025-10-04 04:00:00,292,5,"#AppleEvent2025"
"60473338207242055_7881865239","image",2025-09-23 05:00:00,381,11,"#AppleEvent2025"
"58293764855168193_3916392852","carousel",2025-09-02 16:00:00,272,9,"#AppleEvent2025"
"72929230428390531_8191643570","image",2025-09-28 23:00:00,87,0,"#AppleEvent2025"
"56810494521406893_4722600251","reel",2025-08-17 14:00:00,181,6,"#AppleEvent2025"
"26410019449525576_8729691925","image",2025-10-08 07:00:00,216,4,"#AppleEvent2025"
"08133750624762558_1656753728","image",2025-09-30 10:00:00,653,13,"#AppleEvent2025"
"18184474084365564_5318507658","carousel",2025-09-02 13:00:00,41,3,"#AppleEvent2025"
"69779684060574521_5711233714","carousel",2025-09-18 17:00:00,249,5,"#AppleEvent2025"
"87405909026402021_7856561074","reel",2025-10-06 14:00:00,548,19,"#AppleEvent2025"
"24693573000632232_9227750631","reel",2025-08-18 10:00:00,107,1,"#AppleEvent2025"
"80303912728252965_9156803316","reel",2025-09-18 15:00:00,409,15,"#AppleEvent2025"
"98371131161296661_2169466927","reel",2025-10-08 03:00:00,2061,49,"#AppleEvent2025"
"71341286594264199_4822623074","reel",2025-07-31 07:00:00,24,2,"#AppleEvent2025"
"57369415625474630_1825490237","carousel",2025-09-05 01:00:00,163,8,"#AppleEvent2025"
"38559310243842280_0039020846","reel",2025-10-06 11:00:00,126,3,"#AppleEvent2025"
"12615247233516363_2880177048","image",2025-09-14 20:00:00,27,0,"#AppleEvent2025"
"88105816105285633_1265028135","carousel",2025-09-12 12:00:00,40,0,"#AppleEvent2025"
"16418201963168695_6375104804","carousel",2025-09-11 21:00:00,211,5,"#AppleEvent2025"
"78144234856718787_1831159319","image",2025-10-02 20:00:00,314,9,"#AppleEvent2025"
"31689228937446662_1008451076","image",2025-09-16 12:00:00,135,10,"#AppleEvent2025"
"76316149314823270_0812012584","carousel",2025-09-22 16:00:00,123,0,"#AppleEvent2025"
"76781139672983391_8422457033","carousel",2025-09-23 06:00:00,65,0,"#AppleEvent2025"
"16725824771786586_5606106360","reel",2025-10-09 01:00:00,21,1,"#AppleEvent2025"
"28538200447620587_1838960825","carousel",2025-10-02 07:00:00,581,20,"#AppleEvent2025"
"75483683398178697_1571071686","reel",2025-08-01 04:00:00,312,10,"#AppleEvent2025"
"87617897498499124_5151840236","carousel",2025-09-07 11:00:00,133,7,"#AppleEvent2025"
"90134618683747546_8742282104","image",2025-09-22 19:00:00,180,4,"#AppleEvent2025"
"78252888213538685_9893649903","reel",2025-08-20 23:00:00,63,0,"#AppleEvent2025"
"37601398258572139_9641839783","image",2025-08-15 03:00:00,606,17,"#AppleEvent2025"
"85339200486758376_0597598880","image",2025-08-25 18:00:00,616,20,"#AppleEvent2025"
"51381291725643542_2901218408","image",2025-10-07 20:00:00,169,0,"#AppleEvent2025"
"31130511921773566_2180031823","image",2025-09-21 14:00:00,556,15,"#AppleEvent2025"
"73143422648788337_1050886427","image",2025-10-02 22:00:00,75,1,"#AppleEvent2025"
"09722650900058060_4169053965","image",2025-09-26 08:00:00,70,3,"#AppleEvent2025"
"45095501301849185_6970940098","image",2025-09-20 03:00:00,623,15,"#AppleEvent2025"
"42364555590335392_8784075512","image",2025-08-06 22:00:00,38,2,"#AppleEvent2025"
"18253820856497505_8619349495","carousel",2025-07-23 21:00:00,903,24,"#AppleEvent2025"
"19287912412373842_5235832744","reel",2025-09-07 17:00:00,161,1,"#AppleEvent2025"
"81970860139140152_2311845578","carousel",2025-07-26 06:00:00,135,5,"#AppleEvent2025"
"00969028243289360_9892942158","image",2025-08-27 07:00:00,363,8,"#AppleEvent2025"
"54379146631494412_8150082514","reel",2025-07-23 16:00:00,167,4,"#AppleEvent2025"
"50129119224613051_8749604169","image",2025-09-16 06:00:00,221,9,"#AppleEvent2025"
"15161474666319037_2013799919","carousel",2025-07-24 22:00:00,328,18,"#AppleEvent2025"
"23606208936231223_3454168329","image",2025-08-18 15:00:00,127,6,"#AppleEvent2025"
"81056302537833142_2789975392","carousel",2025-09-13 18:00:00,127,5,"#AppleEvent2025"
"14723706901549474_1778150821","carousel",2025-09-02 02:00:00,21,0,"#AppleEvent2025"
"43294371605475689_5741207287","reel",2025-09-05 03:00:00,92,3,"#AppleEvent2025"
"16564099895874658_8552084761","carousel",2025-08-22 07:00:00,401,7,"#AppleEvent2025"
"02384216398844260_4563587713","carousel",2025-08-15 16:00:00,98,4,"#AppleEvent2025"
"64806706267777259_0117115682","carousel",2025-09-15 10:00:00,110,5,"#AppleEvent2025"
"18130482517280150_2632632015","image",2025-09-30 08:00:00,132,4,"#AppleEvent2025"
"63657419754390140_7054581215","image",2025-09-13 19:00:00,163,2,"#AppleEvent2025"
"38884197338364836_8721893989","image",2025-09-21,90,4,"#AppleEvent2025"
"17202757181966845_1760324199","image",2025-10-08 06:00:00,148,8,"#AppleEvent2025"
"58475651443095676_2928330062","image",2025-08-26 14:00:00,94,4,"#AppleEvent2025"
"34819550621085440_1129288484","carousel",2025-09-08 06:00:00,378,13,"#AppleEvent2025"
"88440113083398032_9899572504","reel",2025-09-21 06:00:00,620,16,"#AppleEvent2025"
"55613422695292222_3444517777","carousel",2025-08-07 13:00:00,153,3,"#AppleEvent2025"
"23683433671190662_9706866504","image",2025-10-06 09:00:00,303,9,"#AppleEvent2025"
"53720572892071716_1053630405","image",2025-09-16 17:00:00,435,7,"#AppleEvent2025"
"58142201765944685_4829453396","image",2025-08-25 01:00:00,584,18,"#AppleEvent2025"
"77867123008160426_9747642059","image",2025-07-28 09:00:00,409,10,"#AppleEvent2025"
"41222682572633519_2743277473","image",2025-07-26 19:00:00,323,7,"#AppleEvent2025"
"13775774593599048_4713341169","image",2025-08-20 15:00:00,730,29,"#AppleEvent2025"
"42700433913216600_0419852326","carousel",2025-09-14 05:00:00,190,2,"#AppleEvent2025"
"86024253647005039_7881422473","image",2025-08-29 03:00:00,228,3,"#AppleEvent2025"
"77024850336886021_5417863571","image",2025-08-18 07:00:00,290,0,"#AppleEvent2025"
"37860789503770275_6326836443","carousel",2025-09-12 17:00:00,419,17,"#AppleEvent2025"
"81675213226322447_3487342494","image",2025-09-30 19:00:00,114,2,"#AppleEvent2025"
"41526177608319333_0171684463","carousel",2025-09-13 15:00:00,46,0,"#AppleEvent2025"
"21083891507436334_4982333218","image",2025-08-29 10:00:00,803,19,"#AppleEvent2025"
"13554690520271867_0582346624","image",2025-07-18 23:00:00,114,4,"#AppleEvent2025"
"16347704578759812_1973514752","image",2025-08-25,186,4,"#AppleEvent2025"
"92712035838633271_3043323913","carousel",2025-09-07 03:00:00,155,7,"#AppleEvent2025"
"10339987343814325_0827341849","reel",2025-08-24 23:00:00,121,4,"#AppleEvent2025"
"12796054270264463_6626078462","carousel",2025-09-06 01:00:00,67,4,"#AppleEvent2025"
"54331298093464761_7312207495","carousel",2025-07-24 08:00:00,90,6,"#AppleEvent2025"
"12817010974314142_9259180719","reel",2025-09-26 09:00:00,71,2,"#AppleEvent2025"
"30688240365647635_5585172460","carousel",2025-09-23 10:00:00,486,20,"#AppleEvent2025"
"58819405956066151_8169092536","image",2025-08-30,724,23,"#AppleEvent2025"
"00325366083781948_8425704602","reel",2025-08-18 05:00:00,405,10,"#AppleEvent2025"
"71478397863844683_9863639218","image",2025-09-27 22:00:00,103,5,"#AppleEvent2025"
"35855111592297555_8007759679","image",2025-10-09 12:00:00,172,5,"#AppleEvent2025"
"68184001226033707_5085259763","reel",2025-09-21,46,1,"#AppleEvent2025"
"75960236121591123_6155478873","carousel",2025-10-07 01:00:00,384,13,"#AppleEvent2025"
"10608704506612975_6803009851","carousel",2025-09-21 08:00:00,189,4,"#AppleEvent2025"
"20486066743714124_8487943257","image",2025-08-09 20:00:00,106,5,"#AppleEvent2025"
"54592809669103484_6901398471","image",2025-08-08 22:00:00,30,0,"#AppleEvent2025"
"10116365480821852_1704572249","image",2025-09-29 21:00:00,318,14,"#AppleEvent2025"
"89811286669571973_9227749870","carousel",2025-09-20 14:00:00,10,2,"#AppleEvent2025"
"69233667223232120_7672784934","carousel",2025-08-11 01:00:00,238,8,"#AppleEvent2025"
"71628879601768645_5869640774","image",2025-09-07 17:00:00,815,13,"#AppleEvent2025"
"38512421875327583_8158230181","carousel",2025-10-05 20:00:00,186,7,"#AppleEvent2025"
"10124819041161631_5008982438","carousel",2025-08-29 10:00:00,172,2,"#AppleEvent2025"
"59838399487153031_2116083836","reel",2025-09-14,441,9,"#AppleEvent2025"
"69969498386409463_8905015105","image",2025-08-09 17:00:00,492,0,"#AppleEvent2025"
"88864141891249517_3032241143","image",2025-09-30 14:00:00,700,20,"#AppleEvent2025"
"72624549411987099_2257002736","image",2025-09-30,195,2,"#AppleEvent2025"
"73309186593426955_4734056357","reel",2025-09-04 08:00:00,114,4,"#AppleEvent2025"
"31963710622960204_1835181526","carousel",2025-09-03 07:00:00,41,6,"#AppleEvent2025"
"26406187831127673_0176216810","carousel",2025-09-24 18:00:00,417,10,"#AppleEvent2025"
"34080681469295255_3020046394","image",2025-10-06 14:00:00,98,2,"#AppleEvent2025"
"44707745516641675_7371442284","carousel",2025-10-02 04:00:00,177,8,"#AppleEvent2025"
"37063291756781882_4880542888","image",2025-09-28 02:00:00,255,9,"#AppleEvent2025"
"71563905802745539_3055409799","image",2025-08-03 11:00:00,120,3,"#AppleEvent2025"
"08101963722632355_0057506205","image",2025-09-17 11:00:00,198,6,"#AppleEvent2025"
"37596263563631370_6558836336","reel",2025-10-08 14:00:00,61,2,"#AppleEvent2025"
"29649882381158705_4146123344","carousel",2025-10-03 19:00:00,81,3,"#AppleEvent2025"
"33226437119079184_4916438839","carousel",2025-10-08 04:00:00,457,14,"#AppleEvent2025"
"03131838740974373_8267345484","image",2025-10-06 19:00:00,268,8,"#AppleEvent2025"
"78780157468602961_7519334936","image",2025-09-29 07:00:00,66,2,"#AppleEvent2025"
"93213746958500967_3987450653","carousel",2025-09-26 13:00:00,77,4,"#AppleEvent2025"
"84878753605800323_8276148375","carousel",2025-07-20 18:00:00,382,16,"#AppleEvent2025"
"31900464827406297_4017743734","carousel",2025-09-23 02:00:00,163,7,"#AppleEvent2025"
"97245382118017347_5155377055","carousel",2025-07-25 09:00:00,640,21,"#AppleEvent2025"
"09050997717795432_1605511902","carousel",2025-09-23 01:00:00,105,9,"#AppleEvent2025"
"06077587437309380_9847749943","image",2025-08-21 03:00:00,777,28,"#AppleEvent2025"
"23519021174363470_8074480431","image",2025-08-11 15:00:00,329,15,"#AppleEvent2025"
"28922889119046955_7030184288","image",2025-08-22,131,5,"#AppleEvent2025"
"14644438023443507_7531556975","reel",2025-09-22 17:00:00,297,12,"#AppleEvent2025"
"98168086062158712_2806448643","image",2025-10-04 16:00:00,286,6,"#AppleEvent2025"
"22290147793376778_4775311540","carousel",2025-08-28 15:00:00,58,0,"#AppleEvent2025"
"57942370088412404_1312411464","carousel",2025-10-08 06:00:00,752,25,"#AppleEvent2025"
"11230250101539767_7524566645","reel",2025-08-22 03:00:00,50,2,"#AppleEvent2025"
"07103155544297763_2140682751","reel",2025-09-16 19:00:00,66,2,"#AppleEvent2025"
"30215378984987152_8621690918","image",2025-09-01 13:00:00,57,1,"#AppleEvent2025"
"64172157070725053_1620045096","image",2025-08-29 15:00:00,217,4,"#AppleEvent2025"
"95903817603387212_7004826586","reel",2025-09-04 07:00:00,311,11,"#AppleEvent2025"
"79104407613765526_6312623252","image",2025-09-25,135,1,"#AppleEvent2025"
"97005645680317781_6472347514","image",2025-09-19 07:00:00,216,3,"#AppleEvent2025"
"03250320973679420_9042463143","image",2025-10-07 01:00:00,77,4,"#AppleEvent2025"
"29670384332920002_7133815452","image",2025-09-12 15:00:00,438,17,"#AppleEvent2025"
"39215069532640149_5835888847","image",2025-09-02 05:00:00,235,6,"#AppleEvent2025"
"16165668267153139_9223682669","reel",2025-10-04 18:00:00,493,14,"#AppleEvent2025"
"17731904456821945_5932277381","reel",2025-09-21 14:00:00,326,11,"#AppleEvent2025"
"84686431248351280_1182899402","reel",2025-08-01 05:00:00,82,4,"#AppleEvent2025"
"85176559814802150_3753814837","carousel",2025-09-11 18:00:00,89,5,"#AppleEvent2025"
"46864107683328380_3082824367","reel",2025-07-23 13:00:00,479,11,"#AppleEvent2025"
"50528910285068005_1792804060","reel",2025-09-15 09:00:00,72,4,"#AppleEvent2025"
"40871579513002566_3324060685","reel",2025-09-19 04:00:00,532,20,"#AppleEvent2025"
"33814504301042862_4879753318","reel",2025-08-20 09:00:00,172,5,"#AppleEvent2025"
"30099604176330734_8723033321","image",2025-09-24 04:00:00,732,18,"#AppleEvent2025"
"04796839971705051_1230282580","carousel",2025-09-13 09:00:00,255,7,"#AppleEvent2025"
"86241318750224135_9564867477","reel",2025-10-09 17:00:00,2478,99,"#AppleEvent2025"
"26407651468890804_4423698339","carousel",2025-09-25 23:00:00,22,0,"#AppleEvent2025"
"47169905083945152_9486281858","image",2025-09-25 06:00:00,106,7,"#AppleEvent2025"
"95054646179437641_1201664462","image",2025-10-04 09:00:00,91,3,"#AppleEvent2025"
"88198657104191929_4740101330","image",2025-09-14 03:00:00,102,2,"#AppleEvent2025"
"70882660168869405_8534778744","image",2025-09-26 08:00:00,221,8,"#AppleEvent2025"
"21683639685236795_6517162651","image",2025-07-27 07:00:00,61,2,"#AppleEvent2025"
"06801187039443701_4354001112","carousel",2025-09-20 11:00:00,756,19,"#AppleEvent2025"
"27105373528123650_9935197992","reel",2025-09-03,176,4,"#AppleEvent2025"
"43315093379496434_2923808489","image",2025-07-26 15:00:00,189,5,"#AppleEvent2025"
"38344395011270095_1388486863","image",2025-08-02 08:00:00,84,6,"#AppleEvent2025"
"51838112926148032_7973340700","reel",2025-09-10 13:00:00,1275,41,"#AppleEvent2025"
"32871186412382159_1607188909","reel",2025-09-23 18:00:00,119,7,"#AppleEvent2025"
"17377548294718412_2698966583","image",2025-09-21 09:00:00,38,1,"#AppleEvent2025"
"82242727292268209_5351472496","image",2025-07-31 17:00:00,246,9,"#AppleEvent2025"
"12575888059076445_1341433283","image",2025-08-16 07:00:00,27,1,"#AppleEvent2025"
"29271305385438390_8768890005","reel",2025-08-22 10:00:00,167,2,"#AppleEvent2025"
"00396517879002743_5677219711","carousel",2025-10-02 23:00:00,125,3,"#AppleEvent2025"
"73970532711466080_2528793623","image",2025-09-23 18:00:00,68,1,"#AppleEvent2025"
"01547028317704273_5483781180","carousel",2025-10-01 17:00:00,171,6,"#AppleEvent2025"
"26360656260932214_3562653440","reel",2025-09-09 10:00:00,58,2,"#AppleEvent2025"
"13493769760904129_1844129761","reel",2025-09-28 08:00:00,41,0,"#AppleEvent2025"
"49992991252154661_5186006299","image",2025-10-08 21:00:00,938,31,"#AppleEvent2025"
"55548778021474079_2291588437","image",2025-07-22 15:00:00,278,7,"#AppleEvent2025"
"41506114987783648_6751190940","image",2025-09-06 10:00:00,35,0,"#AppleEvent2025"
"56229723938747000_9878104465","reel",2025-07-25 13:00:00,251,5,"#AppleEvent2025"
"26606676382102557_5456834645","carousel",2025-09-10 16:00:00,413,11,"#AppleEvent2025"
"97272258185541107_5422212430","image",2025-09-27 23:00:00,631,11,"#AppleEvent2025"
"54734745735960196_9510855335","image",2025-08-18 04:00:00,556,16,"#AppleEvent2025"
"31614303749447765_4092434205","reel",2025-10-02 11:00:00,128,6,"#AppleEvent2025"
"07488210298151391_6029121699","carousel",2025-10-03 09:00:00,20,0,"#AppleEvent2025"
"02036414078442508_5743486585","image",2025-09-25 14:00:00,313,9,"#AppleEvent2025"
"14126265854689142_2562453932","carousel",2025-09-12 22:00:00,280,5,"#AppleEvent2025"
"05173888652918298_1676565653","image",2025-08-31 07:00:00,300,5,"#AppleEvent2025"
"59449157354069853_7084527493","reel",2025-10-04 22:00:00,129,7,"#AppleEvent2025"
"75976060466223016_6866278150","image",2025-08-22 02:00:00,243,7,"#AppleEvent2025"
"78825114240248491_9747763463","image",2025-10-01 19:00:00,343,9,"#AppleEvent2025"
"89298955254244449_4988201212","reel",2025-09-23 05:00:00,229,6,"#AppleEvent2025"
"23693205535663265_1394789189","carousel",2025-09-23 06:00:00,268,8,"#AppleEvent2025"
"03405360779849255_0756150992","carousel",2025-09-21 18:00:00,303,8,"#AppleEvent2025"
"24867548705560224_8814984527","image",2025-10-07 02:00:00,586,14,"#AppleEvent2025"
"00274162805140486_2626642589","carousel",2025-09-23 03:00:00,414,13,"#AppleEvent2025"
"29764764564308239_3552917796","image",2025-09-24 05:00:00,63,1,"#AppleEvent2025"
"68906560423556290_3729442459","image",2025-09-01 12:00:00,172,1,"#AppleEvent2025"
"06887956476656994_9425185397","carousel",2025-10-08 16:00:00,637,21,"#AppleEvent2025"
"68596146062255125_0426319978","image",2025-09-10 19:00:00,336,6,"#AppleEvent2025"
"71012424617061338_0939310994","reel",2025-08-28 19:00:00,921,15,"#AppleEvent2025"
"68498689555359495_6494271367","reel",2025-09-23 17:00:00,0,16,"#AppleEvent2025"
"78856573224152139_7730813473","reel",2025-08-24 21:00:00,1205,43,"#AppleEvent2025"
"21991481607138509_2797751467","image",2025-09-09,1241,40,"#AppleEvent2025"
"46606098890143335_6178243676","carousel",2025-07-27 18:00:00,311,7,"#AppleEvent2025"
"11726966648824020_3440639883","reel",2025-07-31 06:00:00,451,13,"#AppleEvent2025"
"34721568840694399_1248073341","image",2025-09-01,336,10,"#AppleEvent2025"
"68871239586705527_1304314822","reel",2025-09-28,326,9,"#AppleEvent2025"
"03060302662332115_9855130347","image",2025-08-11 01:00:00,102,2,"#AppleEvent2025"
"20728155022934555_5751074365","image",2025-09-03 09:00:00,232,4,"#AppleEvent2025"
"48279236256767495_0329589164","reel",2025-09-17 04:00:00,207,10,"#AppleEvent2025"
"59603463937281983_4364002445","reel",2025-09-26,85,1,"#AppleEvent2025"
"72531168566135693_2362898433","reel",2025-10-09 16:00:00,122,2,"#AppleEvent2025"
"93883055795116901_7524764449","carousel",2025-08-21 23:00:00,779,24,"#AppleEvent2025"
"34388867919746985_8391042883","reel",2025-10-03 13:00:00,75,4,"#AppleEvent2025"
"80852742713929174_4167770871","image",2025-10-02 20:00:00,257,8,"#AppleEvent2025"
"82064761649049088_5411326406","image",2025-07-30 13:00:00,108,1,"#AppleEvent2025"
"42328843370163892_3837676111","image",2025-08-16 17:00:00,245,6,"#AppleEvent2025"
"38275523893562247_5823245326","image",2025-09-01 11:00:00,437,13,"#AppleEvent2025"
"44454306552502863_3620551092","image",2025-09-19 22:00:00,85,2,"#AppleEvent2025"
"46362632798219152_2296584160","image",2025-09-24 20:00:00,128,4,"#AppleEvent2025"
"53456475624234138_2519535713","carousel",2025-09-07 06:00:00,320,12,"#AppleEvent2025"
"71571182563145293_3603459636","reel",2025-07-29 22:00:00,57,2,"#AppleEvent2025"
"05040110676262653_3042442000","image",2025-09-22 03:00:00,1150,31,"#AppleEvent2025"
"24769383649690356_9140726521","carousel",2025-09-18 05:00:00,38,1,"#AppleEvent2025"
"60381867020418976_3518380033","image",2025-08-21 01:00:00,234,13,"#AppleEvent2025"
"91144847938106848_3398334952","carousel",2025-09-21 14:00:00,414,11,"#AppleEvent2025"
"00088254655358096_8754940868","image",2025-09-25 05:00:00,83,0,"#AppleEvent2025"
"69380885834205236_3546185319","image",2025-10-08 04:00:00,167,8,"#AppleEvent2025"
"68745722496844021_6585261739","image",2025-09-23 18:00:00,157,6,"#AppleEvent2025"
"44822456924489607_8901913723","image",2025-08-29 09:00:00,113,3,"#AppleEvent2025"
"78532721545163869_1497576587","carousel",2025-08-26 04:00:00,129,3,"#AppleEvent2025"
"96370817883832427_3093131989","carousel",2025-08-29 01:00:00,335,13,"#AppleEvent2025"
"52906813873867116_0851823087","carousel",2025-08-27 08:00:00,111,4,"#AppleEvent2025"
"98234756576238188_2947159939","carousel",2025-09-21 20:00:00,209,6,"#AppleEvent2025"
"92691987616277587_1182622040","reel",2025-09-22 02:00:00,41,0,"#AppleEvent2025"
"59228190430676214_9235929354","image",2025-09-02 06:00:00,138,5,"#AppleEvent2025"
"20259567809501236_0088820890","reel",2025-10-04 06:00:00,105,5,"#AppleEvent2025"
"19536608383759326_7998892163","reel",2025-08-31 05:00:00,142,5,"#AppleEvent2025"
"74590814875812251_3048718624","image",2025-08-07 17:00:00,147,0,"#AppleEvent2025"
"24556244957364638_3652081399","reel",2025-08-21 03:00:00,241,3,"#AppleEvent2025"
"79846210440244981_2493526593","reel",2025-09-07 18:00:00,240,5,"#AppleEvent2025"
"40424947641331717_5087310278","reel",2025-08-08 13:00:00,102,1,"#AppleEvent2025"
"50056992373482475_7888733762","carousel",2025-07-22 02:00:00,208,4,"#AppleEvent2025"
"06123475554355527_9703557367","carousel",2025-07-28 10:00:00,80,2,"#AppleEvent2025"
"88321176567874819_0659025499","image",2025-08-11 04:00:00,67,3,"#AppleEvent2025"
"88604173821459868_7127840523","carousel",2025-10-06 10:00:00,126,4,"#AppleEvent2025"
"70813950428324013_3612645129","carousel",2025-08-30 20:00:00,343,8,"#AppleEvent2025"
"53071277698719516_3281721836","carousel",2025-09-08 23:00:00,115,7,"#AppleEvent2025"
"43931698522417038_3606197219","image",2025-07-19 15:00:00,193,6,"#AppleEvent2025"
"09235026078447115_2951213069","image",2025-09-27 02:00:00,391,9,"#AppleEvent2025"
"85044591238347953_9491613523","image",2025-10-05 10:00:00,83,2,"#AppleEvent2025"
"81661305876741758_5779870530","carousel",2025-08-22 01:00:00,418,10,"#AppleEvent2025"
"60081671714699406_0749547186","carousel",2025-10-08 23:00:00,114,3,"#AppleEvent2025"
"29917379349054747_1439073096","image",2025-10-07 08:00:00,250,4,"#AppleEvent2025"
"37312675748925834_9085936300","reel",2025-07-31 15:00:00,474,13,"#AppleEvent2025"
"08525545909303183_7937826424","reel",2025-09-15 11:00:00,169,4,"#AppleEvent2025"
"74666257487119508_6590541496","carousel",2025-10-08 09:00:00,164,3,"#AppleEvent2025"
"43717645111196847_8717233609","carousel",2025-09-18 08:00:00,30,0,"#AppleEvent2025"
"09156780178277193_0096309007","image",2025-10-09 21:00:00,64,2,"#AppleEvent2025"
"50429968288752037_8104717762","carousel",2025-09-21 15:00:00,103,2,"#AppleEvent2025"
"68428975469322701_1156671912","carousel",2025-08-22 07:00:00,231,7,"#AppleEvent2025"
"97955739127905677_9584483960","image",2025-09-09 10:00:00,268,9,"#AppleEvent2025"
"94560470291657103_0244699542","reel",2025-08-09 05:00:00,271,9,"#AppleEvent2025"
"14941207024584180_5609239246","image",2025-09-09 17:00:00,220,5,"#AppleEvent2025"
"91903904234015477_6283189589","carousel",2025-08-18 10:00:00,117,8,"#AppleEvent2025"
"53152968289680141_6540326473","carousel",2025-09-30 03:00:00,428,12,"#AppleEvent2025"
"15793868574787610_9710833537","carousel",2025-09-15,99,1,"#AppleEvent2025"
"57676813047072038_8737693803","image",2025-09-14 22:00:00,3281,97,"#AppleEvent2025"
"31754117904078453_3233284397","reel",2025-07-25 11:00:00,56,4,"#AppleEvent2025"
"46357091700894345_4514653719","image",2025-09-25 18:00:00,740,26,"#AppleEvent2025"
"28818290403488499_0590313670","image",2025-09-11 21:00:00,102,5,"#AppleEvent2025"
"03090015010993122_5150214413","carousel",2025-09-15 22:00:00,329,12,"#AppleEvent2025"
"13554272344998504_1026746067","carousel",2025-08-23,57,1,"#AppleEvent2025"
"94778360571787198_4910358672","reel",2025-09-03 06:00:00,325,11,"#AppleEvent2025"
"93397703848728132_0476553640","image",2025-09-02 14:00:00,98,3,"#AppleEvent2025"
"51270441169137008_5384805040","carousel",2025-08-02 19:00:00,149,1,"#AppleEvent2025"
"02686679610538408_3004744266","reel",2025-08-21 02:00:00,124,4,"#AppleEvent2025"
"81898822813271759_2392701245","image",2025-09-12 11:00:00,268,8,"#AppleEvent2025"
"48562907741971972_0505946606","carousel",2025-08-14 02:00:00,152,2,"#AppleEvent2025"
"99127784282059809_7887599689","carousel",2025-09-23 12:00:00,636,17,"#AppleEvent2025"
"46326145455499273_4709337964","image",2025-08-30 20:00:00,493,13,"#AppleEvent2025"
"45011136742243162_0400030286","carousel",2025-09-18 03:00:00,89,6,"#AppleEvent2025"
"59299026653328854_3753975217","image",2025-10-09 13:00:00,275,9,"#AppleEvent2025"
"63895415791271288_1495825366","reel",2025-10-09 14:00:00,300,11,"#AppleEvent2025"
"04274118248481751_9203120624","reel",2025-09-09 05:00:00,331,12,"#AppleEvent2025"
"97685242695152538_2354789472","carousel",2025-09-20 02:00:00,116,2,"#AppleEvent2025"
"70113622412764312_8211510469","image",2025-09-14 06:00:00,159,2,"#AppleEvent2025"
"17097468443149189_0390081622","reel",2025-07-31 23:00:00,151,5,"#AppleEvent2025"
"15948456896900332_0823181240","image",2025-09-12 10:00:00,124,5,"#AppleEvent2025"
"41188869542865424_8057533120","image",2025-09-18 19:00:00,135,6,"#AppleEvent2025"
"42420199724616822_8649790760","carousel",2025-09-19 07:00:00,1198,38,"#AppleEvent2025"
"25899587129229304_4624479001","reel",2025-09-08 12:00:00,328,6,"#AppleEvent2025"
"13965710753132269_4776930740","image",2025-10-07 22:00:00,230,2,"#AppleEvent2025"
"43837690200064676_0683917950","carousel",2025-09-17 18:00:00,689,17,"#AppleEvent2025"
"25407702388497643_6007909188","reel",2025-10-06 11:00:00,394,8,"#AppleEvent2025"
"68996022362273136_3708658799","reel",2025-09-27 03:00:00,285,15,"#AppleEvent2025"
"04570594061968779_2448086953","carousel",2025-09-26 19:00:00,99,1,"#AppleEvent2025"
"28719698733592047_4960780214","image",2025-09-07 18:00:00,327,0,"#AppleEvent2025"
"91208213517131370_3999402207","reel",2025-08-11 03:00:00,437,13,"#AppleEvent2025"
"02151251413220037_7996453063","carousel",2025-07-24 07:00:00,222,0,"#AppleEvent2025"
"54392418898300118_3947477321","carousel",2025-08-07 17:00:00,127,4,"#AppleEvent2025"
"57689426740874054_9410148192","reel",2025-08-29 23:00:00,0,6,"#AppleEvent2025"
"91690406962139232_5500355207","image",2025-10-05 08:00:00,67,1,"#AppleEvent2025"
"05326024114316994_1243445741","reel",2025-09-01 20:00:00,52,3,"#AppleEvent2025"
"57007741624891071_1849020989","image",2025-08-27 01:00:00,433,14,"#AppleEvent2025"
"11111210674692153_6864249042","image",2025-08-29 20:00:00,90,5,"#AppleEvent2025"
"58333764544355981_3190343189","image",2025-08-25 08:00:00,221,12,"#AppleEvent2025"
"92106176487208535_3840324305","reel",2025-10-09 11:00:00,374,9,"#AppleEvent2025"
"84836326243973563_4793989483","image",2025-08-06 17:00:00,29,2,"#AppleEvent2025"
"03919697080651885_3766287263","carousel",2025-08-27 17:00:00,487,15,"#AppleEvent2025"
"64611761701033271_8924294454","image",2025-08-31 05:00:00,342,9,"#AppleEvent2025"
"01824626773198539_8551561150","image",2025-10-01 21:00:00,425,11,"#AppleEvent2025"
"96480789487470007_0066498032","carousel",2025-08-05 16:00:00,211,0,"#AppleEvent2025"
"79099835787884295_1599290803","reel",2025-10-07 03:00:00,320,13,"#AppleEvent2025"
"78835053368067273_6491091088","image",2025-07-30 16:00:00,78,4,"#AppleEvent2025"
"35221589513243419_4293529610","image",2025-09-18 06:00:00,216,5,"#AppleEvent2025"
"93772938042121821_2243045098","image",2025-08-02 20:00:00,276,5,"#AppleEvent2025"
"15065758595212445_1607478139","reel",2025-08-10 14:00:00,171,8,"#AppleEvent2025"
"33241365073111718_0908089391","reel",2025-08-27 03:00:00,67,1,"#AppleEvent2025"
"44704582315233705_3891159731","carousel",2025-09-20 23:00:00,54,2,"#AppleEvent2025"
"90008886322111572_5150372189","carousel",2025-09-22 15:00:00,1331,37,"#AppleEvent2025"
"71987248364726031_6583086101","carousel",2025-09-07 03:00:00,357,8,"#AppleEvent2025"
"78703007054776496_1730735470","image",2025-10-08 20:00:00,347,14,"#AppleEvent2025"
"18837557873687040_4389569365","reel",2025-08-25 05:00:00,41,1,"#AppleEvent2025"
"90578237601122406_3022789893","image",2025-09-09 18:00:00,209,10,"#AppleEvent2025"
"07260892631691803_2217451031","reel",2025-08-26 21:00:00,230,4,"#AppleEvent2025"
"81251353986282919_3966411335","image",2025-08-15 15:00:00,294,12,"#AppleEvent2025"
"59238261012572081_1614321177","carousel",2025-09-21 11:00:00,349,8,"#AppleEvent2025"
"48520802239362426_0803145656","image",2025-10-09 01:00:00,205,7,"#AppleEvent2025"
"53461924489567939_6496284360","carousel",2025-10-09 11:00:00,438,15,"#AppleEvent2025"
"44842287822566784_7615068588","image",2025-09-15,564,19,"#AppleEvent2025"
"84677883952281201_0650418083","image",2025-09-05 14:00:00,147,3,"#AppleEvent2025"
"89970589609578447_4103219014","carousel",2025-10-01 21:00:00,720,19,"#AppleEvent2025"
"48676873999174331_0078365489","carousel",2025-08-21 19:00:00,329,8,"#AppleEvent2025"
"81622947745526370_7575664054","reel",2025-08-23 15:00:00,316,8,"#AppleEvent2025"
"96679901516885920_6834827869","reel",2025-10-09 12:00:00,15,1,"#AppleEvent2025"
"07688054785241290_6682060791","reel",2025-09-22 18:00:00,80,0,"#AppleEvent2025"
"45878794141214624_7906850572","carousel",2025-09-05 23:00:00,352,10,"#AppleEvent2025"
"10082092770078515_3436563168","image",2025-09-08 19:00:00,40,0,"#AppleEvent2025"
"32339872192887158_0046261906","image",2025-08-10 17:00:00,211,6,"#AppleEvent2025"
"74764105025693872_8876550942","reel",2025-09-05 03:00:00,174,6,"#AppleEvent2025"
"96021173042158022_7290404384","reel",2025-08-19 02:00:00,136,7,"#AppleEvent2025"
"02127895012945923_7122440580","image",2025-10-08 16:00:00,166,4,"#AppleEvent2025"
"42476929676288288_9849893469","carousel",2025-08-30 04:00:00,263,12,"#AppleEvent2025"
"85283097994351702_7735414711","reel",2025-07-12 10:00:00,211,8,"#AppleEvent2025"
"12644943806159677_4395673272","image",2025-08-04 20:00:00,249,7,"#AppleEvent2025"
"03498599525024854_2284330628","image",2025-09-16 21:00:00,401,11,"#AppleEvent2025"
"03409272465430833_0987144229","carousel",2025-10-04 12:00:00,304,6,"#AppleEvent2025"
"81797642720938162_0854119218","reel",2025-08-27 06:00:00,463,14,"#AppleEvent2025"
"78424836327219010_1254802741","image",2025-10-02 17:00:00,536,14,"#AppleEvent2025"
"64534934359664077_5410076729","reel",2025-10-06 20:00:00,127,2,"#AppleEvent2025"
"98106284666164437_1927578000","reel",2025-09-07 05:00:00,364,7,"#AppleEvent2025"
"08239062281472255_7192985924","carousel",2025-07-19 12:00:00,201,4,"#AppleEvent2025"
"08055697554464001_5749943840","image",2025-07-24 02:00:00,349,10,"#AppleEvent2025"
"55786116263795652_0503976458","image",2025-09-15 11:00:00,69,2,"#AppleEvent2025"
"29595777959041014_5454074511","image",2025-09-20 04:00:00,121,0,"#AppleEvent2025"
"69517749947677651_7342233113","carousel",2025-09-16 03:00:00,838,32,"#AppleEvent2025"
"25148414212696921_6096167065","image",2025-07-20 02:00:00,0,12,"#AppleEvent2025"
"92696113096305040_8650054835","image",2025-09-18 12:00:00,228,0,"#AppleEvent2025"
"88506042302700243_1918326412","carousel",2025-08-16 06:00:00,1277,40,"#AppleEvent2025"
"38025096870177363_7826399700","carousel",2025-09-24 09:00:00,583,20,"#AppleEvent2025"
"37641966739986254_3081656978","carousel",2025-09-13 06:00:00,95,3,"#AppleEvent2025"
"56001388958165500_0671711053","image",2025-10-04 04:00:00,24,1,"#AppleEvent2025"
"18039536290912968_4295841913","image",2025-09-12 19:00:00,207,6,"#AppleEvent2025"
"28176583440673450_1313193998","carousel",2025-09-16 01:00:00,227,4,"#AppleEvent2025"
"01585360388770407_9616594975","image",2025-09-04 22:00:00,339,11,"#AppleEvent2025"
"30273969242388043_3898349050","carousel",2025-08-20 10:00:00,149,6,"#AppleEvent2025"
"31472382752586873_9685854844","carousel",2025-08-08 02:00:00,104,4,"#AppleEvent2025"
"69656321651746190_5793921271","reel",2025-10-06 14:00:00,168,9,"#AppleEvent2025"
"11674424212665096_1578572848","image",2025-10-02 03:00:00,328,18,"#AppleEvent2025"
"00037116128059690_3765720478","reel",2025-08-26 16:00:00,152,8,"#AppleEvent2025"
"63547596488851475_6648863347","carousel",2025-09-20 19:00:00,461,13,"#AppleEvent2025"
"13940624484030966_7043016756","carousel",2025-10-02 23:00:00,93,4,"#AppleEvent2025"
"94145469231936582_7931503925","carousel",2025-09-10 14:00:00,250,6,"#AppleEvent2025"
"87904955659085127_4015441107","carousel",2025-09-02 16:00:00,146,6,"#AppleEvent2025"
"00290413428152999_9317702088","reel",2025-09-02 02:00:00,191,6,"#AppleEvent2025"
"33053585102356527_2667552769","image",2025-08-31 15:00:00,79,1,"#AppleEvent2025"
"65141823258717838_9375122945","carousel",2025-08-10 22:00:00,1100,45,"#AppleEvent2025"
"21445490778060611_0085038267","reel",2025-08-25 23:00:00,519,19,"#AppleEvent2025"
"06688223482274339_1711764154","image",2025-09-15,160,7,"#AppleEvent2025"
"74809365655420000_2821211770","reel",2025-08-30 19:00:00,592,18,"#AppleEvent2025"
"34358857706819702_6441919142","image",2025-09-28 01:00:00,57,2,"#AppleEvent2025"
"35997004045911867_9129037424","image",2025-07-22 02:00:00,690,17,"#AppleEvent2025"
"32479962866190887_5309121622","carousel",2025-08-29 16:00:00,252,9,"#AppleEvent2025"
"70609066547687069_8636092549","carousel",2025-09-25 17:00:00,175,6,"#AppleEvent2025"
"21296237548962402_1932945775","image",2025-10-05 06:00:00,151,5,"#AppleEvent2025"
"33986089277051980_8748521713","image",2025-08-20 22:00:00,157,3,"#AppleEvent2025"
"03629635219659525_8278416763","image",2025-07-29 14:00:00,620,23,"#AppleEvent2025"
"67299236388711202_7526075743","carousel",2025-09-13 10:00:00,59,0,"#AppleEvent2025"
"33558708320441420_8463297706","reel",2025-09-21 11:00:00,640,26,"#AppleEvent2025"
"06084841578405975_7960033507","image",2025-08-20 01:00:00,375,11,"#AppleEvent2025"
"40441872784326870_8201553965","carousel",2025-08-29 02:00:00,147,6,"#AppleEvent2025"
"53272536179341967_7287986386","carousel",2025-09-07 23:00:00,115,4,"#AppleEvent2025"
"14798969894990053_8392085771","image",2025-09-01 13:00:00,265,13,"#AppleEvent2025"
"24215226022401926_2981230392","reel",2025-09-28 11:00:00,173,7,"#AppleEvent2025"
"03206929449309340_4769246123","image",2025-10-06 15:00:00,101,2,"#AppleEvent2025"
"64453134623033133_9825737493","image",2025-10-08 15:00:00,176,6,"#AppleEvent2025"
"29516298803287199_9126022162","carousel",2025-09-24 21:00:00,631,23,"#AppleEvent2025"
"71922036963586627_2188625985","reel",2025-08-28 07:00:00,933,21,"#AppleEvent2025"
"09361710341797789_3997026406","carousel",2025-09-22 09:00:00,246,9,"#AppleEvent2025"
"29945108357482990_7324872915","carousel",2025-09-30,113,2,"#AppleEvent2025"
"62693742524940127_4136996355","image",2025-10-06 15:00:00,80,1,"#AppleEvent2025"
"02466522519309168_8728355638","reel",2025-10-01 19:00:00,434,20,"#AppleEvent2025"
"84515439802053299_9340943024","reel",2025-08-10 12:00:00,73,6,"#AppleEvent2025"
"57216233858375070_3875037398","image",2025-08-05,99,2,"#AppleEvent2025"
"43303725484907169_0163468834","carousel",2025-07-20 13:00:00,285,9,"#AppleEvent2025"
"35382565358462767_6700840888","image",2025-10-09 05:00:00,126,5,"#AppleEvent2025"
"59865483779691620_3977185601","image",2025-09-14 03:00:00,82,1,"#AppleEvent2025"
"79328630864702913_5091750612","reel",2025-09-18 22:00:00,116,0,"#AppleEvent2025"
"60725468925594753_0891329542","image",2025-07-29 16:00:00,210,6,"#AppleEvent2025"
"36693310630930484_5714568612","carousel",2025-09-30 02:00:00,7746,204,"#AppleEvent2025"
"18553952946263396_0450180660","carousel",2025-08-20 13:00:00,196,5,"#AppleEvent2025"
"79489858396663063_9930310047","reel",2025-09-04 07:00:00,417,9,"#AppleEvent2025"
"96207321193609308_6567354368","carousel",2025-10-06 11:00:00,675,22,"#AppleEvent2025"
"99124470107454372_2726099317","carousel",2025-09-08 22:00:00,436,14,"#AppleEvent2025"
"77263276100195743_6859666479","carousel",2025-10-06 20:00:00,434,13,"#AppleEvent2025"
"21163106247281172_5724422616","carousel",2025-09-30 11:00:00,61,2,"#AppleEvent2025"
"94157903333809269_2257454781","reel",2025-09-01 05:00:00,211,7,"#AppleEvent2025"
"03698800492200966_9648817794","carousel",2025-08-27 01:00:00,95,2,"#AppleEvent2025"
"18803719752280650_5631228586","carousel",2025-07-23 15:00:00,140,2,"#AppleEvent2025"
"31535388516840754_8289475463","image",2025-09-09 02:00:00,162,11,"#AppleEvent2025"
"48714547917053198_6211394574","reel",2025-09-24 02:00:00,146,3,"#AppleEvent2025"
"80945385672962893_6206764817","image",2025-08-10 02:00:00,190,5,"#AppleEvent2025"
"59819247356434542_5902874891","carousel",2025-09-15 19:00:00,232,9,"#AppleEvent2025"
"43854420797411920_4070091228","reel",2025-09-27 09:00:00,408,16,"#AppleEvent2025"
"65433109886507136_2681417378","image",2025-09-20 22:00:00,155,0,"#AppleEvent2025"
"64674897213446852_8714643304","image",2025-08-02 07:00:00,322,10,"#AppleEvent2025"
"72808212768695414_7779937484","image",2025-10-05 23:00:00,224,7,"#AppleEvent2025"
"69481462298389483_9984307437","image",2025-09-15 15:00:00,424,19,"#AppleEvent2025"
"78622276540846650_8884435155","reel",2025-09-05 08:00:00,253,6,"#AppleEvent2025"
"24967802768548923_2780166932","carousel",2025-08-17,1031,40,"#AppleEvent2025"
"03007586781518174_9907108475","reel",2025-07-20,275,6,"#AppleEvent2025"
"33327702644709920_7733424026","image",2025-08-20 01:00:00,313,7,"#AppleEvent2025"
"55579746244882123_1131312731","image",2025-09-17 05:00:00,32,3,"#AppleEvent2025"
"39224957958289113_1556976282","reel",2025-09-08 05:00:00,388,13,"#AppleEvent2025"
"86631059953320977_1923968431","image",2025-09-20 03:00:00,152,5,"#AppleEvent2025"
"47722104260969161_3866405282","image",2025-09-17 01:00:00,35,1,"#AppleEvent2025"
"58788006671100234_7643846983","reel",2025-09-11 12:00:00,392,0,"#AppleEvent2025"
"90193086945382354_9194224150","carousel",2025-09-11 09:00:00,324,12,"#AppleEvent2025"
"59890776087776899_7327164890","reel",2025-09-24 22:00:00,76,2,"#AppleEvent2025"
"51432965342923719_1695879939","image",2025-09-15 16:00:00,115,4,"#AppleEvent2025"
"07201858691516033_7154517773","carousel",2025-10-01 06:00:00,893,40,"#AppleEvent2025"
"09678185440997363_2408544170","image",2025-09-10 05:00:00,29,2,"#AppleEvent2025"
"91519275521699566_5082953397","reel",2025-09-16 15:00:00,80,2,"#AppleEvent2025"
"95946772694372678_9904892352","image",2025-08-31 22:00:00,244,4,"#AppleEvent2025"
"83093645446188847_3768563224","reel",2025-08-16 06:00:00,0,1,"#AppleEvent2025"
"91659741042733930_8206567374","carousel",2025-10-01 22:00:00,102,1,"#AppleEvent2025"
"09529822936492519_1225844321","image",2025-09-19 12:00:00,267,6,"#AppleEvent2025"
"06332887519810567_7720573805","image",2025-09-29 12:00:00,627,24,"#AppleEvent2025"
"93953936031050681_2405826746","carousel",2025-08-10 12:00:00,283,7,"#AppleEvent2025"
"28669163603623496_1818374155","image",2025-07-29 02:00:00,40,0,"#AppleEvent2025"
"71941070244738126_6751012110","reel",2025-08-11 20:00:00,154,2,"#AppleEvent2025"
"24702703536188292_4011698467","reel",2025-08-27 10:00:00,172,6,"#AppleEvent2025"
"17508042888210555_6309622173","carousel",2025-09-18 16:00:00,164,9,"#AppleEvent2025"
"45898458108050784_6920461937","image",2025-10-09 01:00:00,230,9,"#AppleEvent2025"
"29271251642024119_7190665098","image",2025-08-05 03:00:00,63,3,"#AppleEvent2025"
"60799844706377228_2167266944","reel",2025-08-10 12:00:00,417,10,"#AppleEvent2025"
"61504842554064683_2278189074","image",2025-09-28,21,1,"#AppleEvent2025"
"86918678402295264_1926840217","carousel",2025-07-15 12:00:00,293,5,"#AppleEvent2025"
"80415616333252230_1404357316","image",2025-07-31 02:00:00,607,9,"#AppleEvent2025"
"08093414906175389_0561358461","carousel",2025-08-20 03:00:00,134,1,"#AppleEvent2025"
"13334353668902326_2188636028","carousel",2025-09-22 07:00:00,20,0,"#AppleEvent2025"
"95040376845898719_9252858825","image",2025-08-26 13:00:00,1215,30,"#AppleEvent2025"
"62428333284875723_6352237112","image",2025-08-05,61,0,"#AppleEvent2025"
"45398859671664136_6476545592","image",2025-07-24 23:00:00,584,15,"#AppleEvent2025"
"53892214488470760_0633781977","carousel",2025-09-27 09:00:00,153,2,"#AppleEvent2025"
"66118640834110203_1245077166","reel",2025-08-22 03:00:00,430,12,"#AppleEvent2025"
"36434172343498576_1802754340","image",2025-08-20 04:00:00,0,8,"#AppleEvent2025"
"82315501327510635_1649307228","carousel",2025-08-19 23:00:00,97,3,"#AppleEvent2025"
"54026966298121543_5213538545","carousel",2025-08-17 12:00:00,245,7,"#AppleEvent2025"
"88635998547502272_4983944229","reel",2025-10-05 10:00:00,284,7,"#AppleEvent2025"
"55176704938597767_7789281221","carousel",2025-09-24 04:00:00,116,0,"#AppleEvent2025"
"21355830260653325_8793828140","carousel",2025-10-07 03:00:00,541,16,"#AppleEvent2025"
"03672427126886850_1148436959","image",2025-09-07 13:00:00,121,7,"#AppleEvent2025"
"58956549956449108_7687068961","image",2025-08-08 20:00:00,70,5,"#AppleEvent2025"
"10627351144309511_4714347838","image",2025-10-01 09:00:00,560,23,"#AppleEvent2025"
"32223517305172241_5011390147","image",2025-09-03 18:00:00,169,10,"#AppleEvent2025"
"45003963739426087_0979486263","reel",2025-09-17 15:00:00,53,2,"#AppleEvent2025"
"98174421483266361_6274404688","image",2025-09-09 08:00:00,642,17,"#AppleEvent2025"
"81928260716192549_9747427389","reel",2025-09-24 03:00:00,166,5,"#AppleEvent2025"
"04861315366293009_7934688414","image",2025-08-29 02:00:00,60,1,"#AppleEvent2025"
"62623395296412394_4989459499","carousel",2025-07-17 03:00:00,885,33,"#AppleEvent2025"
"95734695362494410_5758097972","carousel",2025-09-16 15:00:00,87,2,"#AppleEvent2025"
"81345049455940104_1047368931","carousel",2025-08-11 21:00:00,1380,50,"#AppleEvent2025"
"62157017846702152_2315830881","carousel",2025-09-21 01:00:00,105,2,"#AppleEvent2025"
"54635600738824443_1649734892","carousel",2025-10-08 06:00:00,232,5,"#AppleEvent2025"
"11557824045202608_1261788798","reel",2025-08-21 16:00:00,263,11,"#AppleEvent2025"
"30515470015137195_8042036091","image",2025-08-04 19:00:00,268,4,"#AppleEvent2025"
"90413319885848076_1252450741","reel",2025-08-28 21:00:00,134,5,"#AppleEvent2025"
"47531697832687013_0791820039","image",2025-10-01 19:00:00,130,2,"#AppleEvent2025"
"64250491142930381_5961463942","image",2025-07-14 12:00:00,75,5,"#AppleEvent2025"
"06435739813957742_2943571092","carousel",2025-08-26 12:00:00,41,0,"#AppleEvent2025"
"30706819490426685_7956800700","image",2025-10-01 07:00:00,1275,39,"#AppleEvent2025"
"92998366838721284_3253661192","reel",2025-09-20 06:00:00,63,0,"#AppleEvent2025"
"49289857871759224_3263856460","image",2025-09-27 03:00:00,297,0,"#AppleEvent2025"
"98607523661737948_3481781487","reel",2025-10-03 01:00:00,56,0,"#AppleEvent2025"
"33392951545705240_5044088390","carousel",2025-10-04 19:00:00,42,1,"#AppleEvent2025"
"47754291290886338_4933956803","image",2025-08-24 17:00:00,264,8,"#AppleEvent2025"
"03984748237648330_0424641163","carousel",2025-09-06,93,4,"#AppleEvent2025"
"72007499424416427_9165941862","reel",2025-09-10,154,3,"#AppleEvent2025"
"17430647026962675_9554610635","reel",2025-09-21 02:00:00,109,3,"#AppleEvent2025"
"09803943753503913_4113357517","carousel",2025-09-22 22:00:00,75,6,"#AppleEvent2025"
"86151364477155880_9295145407","reel",2025-09-19 22:00:00,79,3,"#AppleEvent2025"
"12609734947568740_3925906351","carousel",2025-08-21 21:00:00,228,4,"#AppleEvent2025"
"47428942894244696_3864410038","reel",2025-10-07,217,3,"#AppleEvent2025"
"05733266188389140_4831802834","carousel",2025-09-02 11:00:00,173,6,"#AppleEvent2025"
"58429127332513768_1780031566","carousel",2025-07-16 04:00:00,220,10,"#AppleEvent2025"
"37292497125380101_6391086127","carousel",2025-10-09 12:00:00,341,7,"#AppleEvent2025"
"61323624328689087_6408938110","image",2025-09-11 19:00:00,510,19,"#AppleEvent2025"
"62808388261239381_2544417580","image",2025-09-13 11:00:00,158,10,"#AppleEvent2025"
"20285838429204045_0063025775","image",2025-09-26 13:00:00,328,10,"#AppleEvent2025"
"16713583050815659_3247212673","carousel",2025-10-02 17:00:00,604,21,"#AppleEvent2025"
"66094046039314937_0839981364","image",2025-10-02 18:00:00,562,25,"#AppleEvent2025"
"26047116284683841_3759573392","image",2025-07-18 15:00:00,46,0,"#AppleEvent2025"
"77727680845044199_9308309692","carousel",2025-10-04 10:00:00,514,14,"#AppleEvent2025"
"35121236099559745_0764575664","reel",2025-09-26 03:00:00,71,3,"#AppleEvent2025"
"68425136189948702_0542258081","carousel",2025-09-28 22:00:00,354,13,"#AppleEvent2025"
"30366463999340534_6615340260","carousel",2025-09-28 02:00:00,207,5,"#AppleEvent2025"
"43399327947995055_4474922786","image",2025-08-20 21:00:00,770,27,"#AppleEvent2025"
"37995328570252851_1228804231","carousel",2025-10-02 10:00:00,171,0,"#AppleEvent2025"
"97844404590565598_0851204974","carousel",2025-10-02 01:00:00,100,0,"#AppleEvent2025"
"41037537078179749_8508292242","reel",2025-09-08 17:00:00,935,25,"#AppleEvent2025"
"86885817148432646_9215484182","carousel",2025-08-21 04:00:00,549,20,"#AppleEvent2025"
"14811041089654370_3227982070","carousel",2025-09-28 15:00:00,187,8,"#AppleEvent2025"
"33991051146497510_0873615934","carousel",2025-10-05 15:00:00,1398,39,"#AppleEvent2025"
"31671437106393155_7170937967","image",2025-08-09 12:00:00,265,9,"#AppleEvent2025"
"93443134110546967_3813303042","image",2025-09-17 21:00:00,83,0,"#AppleEvent2025"
"95824790077887558_6879575053","reel",2025-09-27 18:00:00,473,11,"#AppleEvent2025"
"71079990379621454_6302817890","carousel",2025-09-28 08:00:00,210,4,"#AppleEvent2025"
"84953016462266034_5168360363","image",2025-08-17 12:00:00,61,2,"#AppleEvent2025"
"69713511898900912_8723870936","carousel",2025-09-10 16:00:00,73,6,"#AppleEvent2025"
"96336190517728354_8842327769","image",2025-10-02 11:00:00,181,3,"#AppleEvent2025"
"65064721747989183_2696458066","carousel",2025-09-18 22:00:00,591,21,"#AppleEvent2025"
"21266142909253631_4967474298","image",2025-08-21 14:00:00,580,8,"#AppleEvent2025"
"81081664560765203_6001400038","reel",2025-08-27 17:00:00,33,1,"#AppleEvent2025"
"67622762370713011_5381717217","image",2025-07-27 10:00:00,10632,339,"#AppleEvent2025"
"74024899073508725_1994831935","image",2025-09-24,129,0,"#AppleEvent2025"
"87652311000630997_8221560798","image",2025-10-08 22:00:00,155,1,"#AppleEvent2025"
"84257203032830825_5440314256","image",2025-08-31 10:00:00,109,1,"#AppleEvent2025"
"58108776853402394_5797416239","image",2025-09-30 10:00:00,69,0,"#AppleEvent2025"
"91248124790882947_2630974286","reel",2025-09-17 02:00:00,105,3,"#AppleEvent2025"
"17759609920640962_8783714466","carousel",2025-09-19 18:00:00,861,24,"#AppleEvent2025"
"16484123038675710_6970270366","image",2025-09-20 12:00:00,169,4,"#AppleEvent2025"
"59639134238116321_2670660602","carousel",2025-09-25 02:00:00,0,6,"#AppleEvent2025"
"99165744518124994_7347899159","image",2025-10-05 20:00:00,341,14,"#AppleEvent2025"
"29798155021475442_4686588268","carousel",2025-09-25 01:00:00,149,2,"#AppleEvent2025"
"67121112075225413_2530982659","carousel",2025-09-25 20:00:00,152,5,"#AppleEvent2025"
"79718745615851514_4518199763","carousel",2025-09-26 20:00:00,440,14,"#AppleEvent2025"
"83231730580152467_4712282038","reel",2025-10-07 23:00:00,409,18,"#AppleEvent2025"
"01894946067100730_1127038882","carousel",2025-09-19 01:00:00,326,10,"#AppleEvent2025"
"55349779096500875_7190427156","image",2025-10-09 21:00:00,102,3,"#AppleEvent2025"
"14890707366362701_8483101361","carousel",2025-09-25,59,1,"#AppleEvent2025"
"62758837300868992_0932837185","reel",2025-09-24 02:00:00,372,11,"#AppleEvent2025"
"30807517702526326_4803616839","carousel",2025-09-19 11:00:00,188,7,"#AppleEvent2025"
"03627583733013912_1555173331","reel",2025-09-21 16:00:00,159,4,"#AppleEvent2025"
"98519274758204486_0108013691","image",2025-09-16 07:00:00,138,4,"#AppleEvent2025"
"83973846965572382_8258287474","carousel",2025-09-10 10:00:00,115,6,"#AppleEvent2025"
"73704627742932095_8372079675","carousel",2025-10-08 14:00:00,256,11,"#AppleEvent2025"
"81526577644066503_4861823245","carousel",2025-08-02 19:00:00,188,3,"#AppleEvent2025"
