"id","media_type","timestamp","like_count","comments_count","hashtag"
"68896464581471088_5489357556","carousel",2025-09-18 03:00:00,91,0,"#MadeByGoogle"
"76841956804474631_0010170211","image",2025-07-11 20:00:00,138,1,"#MadeByGoogle"
"35023043162920653_4621735965","reel",2025-08-01 05:00:00,76,2,"#MadeByGoogle"
"79388326377447532_9647892972","image",2025-07-14 20:00:00,104,3,"#MadeByGoogle"
"73369411251982527_0144362969","image",2025-06-28 04:00:00,796,17,"#MadeByGoogle"
"77379510824483922_5936825483","carousel",2025-07-23 22:00:00,109,1,"#MadeByGoogle"
"22258214461766741_2822467932","reel",2025-07-23 03:00:00,96,1,"#MadeByGoogle"
"23841806050579149_1425585316","image",2025-08-23 14:00:00,210,5,"#MadeByGoogle"
"23689725088670971_7581668224","image",2025-06-27 04:00:00,305,9,"#MadeByGoogle"
"13909497458208107_8125061492","carousel",2025-07-04 05:00:00,46,1,"#MadeByGoogle"
"28461596828557350_3596640270","carousel",2025-07-26 11:00:00,171,0,"#MadeByGoogle"
"01801377489036516_2105534497","carousel",2025-06-29 03:00:00,98,2,"#MadeByGoogle"
"06195359258786279_1777108462","image",2025-06-26 23:00:00,217,8,"#MadeByGoogle"
"57820764263848688_6328170961","image",2025-07-09 10:00:00,154,6,"#MadeByGoogle"
"94689152276145208_7807779977","reel",2025-08-03 14:00:00,198,6,"#MadeByGoogle"
"83822780390948473_1026741894","carousel",2025-06-29 18:00:00,388,14,"#MadeByGoogle"
"00474334781722474_6987955388","image",2025-06-26 07:00:00,714,23,"#MadeByGoogle"
"47382120792570321_2642536493","image",2025-08-15,0,3,"#MadeByGoogle"
"80406407036264552_6924323973","image",2025-07-29 02:00:00,625,20,"#MadeByGoogle"
"53674936834017644_3562383536","image",2025-06-24 22:00:00,558,16,"#MadeByGoogle"
"17370451467424353_9766854420","reel",2025-07-13 22:00:00,155,4,"#MadeByGoogle"
"87198966319060335_3808790096","image",2025-08-14 12:00:00,158,4,"#MadeByGoogle"
"84111748254183400_1999646431","carousel",2025-08-08 23:00:00,75,4,"#MadeByGoogle"
"09128306319233817_2941394611","image",2025-07-18 16:00:00,81,3,"#MadeByGoogle"
"31091339175231017_4614868789","carousel",2025-07-25 07:00:00,852,28,"#MadeByGoogle"
"56434255193791894_9789939915","reel",2025-08-14 05:00:00,1348,46,"#MadeByGoogle"
"50983936869583205_1572677593","reel",2025-07-30 13:00:00,287,11,"#MadeByGoogle"
"51087573419448619_8998996008","carousel",2025-08-28 11:00:00,308,7,"#MadeByGoogle"
"65236336061740260_6715986066","image",2025-07-16 04:00:00,326,13,"#MadeByGoogle"
"06401455077388302_2554698659","image",2025-08-22 14:00:00,189,3,"#MadeByGoogle"
"95192126540834111_0686068200","reel",2025-06-29 19:00:00,100,2,"#MadeByGoogle"
"71459059343379040_8153401728","reel",2025-08-18 04:00:00,194,5,"#MadeByGoogle"
"25398522834877846_4192198667","reel",2025-08-28 20:00:00,38,1,"#MadeByGoogle"
"99346049480422074_0628685248","image",2025-07-26,191,6,"#MadeByGoogle"
"83987896765542682_4583787619","image",2025-07-16 07:00:00,148,6,"#MadeByGoogle"
"98112797655763684_4810426763","reel",2025-07-15 02:00:00,109,3,"#MadeByGoogle"
"01739779825403608_9808959062","image",2025-07-24 13:00:00,28,0,"#MadeByGoogle"
"20415639460799864_5935482635","carousel",2025-08-13,108,2,"#MadeByGoogle"
"14055243941555819_8257423699","image",2025-09-03 02:00:00,225,2,"#MadeByGoogle"
"53235158401401783_5422131488","image",2025-07-20 22:00:00,73,0,"#MadeByGoogle"
"82292868586680332_7211345500","reel",2025-07-19 08:00:00,267,8,"#MadeByGoogle"
"76734048650907947_1566078404","reel",2025-07-08 14:00:00,985,18,"#MadeByGoogle"
"44265513540538712_6668725238","image",2025-06-27 10:00:00,297,10,"#MadeByGoogle"
"95341440685683364_9561183901","carousel",2025-07-02 01:00:00,35,1,"#MadeByGoogle"
"71476143762954047_9722466943","image",2025-08-15 12:00:00,76,5,"#MadeByGoogle"
"14444764304735921_6390553920","image",2025-08-23 20:00:00,526,18,"#MadeByGoogle"
"59593723064456719_6093675261","reel",2025-07-23 08:00:00,208,11,"#MadeByGoogle"
"13673028426464723_4764573339","image",2025-06-25 07:00:00,138,5,"#MadeByGoogle"
"14831591542338813_0443128643","image",2025-08-16 13:00:00,365,11,"#MadeByGoogle"
"68338385373678531_0146246869","carousel",2025-08-07 09:00:00,51,0,"#MadeByGoogle"
"30524071541193764_1033903573","carousel",2025-07-04,108,1,"#MadeByGoogle"
"73758921817805839_9087526300","image",2025-07-28 15:00:00,476,8,"#MadeByGoogle"
"36862097023242430_3256671934","carousel",2025-07-26,155,4,"#MadeByGoogle"
"09816214963462438_7792146378","image",2025-07-03 15:00:00,549,21,"#MadeByGoogle"
"28799489526820295_0712375687","image",2025-07-07 18:00:00,178,11,"#MadeByGoogle"
"59380089542696357_7033412722","reel",2025-07-28 17:00:00,827,26,"#MadeByGoogle"
"20917094997726154_7116134758","image",2025-07-15 10:00:00,1419,41,"#MadeByGoogle"
"61804940464948491_2299658515","carousel",2025-08-14 05:00:00,90,2,"#MadeByGoogle"
"02636189001890676_9370691257","image",2025-06-23 11:00:00,172,2,"#MadeByGoogle"
"44969262905374180_5718830111","reel",2025-07-20 02:00:00,209,7,"#MadeByGoogle"
"97720954931801288_0740474461","image",2025-08-08 16:00:00,426,9,"#MadeByGoogle"
"43202091689140189_3660577921","image",2025-06-30 01:00:00,70,0,"#MadeByGoogle"
"67852514619876497_0549465690","reel",2025-08-09 15:00:00,181,8,"#MadeByGoogle"
"63683057347982561_2804770210","carousel",2025-06-30 06:00:00,111,3,"#MadeByGoogle"
"27821469290554757_9902379970","carousel",2025-08-07 17:00:00,0,5,"#MadeByGoogle"
"27617077058744561_8487651768","reel",2025-07-20 07:00:00,167,5,"#MadeByGoogle"
"84440679544388883_7005983401","carousel",2025-07-09 10:00:00,45,0,"#MadeByGoogle"
"55272620971355455_5410709757","image",2025-07-10 16:00:00,86,0,"#MadeByGoogle"
"16266544890254710_1808848786","image",2025-07-04 23:00:00,0,7,"#MadeByGoogle"
"87477271839497698_6842789169","image",2025-08-03 21:00:00,118,3,"#MadeByGoogle"
"08676588644799460_5329105710","carousel",2025-08-29 02:00:00,60,4,"#MadeByGoogle"
"04059868595373987_9156319705","carousel",2025-06-22 15:00:00,53,0,"#MadeByGoogle"
"37986214434536709_3567710227","carousel",2025-08-13 03:00:00,149,4,"#MadeByGoogle"
"28002513521046803_0420570292","reel",2025-08-13 16:00:00,310,11,"#MadeByGoogle"
"65935298773201685_0246765283","reel",2025-07-03 17:00:00,515,19,"#MadeByGoogle"
"51949713618198585_9075125811","image",2025-06-27 21:00:00,0,3,"#MadeByGoogle"
"62847872179082518_7536564678","carousel",2025-07-08 02:00:00,265,8,"#MadeByGoogle"
"89413040952073200_4709063609","carousel",2025-07-26 14:00:00,83,1,"#MadeByGoogle"
"12029925148192777_3939940608","image",2025-08-05 22:00:00,181,0,"#MadeByGoogle"
"45664891472935741_3513526580","carousel",2025-07-11 08:00:00,367,14,"#MadeByGoogle"
"80068081772091888_9912769084","image",2025-07-13 15:00:00,269,7,"#MadeByGoogle"
"80081332812314268_4873674130","image",2025-06-25 16:00:00,131,0,"#MadeByGoogle"
"58806229574384893_0218407691","reel",2025-07-12 07:00:00,38,0,"#MadeByGoogle"
"40941591398236042_0146497577","reel",2025-07-07 07:00:00,138,3,"#MadeByGoogle"
"47576592950083475_6842035893","image",2025-07-15 09:00:00,312,12,"#MadeByGoogle"
"17044140802898507_0421578146","carousel",2025-07-01 01:00:00,290,8,"#MadeByGoogle"
"20686441192693896_0037720723","carousel",2025-08-03 12:00:00,593,19,"#MadeByGoogle"
"74580610221566146_6702277645","carousel",2025-08-27 07:00:00,106,3,"#MadeByGoogle"
"23160298605744710_3355743061","carousel",2025-08-19 15:00:00,228,7,"#MadeByGoogle"
"65014606032386098_0958590003","image",2025-07-20 15:00:00,380,15,"#MadeByGoogle"
"78126073104816877_1561781899","carousel",2025-08-31 18:00:00,73,3,"#MadeByGoogle"
"29043912214212130_9061425513","reel",2025-08-08 11:00:00,391,17,"#MadeByGoogle"
"74868170764242712_7503132074","image",2025-08-26 17:00:00,366,9,"#MadeByGoogle"
"19989043000222422_9779384337","image",2025-09-05 07:00:00,121,3,"#MadeByGoogle"
"78930489191508762_4871713182","reel",2025-07-20 06:00:00,566,21,"#MadeByGoogle"
"22944177860943012_8479927376","reel",2025-08-14 12:00:00,526,12,"#MadeByGoogle"
"58186891627787391_6566774165","reel",2025-07-15 22:00:00,130,3,"#MadeByGoogle"
"58767280548681063_9852771841","carousel",2025-07-29 16:00:00,196,3,"#MadeByGoogle"
"48921945757504652_9553176304","carousel",2025-06-26 06:00:00,46,1,"#MadeByGoogle"
"22646687742629089_6705498323","image",2025-07-23 03:00:00,215,5,"#MadeByGoogle"
"84343266092381663_6988193248","carousel",2025-08-07 01:00:00,61,2,"#MadeByGoogle"
"18559408236888177_1305974570","image",2025-07-11 21:00:00,64,0,"#MadeByGoogle"
"81973134456091022_8142620542","carousel",2025-07-20 04:00:00,67,0,"#MadeByGoogle"
"17521182168008268_8609292487","image",2025-08-21 04:00:00,304,9,"#MadeByGoogle"
"75024058223551800_4241195915","image",2025-07-20 17:00:00,157,8,"#MadeByGoogle"
"81273570754108753_5456424853","reel",2025-07-16 15:00:00,18,2,"#MadeByGoogle"
"61136033108541297_7425872056","image",2025-07-31 19:00:00,97,1,"#MadeByGoogle"
"33330350192730029_5598729793","carousel",2025-06-25,658,18,"#MadeByGoogle"
"78553341782554674_0888392515","image",2025-07-25 21:00:00,31,0,"#MadeByGoogle"
"10397862322686572_0718763735","image",2025-07-17 14:00:00,496,14,"#MadeByGoogle"
"41883100281185263_7839272428","image",2025-08-08 15:00:00,118,1,"#MadeByGoogle"
"60327661021977116_7354493739","image",2025-08-21 13:00:00,302,8,"#MadeByGoogle"
"20127566656906991_9336128216","image",2025-07-19 19:00:00,118,3,"#MadeByGoogle"
"19430567743556666_1513518380","reel",2025-09-04 14:00:00,163,4,"#MadeByGoogle"
"42307452125102498_2494910031","reel",2025-06-22 02:00:00,285,12,"#MadeByGoogle"
"68907907221557635_9105776954","reel",2025-09-02 01:00:00,52,1,"#MadeByGoogle"
"39763463057737177_8762341333","reel",2025-08-04 21:00:00,80,6,"#MadeByGoogle"
"72037354102418821_4274510431","reel",2025-07-17 18:00:00,299,8,"#MadeByGoogle"
"72669279986514034_9466996277","image",2025-07-13 09:00:00,68,6,"#MadeByGoogle"
"33861213103052020_6795815815","image",2025-07-04 13:00:00,67,5,"#MadeByGoogle"
"94493294226651420_2124599284","image",2025-07-06 04:00:00,172,4,"#MadeByGoogle"
"92043593801019207_3391278761","image",2025-07-30 23:00:00,440,11,"#MadeByGoogle"
"84650402203274734_1020345836","reel",2025-07-22 02:00:00,240,15,"#MadeByGoogle"
"52425356522456540_8178860936","image",2025-08-20 23:00:00,65,2,"#MadeByGoogle"
"90791244057882368_9434967174","reel",2025-08-01 14:00:00,436,0,"#MadeByGoogle"
"74167320151457518_1168798664","image",2025-08-07 08:00:00,305,7,"#MadeByGoogle"
"32205639282193248_6646714123","carousel",2025-08-24,140,6,"#MadeByGoogle"
"44302210614963386_0376643906","reel",2025-08-08 14:00:00,242,8,"#MadeByGoogle"
"60980207605480701_2370252244","reel",2025-08-14,63,0,"#MadeByGoogle"
"35783277804319888_4083334765","reel",2025-08-15 17:00:00,643,18,"#MadeByGoogle"
"85042432300425654_4787276227","image",2025-08-28 08:00:00,150,0,"#MadeByGoogle"
"52142961835353188_9736376747","carousel",2025-07-31 17:00:00,57,1,"#MadeByGoogle"
"40075822062191558_1841268894","reel",2025-06-25 21:00:00,470,10,"#MadeByGoogle"
"30201800342764024_3131922684","carousel",2025-07-01 10:00:00,320,0,"#MadeByGoogle"
"54892101027557475_8996967204","carousel",2025-07-29 23:00:00,453,6,"#MadeByGoogle"
"49424135246698625_2213942353","reel",2025-08-26 11:00:00,117,4,"#MadeByGoogle"
"22435582229215141_8932112603","carousel",2025-07-11 16:00:00,157,3,"#MadeByGoogle"
"37268514553463435_4064747518","reel",2025-06-29 06:00:00,80,2,"#MadeByGoogle"
"19628625810711957_1659305507","image",2025-06-23 08:00:00,104,5,"#MadeByGoogle"
"11288829460002871_4117767746","image",2025-07-07 18:00:00,243,12,"#MadeByGoogle"
"84667026819160371_5130937389","carousel",2025-07-01 16:00:00,72,0,"#MadeByGoogle"
"82779374937287417_9033127062","image",2025-07-06 07:00:00,141,5,"#MadeByGoogle"
"36509549973646276_5980263954","carousel",2025-07-26 07:00:00,177,7,"#MadeByGoogle"
"57197921088466254_3405536354","carousel",2025-09-05 14:00:00,239,8,"#MadeByGoogle"
"61470987929442525_3416724874","carousel",2025-07-05 07:00:00,23,1,"#MadeByGoogle"
"14519642570579046_7366038620","image",2025-08-08 17:00:00,651,23,"#MadeByGoogle"
"44069719218193280_1715386044","reel",2025-07-05 04:00:00,545,20,"#MadeByGoogle"
"13186094662478850_6646550491","reel",2025-09-18 06:00:00,264,4,"#MadeByGoogle"
"02072956415015779_5733770118","reel",2025-06-30 12:00:00,282,4,"#MadeByGoogle"
"55135469410502084_9234766217","carousel",2025-07-12 15:00:00,179,6,"#MadeByGoogle"
"39538175181292541_9390948373","image",2025-08-23 15:00:00,208,8,"#MadeByGoogle"
"93148264479443181_1276104085","reel",2025-08-07 18:00:00,613,0,"#MadeByGoogle"
"74892423324221966_4041368010","reel",2025-08-30 23:00:00,66,0,"#MadeByGoogle"
"84866185726643993_7206816138","carousel",2025-06-30 20:00:00,233,8,"#MadeByGoogle"
"84565309059366571_3368998456","image",2025-07-20 08:00:00,106,1,"#MadeByGoogle"
"98113055495773495_1219326796","reel",2025-07-16 18:00:00,374,13,"#MadeByGoogle"
"77181029528814688_4989672436","image",2025-07-24 11:00:00,93,1,"#MadeByGoogle"
"37308139805639021_3869901193","reel",2025-07-15 20:00:00,367,10,"#MadeByGoogle"
"88964836002430613_4312545045","reel",2025-07-05 14:00:00,435,13,"#MadeByGoogle"
"43617803115845742_2858319393","image",2025-08-07 02:00:00,91,4,"#MadeByGoogle"
"50514273811069456_9095990966","reel",2025-07-01 09:00:00,65,1,"#MadeByGoogle"
"94320476520772053_5620800220","carousel",2025-07-14,156,0,"#MadeByGoogle"
"33123730468602800_8361754875","image",2025-06-23 10:00:00,244,7,"#MadeByGoogle"
"29318592924512567_0219247889","carousel",2025-08-28 23:00:00,149,7,"#MadeByGoogle"
"94034407662954830_7028124052","carousel",2025-07-05 21:00:00,44,0,"#MadeByGoogle"
"70412034399969888_3644371107","reel",2025-07-26 21:00:00,642,21,"#MadeByGoogle"
"55646294341560906_6506912897","carousel",2025-08-04 20:00:00,256,8,"#MadeByGoogle"
"38753822276901919_5824264375","carousel",2025-07-25 13:00:00,976,22,"#MadeByGoogle"
"22775173740604714_9197893783","carousel",2025-07-06 15:00:00,219,6,"#MadeByGoogle"
"01662485321933954_3986472308","image",2025-07-17 02:00:00,426,3,"#MadeByGoogle"
"00561956130169138_8049697478","image",2025-06-23 22:00:00,230,11,"#MadeByGoogle"
"47061892222460654_0258472153","image",2025-08-15 03:00:00,508,17,"#MadeByGoogle"
"72913182315442179_9664390577","image",2025-08-19 20:00:00,186,7,"#MadeByGoogle"
"83468864444048236_1494994357","image",2025-07-04 16:00:00,186,3,"#MadeByGoogle"
"13581247680283231_4296273205","reel",2025-07-30 02:00:00,125,3,"#MadeByGoogle"
"92084548761717571_8269612833","image",2025-08-08 23:00:00,139,1,"#MadeByGoogle"
"76754055051873052_5084079180","carousel",2025-07-20 03:00:00,73,2,"#MadeByGoogle"
"00788335677688624_2493160647","image",2025-08-25 03:00:00,0,7,"#MadeByGoogle"
"23137440694098422_2258894906","reel",2025-08-03 21:00:00,2217,78,"#MadeByGoogle"
"63924060964067269_2733069574","reel",2025-07-01 03:00:00,0,14,"#MadeByGoogle"
"04791441133480129_6811891697","carousel",2025-09-13 10:00:00,129,2,"#MadeByGoogle"
"77462100289667779_3771060112","carousel",2025-07-27 20:00:00,323,10,"#MadeByGoogle"
"00187493577734786_2864615194","carousel",2025-08-06 17:00:00,246,9,"#MadeByGoogle"
"74412047744720103_8593314755","reel",2025-07-27 13:00:00,156,1,"#MadeByGoogle"
"27330457862220788_1935408534","carousel",2025-07-15 21:00:00,131,5,"#MadeByGoogle"
"74461559873220786_6425992933","image",2025-07-10 19:00:00,0,5,"#MadeByGoogle"
"03108978265997172_6845719499","image",2025-07-21 22:00:00,105,2,"#MadeByGoogle"
"43465977122903586_1070554760","reel",2025-07-09 09:00:00,496,13,"#MadeByGoogle"
"87035129172122608_4190234943","reel",2025-08-16 04:00:00,227,15,"#MadeByGoogle"
"85920190446245387_7037895054","reel",2025-07-21 15:00:00,0,0,"#MadeByGoogle"
"01272045315351947_3553641791","image",2025-07-12 15:00:00,355,10,"#MadeByGoogle"
"73014789045896900_6550192780","carousel",2025-07-11 06:00:00,586,13,"#MadeByGoogle"
"12850576375162293_4120070737","reel",2025-07-16 08:00:00,175,7,"#MadeByGoogle"
"91609368333652923_5142820149","reel",2025-07-01 23:00:00,603,17,"#MadeByGoogle"
"90691476335680114_9087777284","carousel",2025-07-13 17:00:00,87,2,"#MadeByGoogle"
"87452775349918878_0642190382","carousel",2025-09-05 14:00:00,66,6,"#MadeByGoogle"
"97318192994243725_1905228531","image",2025-07-29 13:00:00,866,28,"#MadeByGoogle"
"73375660559766717_7783147757","image",2025-06-26 06:00:00,293,5,"#MadeByGoogle"
"93616199347732159_8719301589","image",2025-08-02 08:00:00,75,2,"#MadeByGoogle"
"58027408744628867_3017362522","reel",2025-07-10 06:00:00,97,4,"#MadeByGoogle"
"52161954644323406_9164121295","carousel",2025-07-08 08:00:00,361,5,"#MadeByGoogle"
"42720524742269718_3972608546","image",2025-06-23 10:00:00,188,5,"#MadeByGoogle"
"97626146009905233_9545244630","carousel",2025-07-12 16:00:00,0,11,"#MadeByGoogle"
"22179485344992177_5282614961","reel",2025-09-16 11:00:00,448,11,"#MadeByGoogle"
"30231887561385983_8003142673","image",2025-06-24 01:00:00,125,2,"#MadeByGoogle"
"16317420515884614_4698606142","reel",2025-07-15 07:00:00,176,7,"#MadeByGoogle"
"18790565808992122_5357846484","image",2025-09-14 03:00:00,1942,48,"#MadeByGoogle"
"29799947467789186_9350061352","reel",2025-07-17 04:00:00,314,13,"#MadeByGoogle"
"47649431434799339_9230768456","carousel",2025-08-24 15:00:00,125,3,"#MadeByGoogle"
"62073769460561311_5013189606","carousel",2025-07-05 11:00:00,198,2,"#MadeByGoogle"
"99412707118172058_4958087197","image",2025-08-09 18:00:00,193,6,"#MadeByGoogle"
"32820252919014050_5379372582","image",2025-08-22 08:00:00,88,4,"#MadeByGoogle"
"00707284823992969_5483008672","image",2025-07-06 18:00:00,64,1,"#MadeByGoogle"
"50975375809439849_4045659878","image",2025-07-22 19:00:00,470,17,"#MadeByGoogle"
"50189380201605426_7868978321","carousel",2025-08-19 06:00:00,89,2,"#MadeByGoogle"
"50700989049765096_8197368370","reel",2025-08-08 11:00:00,29,0,"#MadeByGoogle"
"41778392763798856_8588446463","reel",2025-08-15 02:00:00,136,3,"#MadeByGoogle"
"51887562726420440_3284921524","reel",2025-08-09,651,15,"#MadeByGoogle"
"51427539354690043_2188642336","image",2025-06-22 19:00:00,41,1,"#MadeByGoogle"
"22853822002947484_8933036595","reel",2025-07-10 10:00:00,249,0,"#MadeByGoogle"
"68039901256687230_7975727674","carousel",2025-08-21 03:00:00,73,3,"#MadeByGoogle"
"35937346598148252_1561022235","image",2025-07-20 23:00:00,220,0,"#MadeByGoogle"
"04132428353704949_3142896073","carousel",2025-08-05 18:00:00,96,4,"#MadeByGoogle"
"88615450350550344_2517646235","image",2025-07-09 06:00:00,163,3,"#MadeByGoogle"
"64488033730623869_2835166950","image",2025-06-30 17:00:00,1018,41,"#MadeByGoogle"
"27419064999876259_1009104135","carousel",2025-07-23 23:00:00,61,0,"#MadeByGoogle"
"82844302709269820_7187926445","carousel",2025-07-14 20:00:00,412,10,"#MadeByGoogle"
"44189209592738861_3289798860","carousel",2025-08-02,92,3,"#MadeByGoogle"
"80606520177959693_1335019377","image",2025-08-15 16:00:00,128,6,"#MadeByGoogle"
"81971576477239213_0962359585","image",2025-08-13 10:00:00,690,18,"#MadeByGoogle"
"50425051473915195_8897429809","carousel",2025-06-26 05:00:00,153,1,"#MadeByGoogle"
"38879275544604998_8631501032","carousel",2025-06-26 17:00:00,273,0,"#MadeByGoogle"
"36861192383456992_7671293552","image",2025-07-20 11:00:00,594,18,"#MadeByGoogle"
"12894114586910057_8451103599","image",2025-07-16 23:00:00,117,4,"#MadeByGoogle"
"07958208777902481_2622910397","reel",2025-08-23 19:00:00,207,6,"#MadeByGoogle"
"45328782436114320_7310180259","carousel",2025-09-14 18:00:00,59,0,"#MadeByGoogle"
"29652475369119731_8631727507","carousel",2025-09-11 03:00:00,20,0,"#MadeByGoogle"
"90312077836561532_6772406498","reel",2025-09-04 10:00:00,34,1,"#MadeByGoogle"
"06529794042726428_3550902066","reel",2025-07-21 09:00:00,367,13,"#MadeByGoogle"
"47523050882992292_4618778455","image",2025-07-02 14:00:00,168,4,"#MadeByGoogle"
"40548384882590510_2585968806","image",2025-08-29 21:00:00,1178,33,"#MadeByGoogle"
"43088251797916335_5688532815","carousel",2025-07-05 06:00:00,118,8,"#MadeByGoogle"
"72175039194182283_5637673071","carousel",2025-08-10 13:00:00,582,18,"#MadeByGoogle"
"38813024158754652_5544685713","image",2025-09-17 06:00:00,141,4,"#MadeByGoogle"
"41022589453195495_4991705062","reel",2025-07-01 10:00:00,140,0,"#MadeByGoogle"
"61659407426942178_0278739421","image",2025-08-28 16:00:00,494,19,"#MadeByGoogle"
"88048491556889420_6916204868","carousel",2025-06-27 07:00:00,391,14,"#MadeByGoogle"
"20519248092183748_5484250810","image",2025-08-30 23:00:00,88,0,"#MadeByGoogle"
"93242488656189981_1663479298","image",2025-07-27 08:00:00,275,11,"#MadeByGoogle"
"10808242544724837_5552789490","image",2025-08-01 20:00:00,308,13,"#MadeByGoogle"
"21319576760822341_1267034081","image",2025-08-20 22:00:00,270,4,"#MadeByGoogle"
"13853232856144483_7244624231","image",2025-07-09 10:00:00,394,0,"#MadeByGoogle"
"06146890647359657_7821633250","carousel",2025-07-03 06:00:00,139,5,"#MadeByGoogle"
"92406267980378166_6394758683","reel",2025-07-15 18:00:00,169,7,"#MadeByGoogle"
"45507109809343716_3188014599","image",2025-07-11 09:00:00,137,6,"#MadeByGoogle"
"77236680055826851_5262824191","carousel",2025-07-24,0,6,"#MadeByGoogle"
"60798174523139466_7287283254","image",2025-07-25 20:00:00,730,20,"#MadeByGoogle"
"51687680768192991_5655697563","image",2025-06-23 16:00:00,527,14,"#MadeByGoogle"
"13542018015792075_2342208295","carousel",2025-08-11 11:00:00,63,0,"#MadeByGoogle"
"59984461499876470_1508425717","image",2025-08-17 20:00:00,88,3,"#MadeByGoogle"
"34701337486329661_7813584806","carousel",2025-07-07 06:00:00,189,10,"#MadeByGoogle"
"60357951426405112_4588859630","image",2025-07-09 04:00:00,61,3,"#MadeByGoogle"
"00769234500149728_8496996530","image",2025-08-08 19:00:00,174,6,"#MadeByGoogle"
"31389229668685632_1776419594","image",2025-07-12 10:00:00,450,13,"#MadeByGoogle"
"47523145629311626_5841053026","reel",2025-07-29 23:00:00,169,6,"#MadeByGoogle"
"70121801521444747_3129379037","reel",2025-06-23 03:00:00,85,2,"#MadeByGoogle"
"33924853967239456_5299584078","image",2025-07-10 18:00:00,304,4,"#MadeByGoogle"
"88846922152578631_8345517850","carousel",2025-08-01 10:00:00,50,2,"#MadeByGoogle"
"36602372106952095_6680003636","carousel",2025-08-08 12:00:00,186,3,"#MadeByGoogle"
"16923974776714937_5869506171","carousel",2025-06-23 01:00:00,190,6,"#MadeByGoogle"
"75425649539053607_5485088124","image",2025-06-23 14:00:00,124,1,"#MadeByGoogle"
"46564458330305261_0279238721","reel",2025-07-06,248,8,"#MadeByGoogle"
"67035599847038950_9034732805","carousel",2025-07-05 16:00:00,215,2,"#MadeByGoogle"
"68898485409311388_9305794480","image",2025-08-26 23:00:00,1383,33,"#MadeByGoogle"
"03493210801044782_8376468510","carousel",2025-07-20 03:00:00,252,11,"#MadeByGoogle"
"48856548687271306_5047367022","image",2025-08-19 23:00:00,130,3,"#MadeByGoogle"
"39216867134316473_2857001904","carousel",2025-07-07 22:00:00,272,6,"#MadeByGoogle"
"57267715165506926_4657488699","image",2025-07-11 10:00:00,121,5,"#MadeByGoogle"
"35778605785738126_8682837045","reel",2025-06-29 07:00:00,329,12,"#MadeByGoogle"
"88065108657819208_6259771103","carousel",2025-07-06 07:00:00,437,13,"#MadeByGoogle"
"79493214078903247_3512549064","image",2025-07-03 03:00:00,115,2,"#MadeByGoogle"
"18171156948813041_8243163680","reel",2025-08-15 16:00:00,697,25,"#MadeByGoogle"
"67475482123426080_6383705605","carousel",2025-06-22 17:00:00,131,4,"#MadeByGoogle"
"28985848141920460_2112766878","reel",2025-06-24 03:00:00,1670,55,"#MadeByGoogle"
"35631358347164712_6800451555","image",2025-09-05 08:00:00,140,4,"#MadeByGoogle"
"54742920631212606_4102366797","image",2025-07-11 02:00:00,246,5,"#MadeByGoogle"
"93279021994285717_7686859270","image",2025-08-15 02:00:00,24,1,"#MadeByGoogle"
"06851283881640563_0013342674","carousel",2025-07-26 02:00:00,52,0,"#MadeByGoogle"
"88863614054096821_6374588360","image",2025-08-02 06:00:00,876,23,"#MadeByGoogle"
"16562230994482698_5090915655","image",2025-07-03 06:00:00,137,2,"#MadeByGoogle"
"03574376174322403_9851580221","image",2025-07-16 03:00:00,447,15,"#MadeByGoogle"
"15024749080464571_1059120059","image",2025-09-19 03:00:00,814,18,"#MadeByGoogle"
"97359701066920062_6976650797","carousel",2025-07-09 15:00:00,356,13,"#MadeByGoogle"
"50840121469055535_2467018304","reel",2025-08-15 14:00:00,182,6,"#MadeByGoogle"
"55825679239004624_3227333783","image",2025-07-26 13:00:00,95,5,"#MadeByGoogle"
"81206410147335308_2069684838","image",2025-08-09 21:00:00,173,3,"#MadeByGoogle"
"73061933410393798_8886231712","reel",2025-07-09 09:00:00,141,5,"#MadeByGoogle"
"09102890574942660_8871505290","carousel",2025-08-21 01:00:00,133,0,"#MadeByGoogle"
"59626365372397763_3529513661","image",2025-07-09 19:00:00,183,15,"#MadeByGoogle"
"66457367819571308_7257146605","carousel",2025-08-06 21:00:00,143,0,"#MadeByGoogle"
"82840374643460173_7386120022","reel",2025-09-02 20:00:00,735,21,"#MadeByGoogle"
"34561747626196722_4633747964","carousel",2025-07-14 01:00:00,836,22,"#MadeByGoogle"
"47491672538739598_7624986782","reel",2025-06-29 04:00:00,499,12,"#MadeByGoogle"
"30943742311503838_2323922246","image",2025-07-24 15:00:00,150,3,"#MadeByGoogle"
"27480385588821622_9371929193","carousel",2025-07-20 13:00:00,183,2,"#MadeByGoogle"
"05833095182660294_1103617695","carousel",2025-06-26 01:00:00,170,0,"#MadeByGoogle"
"71661040282744074_5189813308","reel",2025-07-30 02:00:00,302,12,"#MadeByGoogle"
"72994553815361356_1088112709","carousel",2025-07-12 02:00:00,209,7,"#MadeByGoogle"
"76867301955893820_4694656330","reel",2025-07-20 15:00:00,595,17,"#MadeByGoogle"
"56787297199484707_9901589030","carousel",2025-07-03 14:00:00,401,11,"#MadeByGoogle"
"30685342748292823_5365663079","carousel",2025-07-02 04:00:00,62,2,"#MadeByGoogle"
"55942636812322466_8999519474","reel",2025-08-02 08:00:00,460,9,"#MadeByGoogle"
"25842154095849876_0207959238","image",2025-07-11 09:00:00,0,6,"#MadeByGoogle"
"19251333036442471_6373536643","carousel",2025-07-21 14:00:00,321,9,"#MadeByGoogle"
"60669264181354162_7276235154","image",2025-07-22 13:00:00,731,14,"#MadeByGoogle"
"18290009483514165_6836393998","image",2025-06-22 03:00:00,311,9,"#MadeByGoogle"
"73850110017997591_3915456511","carousel",2025-08-23 07:00:00,164,9,"#MadeByGoogle"
"58306732558880602_9131603106","carousel",2025-08-02 04:00:00,77,3,"#MadeByGoogle"
"87146863802437338_1792833834","reel",2025-08-18 17:00:00,155,3,"#MadeByGoogle"
"66888299066002178_5979754129","carousel",2025-07-29 08:00:00,127,3,"#MadeByGoogle"
"16003356198061388_6336058458","carousel",2025-08-06 15:00:00,566,19,"#MadeByGoogle"
"91171227325866800_9934737837","carousel",2025-07-24 01:00:00,112,2,"#MadeByGoogle"
"88663511438042986_8244055063","carousel",2025-08-11 07:00:00,366,15,"#MadeByGoogle"
"99649797246346599_7723564817","carousel",2025-06-25 14:00:00,34,1,"#MadeByGoogle"
"89831484992467470_3537569928","carousel",2025-07-13 03:00:00,363,12,"#MadeByGoogle"
"03832741561285618_4584964034","reel",2025-07-21 08:00:00,214,12,"#MadeByGoogle"
"54717778378389245_6097308968","carousel",2025-06-27 16:00:00,280,10,"#MadeByGoogle"
"47744415543635177_4730833169","reel",2025-08-07 13:00:00,217,4,"#MadeByGoogle"
"16716857488223471_2566560882","image",2025-08-15 01:00:00,400,17,"#MadeByGoogle"
"99992375070658309_4503252177","image",2025-08-02 14:00:00,197,3,"#MadeByGoogle"
"41420159077234145_2362364530","image",2025-07-20 15:00:00,762,22,"#MadeByGoogle"
"14927404623785479_7546942623","image",2025-07-03,176,3,"#MadeByGoogle"
"37120998633834281_5906909985","image",2025-07-12 23:00:00,114,3,"#MadeByGoogle"
"29032821344525284_1007681017","reel",2025-06-30 12:00:00,497,19,"#MadeByGoogle"
"37509507568911254_8792344712","image",2025-07-02 04:00:00,654,21,"#MadeByGoogle"
"51103958690738157_1449291362","carousel",2025-08-18 06:00:00,446,20,"#MadeByGoogle"
"75958098455412930_7010998685","reel",2025-07-14 21:00:00,167,1,"#MadeByGoogle"
"72367359641433549_5695494752","reel",2025-08-10 12:00:00,478,21,"#MadeByGoogle"
"34924885392168308_7217912520","reel",2025-07-01 03:00:00,304,0,"#MadeByGoogle"
"89041914704628923_2070302290","image",2025-08-04 07:00:00,170,4,"#MadeByGoogle"
"44738061546441645_6201012931","image",2025-07-27 17:00:00,299,5,"#MadeByGoogle"
"55200796543806239_3784491294","image",2025-06-27 03:00:00,219,4,"#MadeByGoogle"
"47707475597247354_4780321597","carousel",2025-07-08 21:00:00,58,1,"#MadeByGoogle"
"30826672937625600_7755949289","image",2025-07-29 19:00:00,682,29,"#MadeByGoogle"
"16557865395197330_8028221661","image",2025-07-12 04:00:00,151,8,"#MadeByGoogle"
"54971947190012534_1516417018","image",2025-07-06 20:00:00,327,0,"#MadeByGoogle"
"27194059189184528_0053439701","reel",2025-07-04,250,10,"#MadeByGoogle"
"22334245832575762_5441394218","carousel",2025-06-23 16:00:00,98,4,"#MadeByGoogle"
"87859310751310982_7257676980","carousel",2025-07-21 09:00:00,248,14,"#MadeByGoogle"
"16625227502349550_4930820238","carousel",2025-08-11 19:00:00,27,0,"#MadeByGoogle"
"53353373810143409_7042083640","reel",2025-06-25 20:00:00,164,1,"#MadeByGoogle"
"41992432325569968_9726309631","carousel",2025-07-09 20:00:00,262,9,"#MadeByGoogle"
"09856771030710885_8920744553","reel",2025-07-09 01:00:00,45,1,"#MadeByGoogle"
"01877277152142571_3245267127","image",2025-06-24 17:00:00,602,19,"#MadeByGoogle"
"00096310621896224_0439880290","image",2025-08-05 06:00:00,12,0,"#MadeByGoogle"
"45823621464143203_0813661028","reel",2025-07-04 06:00:00,292,7,"#MadeByGoogle"
"15502754366445372_8452579019","image",2025-08-25 18:00:00,253,4,"#MadeByGoogle"
"31279747080311254_3733557544","reel",2025-07-04 17:00:00,1008,15,"#MadeByGoogle"
"35922299083406467_8562491116","carousel",2025-07-05 03:00:00,190,3,"#MadeByGoogle"
"87615341876727809_0542986054","image",2025-07-04 14:00:00,24,1,"#MadeByGoogle"
"93920645835229444_6511783020","image",2025-07-24 23:00:00,101,2,"#MadeByGoogle"
"95798849666928922_6172711235","carousel",2025-08-14 12:00:00,27,1,"#MadeByGoogle"
"70768512127373055_9536513909","image",2025-09-11 19:00:00,264,4,"#MadeByGoogle"
"29298064167624143_5509464694","carousel",2025-07-01 22:00:00,385,11,"#MadeByGoogle"
"64993772210718209_4377851782","reel",2025-06-23 04:00:00,332,7,"#MadeByGoogle"
"42116294349922353_6965921146","carousel",2025-07-14 13:00:00,227,5,"#MadeByGoogle"
"68520863730197606_2367527251","image",2025-08-10 01:00:00,113,7,"#MadeByGoogle"
"97455223838574090_7893759639","carousel",2025-07-02 06:00:00,386,17,"#MadeByGoogle"
"85267039424379755_9413059256","carousel",2025-08-02 19:00:00,403,14,"#MadeByGoogle"
"91074216639767470_0102654759","reel",2025-07-18 19:00:00,37,0,"#MadeByGoogle"
"89870704200310111_3481542368","image",2025-07-18,388,15,"#MadeByGoogle"
"25798989870045892_9018678185","image",2025-06-28 20:00:00,64,0,"#MadeByGoogle"
"70674315017795042_4212169391","image",2025-08-31 11:00:00,236,7,"#MadeByGoogle"
"59373613987920151_2732495480","carousel",2025-08-22 10:00:00,764,21,"#MadeByGoogle"
"36256576595996156_6479814590","image",2025-07-23 04:00:00,969,33,"#MadeByGoogle"
"24137621629825416_1193603694","image",2025-07-01 04:00:00,204,5,"#MadeByGoogle"
"64535266442637152_0844381554","image",2025-06-27 05:00:00,942,22,"#MadeByGoogle"
"14550957178382233_2520960254","carousel",2025-07-09 12:00:00,109,3,"#MadeByGoogle"
"22398347479477114_0817841331","image",2025-08-23 13:00:00,161,2,"#MadeByGoogle"
"19520223416880432_2374684376","carousel",2025-08-22 04:00:00,39,1,"#MadeByGoogle"
"28794425295950630_5111478363","carousel",2025-08-19 16:00:00,129,0,"#MadeByGoogle"
"61420962203022815_8668357069","carousel",2025-07-05 14:00:00,159,6,"#MadeByGoogle"
"88696220640436786_9473686489","reel",2025-07-11 11:00:00,199,2,"#MadeByGoogle"
"88259994793524490_6733820526","image",2025-07-14 08:00:00,572,21,"#MadeByGoogle"
"47489058581995816_8839603777","image",2025-06-26 09:00:00,406,12,"#MadeByGoogle"
"46867375274595753_0843289076","carousel",2025-06-25 09:00:00,0,7,"#MadeByGoogle"
"91918560751741470_9333988476","image",2025-06-22 18:00:00,347,6,"#MadeByGoogle"
"21535832749335058_3967426701","image",2025-09-01 16:00:00,486,18,"#MadeByGoogle"
"41040632381140208_4030568730","carousel",2025-08-03 12:00:00,278,10,"#MadeByGoogle"
"67284454595049142_7900839838","carousel",2025-07-09 10:00:00,264,10,"#MadeByGoogle"
"64767817881898290_8812849008","reel",2025-08-10 03:00:00,81,2,"#MadeByGoogle"
"53398617046871938_7711987157","reel",2025-07-18 15:00:00,120,4,"#MadeByGoogle"
"27833402603624528_5482753654","carousel",2025-09-19 22:00:00,97,3,"#MadeByGoogle"
"27070082096545019_7071081396","carousel",2025-07-15 05:00:00,137,3,"#MadeByGoogle"
"52784572646041354_5052609278","image",2025-07-10 04:00:00,97,2,"#MadeByGoogle"
"58856713754250183_5219351792","carousel",2025-08-18,168,5,"#MadeByGoogle"
"59316752687609906_6100622902","reel",2025-08-26 03:00:00,289,9,"#MadeByGoogle"
"91806990117805244_2501026031","image",2025-08-25 14:00:00,70,3,"#MadeByGoogle"
"06404043742014331_7967200320","carousel",2025-06-25 07:00:00,964,23,"#MadeByGoogle"
"74902049746671960_2179926776","carousel",2025-08-25 18:00:00,52,1,"#MadeByGoogle"
"46253104095291589_6172208389","carousel",2025-07-27 01:00:00,190,4,"#MadeByGoogle"
"14101525220687030_5883761580","image",2025-07-29 12:00:00,88,1,"#MadeByGoogle"
"48950650632474056_7942571109","carousel",2025-07-03 08:00:00,281,6,"#MadeByGoogle"
"79399405083355898_2513947081","carousel",2025-07-07 11:00:00,752,25,"#MadeByGoogle"
"97286447443021920_8865603075","image",2025-08-14 16:00:00,109,3,"#MadeByGoogle"
"54652541645711484_1434457957","image",2025-09-04 03:00:00,143,5,"#MadeByGoogle"
"66174197403260983_5956193217","carousel",2025-08-29 15:00:00,81,1,"#MadeByGoogle"
"08060337843039365_3863155681","reel",2025-07-06 15:00:00,1003,24,"#MadeByGoogle"
"76367954546126132_5599102094","image",2025-07-04 19:00:00,260,15,"#MadeByGoogle"
"41865997013991083_9941229532","image",2025-06-23 01:00:00,27,0,"#MadeByGoogle"
"68853792943877670_0814027816","image",2025-08-21 08:00:00,189,9,"#MadeByGoogle"
"08803833765910795_7459899352","reel",2025-06-29 13:00:00,318,12,"#MadeByGoogle"
"19292216314891375_0710473822","image",2025-07-11 23:00:00,204,6,"#MadeByGoogle"
"42934837647516688_2262597767","carousel",2025-07-10 03:00:00,95,0,"#MadeByGoogle"
"40565050378196789_9160327971","carousel",2025-07-28 21:00:00,417,10,"#MadeByGoogle"
"73668464464107403_4753450719","carousel",2025-07-08 20:00:00,275,8,"#MadeByGoogle"
"55012378774766311_8679144519","image",2025-08-28 20:00:00,413,16,"#MadeByGoogle"
"49499250404082709_9241255897","image",2025-08-27 02:00:00,154,3,"#MadeByGoogle"
"56844492175956336_9119840877","carousel",2025-08-24 18:00:00,467,7,"#MadeByGoogle"
"20012901025618601_9463086719","reel",2025-07-25 20:00:00,111,1,"#MadeByGoogle"
"44496637989609599_7864961193","carousel",2025-07-07 02:00:00,321,8,"#MadeByGoogle"
"16195492275065007_5208426053","reel",2025-07-26 19:00:00,784,30,"#MadeByGoogle"
"94504167497069280_9756233158","reel",2025-08-14 09:00:00,191,4,"#MadeByGoogle"
"39319813665873643_3199750311","image",2025-07-05 05:00:00,101,4,"#MadeByGoogle"
"63576385653429431_6064147267","reel",2025-07-08 10:00:00,342,0,"#MadeByGoogle"
"87848515820300769_0477138256","reel",2025-07-28 09:00:00,239,6,"#MadeByGoogle"
"59507692297008937_4853293891","image",2025-08-05 19:00:00,193,7,"#MadeByGoogle"
"20890293894542605_6810185792","image",2025-07-01 14:00:00,0,5,"#MadeByGoogle"
"39417064001911571_0153433414","reel",2025-07-14 02:00:00,102,1,"#MadeByGoogle"
"60383401550690428_1291846041","image",2025-09-14 02:00:00,352,15,"#MadeByGoogle"
"14953958348124355_9831208024","carousel",2025-08-10 07:00:00,399,14,"#MadeByGoogle"
"79366647487524430_5061950828","carousel",2025-07-04 16:00:00,462,15,"#MadeByGoogle"
"63040227384253402_1244908087","image",2025-07-11 21:00:00,196,8,"#MadeByGoogle"
"44402019624433560_8087702109","image",2025-07-07 02:00:00,126,4,"#MadeByGoogle"
"45281359715480939_0350602028","image",2025-08-22 06:00:00,33,0,"#MadeByGoogle"
"04717754124351080_7144781540","carousel",2025-07-22 20:00:00,363,16,"#MadeByGoogle"
"07218345278014273_9614048523","reel",2025-08-21 14:00:00,300,5,"#MadeByGoogle"
"74225587315504031_2871682647","image",2025-07-02 13:00:00,361,8,"#MadeByGoogle"
"14015282435656649_9508075062","reel",2025-08-15 18:00:00,344,12,"#MadeByGoogle"
"90846619927175875_3541233828","image",2025-07-11 12:00:00,136,5,"#MadeByGoogle"
"13789206784345446_2871438947","carousel",2025-08-02 17:00:00,740,22,"#MadeByGoogle"
"18566552979851794_4557110582","image",2025-08-01 02:00:00,161,5,"#MadeByGoogle"
"45894353799497501_2002426201","image",2025-07-06 20:00:00,690,15,"#MadeByGoogle"
"77357633394469201_4598044666","image",2025-07-13 05:00:00,146,1,"#MadeByGoogle"
"07947310737682979_4884187221","image",2025-07-20 03:00:00,736,16,"#MadeByGoogle"
"40988528644102894_2821803098","reel",2025-08-17 23:00:00,66,0,"#MadeByGoogle"
"74824308376252604_0292647987","reel",2025-07-21 09:00:00,531,12,"#MadeByGoogle"
"13061005753993487_7692632775","image",2025-07-15 04:00:00,167,1,"#MadeByGoogle"
"27097483390684211_4470712962","image",2025-08-02 11:00:00,15,1,"#MadeByGoogle"
"79407763553354426_8386889383","carousel",2025-08-09 15:00:00,797,16,"#MadeByGoogle"
"63326338314882054_0334627494","image",2025-07-05 15:00:00,55,3,"#MadeByGoogle"
"33462511793380872_3638876089","image",2025-08-10 13:00:00,558,12,"#MadeByGoogle"
"53866231800212537_7248853824","image",2025-06-28 09:00:00,128,5,"#MadeByGoogle"
"34303618880713879_7309121562","image",2025-07-01 22:00:00,256,7,"#MadeByGoogle"
"77307923950351934_2452313143","reel",2025-08-08 20:00:00,170,3,"#MadeByGoogle"
"42173054683155741_6392270427","reel",2025-07-09 09:00:00,122,1,"#MadeByGoogle"
"11668503326403551_2945591364","image",2025-07-12 04:00:00,288,6,"#MadeByGoogle"
"80321640378631719_9658829556","carousel",2025-07-06 05:00:00,208,6,"#MadeByGoogle"
"67655888156494110_1480645840","carousel",2025-07-02,204,12,"#MadeByGoogle"
"13919325308903460_7324228567","reel",2025-08-25 07:00:00,187,7,"#MadeByGoogle"
"20065669752048912_9793294043","reel",2025-08-25 07:00:00,93,5,"#MadeByGoogle"
"21009008534185870_5842349459","reel",2025-08-24 08:00:00,147,3,"#MadeByGoogle"
"01361878938293838_4570410146","image",2025-08-12 13:00:00,129,2,"#MadeByGoogle"
"02409154385451350_9530995528","image",2025-07-02 16:00:00,402,10,"#MadeByGoogle"
"20874090342003349_2743195938","carousel",2025-07-31 10:00:00,173,6,"#MadeByGoogle"
"08209219885582619_3739873493","carousel",2025-07-07 06:00:00,913,21,"#MadeByGoogle"
"56753674404721027_2016373171","carousel",2025-07-12 07:00:00,25,1,"#MadeByGoogle"
"64232554223119901_6370450012","carousel",2025-07-10 15:00:00,234,8,"#MadeByGoogle"
"17585335112797382_4442842705","carousel",2025-07-01 18:00:00,949,23,"#MadeByGoogle"
"27956763395269972_4529066277","carousel",2025-09-03 06:00:00,199,4,"#MadeByGoogle"
"66711872900543835_5901135525","reel",2025-08-16 17:00:00,243,4,"#MadeByGoogle"
"75557080264215937_7349838412","image",2025-07-20 19:00:00,114,6,"#MadeByGoogle"
"04351657018083205_5680384074","reel",2025-07-11 05:00:00,174,7,"#MadeByGoogle"
"68178735907230294_1941226148","image",2025-08-05 08:00:00,315,11,"#MadeByGoogle"
"35198321074592396_9909660643","carousel",2025-07-18,238,8,"#MadeByGoogle"
"33695719445283786_6214208593","image",2025-08-29,220,3,"#MadeByGoogle"
"71069314418216168_0104240345","image",2025-09-06 12:00:00,38,0,"#MadeByGoogle"
"55076022428234603_8210679865","carousel",2025-07-09 20:00:00,307,11,"#MadeByGoogle"
"28169340705126802_2194725079","image",2025-08-13 13:00:00,42,2,"#MadeByGoogle"
"55539423896334673_2888715370","image",2025-08-14 04:00:00,953,30,"#MadeByGoogle"
"43198972423883650_6830821284","reel",2025-09-16 04:00:00,216,7,"#MadeByGoogle"
"15537476796097829_0018094231","image",2025-06-26 12:00:00,54,1,"#MadeByGoogle"
"57535416349730941_0707333107","image",2025-07-31 22:00:00,281,10,"#MadeByGoogle"
"41306551229451331_6125148635","image",2025-07-30 12:00:00,89,4,"#MadeByGoogle"
"20787327594165257_6989595582","image",2025-07-26 18:00:00,238,13,"#MadeByGoogle"
"50357619224683216_9319514131","image",2025-07-29 14:00:00,210,9,"#MadeByGoogle"
"88147407517307670_5255342809","image",2025-08-13 03:00:00,1161,28,"#MadeByGoogle"
"98275810815089957_3661323999","reel",2025-08-16 03:00:00,442,12,"#MadeByGoogle"
"67258388250337343_6656029486","carousel",2025-09-02 22:00:00,119,3,"#MadeByGoogle"
"29094669325616438_8315871389","carousel",2025-07-07 03:00:00,71,4,"#MadeByGoogle"
"40640432271060611_5176933618","carousel",2025-07-01 10:00:00,596,17,"#MadeByGoogle"
"84930888936345503_8114266092","reel",2025-07-31 10:00:00,48,1,"#MadeByGoogle"
"09117669076988946_2464797990","carousel",2025-07-16 01:00:00,247,2,"#MadeByGoogle"
"66196370196300142_8822298546","reel",2025-09-11 13:00:00,50,2,"#MadeByGoogle"
"85032372603453847_7102358386","reel",2025-07-16 21:00:00,296,13,"#MadeByGoogle"
"35341836217042020_5198062105","carousel",2025-07-18 06:00:00,327,8,"#MadeByGoogle"
"51052615744865470_8555389630","reel",2025-07-21 14:00:00,162,8,"#MadeByGoogle"
"87481583548308517_9177722183","image",2025-08-20 04:00:00,23,3,"#MadeByGoogle"
"44166631975532700_3729573595","carousel",2025-06-28 09:00:00,90,2,"#MadeByGoogle"
"67708413280821378_5039905601","reel",2025-07-13 02:00:00,359,12,"#MadeByGoogle"
"57763418454341518_0049335013","carousel",2025-08-07 23:00:00,118,3,"#MadeByGoogle"
"63085811866175250_5326051148","reel",2025-07-31 13:00:00,16,0,"#MadeByGoogle"
"19430297058532263_7158414647","image",2025-07-10 10:00:00,510,14,"#MadeByGoogle"
"27499862529152237_3204181372","image",2025-08-07 21:00:00,384,17,"#MadeByGoogle"
"48427603219404779_9572640104","image",2025-09-13,105,2,"#MadeByGoogle"
"14578347898733156_3559763290","carousel",2025-07-09 14:00:00,275,5,"#MadeByGoogle"
"64081744751288364_9299499910","image",2025-07-12 03:00:00,208,7,"#MadeByGoogle"
"47932567454973413_3089780482","carousel",2025-07-11 23:00:00,236,9,"#MadeByGoogle"
"56503972399746385_5431087785","image",2025-06-22 01:00:00,621,8,"#MadeByGoogle"
"16895825656304640_9930340928","carousel",2025-07-06 23:00:00,434,15,"#MadeByGoogle"
"90722951231235320_4417322077","reel",2025-07-12 08:00:00,234,4,"#MadeByGoogle"
"74744039969635761_7975431564","carousel",2025-07-30 16:00:00,262,4,"#MadeByGoogle"
"71813792223833888_1331665047","reel",2025-09-10,1816,55,"#MadeByGoogle"
"35279753044148986_1075414974","carousel",2025-09-13 20:00:00,133,5,"#MadeByGoogle"
"92378591594290888_5582418025","carousel",2025-07-10 12:00:00,528,15,"#MadeByGoogle"
"27528976319692640_6073693609","image",2025-07-03 06:00:00,370,12,"#MadeByGoogle"
"02305378931495893_2293218433","carousel",2025-08-22 18:00:00,420,8,"#MadeByGoogle"
"02687782381596227_0241780614","carousel",2025-08-22 21:00:00,200,6,"#MadeByGoogle"
"25308984887237645_8794125550","image",2025-07-04 03:00:00,356,15,"#MadeByGoogle"
"03679539536527151_3610231071","image",2025-08-20 10:00:00,176,6,"#MadeByGoogle"
"18505720728416522_7916824090","reel",2025-07-24 02:00:00,104,6,"#MadeByGoogle"
"99348796445444839_5102815100","image",2025-07-04 16:00:00,155,2,"#MadeByGoogle"
"87738842159672969_2877319641","image",2025-07-27 16:00:00,139,4,"#MadeByGoogle"
"42152121517162860_5523781624","image",2025-08-06 22:00:00,140,6,"#MadeByGoogle"
"02523327200663781_3110005335","image",2025-07-20 19:00:00,136,4,"#MadeByGoogle"
"49349357480695000_3913613300","image",2025-08-26 05:00:00,90,3,"#MadeByGoogle"
"96259378181637641_0209637218","image",2025-06-27 22:00:00,170,3,"#MadeByGoogle"
"93927593805864318_1940774244","image",2025-08-01 18:00:00,843,30,"#MadeByGoogle"
"79303749390128130_7906165791","image",2025-07-04 22:00:00,325,12,"#MadeByGoogle"
"47177607241166855_1645454637","carousel",2025-07-18 14:00:00,518,12,"#MadeByGoogle"
"84234096179661500_1907787671","image",2025-07-31 15:00:00,75,4,"#MadeByGoogle"
"13176237329958450_3996094602","carousel",2025-08-13 12:00:00,128,3,"#MadeByGoogle"
"36466139673089019_5161871745","image",2025-07-03 15:00:00,22,1,"#MadeByGoogle"
"64371130795214270_5259014659","carousel",2025-07-20 13:00:00,451,9,"#MadeByGoogle"
"54823868748230397_8779848588","reel",2025-08-18 07:00:00,237,6,"#MadeByGoogle"
"66488356338493392_5193757316","reel",2025-07-05 10:00:00,574,19,"#MadeByGoogle"
"83988653278681687_2656195712","image",2025-07-19 03:00:00,246,13,"#MadeByGoogle"
"63642787044980756_0719590787","carousel",2025-09-01 12:00:00,182,8,"#MadeByGoogle"
"47109921932061297_7493555208","image",2025-07-16 12:00:00,155,7,"#MadeByGoogle"
"91511239784678521_7579936721","carousel",2025-06-24 10:00:00,102,3,"#MadeByGoogle"
"67970667433592489_5937691202","image",2025-07-01 18:00:00,344,8,"#MadeByGoogle"
"24227217388554510_8216607067","carousel",2025-07-03 13:00:00,495,9,"#MadeByGoogle"
"57245545170122653_2011073117","image",2025-07-15 04:00:00,79,2,"#MadeByGoogle"
"82281418253263320_9782744892","reel",2025-07-02 20:00:00,232,11,"#MadeByGoogle"
"79753635235042398_5811312074","image",2025-07-10 05:00:00,108,2,"#MadeByGoogle"
"88619145859489689_7315613804","reel",2025-07-01 14:00:00,205,3,"#MadeByGoogle"
"88687604627518677_3106664776","carousel",2025-08-04 04:00:00,0,8,"#MadeByGoogle"
"31054587591366299_9725353918","image",2025-08-06 11:00:00,1092,36,"#MadeByGoogle"
"06627247138019987_3049162940","carousel",2025-06-30 13:00:00,182,6,"#MadeByGoogle"
"52589465760367522_1655792972","carousel",2025-07-26 08:00:00,196,0,"#MadeByGoogle"
"01134574680765556_3395348287","image",2025-08-10 03:00:00,870,23,"#MadeByGoogle"
"97485911793130429_3340815171","carousel",2025-08-15 22:00:00,435,13,"#MadeByGoogle"
"31063300827136044_1528300355","carousel",2025-08-06 17:00:00,98,1,"#MadeByGoogle"
"18607814160328152_5005898854","reel",2025-09-01 14:00:00,236,8,"#MadeByGoogle"
"62014340022949651_4784089391","image",2025-08-14 17:00:00,119,5,"#MadeByGoogle"
"60273556483616116_0365041310","carousel",2025-07-12 18:00:00,145,2,"#MadeByGoogle"
"80045386877467659_6221949983","reel",2025-07-16 04:00:00,327,6,"#MadeByGoogle"
"58812479285533172_8270449507","image",2025-08-05 05:00:00,452,15,"#MadeByGoogle"
"89955277873282809_7715652099","reel",2025-07-06 01:00:00,819,31,"#MadeByGoogle"
"27874407157016250_1779547963","carousel",2025-06-24 13:00:00,711,22,"#MadeByGoogle"
"04346095365842009_6926026652","carousel",2025-07-06 05:00:00,30,1,"#MadeByGoogle"
"53914617796649253_7304216383","image",2025-06-25 15:00:00,74,2,"#MadeByGoogle"
"99303773548201488_7970875730","carousel",2025-07-12 23:00:00,523,15,"#MadeByGoogle"
"49879003430676740_4131623797","image",2025-07-10 09:00:00,582,12,"#MadeByGoogle"
"81867812256421012_9425651880","carousel",2025-07-17 23:00:00,62,2,"#MadeByGoogle"
"37202560105332481_2809944404","image",2025-07-09 09:00:00,190,8,"#MadeByGoogle"
"24818576785504791_3035500601","carousel",2025-07-02 16:00:00,317,10,"#MadeByGoogle"
"40843061547381564_0295054192","carousel",2025-07-04 08:00:00,1333,37,"#MadeByGoogle"
"78313251510157945_6807564816","image",2025-07-07 19:00:00,127,6,"#MadeByGoogle"
"43573125011461422_4954415706","carousel",2025-08-19 10:00:00,57,1,"#MadeByGoogle"
"82482334563584243_0662548761","image",2025-06-27 09:00:00,154,3,"#MadeByGoogle"
"34227767903249213_0973790805","carousel",2025-07-02 05:00:00,234,5,"#MadeByGoogle"
"46955202998167954_4148602908","reel",2025-08-12 22:00:00,20,2,"#MadeByGoogle"
"83655563777510437_5345166612","carousel",2025-08-26 07:00:00,390,7,"#MadeByGoogle"
"65463059251054910_3816882273","carousel",2025-08-26 13:00:00,27,1,"#MadeByGoogle"
"43299777044823600_6577049575","carousel",2025-08-17 21:00:00,70,2,"#MadeByGoogle"
"49120460283346374_7948044950","image",2025-08-15 17:00:00,821,24,"#MadeByGoogle"
"38745745746190618_4805668104","image",2025-08-10,170,8,"#MadeByGoogle"
"70494390737072804_7425163720","carousel",2025-07-13 18:00:00,347,11,"#MadeByGoogle"
"78250895845902926_0559245325","carousel",2025-08-01,559,19,"#MadeByGoogle"
"49808238741091144_4847699915","carousel",2025-06-25 10:00:00,188,1,"#MadeByGoogle"
"34435310948216889_6919074240","carousel",2025-07-19 13:00:00,596,15,"#MadeByGoogle"
"72687143353827957_3789305826","carousel",2025-07-06 15:00:00,464,16,"#MadeByGoogle"
"15094556412670654_7800112149","image",2025-06-27 20:00:00,142,1,"#MadeByGoogle"
"68566130774935446_6208897701","reel",2025-07-06 02:00:00,44,0,"#MadeByGoogle"
"41635752613286516_5586435092","carousel",2025-07-20 05:00:00,273,9,"#MadeByGoogle"
"04153261237896552_8065400297","carousel",2025-07-29 14:00:00,160,4,"#MadeByGoogle"
"74283938402283136_4458294687","carousel",2025-07-31 18:00:00,58,0,"#MadeByGoogle"
"62258455161513018_9138554335","image",2025-07-06 03:00:00,167,5,"#MadeByGoogle"
"76065829318217995_3546547655","carousel",2025-08-12 10:00:00,354,10,"#MadeByGoogle"
"26855559041274716_1281744350","image",2025-07-21 15:00:00,37,2,"#MadeByGoogle"
"10878820057942536_1194240284","reel",2025-07-15 23:00:00,415,13,"#MadeByGoogle"
"03292699191906155_4337795885","carousel",2025-08-03 05:00:00,19,1,"#MadeByGoogle"
"27981898187018113_5166738418","image",2025-07-09 23:00:00,206,9,"#MadeByGoogle"
"55312999411157274_3375536742","reel",2025-07-14 19:00:00,412,15,"#MadeByGoogle"
"19080545217938237_6354481227","reel",2025-07-18 10:00:00,316,8,"#MadeByGoogle"
"25891419923822949_8298350664","image",2025-08-10 11:00:00,280,7,"#MadeByGoogle"
"73051836524054512_7217760965","carousel",2025-06-23,103,5,"#MadeByGoogle"
"33765519746469277_7129483169","carousel",2025-07-12 15:00:00,654,19,"#MadeByGoogle"
"79258772143946912_3205127386","carousel",2025-07-06 19:00:00,364,16,"#MadeByGoogle"
"15918079147703262_0650197122","reel",2025-07-09 18:00:00,71,2,"#MadeByGoogle"
"77178205428494644_6517541062","carousel",2025-07-12 02:00:00,174,5,"#MadeByGoogle"
"45570201393649710_5614996715","image",2025-07-24 02:00:00,196,7,"#MadeByGoogle"
"93106803140645078_7427653334","carousel",2025-09-18 01:00:00,1279,36,"#MadeByGoogle"
"84537362662179689_4943399586","carousel",2025-07-01 09:00:00,341,9,"#MadeByGoogle"
"34319081280159426_1072804527","image",2025-07-17 14:00:00,75,2,"#MadeByGoogle"
"70130826366011863_3892320864","reel",2025-08-10 22:00:00,159,6,"#MadeByGoogle"
"80468032639009416_4562547194","reel",2025-07-18 02:00:00,267,9,"#MadeByGoogle"
"13331829867254119_3490187568","image",2025-06-27 16:00:00,68,2,"#MadeByGoogle"
"38958558110509673_4484710512","carousel",2025-08-17,392,8,"#MadeByGoogle"
"38485049390075591_7742854150","reel",2025-08-23 22:00:00,0,8,"#MadeByGoogle"
"23418231596037985_6002231409","reel",2025-09-01 19:00:00,514,12,"#MadeByGoogle"
"81082143620886598_4866556225","image",2025-07-30 11:00:00,662,23,"#MadeByGoogle"
"42702946898686170_4491749310","image",2025-07-01 08:00:00,38,1,"#MadeByGoogle"
"59217128625555790_1782570691","image",2025-07-23 13:00:00,353,11,"#MadeByGoogle"
"75611568430452899_8954547978","carousel",2025-08-07 10:00:00,77,1,"#MadeByGoogle"
"95790027893608352_6734656602","reel",2025-06-29 01:00:00,1053,37,"#MadeByGoogle"
"59893856430207926_7574713634","carousel",2025-06-25 01:00:00,140,5,"#MadeByGoogle"
"01395889141341706_2765840036","carousel",2025-08-16 18:00:00,1031,19,"#MadeByGoogle"
"38261826718531940_7454386545","carousel",2025-09-04 07:00:00,0,2,"#MadeByGoogle"
"65882127536620228_1139792822","image",2025-07-05 04:00:00,605,17,"#MadeByGoogle"
"38643116576789372_3323516113","carousel",2025-06-22 19:00:00,90,4,"#MadeByGoogle"
"88108367843906292_7436119575","reel",2025-07-11 16:00:00,557,17,"#MadeByGoogle"
"41396122954233125_9735227643","carousel",2025-08-10 09:00:00,438,13,"#MadeByGoogle"
"01505819860903108_8684053446","image",2025-07-15 06:00:00,511,11,"#MadeByGoogle"
"32769727087173262_9928678635","reel",2025-07-12 23:00:00,27,1,"#MadeByGoogle"
"50136353009572152_6772414636","image",2025-07-09 22:00:00,369,6,"#MadeByGoogle"
"10882076121682667_1385727620","reel",2025-08-18 23:00:00,174,6,"#MadeByGoogle"
"46524319271026041_1333573416","image",2025-08-09 17:00:00,315,7,"#MadeByGoogle"
"97989060498669114_3430515003","reel",2025-07-30 04:00:00,206,7,"#MadeByGoogle"
"63928769370240877_6234428022","carousel",2025-07-01 10:00:00,120,2,"#MadeByGoogle"
"70001623986335707_1762247383","reel",2025-08-31 02:00:00,73,2,"#MadeByGoogle"
"20080510550381234_9061377100","carousel",2025-08-24 17:00:00,371,11,"#MadeByGoogle"
"83811490948848315_3118467466","image",2025-07-31 08:00:00,274,10,"#MadeByGoogle"
"03076201617186602_4594199267","image",2025-07-31 05:00:00,236,7,"#MadeByGoogle"
"16942701695176821_1569764421","reel",2025-07-01 09:00:00,292,9,"#MadeByGoogle"
"64464361416318746_6087142531","carousel",2025-08-06 03:00:00,119,2,"#MadeByGoogle"
"82343704425940298_0738202815","carousel",2025-08-27 02:00:00,417,11,"#MadeByGoogle"
"81033201774327370_9377990060","image",2025-06-26 16:00:00,529,13,"#MadeByGoogle"
"37393290387416720_5758301121","carousel",2025-08-27 22:00:00,316,11,"#MadeByGoogle"
"00978981977870483_3341028712","image",2025-06-24,69,2,"#MadeByGoogle"
"64143348079781213_1798684496","carousel",2025-08-06 20:00:00,420,16,"#MadeByGoogle"
"69953254278005043_8628474819","carousel",2025-06-24 21:00:00,164,11,"#MadeByGoogle"
"38756102557989671_7287731302","carousel",2025-08-26 21:00:00,57,2,"#MadeByGoogle"
"28087644726625577_6038176587","image",2025-08-30 11:00:00,336,10,"#MadeByGoogle"
"84583262176106787_1363480536","carousel",2025-07-23 20:00:00,382,14,"#MadeByGoogle"
"96769900596510067_7515830916","carousel",2025-07-02 21:00:00,1174,38,"#MadeByGoogle"
"22965805779270114_1383425366","reel",2025-07-18 08:00:00,616,14,"#MadeByGoogle"
"98072659023465264_2673337910","image",2025-07-16 13:00:00,406,10,"#MadeByGoogle"
"05862126329724218_0661438009","carousel",2025-08-04 03:00:00,1156,43,"#MadeByGoogle"
"32072944922081830_5220698622","image",2025-07-09 06:00:00,318,9,"#MadeByGoogle"
"07464669426034779_9912415389","image",2025-07-10 02:00:00,64,3,"#MadeByGoogle"
"97774080553350006_2957057308","carousel",2025-07-24 04:00:00,731,18,"#MadeByGoogle"
"47000389057155199_0593416277","carousel",2025-06-28 18:00:00,179,6,"#MadeByGoogle"
"67626856011775460_2626344191","carousel",2025-07-09 16:00:00,146,0,"#MadeByGoogle"
"45020982292675231_2640269764","carousel",2025-07-19 04:00:00,303,7,"#MadeByGoogle"
"74000003615112978_3565262678","image",2025-08-21 04:00:00,587,23,"#MadeByGoogle"
"76817906351520858_2607615318","image",2025-07-04 23:00:00,485,14,"#MadeByGoogle"
"55093747544636200_2717369493","reel",2025-07-31 17:00:00,326,2,"#MadeByGoogle"
"64369243103520490_4679758815","image",2025-07-31 16:00:00,179,3,"#MadeByGoogle"
"11158492161222984_4158030175","reel",2025-08-05 06:00:00,208,9,"#MadeByGoogle"
"72539930776787414_8766599330","carousel",2025-08-10 01:00:00,715,15,"#MadeByGoogle"
"98141304208381200_7824217940","reel",2025-08-26,278,12,"#MadeByGoogle"
"05473813279625501_2687743741","image",2025-07-11 07:00:00,410,16,"#MadeByGoogle"
"33319638333675800_8687400171","image",2025-07-04 06:00:00,70,1,"#MadeByGoogle"
"48685256294156235_4533985057","image",2025-07-18 20:00:00,101,3,"#MadeByGoogle"
"60814259083078748_0465304095","reel",2025-06-22 04:00:00,350,9,"#MadeByGoogle"
"09029480939280982_6751078218","reel",2025-07-02 17:00:00,72,0,"#MadeByGoogle"
"69926823731525356_3427759938","image",2025-06-23 15:00:00,112,1,"#MadeByGoogle"
"91877255130853268_0075924648","image",2025-07-05 01:00:00,29,2,"#MadeByGoogle"
"55919358845343465_3162380342","carousel",2025-07-28 22:00:00,734,24,"#MadeByGoogle"
"64691073201857410_2939157411","carousel",2025-07-03 09:00:00,295,7,"#MadeByGoogle"
"33856374288386411_3380821426","image",2025-06-26 12:00:00,301,6,"#MadeByGoogle"
"05717133532661084_1505395131","image",2025-07-20 11:00:00,85,2,"#MadeByGoogle"
"84506497469351479_2546216967","reel",2025-07-31 22:00:00,476,19,"#MadeByGoogle"
"97162807872058560_2177966173","carousel",2025-08-18 05:00:00,203,8,"#MadeByGoogle"
"35065004890411171_4902048890","carousel",2025-07-06 05:00:00,573,18,"#MadeByGoogle"
"63891336575109538_0126225055","image",2025-08-15 10:00:00,299,7,"#MadeByGoogle"
"15589693165188648_5848371028","image",2025-06-30 05:00:00,367,11,"#MadeByGoogle"
"85085745398054613_2790612508","reel",2025-09-03 22:00:00,130,4,"#MadeByGoogle"
"00049681323967006_4838347078","image",2025-07-08 22:00:00,70,1,"#MadeByGoogle"
"61618258645371940_9077074256","reel",2025-07-22 23:00:00,296,9,"#MadeByGoogle"
"16784773639552256_0733368102","reel",2025-07-07 07:00:00,192,7,"#MadeByGoogle"
"99233815700407922_7500844233","reel",2025-09-06 13:00:00,117,4,"#MadeByGoogle"
"55499323845178272_9467478787","carousel",2025-06-27 19:00:00,211,6,"#MadeByGoogle"
"23394003816838211_1817101528","carousel",2025-07-01 13:00:00,26,0,"#MadeByGoogle"
"63337793420751019_5910743831","carousel",2025-08-10 09:00:00,305,7,"#MadeByGoogle"
"48626135103465917_6817302283","carousel",2025-06-30 07:00:00,241,9,"#MadeByGoogle"
"49819172857491469_9734375711","image",2025-07-09 02:00:00,4092,108,"#MadeByGoogle"
"39099054670709572_9634514047","image",2025-07-14 04:00:00,81,7,"#MadeByGoogle"
"39062779809301084_9025010703","image",2025-08-17 10:00:00,60,2,"#MadeByGoogle"
"80965620373619542_8761489971","image",2025-06-26 06:00:00,128,5,"#MadeByGoogle"
"35974242125348360_2516190649","image",2025-08-08 22:00:00,111,5,"#MadeByGoogle"
"99691200587496741_4475906650","carousel",2025-07-13 02:00:00,337,11,"#MadeByGoogle"
"59849947399379999_3542054124","image",2025-08-16 21:00:00,88,3,"#MadeByGoogle"
"78363877082281610_6101478559","carousel",2025-07-06 01:00:00,80,4,"#MadeByGoogle"
"37993298144696195_0158812507","image",2025-07-02 17:00:00,50,2,"#MadeByGoogle"
"71422631899480862_9547420547","image",2025-08-16 18:00:00,279,8,"#MadeByGoogle"
"55579101700385756_4826444007","reel",2025-07-05 12:00:00,298,11,"#MadeByGoogle"
"11402373298380581_2581160078","image",2025-07-22 07:00:00,83,3,"#MadeByGoogle"
"04806361807382813_0996028063","image",2025-06-26 15:00:00,23,2,"#MadeByGoogle"
"00594366631584635_3326591489","image",2025-07-31 12:00:00,87,3,"#MadeByGoogle"
"55944089708598483_8852367960","reel",2025-06-22 04:00:00,230,8,"#MadeByGoogle"
"80366746268549145_6435441678","image",2025-07-24 11:00:00,262,8,"#MadeByGoogle"
"35028897082996263_9991570147","image",2025-07-19 09:00:00,128,3,"#MadeByGoogle"
"11295128379028756_2393648740","carousel",2025-07-02 22:00:00,93,0,"#MadeByGoogle"
"15193727051061176_2930122944","carousel",2025-07-03 18:00:00,336,8,"#MadeByGoogle"
"24456897545941785_4395089588","carousel",2025-06-27 19:00:00,210,6,"#MadeByGoogle"
"13309454556594387_4709085547","image",2025-09-03 20:00:00,190,4,"#MadeByGoogle"
"78254611101123784_1429822613","image",2025-08-09,281,10,"#MadeByGoogle"
"54491007069142046_2057610837","image",2025-07-31 05:00:00,69,0,"#MadeByGoogle"
"50583892245149219_8439777748","image",2025-06-30 15:00:00,81,1,"#MadeByGoogle"
"29895140727014159_0484170946","carousel",2025-07-15 17:00:00,55,0,"#MadeByGoogle"
"96890282616080556_4766015121","reel",2025-07-14 07:00:00,79,3,"#MadeByGoogle"
"19316346449969175_8508792337","image",2025-08-12,188,6,"#MadeByGoogle"
"84548328426083009_9253835529","reel",2025-09-10 23:00:00,460,15,"#MadeByGoogle"
"25986847810396776_5820081938","image",2025-07-20 03:00:00,46,2,"#MadeByGoogle"
"11783412252218888_9860964495","carousel",2025-06-28 17:00:00,94,1,"#MadeByGoogle"
"32822085411532689_2151855844","carousel",2025-06-23 21:00:00,99,4,"#MadeByGoogle"
"80929530843601062_2611608274","carousel",2025-08-15 14:00:00,397,12,"#MadeByGoogle"
"09629132120586023_8098536501","carousel",2025-07-01 11:00:00,912,28,"#MadeByGoogle"
"75966018765467739_8390334131","reel",2025-06-22 12:00:00,267,8,"#MadeByGoogle"
"80293602535964286_9672836433","image",2025-09-05 08:00:00,153,3,"#MadeByGoogle"
"59550824649148468_9530443534","carousel",2025-07-19 20:00:00,477,16,"#MadeByGoogle"
"63967674659689911_4968517773","reel",2025-08-18 17:00:00,83,2,"#MadeByGoogle"
"90728316119224977_2178360851","carousel",2025-07-19 09:00:00,28,2,"#MadeByGoogle"
"69720360997143241_5907290400","carousel",2025-07-11 19:00:00,706,22,"#MadeByGoogle"
"01769647605407697_7174689047","reel",2025-09-12 16:00:00,625,26,"#MadeByGoogle"
"96323467132961125_2712943706","image",2025-06-26 09:00:00,87,5,"#MadeByGoogle"
"31637164156272901_3137414508","carousel",2025-07-23 23:00:00,103,1,"#MadeByGoogle"
"88592297430971830_4312459973","carousel",2025-07-07 23:00:00,320,14,"#MadeByGoogle"
"73221751962664465_2806420971","carousel",2025-06-25 13:00:00,368,12,"#MadeByGoogle"
"83884421778020238_4948819402","reel",2025-07-09 04:00:00,379,19,"#MadeByGoogle"
"82275129101554335_3023195332","image",2025-08-08 16:00:00,144,0,"#MadeByGoogle"
"92779024730326850_3190898569","image",2025-09-18 04:00:00,109,1,"#MadeByGoogle"
"70339529424895932_9301877694","image",2025-07-17 18:00:00,576,23,"#MadeByGoogle"
"13425809985609296_3300727403","reel",2025-07-23 03:00:00,822,25,"#MadeByGoogle"
"18494474318547713_5896343733","image",2025-08-19 01:00:00,203,8,"#MadeByGoogle"
"04895030846562597_6867819640","reel",2025-06-27 04:00:00,383,10,"#MadeByGoogle"
"20375828509443234_7065782008","image",2025-07-25 18:00:00,674,30,"#MadeByGoogle"
"25343529897531259_2867631290","image",2025-06-24 11:00:00,37,0,"#MadeByGoogle"
"29066043627595586_3928009771","image",2025-06-23 04:00:00,287,10,"#MadeByGoogle"
"39293244910323351_4763698623","reel",2025-07-09 05:00:00,28,1,"#MadeByGoogle"
"96420840095354507_1818886406","reel",2025-07-03 13:00:00,58,2,"#MadeByGoogle"
"17735528233267290_4241838256","reel",2025-09-15 21:00:00,398,17,"#MadeByGoogle"
"34407843418673415_9976514894","image",2025-08-07 05:00:00,310,9,"#MadeByGoogle"
"27628317423224027_3541423816","reel",2025-07-07,101,3,"#MadeByGoogle"
"07846318015717437_5604352662","reel",2025-06-30 21:00:00,77,2,"#MadeByGoogle"
"72072156157642289_4672828963","image",2025-09-12 17:00:00,119,1,"#MadeByGoogle"
"03812200090382508_2459210973","carousel",2025-08-29 08:00:00,185,3,"#MadeByGoogle"
"98781234114441596_1607306356","image",2025-07-01 15:00:00,179,9,"#MadeByGoogle"
"05666014067393666_2792570412","carousel",2025-07-17 06:00:00,252,6,"#MadeByGoogle"
"35868486305528403_9030430773","carousel",2025-06-29 20:00:00,142,3,"#MadeByGoogle"
"57127568542565168_9416267074","carousel",2025-07-03 14:00:00,634,16,"#MadeByGoogle"
"00814819335535806_7280055405","image",2025-07-31 17:00:00,336,10,"#MadeByGoogle"
"04277265092264066_3305068487","carousel",2025-08-01 06:00:00,335,7,"#MadeByGoogle"
"10596731892985761_8661432891","image",2025-06-27 08:00:00,1403,53,"#MadeByGoogle"
"11006372908005514_9997691763","reel",2025-07-11 04:00:00,21,0,"#MadeByGoogle"
"53873843006123256_6766254016","carousel",2025-08-21 20:00:00,86,2,"#MadeByGoogle"
"88851270888051309_2208014305","image",2025-06-26 12:00:00,340,10,"#MadeByGoogle"
"14320379262131658_1330609542","reel",2025-07-06 12:00:00,584,26,"#MadeByGoogle"
"09790066424650703_0736425048","image",2025-08-12 23:00:00,489,12,"#MadeByGoogle"
"84749929006431213_2911166762","carousel",2025-07-10 11:00:00,253,8,"#MadeByGoogle"
"40106800623802386_4859204485","image",2025-08-21 06:00:00,61,1,"#MadeByGoogle"
"26051258389470307_1571976459","reel",2025-07-16 07:00:00,33,2,"#MadeByGoogle"
"70689711356159486_7832220244","reel",2025-07-29 05:00:00,995,25,"#MadeByGoogle"
"33685462150440725_5012573189","reel",2025-06-26 05:00:00,879,30,"#MadeByGoogle"
"98785096354111833_3578687348","image",2025-07-11 10:00:00,128,9,"#MadeByGoogle"
"19009286309849705_0285950892","image",2025-07-20 06:00:00,286,10,"#MadeByGoogle"
"68575504217464288_1822995131","image",2025-07-19 10:00:00,134,1,"#MadeByGoogle"
"59061033218054732_0444910081","image",2025-07-30 01:00:00,368,10,"#MadeByGoogle"
"10930936102261167_6474405723","carousel",2025-08-03 09:00:00,91,6,"#MadeByGoogle"
"75837410117812110_6904620645","reel",2025-07-16 18:00:00,392,18,"#MadeByGoogle"
"75787527109232105_2236601936","image",2025-06-22 22:00:00,190,3,"#MadeByGoogle"
"36490114423813997_0811576330","image",2025-06-27 15:00:00,32,0,"#MadeByGoogle"
"95361404494838012_8169586395","reel",2025-07-27 14:00:00,113,2,"#MadeByGoogle"
"28664343088833266_8121943237","image",2025-08-17 09:00:00,57,0,"#MadeByGoogle"
"38202037141665844_5532127036","carousel",2025-08-23 07:00:00,81,5,"#MadeByGoogle"
"36062021435944919_1914427372","image",2025-06-27 19:00:00,50,2,"#MadeByGoogle"
"87133774581319060_9255733276","carousel",2025-08-30 05:00:00,277,0,"#MadeByGoogle"
"00472084299579890_5115500295","image",2025-07-17,315,9,"#MadeByGoogle"
"22231425522502050_2250522190","reel",2025-07-02 21:00:00,208,9,"#MadeByGoogle"
"44650474615132445_1317098658","image",2025-09-05 08:00:00,250,7,"#MadeByGoogle"
"64406621110195773_4915984204","image",2025-08-13 10:00:00,236,4,"#MadeByGoogle"
"30923915605036138_2389688110","reel",2025-08-02 01:00:00,93,4,"#MadeByGoogle"
"63546475894973818_2533898615","reel",2025-08-06 08:00:00,152,5,"#MadeByGoogle"
"59131112787826957_3371235141","reel",2025-08-04 13:00:00,236,6,"#MadeByGoogle"
"32611332725354238_2327905279","reel",2025-06-29 17:00:00,105,0,"#MadeByGoogle"
"02159667496666215_3540313580","carousel",2025-06-27 08:00:00,0,10,"#MadeByGoogle"
"37204639416359667_0225225172","reel",2025-07-13 11:00:00,102,2,"#MadeByGoogle"
"18774868642431532_4312831613","image",2025-07-27 18:00:00,170,11,"#MadeByGoogle"
"63430060558072889_2066167999","carousel",2025-07-15 06:00:00,77,4,"#MadeByGoogle"
"31943073255689412_9594786691","carousel",2025-07-31 15:00:00,74,2,"#MadeByGoogle"
"29295503136402130_9328020024","carousel",2025-06-28 14:00:00,272,10,"#MadeByGoogle"
"59591762177377351_1016118562","reel",2025-06-23 20:00:00,31,0,"#MadeByGoogle"
"87715427962611513_4239138687","reel",2025-07-22 23:00:00,410,13,"#MadeByGoogle"
"66738350709748024_5247108440","carousel",2025-07-20,441,15,"#MadeByGoogle"
"13990110674661752_1761969141","carousel",2025-06-27 10:00:00,442,14,"#MadeByGoogle"
"03252533152273662_4091454161","carousel",2025-07-01 21:00:00,284,9,"#MadeByGoogle"
"61616911614810222_0510054881","image",2025-07-20 15:00:00,441,8,"#MadeByGoogle"
"20342679463459237_2528832287","carousel",2025-07-02 01:00:00,91,3,"#MadeByGoogle"
"38871206925286849_9875663392","carousel",2025-06-25,75,3,"#MadeByGoogle"
"50265518537835913_8932002475","carousel",2025-08-17,64,0,"#MadeByGoogle"
"01332928820358369_2016360303","carousel",2025-06-24 15:00:00,74,3,"#MadeByGoogle"
"75445809660113113_7863814883","reel",2025-07-18 18:00:00,61,2,"#MadeByGoogle"
"91488293348367586_6532071173","image",2025-07-06 23:00:00,135,3,"#MadeByGoogle"
"04472192174367338_6274708787","image",2025-08-24 06:00:00,112,3,"#MadeByGoogle"
"76078072066908623_7246653999","image",2025-07-16 23:00:00,127,4,"#MadeByGoogle"
"27423116064034522_1584623172","reel",2025-07-04 10:00:00,59,1,"#MadeByGoogle"
"39450550236111078_3896216113","reel",2025-07-22 13:00:00,895,23,"#MadeByGoogle"
"90697956773703461_2647220961","carousel",2025-07-21 05:00:00,84,4,"#MadeByGoogle"
"27996035463201192_3502784447","carousel",2025-07-16 13:00:00,455,14,"#MadeByGoogle"
"72657087549219639_1836200934","reel",2025-07-10 15:00:00,93,3,"#MadeByGoogle"
"66543356317718673_7401462852","carousel",2025-08-14 11:00:00,155,5,"#MadeByGoogle"
"00237452916120135_5729139353","image",2025-09-07 01:00:00,1174,37,"#MadeByGoogle"
"06447191720676108_8931345133","carousel",2025-07-04 16:00:00,91,5,"#MadeByGoogle"
"39492389522798869_3742839680","carousel",2025-07-07 23:00:00,54,2,"#MadeByGoogle"
"19283088695767451_7020374764","reel",2025-07-28,238,3,"#MadeByGoogle"
"05641070598621881_7687102711","image",2025-08-04 02:00:00,103,3,"#MadeByGoogle"
"94970236047232535_5422852435","reel",2025-07-12,373,17,"#MadeByGoogle"
"91478604110617806_7042792356","image",2025-07-12 11:00:00,499,10,"#MadeByGoogle"
"12079585365904303_5107532761","carousel",2025-07-12 01:00:00,81,1,"#MadeByGoogle"
"99106800010794921_9998873815","image",2025-08-03 13:00:00,130,0,"#MadeByGoogle"
"33976112211867896_0031310915","reel",2025-07-28 11:00:00,172,5,"#MadeByGoogle"
"41030282252213195_3348688680","image",2025-07-16 04:00:00,23,2,"#MadeByGoogle"
"70830824378585162_2035470578","carousel",2025-07-25 02:00:00,229,12,"#MadeByGoogle"
"43929750918340161_8835471341","image",2025-07-27 04:00:00,144,3,"#MadeByGoogle"
"18913649052823665_0166605472","image",2025-08-27 22:00:00,285,8,"#MadeByGoogle"
"40672976039730879_4315390708","image",2025-08-05 18:00:00,394,11,"#MadeByGoogle"
"51832895689775881_5575826358","carousel",2025-07-11 11:00:00,1365,33,"#MadeByGoogle"
"19805000666128377_9110170363","carousel",2025-08-26 08:00:00,141,0,"#MadeByGoogle"
"06653757987537114_7638114945","carousel",2025-08-15 11:00:00,252,9,"#MadeByGoogle"
"08670753441905685_8812183374","image",2025-08-30 19:00:00,387,7,"#MadeByGoogle"
"24191920600215954_2997070974","carousel",2025-06-25 07:00:00,446,18,"#MadeByGoogle"
"22143095556187075_3757093469","image",2025-06-28 13:00:00,112,3,"#MadeByGoogle"
"73922595972233805_5461052027","image",2025-08-17 02:00:00,73,0,"#MadeByGoogle"
"19936538271827216_6194661321","reel",2025-07-01 17:00:00,312,7,"#MadeByGoogle"
"76925281821420296_1526725637","image",2025-07-06 04:00:00,287,7,"#MadeByGoogle"
"55249370457119601_2324074162","image",2025-09-11 06:00:00,118,0,"#MadeByGoogle"
"51165885499864679_4920535021","image",2025-07-19 21:00:00,148,2,"#MadeByGoogle"
"30542496831186509_1999282989","image",2025-07-25 16:00:00,362,3,"#MadeByGoogle"
"62314325080230131_7952492237","carousel",2025-06-24 04:00:00,77,7,"#MadeByGoogle"
"37001593793347891_3567480560","carousel",2025-08-24 11:00:00,232,6,"#MadeByGoogle"
"14995198966869733_2782019956","carousel",2025-08-15 15:00:00,97,3,"#MadeByGoogle"
"49177863300480640_2347001470","carousel",2025-07-23 05:00:00,477,24,"#MadeByGoogle"
"41846981185960175_0083857411","carousel",2025-07-28 18:00:00,126,2,"#MadeByGoogle"
"29353283481921789_0512487279","image",2025-08-21 20:00:00,408,10,"#MadeByGoogle"
"63368266231503953_3904505769","reel",2025-07-24 16:00:00,291,8,"#MadeByGoogle"
"25721933085702969_6536414803","image",2025-07-22 19:00:00,200,0,"#MadeByGoogle"
"97335621181841908_9596431319","image",2025-08-29 04:00:00,306,4,"#MadeByGoogle"
"47662391428994619_1169945332","image",2025-07-15 05:00:00,313,6,"#MadeByGoogle"
"86189914409945185_7664344472","image",2025-07-15 17:00:00,314,9,"#MadeByGoogle"
"24184072875719514_0174347269","image",2025-08-10 20:00:00,590,20,"#MadeByGoogle"
"58076545550233304_3153411650","image",2025-09-03 09:00:00,523,11,"#MadeByGoogle"
"24724713503598267_6285655547","carousel",2025-07-20 17:00:00,409,12,"#MadeByGoogle"
"76339243460053980_7557287632","reel",2025-08-11 13:00:00,382,11,"#MadeByGoogle"
"41930829207523691_2894755028","carousel",2025-07-02 07:00:00,150,5,"#MadeByGoogle"
"21978424613697281_3633339916","image",2025-07-17 13:00:00,180,6,"#MadeByGoogle"
"30800145736944668_0623125534","image",2025-06-30 21:00:00,334,8,"#MadeByGoogle"
"45026047399368722_1243871836","image",2025-08-06 07:00:00,230,10,"#MadeByGoogle"
"88819820943364556_2887224975","reel",2025-07-18 15:00:00,78,1,"#MadeByGoogle"
"30741242152482209_1209426459","carousel",2025-06-30 14:00:00,380,9,"#MadeByGoogle"
"51365087469445736_0420527717","image",2025-07-01 09:00:00,63,0,"#MadeByGoogle"
"49899807832050908_2994577653","image",2025-08-03 04:00:00,169,6,"#MadeByGoogle"
"43341870970389617_1832721676","image",2025-08-27 16:00:00,206,9,"#MadeByGoogle"
"64153920818197250_8839284359","image",2025-07-12 03:00:00,329,11,"#MadeByGoogle"
"78589470072912975_8191990123","image",2025-06-24 15:00:00,287,9,"#MadeByGoogle"
"98876060762239820_5630320245","carousel",2025-08-28 03:00:00,119,3,"#MadeByGoogle"
"10831225980620036_3500015220","carousel",2025-08-01 09:00:00,615,15,"#MadeByGoogle"
"38740576355466191_6731379079","reel",2025-06-30 05:00:00,59,4,"#MadeByGoogle"
"51588949100217876_3386551250","reel",2025-08-17 22:00:00,191,5,"#MadeByGoogle"
"17126397972347386_5438443995","carousel",2025-07-24 12:00:00,338,14,"#MadeByGoogle"
"72695770770915949_1447115699","carousel",2025-07-02 05:00:00,182,4,"#MadeByGoogle"
"67392836006245644_8386095070","image",2025-08-09,322,11,"#MadeByGoogle"
"55309057589863584_3996771385","image",2025-07-10 09:00:00,77,0,"#MadeByGoogle"
"68702591705621320_3021090884","image",2025-08-09 10:00:00,399,8,"#MadeByGoogle"
"03981127604615908_1546224891","carousel",2025-06-27 17:00:00,547,13,"#MadeByGoogle"
"10943580047185550_5693533109","image",2025-08-17 06:00:00,93,4,"#MadeByGoogle"
"05166229255376268_9078651430","image",2025-06-26 05:00:00,417,15,"#MadeByGoogle"
"80927778207903266_1597757685","carousel",2025-06-27 21:00:00,209,9,"#MadeByGoogle"
"00683732965180968_6313752913","carousel",2025-08-16 04:00:00,35,4,"#MadeByGoogle"
"86162728929607284_6587887934","carousel",2025-07-30 19:00:00,113,2,"#MadeByGoogle"
"93469712639992640_5641794287","image",2025-07-10,52,0,"#MadeByGoogle"
"51561429940124159_9039957909","carousel",2025-06-29 10:00:00,240,5,"#MadeByGoogle"
"39398809814877114_8643033836","image",2025-08-15 01:00:00,190,9,"#MadeByGoogle"
"86851440745469010_6972744268","carousel",2025-08-24 08:00:00,91,1,"#MadeByGoogle"
"95862379223589814_1297861552","image",2025-07-11 04:00:00,558,12,"#MadeByGoogle"
"56707151638177528_4690741721","reel",2025-07-31 01:00:00,511,16,"#MadeByGoogle"
"24038307794469073_5451903510","carousel",2025-06-30 22:00:00,654,20,"#MadeByGoogle"
"39230574879247229_5382533563","reel",2025-08-14 16:00:00,440,8,"#MadeByGoogle"
"36224074802119082_1380789675","image",2025-08-25 10:00:00,389,18,"#MadeByGoogle"
"56752076226077114_9394661506","reel",2025-08-16 07:00:00,256,6,"#MadeByGoogle"
"47925791430846967_8734250380","image",2025-07-11,274,8,"#MadeByGoogle"
"02898178975948622_3593981417","image",2025-09-03 08:00:00,142,2,"#MadeByGoogle"
"13526575371420696_6124809246","carousel",2025-07-06 09:00:00,52,2,"#MadeByGoogle"
"60972387807249128_9677166720","image",2025-07-17 04:00:00,75,2,"#MadeByGoogle"
"64544252600475451_3237874719","image",2025-07-07 11:00:00,321,11,"#MadeByGoogle"
"12878117128160889_2379290650","image",2025-08-11 02:00:00,689,25,"#MadeByGoogle"
"95820777587605923_1752497362","reel",2025-07-24 12:00:00,506,14,"#MadeByGoogle"
"16053042259736990_9282336685","carousel",2025-08-17 13:00:00,196,7,"#MadeByGoogle"
"77597743045064317_4683860215","image",2025-06-27,580,25,"#MadeByGoogle"
"73763519490272699_5886793157","image",2025-08-07 06:00:00,75,4,"#MadeByGoogle"
"13894360441557460_6105064161","image",2025-08-05 15:00:00,218,3,"#MadeByGoogle"
"36706778587582111_0504117068","image",2025-08-24 20:00:00,33,0,"#MadeByGoogle"
"59296141253516738_4824693911","carousel",2025-08-28 10:00:00,272,8,"#MadeByGoogle"
"87583424376791403_8056343437","carousel",2025-07-14 09:00:00,507,20,"#MadeByGoogle"
"24213025844127032_5521938598","image",2025-08-17 05:00:00,91,2,"#MadeByGoogle"
"20198904903592588_2878243622","carousel",2025-08-23 17:00:00,1412,51,"#MadeByGoogle"
"56534815286309970_6074125164","carousel",2025-07-03 02:00:00,64,4,"#MadeByGoogle"
"85280572593054778_7184860860","carousel",2025-07-08 20:00:00,62,3,"#MadeByGoogle"
"62169346668709681_4155838734","carousel",2025-07-06 15:00:00,494,10,"#MadeByGoogle"
"94892771431516293_3608214960","reel",2025-06-23 05:00:00,145,3,"#MadeByGoogle"
"08528790426990366_4573671974","reel",2025-07-27 14:00:00,61,4,"#MadeByGoogle"
"02323747329386310_5447558651","carousel",2025-08-06 03:00:00,815,29,"#MadeByGoogle"
"40806698241524193_7075418684","image",2025-07-05 20:00:00,182,6,"#MadeByGoogle"
"18950166773592036_5336712206","image",2025-07-02 07:00:00,126,6,"#MadeByGoogle"
"96051468355196375_6558178707","image",2025-07-13 01:00:00,420,16,"#MadeByGoogle"
"34021893876294064_1641459154","image",2025-08-15 18:00:00,207,5,"#MadeByGoogle"
"19503007640226706_1249914972","reel",2025-07-11 14:00:00,736,17,"#MadeByGoogle"
"84986836389564329_7758791850","image",2025-07-02 21:00:00,219,5,"#MadeByGoogle"
"39287605175698130_8394420064","image",2025-08-16 20:00:00,574,22,"#MadeByGoogle"
"87167492152880648_5506213649","reel",2025-08-23 18:00:00,102,0,"#MadeByGoogle"
"35015989419843794_4890125675","reel",2025-08-20 05:00:00,314,6,"#MadeByGoogle"
"09084233098747120_2801459690","image",2025-06-25,41,0,"#MadeByGoogle"
"94292556684575597_7723358143","image",2025-08-12 05:00:00,123,7,"#MadeByGoogle"
"69831327938664141_5738764684","image",2025-07-15 04:00:00,380,8,"#MadeByGoogle"
"28949085219696515_5744845618","reel",2025-07-31 15:00:00,749,29,"#MadeByGoogle"
"06858461692194780_0548336726","reel",2025-07-11 06:00:00,878,34,"#MadeByGoogle"
"99913767659591275_4234120655","reel",2025-07-03 11:00:00,604,14,"#MadeByGoogle"
"77349294469536684_7569347962","carousel",2025-07-09 22:00:00,141,1,"#MadeByGoogle"
"21266585471672990_7174659067","carousel",2025-08-10 21:00:00,305,8,"#MadeByGoogle"
"16826234461730277_7043890625","image",2025-07-19 21:00:00,424,16,"#MadeByGoogle"
"38846535786896845_8738392814","image",2025-08-21 06:00:00,34,0,"#MadeByGoogle"
"28596019809693442_5908151656","image",2025-07-19 05:00:00,95,4,"#MadeByGoogle"
"23147528696830851_3194107944","image",2025-07-02 19:00:00,219,6,"#MadeByGoogle"
"11379788833051393_5726615721","reel",2025-07-07 03:00:00,839,27,"#MadeByGoogle"
"83596503965307906_5779648218","reel",2025-07-01 13:00:00,77,1,"#MadeByGoogle"
"54589571595051496_6985552487","carousel",2025-06-25 19:00:00,196,7,"#MadeByGoogle"
"41273837249311203_2067167836","carousel",2025-08-19 22:00:00,386,13,"#MadeByGoogle"
"78250749034058750_8894740436","image",2025-07-23 20:00:00,193,7,"#MadeByGoogle"
"51684051569211994_6760394078","carousel",2025-08-19 19:00:00,9,0,"#MadeByGoogle"
"33298650029264356_3974008119","reel",2025-07-06 09:00:00,216,7,"#MadeByGoogle"
"59031450473817361_8209975395","reel",2025-09-13 14:00:00,342,15,"#MadeByGoogle"
"85597007127455467_8110575710","image",2025-08-06 21:00:00,1047,27,"#MadeByGoogle"
"25184549880297691_7129010463","carousel",2025-06-22 07:00:00,184,6,"#MadeByGoogle"
"05875113039554246_7340189144","image",2025-07-04 19:00:00,52,1,"#MadeByGoogle"
"16595175110554230_1220992170","image",2025-07-13 01:00:00,39,0,"#MadeByGoogle"
"20011362189863261_7138504798","carousel",2025-06-24 11:00:00,157,5,"#MadeByGoogle"
"95666363746173798_9334713989","carousel",2025-08-01 05:00:00,328,14,"#MadeByGoogle"
"26186064101586805_6717267211","image",2025-08-02 13:00:00,609,15,"#MadeByGoogle"
"83060832851996727_0985455239","carousel",2025-07-07 09:00:00,566,14,"#MadeByGoogle"
"74590246893117082_2033935632","carousel",2025-07-17 12:00:00,92,1,"#MadeByGoogle"
"62393033247515027_9174200162","carousel",2025-08-17 21:00:00,39,0,"#MadeByGoogle"
"95621720767223955_6569681383","image",2025-07-21 13:00:00,981,40,"#MadeByGoogle"
"03809680087639091_5074108438","reel",2025-07-17 10:00:00,522,12,"#MadeByGoogle"
"33404948930060385_2793933512","image",2025-07-05 13:00:00,374,11,"#MadeByGoogle"
"12699979192681922_5329360523","carousel",2025-07-08 15:00:00,264,11,"#MadeByGoogle"
"69254397195397124_1773697065","image",2025-07-01 03:00:00,509,14,"#MadeByGoogle"
"43407909495307295_6021668951","image",2025-06-23 07:00:00,33,1,"#MadeByGoogle"
"68168037523808408_2685006098","image",2025-07-17 20:00:00,825,29,"#MadeByGoogle"
"67709940227767752_7680239918","reel",2025-08-11 08:00:00,485,10,"#MadeByGoogle"
"97475261163265293_3775580815","reel",2025-08-24 05:00:00,148,6,"#MadeByGoogle"
"07482206641092369_3700839310","carousel",2025-07-23 10:00:00,51,2,"#MadeByGoogle"
"90814653327547014_7585133964","image",2025-07-01 10:00:00,90,6,"#MadeByGoogle"
"06020437025697527_1782873357","reel",2025-07-04 18:00:00,493,10,"#MadeByGoogle"
"06657253718502095_5273206276","image",2025-06-27 03:00:00,34,1,"#MadeByGoogle"
"13011772003678789_9558143053","reel",2025-08-06 05:00:00,896,27,"#MadeByGoogle"
"05775085337318519_2864310757","reel",2025-07-09 07:00:00,192,6,"#MadeByGoogle"
"38086593684770576_8458157059","carousel",2025-08-02 10:00:00,172,6,"#MadeByGoogle"
"16611157634550024_6136134261","reel",2025-07-03 11:00:00,94,4,"#MadeByGoogle"
"46912138626543790_4446044500","carousel",2025-07-06 23:00:00,299,6,"#MadeByGoogle"
"34023831622263259_7349165208","reel",2025-08-23 22:00:00,92,6,"#MadeByGoogle"
"37954657935072074_2760235300","image",2025-06-24 07:00:00,345,10,"#MadeByGoogle"
"62310441042251074_5439418262","carousel",2025-08-10 07:00:00,397,12,"#MadeByGoogle"
"29056525005117558_5703877151","image",2025-07-16 15:00:00,145,4,"#MadeByGoogle"
"60081343144396118_4182719934","carousel",2025-06-24 19:00:00,51,1,"#MadeByGoogle"
"94715255944112995_6018585360","reel",2025-08-10 08:00:00,781,24,"#MadeByGoogle"
"02546613960553894_3948657973","reel",2025-07-01 08:00:00,66,4,"#MadeByGoogle"
"97847409662872236_7772066349","carousel",2025-08-08 16:00:00,457,16,"#MadeByGoogle"
"79794675352187248_6336806294","reel",2025-07-09 23:00:00,236,13,"#MadeByGoogle"
"07667985079653481_5246616541","reel",2025-09-13 11:00:00,196,3,"#MadeByGoogle"
"08401014598390143_7059706320","carousel",2025-06-23 21:00:00,214,9,"#MadeByGoogle"
"27281389589216699_7175813492","carousel",2025-08-15 19:00:00,416,16,"#MadeByGoogle"
"18542218112928624_2612331174","reel",2025-08-27 03:00:00,131,2,"#MadeByGoogle"
"26770556423973249_8139557465","reel",2025-06-25 17:00:00,100,0,"#MadeByGoogle"
"55387050785151960_4313754403","reel",2025-08-19 09:00:00,253,10,"#MadeByGoogle"
"34543220286279340_5655342232","carousel",2025-08-27 19:00:00,135,4,"#MadeByGoogle"
"57540597489164278_6539200462","carousel",2025-08-17 01:00:00,347,12,"#MadeByGoogle"
"20905678700122117_3090124547","image",2025-07-23 11:00:00,172,7,"#MadeByGoogle"
"00941794721700881_5645274124","reel",2025-06-23 10:00:00,117,9,"#MadeByGoogle"
"73052049681523446_1329639997","reel",2025-08-21 08:00:00,174,3,"#MadeByGoogle"
"50776082648724462_9782775128","carousel",2025-08-15 03:00:00,1030,39,"#MadeByGoogle"
"34963355231548960_3788527997","carousel",2025-08-11 02:00:00,565,14,"#MadeByGoogle"
"19885362691153832_7418348401","carousel",2025-07-23 04:00:00,354,13,"#MadeByGoogle"
"58187958787995383_6477424162","image",2025-07-12 19:00:00,168,3,"#MadeByGoogle"
"94503778679471650_7588760195","reel",2025-08-13 04:00:00,67,6,"#MadeByGoogle"
"22624107059839019_4124275269","carousel",2025-07-30 21:00:00,738,20,"#MadeByGoogle"
"59678109950515829_1903269905","carousel",2025-06-30 17:00:00,287,9,"#MadeByGoogle"
"23500404725403621_3778191204","carousel",2025-06-23 06:00:00,206,5,"#MadeByGoogle"
"88349464389433634_1635929762","image",2025-07-25 07:00:00,442,12,"#MadeByGoogle"
"95977946268862993_4087317565","carousel",2025-07-28 02:00:00,538,12,"#MadeByGoogle"
"22656646155141850_4131300181","carousel",2025-09-14 06:00:00,58,0,"#MadeByGoogle"
"14583818021248490_6868794823","image",2025-08-20 23:00:00,88,0,"#MadeByGoogle"
"51854082114345805_8545997473","carousel",2025-06-29 17:00:00,203,9,"#MadeByGoogle"
"01649777680108905_3164860744","carousel",2025-07-24 14:00:00,228,0,"#MadeByGoogle"
"16745217902256581_8408606271","reel",2025-07-16 18:00:00,381,9,"#MadeByGoogle"
"33921947814987485_2703912860","image",2025-07-28 08:00:00,494,15,"#MadeByGoogle"
"57256160803128248_8128647187","carousel",2025-07-28 02:00:00,64,1,"#MadeByGoogle"
"29554876301357140_0027277705","carousel",2025-07-23 10:00:00,171,4,"#MadeByGoogle"
"47368001203097326_6932205716","image",2025-08-07 03:00:00,256,8,"#MadeByGoogle"
"81116870345626273_6056815765","image",2025-08-26 10:00:00,397,0,"#MadeByGoogle"
"11995199938648437_1117953261","carousel",2025-07-11 12:00:00,80,5,"#MadeByGoogle"
"37753117366784951_9216887365","carousel",2025-08-12 07:00:00,436,15,"#MadeByGoogle"
"40522119838433460_1834894425","image",2025-07-26 02:00:00,183,5,"#MadeByGoogle"
"96002166616716664_4709315391","reel",2025-07-05 22:00:00,107,1,"#MadeByGoogle"
"43807955031468502_8993786804","carousel",2025-07-18,1234,41,"#MadeByGoogle"
"88564994796493531_9744868491","reel",2025-07-19 22:00:00,212,4,"#MadeByGoogle"
"50168791977890510_1916975259","image",2025-07-18 17:00:00,114,3,"#MadeByGoogle"
"56695976564972796_7151791348","carousel",2025-06-28 04:00:00,112,2,"#MadeByGoogle"
"88120511477575277_0832175233","carousel",2025-08-28 03:00:00,141,7,"#MadeByGoogle"
"01007749458814695_1482168670","image",2025-08-18 06:00:00,546,17,"#MadeByGoogle"
"54941506317001394_5329689968","reel",2025-06-23 13:00:00,113,5,"#MadeByGoogle"
"68782675514150271_6811217078","image",2025-07-24 03:00:00,741,22,"#MadeByGoogle"
"39138096968831026_0421702623","reel",2025-06-29 12:00:00,19,0,"#MadeByGoogle"
"05578157876976908_9046671135","image",2025-06-25 21:00:00,126,2,"#MadeByGoogle"
"57798880499385231_5736655032","image",2025-07-17 09:00:00,843,9,"#MadeByGoogle"
"94888063659093576_6474281743","carousel",2025-08-08 06:00:00,625,22,"#MadeByGoogle"
"59806526483926357_1209837818","carousel",2025-08-13 05:00:00,445,12,"#MadeByGoogle"
"74921830375012773_3973351755","carousel",2025-06-29 12:00:00,104,5,"#MadeByGoogle"
"80965271441845088_1776057480","carousel",2025-08-11 03:00:00,739,23,"#MadeByGoogle"
"83984716042861708_2031322794","image",2025-08-07 10:00:00,131,1,"#MadeByGoogle"
"07953492816355300_8607832733","image",2025-07-29 05:00:00,134,0,"#MadeByGoogle"
"24300012693302658_3826172158","image",2025-07-01 16:00:00,246,12,"#MadeByGoogle"
"82771580978327092_8853689499","reel",2025-09-08 12:00:00,293,6,"#MadeByGoogle"
"61536224415668920_4092758139","carousel",2025-06-30 19:00:00,195,10,"#MadeByGoogle"
"71045354443159709_4645704732","carousel",2025-08-28 09:00:00,344,8,"#MadeByGoogle"
"35313939605639284_9106564727","reel",2025-07-12 11:00:00,160,7,"#MadeByGoogle"
"49188293327367105_7030442366","image",2025-07-08 15:00:00,237,4,"#MadeByGoogle"
"91957326172179828_4311668207","reel",2025-08-19 17:00:00,285,12,"#MadeByGoogle"
"01011265887808164_4123095951","reel",2025-07-06 23:00:00,251,11,"#MadeByGoogle"
"71262504622286069_2296865922","reel",2025-06-27 10:00:00,843,16,"#MadeByGoogle"
"64359208311753888_4989926322","reel",2025-08-17 12:00:00,116,5,"#MadeByGoogle"
"14686127404075153_1860089990","reel",2025-07-17,112,5,"#MadeByGoogle"
"58754350446503572_5899584372","carousel",2025-08-16 19:00:00,71,5,"#MadeByGoogle"
"40658827873943697_2622000973","carousel",2025-07-01 07:00:00,76,2,"#MadeByGoogle"
"43786407613213007_4575199111","image",2025-08-03 17:00:00,75,0,"#MadeByGoogle"
"02519849329188305_7069977875","carousel",2025-06-27 17:00:00,140,6,"#MadeByGoogle"
"25370975557908222_1531373640","image",2025-07-20 02:00:00,527,14,"#MadeByGoogle"
"91004159713101618_5666869385","carousel",2025-07-05 23:00:00,1023,26,"#MadeByGoogle"
"52872653580131283_7816956650","image",2025-07-26 17:00:00,516,14,"#MadeByGoogle"
"67362105150508888_4159968998","carousel",2025-08-18 10:00:00,66,1,"#MadeByGoogle"
"40121075556723698_4704916453","reel",2025-08-22 07:00:00,187,11,"#MadeByGoogle"
"27203603678874890_1340945822","carousel",2025-08-13 13:00:00,128,9,"#MadeByGoogle"
"56060334583997353_8862643531","reel",2025-07-11 20:00:00,84,1,"#MadeByGoogle"
"25308743268339496_2238945925","carousel",2025-07-26 17:00:00,556,19,"#MadeByGoogle"
"14447183798977186_5084942011","carousel",2025-08-02 20:00:00,268,13,"#MadeByGoogle"
"65342915394553926_5584637571","image",2025-07-04 10:00:00,0,8,"#MadeByGoogle"
"16186513724125331_1749071152","image",2025-08-14 07:00:00,0,26,"#MadeByGoogle"
"77101230923838338_1013361501","image",2025-06-24 02:00:00,112,4,"#MadeByGoogle"
"09572441234429090_9711613504","reel",2025-07-07 05:00:00,366,5,"#MadeByGoogle"
"92351155749505547_9466165944","reel",2025-07-18 21:00:00,320,11,"#MadeByGoogle"
"00483946438976353_7433559663","image",2025-07-05 17:00:00,287,8,"#MadeByGoogle"
"75833297865590685_3871267952","image",2025-06-30 14:00:00,93,0,"#MadeByGoogle"
"47346046513721680_2485799661","carousel",2025-08-21 05:00:00,800,27,"#MadeByGoogle"
"69759492192850337_7657564303","image",2025-08-30 07:00:00,128,3,"#MadeByGoogle"
"81035626095076370_1826165843","reel",2025-07-08 11:00:00,334,14,"#MadeByGoogle"
"33785685209349991_4184668995","reel",2025-07-23 20:00:00,131,3,"#MadeByGoogle"
"75401463670259402_1404721948","carousel",2025-07-08 10:00:00,611,16,"#MadeByGoogle"
"02023530781002373_1065026566","carousel",2025-07-17 07:00:00,803,24,"#MadeByGoogle"
"59285661128389542_8003385802","image",2025-06-26 07:00:00,0,2,"#MadeByGoogle"
"23038872080625330_8270582030","reel",2025-08-30 13:00:00,83,3,"#MadeByGoogle"
"84659864758111544_6007723662","reel",2025-07-24,525,21,"#MadeByGoogle"
"74629154994479415_6266589325","image",2025-08-03 15:00:00,155,1,"#MadeByGoogle"
"56154791663935676_7847870230","image",2025-08-13 19:00:00,266,9,"#MadeByGoogle"
"05783955947148390_3002362548","reel",2025-07-04 15:00:00,0,24,"#MadeByGoogle"
"00322022910115725_4934985626","carousel",2025-07-12 03:00:00,94,1,"#MadeByGoogle"
"52878474026598383_0932699858","reel",2025-07-10 13:00:00,274,5,"#MadeByGoogle"
"81151563679373222_6582407531","image",2025-07-05 01:00:00,214,6,"#MadeByGoogle"
"69639861366340001_5892660218","image",2025-07-02 08:00:00,60,2,"#MadeByGoogle"
"89520982573419692_6164853323","carousel",2025-07-24 08:00:00,0,4,"#MadeByGoogle"
"23156717952114570_2924758262","image",2025-08-16 10:00:00,62,0,"#MadeByGoogle"
"31324750060744381_4254622124","image",2025-09-07 10:00:00,74,2,"#MadeByGoogle"
"78313003918523317_2127248521","carousel",2025-06-25 07:00:00,72,1,"#MadeByGoogle"
"18609632878068672_7214194966","image",2025-07-23 05:00:00,131,3,"#MadeByGoogle"
"20383186818546901_6507586600","carousel",2025-07-18 07:00:00,107,1,"#MadeByGoogle"
"27783245345187513_6403412187","image",2025-07-06 10:00:00,105,3,"#MadeByGoogle"
"37690109350754987_4693995428","reel",2025-07-06,70,1,"#MadeByGoogle"
"97341912900001269_1570945693","image",2025-07-03,463,12,"#MadeByGoogle"
"58878021025600264_0201202087","carousel",2025-06-25 17:00:00,782,26,"#MadeByGoogle"
"82268492838960718_1794573032","carousel",2025-07-23 01:00:00,116,4,"#MadeByGoogle"
"86643301525873766_7404182221","reel",2025-06-24 18:00:00,405,16,"#MadeByGoogle"
"22796683468044695_0847026741","image",2025-07-18 12:00:00,238,4,"#MadeByGoogle"
"11999426089925524_3053142775","carousel",2025-06-29 15:00:00,235,8,"#MadeByGoogle"
"53402994796762061_8134632029","image",2025-07-08 08:00:00,75,2,"#MadeByGoogle"
"11760733627856043_7637550101","image",2025-08-17,35,1,"#MadeByGoogle"
"78778134283191797_3340268389","reel",2025-07-01 07:00:00,308,5,"#MadeByGoogle"
"28698460663076248_6968468000","carousel",2025-07-18 07:00:00,267,15,"#MadeByGoogle"
"84338977814233563_6767318844","image",2025-08-01 18:00:00,243,8,"#MadeByGoogle"
"69571140885517979_9618132951","carousel",2025-07-29 20:00:00,170,2,"#MadeByGoogle"
"55484094934278207_0666889529","image",2025-07-09 07:00:00,255,0,"#MadeByGoogle"
"72340729563706381_6371298016","carousel",2025-07-26 04:00:00,1006,34,"#MadeByGoogle"
"11328789887143531_5009271532","image",2025-08-07 15:00:00,158,5,"#MadeByGoogle"
"88988552211056526_6722166214","carousel",2025-07-09 09:00:00,611,22,"#MadeByGoogle"
"85274042678369123_1613922760","image",2025-07-23 20:00:00,756,18,"#MadeByGoogle"
"66178732866054672_9547630839","reel",2025-07-19 10:00:00,35,0,"#MadeByGoogle"
"51271289750866480_8459895016","image",2025-08-12 19:00:00,175,0,"#MadeByGoogle"
"71527281781428913_1285644378","reel",2025-07-03 06:00:00,129,4,"#MadeByGoogle"
"77081990827592446_5713208836","reel",2025-07-14 19:00:00,230,8,"#MadeByGoogle"
"35183505429373203_3555567764","carousel",2025-08-25 20:00:00,318,15,"#MadeByGoogle"
"16355783862001034_1973974876","image",2025-06-30 21:00:00,170,2,"#MadeByGoogle"
"36028794526428717_8645566629","reel",2025-07-08 15:00:00,223,8,"#MadeByGoogle"
"12432241358641246_4842323218","reel",2025-08-27 21:00:00,951,30,"#MadeByGoogle"
"58199296731499736_8595427977","carousel",2025-07-14,549,15,"#MadeByGoogle"
"65488200341733766_1165064028","image",2025-08-22 18:00:00,108,5,"#MadeByGoogle"
"04626261650923112_7744008735","image",2025-08-08 07:00:00,568,15,"#MadeByGoogle"
"60125921010202740_5218711966","carousel",2025-07-18 19:00:00,144,0,"#MadeByGoogle"
"77057917470940963_0884970583","reel",2025-06-23 09:00:00,88,4,"#MadeByGoogle"
"55385793422904257_3269734302","image",2025-07-27 13:00:00,46,0,"#MadeByGoogle"
"60747559482418234_9078633487","reel",2025-07-24 05:00:00,73,3,"#MadeByGoogle"
"59119659604639425_6114395046","image",2025-06-23 05:00:00,1413,53,"#MadeByGoogle"
"04452891826688025_7207256990","reel",2025-08-10 01:00:00,431,8,"#MadeByGoogle"
"94080248840426414_5433234941","carousel",2025-07-02 05:00:00,103,0,"#MadeByGoogle"
"15917358647854582_7727481011","reel",2025-08-05 14:00:00,310,16,"#MadeByGoogle"
"30413462533900924_5211005848","carousel",2025-06-24 07:00:00,211,6,"#MadeByGoogle"
"90387197196827636_2571917533","carousel",2025-07-13 12:00:00,291,3,"#MadeByGoogle"
"40401830707652804_5889413036","carousel",2025-06-30 18:00:00,36,0,"#MadeByGoogle"
"40691634192721782_7323656900","carousel",2025-08-12 17:00:00,133,4,"#MadeByGoogle"
"90685206618820003_6972566375","reel",2025-06-25 06:00:00,641,21,"#MadeByGoogle"
"02466044842451192_9013685140","reel",2025-06-29 17:00:00,172,5,"#MadeByGoogle"
"68230426149351644_3530866902","carousel",2025-07-18 06:00:00,144,4,"#MadeByGoogle"
"05540370165222906_4091540260","reel",2025-07-17 12:00:00,101,4,"#MadeByGoogle"
"40705207567681899_5023176669","carousel",2025-07-03 15:00:00,129,2,"#MadeByGoogle"
"30494950904559524_8613615339","carousel",2025-07-08 11:00:00,220,8,"#MadeByGoogle"
"72301937283741609_3211811821","reel",2025-08-16 12:00:00,844,29,"#MadeByGoogle"
"49098556748399235_5779818875","image",2025-08-07 10:00:00,126,5,"#MadeByGoogle"
"48864003893854132_3137818202","image",2025-08-22 02:00:00,657,26,"#MadeByGoogle"
"64368228923758512_1192670483","image",2025-08-17 10:00:00,182,4,"#MadeByGoogle"
"54122929853233880_0336034793","image",2025-07-04,544,21,"#MadeByGoogle"
"33883808802805070_7768181438","carousel",2025-06-22 05:00:00,206,8,"#MadeByGoogle"
"68371121275077810_2862418043","image",2025-06-29 19:00:00,1011,25,"#MadeByGoogle"
"70435587494404614_2896729970","image",2025-06-23 16:00:00,0,6,"#MadeByGoogle"
"47432683120827065_4045494358","carousel",2025-08-14 16:00:00,122,1,"#MadeByGoogle"
"80984132262949178_7723524444","carousel",2025-09-15 21:00:00,61,2,"#MadeByGoogle"
"86170772096207288_1339362607","reel",2025-07-31 11:00:00,199,4,"#MadeByGoogle"
"29412027733531736_8340449598","image",2025-06-25 12:00:00,153,1,"#MadeByGoogle"
"52814351490032802_9734257119","reel",2025-07-08,183,8,"#MadeByGoogle"
"99623272966766581_7132097267","image",2025-07-27 23:00:00,158,6,"#MadeByGoogle"
"49901339339596172_9886899570","carousel",2025-08-09 16:00:00,359,9,"#MadeByGoogle"
"48098719420217888_9822487161","reel",2025-07-04 02:00:00,74,2,"#MadeByGoogle"
"30667674719255857_6956409582","image",2025-07-26 23:00:00,58,0,"#MadeByGoogle"
"81808481819221086_8993515694","image",2025-09-11 02:00:00,1614,41,"#MadeByGoogle"
"42178102359115397_9644636010","carousel",2025-07-13 15:00:00,262,2,"#MadeByGoogle"
"33087383187472540_9828651554","image",2025-07-08 05:00:00,240,7,"#MadeByGoogle"
"65624824245408907_1123960717","image",2025-08-17 01:00:00,229,9,"#MadeByGoogle"
"34290445614162505_5717847437","image",2025-07-04 23:00:00,0,3,"#MadeByGoogle"
"55083917108553279_6523124573","image",2025-07-29 06:00:00,37,0,"#MadeByGoogle"
"73728241479335325_6807226813","image",2025-07-02 02:00:00,297,10,"#MadeByGoogle"
"43794342213555608_3300766915","reel",2025-07-25 10:00:00,133,2,"#MadeByGoogle"
"67799249581491822_9853021862","carousel",2025-07-06 13:00:00,135,5,"#MadeByGoogle"
"95192432321541579_2011883057","reel",2025-06-22 17:00:00,694,26,"#MadeByGoogle"
"65104803283319503_3631008197","reel",2025-09-05 01:00:00,67,1,"#MadeByGoogle"
"99908358245717399_6809971529","image",2025-08-07 08:00:00,690,23,"#MadeByGoogle"
"57003179197663590_7836000841","carousel",2025-08-14 03:00:00,72,1,"#MadeByGoogle"
"03372450078133379_8402778088","carousel",2025-08-22 08:00:00,22,2,"#MadeByGoogle"
"22272777957062629_0476305177","image",2025-07-08 03:00:00,100,4,"#MadeByGoogle"
"55050798459536389_0458079318","reel",2025-08-26 18:00:00,163,2,"#MadeByGoogle"
"50186069740850166_6772972218","reel",2025-08-15 09:00:00,687,15,"#MadeByGoogle"
"42361345904834821_7423719634","image",2025-09-04 19:00:00,424,13,"#MadeByGoogle"
"90232207114568617_2464694295","image",2025-06-24 17:00:00,282,9,"#MadeByGoogle"
"97914825911913549_0019045642","carousel",2025-07-31 04:00:00,770,26,"#MadeByGoogle"
"34604556878946782_3152797115","image",2025-07-04 04:00:00,171,4,"#MadeByGoogle"
"84040818741739592_7119790977","carousel",2025-07-20 12:00:00,71,2,"#MadeByGoogle"
"78113981064921381_2806931363","carousel",2025-08-01 10:00:00,510,13,"#MadeByGoogle"
"47335489554348540_8457957188","image",2025-08-01 19:00:00,285,9,"#MadeByGoogle"
"49420122745055704_3279492398","image",2025-07-03 06:00:00,115,1,"#MadeByGoogle"
"64709870167977701_7421766959","carousel",2025-07-17 08:00:00,137,4,"#MadeByGoogle"
"96642103040976884_2491367786","image",2025-07-18,36,2,"#MadeByGoogle"
"09939885701718082_0317667635","reel",2025-07-25 13:00:00,225,3,"#MadeByGoogle"
"10766146222298976_8049606485","reel",2025-07-22 09:00:00,179,3,"#MadeByGoogle"
"27180969269433798_1045392904","carousel",2025-07-18 21:00:00,883,32,"#MadeByGoogle"
"15542539750836700_1716223468","image",2025-07-09 07:00:00,101,3,"#MadeByGoogle"
"84059252363631115_6038978863","image",2025-08-19 19:00:00,97,4,"#MadeByGoogle"
"52404005700163060_1676618106","carousel",2025-07-29 14:00:00,1629,51,"#MadeByGoogle"
"29225724705191536_3238279382","image",2025-07-25 23:00:00,137,4,"#MadeByGoogle"
"74834434445966983_3394767803","carousel",2025-07-11 18:00:00,305,8,"#MadeByGoogle"
"54008299926953720_6254272877","carousel",2025-07-13 10:00:00,1295,40,"#MadeByGoogle"
"09419675348330175_6767952490","carousel",2025-07-04 10:00:00,128,5,"#MadeByGoogle"
"81483985739215491_4957349467","carousel",2025-07-18 01:00:00,163,7,"#MadeByGoogle"
"56013799323455065_3210137551","carousel",2025-08-17 18:00:00,930,29,"#MadeByGoogle"
"35746940410657944_6561711461","carousel",2025-08-08 09:00:00,307,13,"#MadeByGoogle"
"00148975188011796_8204814810","carousel",2025-07-20 02:00:00,1089,36,"#MadeByGoogle"
"50527506955076614_8788465118","carousel",2025-06-25 23:00:00,109,6,"#MadeByGoogle"
"65543036617286674_2251730552","image",2025-07-08 20:00:00,177,3,"#MadeByGoogle"
"27627667014949318_7461878070","image",2025-07-07 20:00:00,140,3,"#MadeByGoogle"
"17342087918308035_4403942299","reel",2025-08-18 20:00:00,77,1,"#MadeByGoogle"
"63695058028895254_2162951026","image",2025-08-18 09:00:00,256,10,"#MadeByGoogle"
"46928494577900518_8574442153","reel",2025-08-12 17:00:00,309,6,"#MadeByGoogle"
"93806427136455168_1179988633","carousel",2025-07-28 20:00:00,30,1,"#MadeByGoogle"
"35728778127190210_9186852951","carousel",2025-07-21 22:00:00,196,5,"#MadeByGoogle"
"71667849652012350_5109374519","carousel",2025-08-14 20:00:00,247,8,"#MadeByGoogle"
"35471969062077230_1870693102","reel",2025-07-26 14:00:00,1374,42,"#MadeByGoogle"
"94074746884429941_7032912793","image",2025-08-18 14:00:00,60,0,"#MadeByGoogle"
"28005632778569564_2534412026","carousel",2025-07-07 19:00:00,538,21,"#MadeByGoogle"
"01357280219849138_6566531491","image",2025-07-10 07:00:00,151,1,"#MadeByGoogle"
"15208427607960007_0513122542","reel",2025-07-26 09:00:00,0,3,"#MadeByGoogle"
"50896538866116515_9255552329","image",2025-06-28 10:00:00,130,3,"#MadeByGoogle"
"49260914665911203_9607716567","reel",2025-06-28 17:00:00,98,3,"#MadeByGoogle"
"10321330188495241_0529092547","reel",2025-08-31 11:00:00,42,1,"#MadeByGoogle"
"43925454743491057_7251586406","carousel",2025-07-13 16:00:00,135,6,"#MadeByGoogle"
"57557807824778841_2852403890","carousel",2025-07-18 11:00:00,1377,69,"#MadeByGoogle"
"13188166298694740_4016633385","reel",2025-08-09 10:00:00,339,7,"#MadeByGoogle"
"94712212296258586_4254548112","image",2025-07-24 23:00:00,342,12,"#MadeByGoogle"
"18611542281963107_6032365510","carousel",2025-08-17 07:00:00,690,21,"#MadeByGoogle"
"48830175392101359_6017034647","carousel",2025-07-26 07:00:00,491,20,"#MadeByGoogle"
"65659199983495365_4708460555","image",2025-07-01 23:00:00,349,10,"#MadeByGoogle"
"29971380685217183_8754615904","reel",2025-07-06 19:00:00,70,1,"#MadeByGoogle"
"35027417600912628_5723971164","reel",2025-06-27 02:00:00,1026,37,"#MadeByGoogle"
"49115935150649126_0683079757","image",2025-08-11 07:00:00,84,2,"#MadeByGoogle"
"08593426021322913_9991914296","reel",2025-06-27 07:00:00,128,6,"#MadeByGoogle"
"29943526294158417_0201847326","reel",2025-07-09 11:00:00,136,2,"#MadeByGoogle"
"11627402855665081_1900954490","image",2025-07-22 05:00:00,189,4,"#MadeByGoogle"
"87751915892253533_6357468846","carousel",2025-07-16 06:00:00,604,14,"#MadeByGoogle"
"81940105976390921_0381675086","reel",2025-08-01 19:00:00,205,0,"#MadeByGoogle"
"91191188067869174_6957052243","reel",2025-08-31 14:00:00,25,0,"#MadeByGoogle"
"35525276043068709_1575616434","carousel",2025-08-04 15:00:00,245,5,"#MadeByGoogle"
"01566326834112195_4946575911","reel",2025-08-24 21:00:00,92,5,"#MadeByGoogle"
"81314849661964764_2149099697","reel",2025-06-23 09:00:00,36,1,"#MadeByGoogle"
"57273414205359322_4489161031","carousel",2025-09-02 12:00:00,663,14,"#MadeByGoogle"
"33780816219776787_4455284131","reel",2025-08-15 23:00:00,146,9,"#MadeByGoogle"
"87659485578654535_9241770906","image",2025-08-22 06:00:00,140,4,"#MadeByGoogle"
"47254343393671039_9652144916","carousel",2025-09-02 10:00:00,131,4,"#MadeByGoogle"
"02924957796695377_5446602785","image",2025-08-20 09:00:00,218,7,"#MadeByGoogle"
"37427031528426216_9099923700","image",2025-08-25 16:00:00,115,3,"#MadeByGoogle"
"19461643507731931_7985766737","reel",2025-07-02 17:00:00,123,3,"#MadeByGoogle"
"28597787254886647_9450159570","carousel",2025-08-07 13:00:00,521,7,"#MadeByGoogle"
"64451530184172142_0802926536","reel",2025-07-27 04:00:00,459,18,"#MadeByGoogle"
"17943583883885313_7737326062","carousel",2025-07-29,109,2,"#MadeByGoogle"
"47033756205321080_0734154257","carousel",2025-07-02 03:00:00,62,1,"#MadeByGoogle"
"35312787418681801_3894962550","carousel",2025-08-19 02:00:00,194,5,"#MadeByGoogle"
"51951692108652597_7773286112","reel",2025-09-01 04:00:00,161,4,"#MadeByGoogle"
"67938082384945004_9233838030","image",2025-08-02 21:00:00,151,5,"#MadeByGoogle"
"28582246754132031_8105253789","image",2025-07-01 17:00:00,1029,37,"#MadeByGoogle"
"38830350176855851_4866441197","carousel",2025-07-28 13:00:00,245,7,"#MadeByGoogle"
"27392336088054881_0776083600","reel",2025-06-28 14:00:00,211,7,"#MadeByGoogle"
"32286425658586381_9091722911","image",2025-07-13,285,3,"#MadeByGoogle"
"29615064318380423_7341810594","image",2025-08-05 05:00:00,81,0,"#MadeByGoogle"
"57897361633564834_6240296434","reel",2025-08-06 06:00:00,2604,72,"#MadeByGoogle"
"07683131944265305_0937420875","image",2025-08-01 04:00:00,209,5,"#MadeByGoogle"
"18942246281931660_8400454963","reel",2025-08-01 05:00:00,724,31,"#MadeByGoogle"
"66912801513435160_5499973264","carousel",2025-07-20 16:00:00,166,3,"#MadeByGoogle"
"69530877790803876_2907154687","reel",2025-08-08 19:00:00,124,4,"#MadeByGoogle"
"70288224698140815_4570569172","reel",2025-08-22 02:00:00,1914,42,"#MadeByGoogle"
"05061062932677585_3804601983","carousel",2025-07-31,203,8,"#MadeByGoogle"
"70188598286245905_0128000922","image",2025-06-29 08:00:00,156,3,"#MadeByGoogle"
"12883646423867880_1064554409","reel",2025-07-16 04:00:00,587,16,"#MadeByGoogle"
"13400093823994469_0106476179","image",2025-07-08 11:00:00,317,5,"#MadeByGoogle"
"80154303873818042_4625446620","reel",2025-08-23 01:00:00,198,5,"#MadeByGoogle"
"82227837326296706_9751484182","image",2025-07-07 14:00:00,381,11,"#MadeByGoogle"
"04544534219705908_7554607747","carousel",2025-08-09 09:00:00,151,4,"#MadeByGoogle"
"83832188751791348_2471642334","carousel",2025-07-14,703,20,"#MadeByGoogle"
"15178510262168502_0688005208","reel",2025-08-19 12:00:00,168,6,"#MadeByGoogle"
"41363638800018122_0568420852","reel",2025-09-12 15:00:00,248,2,"#MadeByGoogle"
"37023614629094652_1684533876","image",2025-07-10 21:00:00,0,5,"#MadeByGoogle"
"42625531807094554_2848333468","reel",2025-07-11 01:00:00,428,16,"#MadeByGoogle"
"27227560668245673_9691117723","carousel",2025-07-09 03:00:00,96,3,"#MadeByGoogle"
"01165015909175591_3158537781","carousel",2025-06-26 14:00:00,340,13,"#MadeByGoogle"
"73517808499971930_0681826259","image",2025-07-18 09:00:00,203,2,"#MadeByGoogle"
"16087080474159791_4135722208","carousel",2025-07-11 14:00:00,37,1,"#MadeByGoogle"
"14175330550104274_0062014485","carousel",2025-08-25 01:00:00,0,1,"#MadeByGoogle"
"66285711691675847_3273678755","carousel",2025-08-01 20:00:00,652,14,"#MadeByGoogle"
"20276661923277271_4323046956","image",2025-07-26 04:00:00,64,3,"#MadeByGoogle"
"77388953536942499_0893728400","reel",2025-07-24 18:00:00,370,10,"#MadeByGoogle"
"15641379723551573_0614674499","image",2025-07-02 19:00:00,44,1,"#MadeByGoogle"
"82549821874902074_8861535512","carousel",2025-08-23 18:00:00,95,4,"#MadeByGoogle"
"32791467506789908_3636499090","reel",2025-07-22 11:00:00,237,10,"#MadeByGoogle"
"98239707081663158_7006143263","reel",2025-07-10 21:00:00,661,23,"#MadeByGoogle"
"99445819358043665_7915745438","carousel",2025-07-29 06:00:00,237,11,"#MadeByGoogle"
"76771538993461799_6989228537","carousel",2025-07-05 07:00:00,212,8,"#MadeByGoogle"
"62208792136136770_7691966438","reel",2025-07-28 11:00:00,285,3,"#MadeByGoogle"
"96967057736999831_3546645216","reel",2025-06-24 22:00:00,41,1,"#MadeByGoogle"
"62833402331736710_9299038476","carousel",2025-08-01 04:00:00,986,30,"#MadeByGoogle"
"97048629467260498_8157722930","carousel",2025-08-21 23:00:00,193,0,"#MadeByGoogle"
"74900192702312935_3766802167","image",2025-07-13 19:00:00,511,13,"#MadeByGoogle"
"93562090835115233_8889445594","image",2025-06-26 20:00:00,40,0,"#MadeByGoogle"
"67119746065488380_6981644488","image",2025-07-20 11:00:00,134,2,"#MadeByGoogle"
"44792587181251266_5086665947","image",2025-07-13 13:00:00,378,7,"#MadeByGoogle"
"12168361944105613_6250345936","carousel",2025-07-30 04:00:00,753,0,"#MadeByGoogle"
"83329636528378381_8622296637","image",2025-07-14 06:00:00,103,4,"#MadeByGoogle"
"27550365422253412_0544922877","reel",2025-07-23 04:00:00,158,5,"#MadeByGoogle"
"10703370449587054_6667796927","image",2025-07-12 18:00:00,302,8,"#MadeByGoogle"
"65756376304816901_8163045288","reel",2025-08-16 13:00:00,41,1,"#MadeByGoogle"
"11006661630016100_7924188566","carousel",2025-07-05 03:00:00,527,21,"#MadeByGoogle"
"67947998593143183_1362873331","carousel",2025-06-25 06:00:00,62,1,"#MadeByGoogle"
"29873690284481608_4139371649","image",2025-08-20 08:00:00,479,19,"#MadeByGoogle"
"81647219335278042_6025159075","carousel",2025-07-03 12:00:00,398,17,"#MadeByGoogle"
"03634773895581260_3982197644","image",2025-07-10 10:00:00,116,0,"#MadeByGoogle"
"19635676420075957_6543920170","image",2025-07-02 18:00:00,441,8,"#MadeByGoogle"
"65909154964084514_7813911559","carousel",2025-07-18 11:00:00,59,5,"#MadeByGoogle"
"62834470773145076_9738457956","reel",2025-06-23 06:00:00,48,2,"#MadeByGoogle"
"97478073741304651_6770836535","image",2025-09-01 23:00:00,43,0,"#MadeByGoogle"
"18735741478441278_4195860489","reel",2025-07-02 08:00:00,435,13,"#MadeByGoogle"
"90590037601695064_3434145859","image",2025-08-13 18:00:00,816,27,"#MadeByGoogle"
"62330112442674528_6062432985","reel",2025-09-01 05:00:00,133,4,"#MadeByGoogle"
"50241521645797349_0295290804","image",2025-07-09 22:00:00,119,2,"#MadeByGoogle"
"32674938429914007_8646367327","image",2025-08-05 05:00:00,120,3,"#MadeByGoogle"
"07966115619505163_1449228236","carousel",2025-08-22 19:00:00,1081,32,"#MadeByGoogle"
"73069915241551457_2467528088","carousel",2025-07-16 13:00:00,157,6,"#MadeByGoogle"
"58137536499796654_7301934980","reel",2025-07-06 14:00:00,113,4,"#MadeByGoogle"
"05648094058121643_2229693588","reel",2025-09-15 05:00:00,115,3,"#MadeByGoogle"
"23678788358301494_6157935881","image",2025-07-20 13:00:00,822,29,"#MadeByGoogle"
"92945628751624569_0922026349","reel",2025-09-15 03:00:00,0,2,"#MadeByGoogle"
"43171037534370903_1657129049","reel",2025-08-05 20:00:00,136,1,"#MadeByGoogle"
"45524212099483484_2132968351","image",2025-08-16 04:00:00,76,2,"#MadeByGoogle"
"23846858753848781_4333424463","reel",2025-07-23 05:00:00,74,4,"#MadeByGoogle"
"38571481954947025_3447502350","image",2025-08-27 16:00:00,129,1,"#MadeByGoogle"
"13141093799427866_1422786535","carousel",2025-07-04 07:00:00,118,1,"#MadeByGoogle"
"69037267427898379_5063323655","image",2025-08-21 15:00:00,1505,51,"#MadeByGoogle"
"72289099714555517_3452585774","reel",2025-08-05 23:00:00,53,2,"#MadeByGoogle"
"93657755388297697_2412241201","carousel",2025-07-09 06:00:00,294,13,"#MadeByGoogle"
"21125372929966060_5039675299","image",2025-08-26 16:00:00,176,3,"#MadeByGoogle"
"52142978955922795_2902583256","carousel",2025-07-30 11:00:00,27,2,"#MadeByGoogle"
"74725407876800354_7003159302","carousel",2025-08-27 20:00:00,914,28,"#MadeByGoogle"
"73538086256211794_6956381841","reel",2025-06-22 02:00:00,199,2,"#MadeByGoogle"
"35194481287800803_9717138464","image",2025-07-01,394,9,"#MadeByGoogle"
"63124498163777660_6639318127","reel",2025-08-07 18:00:00,278,8,"#MadeByGoogle"
"31597282004602775_9263947629","image",2025-08-15 22:00:00,286,6,"#MadeByGoogle"
"44782510543111061_0188668972","carousel",2025-08-30 13:00:00,154,2,"#MadeByGoogle"
"72605063763276083_5150553298","reel",2025-09-13 05:00:00,449,20,"#MadeByGoogle"
"59523411738190123_0535895692","image",2025-07-13 07:00:00,298,8,"#MadeByGoogle"
"41368524749301636_1749033328","image",2025-07-19 17:00:00,461,14,"#MadeByGoogle"
"96790898827660457_1261065574","reel",2025-07-01 23:00:00,390,11,"#MadeByGoogle"
"70179529435091814_8607409813","carousel",2025-08-14 18:00:00,1642,50,"#MadeByGoogle"
"42450187165765046_2541208465","image",2025-07-01 04:00:00,352,9,"#MadeByGoogle"
"16386612932892375_6120304182","image",2025-07-18 01:00:00,424,11,"#MadeByGoogle"
"35283617040328411_1351213575","image",2025-07-08 20:00:00,845,20,"#MadeByGoogle"
"99734266743810324_3658665573","reel",2025-08-13 10:00:00,166,6,"#MadeByGoogle"
"56864296370926602_8726455033","reel",2025-07-02 08:00:00,202,6,"#MadeByGoogle"
"88108035931458387_4853694248","carousel",2025-08-11 16:00:00,192,11,"#MadeByGoogle"
"29372841143633332_5474761413","carousel",2025-08-04 15:00:00,3316,89,"#MadeByGoogle"
"81161441676796915_3847124221","reel",2025-07-27 20:00:00,144,2,"#MadeByGoogle"
"58000930221392338_1472842700","reel",2025-08-23 13:00:00,101,2,"#MadeByGoogle"
"79620921457442408_9221987457","image",2025-07-09 05:00:00,109,3,"#MadeByGoogle"
"27627963612994981_4959453371","image",2025-08-22 13:00:00,136,2,"#MadeByGoogle"
"64888107005504524_6425454914","reel",2025-08-03 20:00:00,78,3,"#MadeByGoogle"
"24612457883663141_6261566259","image",2025-07-25 01:00:00,105,2,"#MadeByGoogle"
"61977890049993987_1503585194","reel",2025-07-16 20:00:00,128,5,"#MadeByGoogle"
"11827451275309158_4080282483","reel",2025-08-10 04:00:00,233,6,"#MadeByGoogle"
"49399305224893833_4735500912","carousel",2025-08-02 08:00:00,227,8,"#MadeByGoogle"
"49242775634938698_6442837390","carousel",2025-07-05 14:00:00,66,4,"#MadeByGoogle"
"28499039273826385_0930335610","carousel",2025-07-07 17:00:00,126,0,"#MadeByGoogle"
"94555815103474085_2196539732","carousel",2025-06-26 22:00:00,260,7,"#MadeByGoogle"
"73732761418294179_7809014636","image",2025-07-30 13:00:00,233,7,"#MadeByGoogle"
"47033676770129544_2165190354","carousel",2025-07-21 06:00:00,153,6,"#MadeByGoogle"
"33831047030348919_6685052004","image",2025-06-29 21:00:00,173,4,"#MadeByGoogle"
"72215675707383440_2549210181","carousel",2025-08-12 06:00:00,265,10,"#MadeByGoogle"
"97421740742575757_9557115642","image",2025-07-04 16:00:00,182,7,"#MadeByGoogle"
"28087555519789394_2229516185","image",2025-08-11 12:00:00,51,1,"#MadeByGoogle"
"59062749652141109_0839205564","reel",2025-08-15 06:00:00,209,6,"#MadeByGoogle"
"48361767838138584_6174212480","carousel",2025-08-21 11:00:00,79,4,"#MadeByGoogle"
"45836060420521830_0878499777","image",2025-08-14 02:00:00,813,25,"#MadeByGoogle"
"10610933431092073_4598092545","image",2025-07-26 18:00:00,19,2,"#MadeByGoogle"
"46102677712338239_7370382556","reel",2025-08-05 06:00:00,526,20,"#MadeByGoogle"
"69535669099330257_6838748034","reel",2025-08-15 10:00:00,71,5,"#MadeByGoogle"
"85427053765089942_8627742017","carousel",2025-08-12 11:00:00,99,0,"#MadeByGoogle"
"43276990427763481_7042479600","reel",2025-07-14 11:00:00,328,6,"#MadeByGoogle"
"97672649001638111_5107100402","image",2025-07-03 19:00:00,38,3,"#MadeByGoogle"
"89215473620995378_4362284049","reel",2025-07-18 23:00:00,204,5,"#MadeByGoogle"
"07105337609756129_7580182765","image",2025-07-14 23:00:00,610,22,"#MadeByGoogle"
"78887494307878683_4717156631","image",2025-07-26 20:00:00,172,6,"#MadeByGoogle"
"48160819245837430_1494213401","image",2025-08-12 05:00:00,144,4,"#MadeByGoogle"
"94978978965716775_7110757934","image",2025-07-24 05:00:00,383,13,"#MadeByGoogle"
"77754819056775915_9167736913","reel",2025-07-10 11:00:00,288,13,"#MadeByGoogle"
"09685906021847916_6257928609","carousel",2025-08-20 11:00:00,217,5,"#MadeByGoogle"
"32650408390244630_8534666685","carousel",2025-08-06 15:00:00,136,3,"#MadeByGoogle"
"56210153053252228_9159951220","carousel",2025-08-02 15:00:00,102,2,"#MadeByGoogle"
"34073771418325983_8810990825","carousel",2025-07-25 11:00:00,691,23,"#MadeByGoogle"
"00372142888181894_7393514032","image",2025-06-25 10:00:00,173,3,"#MadeByGoogle"
"37913429540847240_0688144915","carousel",2025-07-07 10:00:00,203,9,"#MadeByGoogle"
"52127020023753522_9089041755","image",2025-07-16 17:00:00,143,5,"#MadeByGoogle"
"01221141540322489_3770231310","reel",2025-07-16 15:00:00,93,4,"#MadeByGoogle"
"14690996315218170_9718865600","reel",2025-07-17,408,13,"#MadeByGoogle"
"07946865821917381_8713134019","carousel",2025-07-23 18:00:00,236,11,"#MadeByGoogle"
"97248411202233622_3432234970","carousel",2025-07-11 13:00:00,113,5,"#MadeByGoogle"
"21304286912579748_8666112838","image",2025-08-12 14:00:00,225,3,"#MadeByGoogle"
"61743179870636204_0037548861","image",2025-07-18 19:00:00,289,6,"#MadeByGoogle"
"42796145329172604_3073683886","reel",2025-08-10 20:00:00,211,3,"#MadeByGoogle"
"33190076925804588_4382737988","carousel",2025-07-15,88,4,"#MadeByGoogle"
"73227678788980429_4069993820","reel",2025-08-09 06:00:00,560,20,"#MadeByGoogle"
"35242818655004788_6092793782","image",2025-06-29 09:00:00,275,15,"#MadeByGoogle"
"78200489008170658_3629740205","reel",2025-06-25 14:00:00,363,13,"#MadeByGoogle"
"33980982990223227_5720664107","carousel",2025-07-19 13:00:00,152,3,"#MadeByGoogle"
"65381404244843416_7918181230","image",2025-08-20 18:00:00,586,23,"#MadeByGoogle"
"33649291551534002_8385688583","image",2025-08-23 06:00:00,288,11,"#MadeByGoogle"
"30039901230954855_2020809396","reel",2025-07-27 09:00:00,531,19,"#MadeByGoogle"
"76120209813320134_6999498526","carousel",2025-07-27 18:00:00,957,25,"#MadeByGoogle"
"61122343731162571_2896167729","image",2025-07-10 05:00:00,489,11,"#MadeByGoogle"
"69187382852569936_7984776612","reel",2025-08-22 13:00:00,775,27,"#MadeByGoogle"
"19321613570682570_8898264356","carousel",2025-07-06 09:00:00,734,33,"#MadeByGoogle"
"12272473977564002_5763060171","reel",2025-08-03 01:00:00,689,20,"#MadeByGoogle"
"86389094206953125_6780786925","reel",2025-08-23 05:00:00,376,10,"#MadeByGoogle"
"49815127526578065_3537611909","reel",2025-09-15 07:00:00,40,4,"#MadeByGoogle"
"98022453621910219_8386594716","carousel",2025-07-01 03:00:00,242,11,"#MadeByGoogle"
"55667369452551940_9759583030","image",2025-07-17 16:00:00,232,4,"#MadeByGoogle"
"03770360107207835_2616810034","image",2025-08-16 09:00:00,113,3,"#MadeByGoogle"
"89447538991122428_8867831928","image",2025-07-17 15:00:00,1242,41,"#MadeByGoogle"
"09450407076175713_3593824750","image",2025-07-29 23:00:00,358,6,"#MadeByGoogle"
"31949656401945081_3523372441","image",2025-07-14 15:00:00,405,0,"#MadeByGoogle"
"11378321150914771_6904301903","image",2025-08-12 22:00:00,282,7,"#MadeByGoogle"
"29486686133794306_5325192961","image",2025-06-26 01:00:00,117,4,"#MadeByGoogle"
"65139072871215853_9695047838","reel",2025-06-22 20:00:00,418,13,"#MadeByGoogle"
"49986060598209537_9980623407","image",2025-08-05 15:00:00,154,8,"#MadeByGoogle"
"47688982125561898_2250442129","carousel",2025-08-12 19:00:00,96,3,"#MadeByGoogle"
"95038935511519250_5813030411","reel",2025-07-15 06:00:00,342,0,"#MadeByGoogle"
"45340559934915161_7500391523","reel",2025-07-09 10:00:00,260,11,"#MadeByGoogle"
"52152450863408673_4696829549","carousel",2025-08-12 17:00:00,1609,48,"#MadeByGoogle"
"64352347234464855_3791993174","image",2025-08-15 02:00:00,256,4,"#MadeByGoogle"
"53623294414475889_3414244759","reel",2025-06-23 21:00:00,207,12,"#MadeByGoogle"
"56899644529077321_7082745005","image",2025-07-25 09:00:00,203,7,"#MadeByGoogle"
"72121918991877201_3498612588","carousel",2025-07-04 08:00:00,132,1,"#MadeByGoogle"
"11914081843757829_4865641967","carousel",2025-07-11 23:00:00,121,3,"#MadeByGoogle"
"17581535173985129_9355777128","image",2025-08-29 06:00:00,31,1,"#MadeByGoogle"
"40293977994916992_1195203798","reel",2025-08-23 21:00:00,314,6,"#MadeByGoogle"
"49126817939725005_5161452419","carousel",2025-09-16 16:00:00,479,20,"#MadeByGoogle"
"62780271805991367_2027142489","image",2025-06-24 06:00:00,91,3,"#MadeByGoogle"
"57683404065923339_8804255128","image",2025-07-19 12:00:00,70,3,"#MadeByGoogle"
"78668660676224173_6780378545","carousel",2025-08-26 19:00:00,61,0,"#MadeByGoogle"
"37451806914085868_1759621224","reel",2025-07-14 03:00:00,149,5,"#MadeByGoogle"
"90406562896265668_6909944356","carousel",2025-08-31 07:00:00,176,6,"#MadeByGoogle"
"34714447200325670_9498163269","reel",2025-07-04 23:00:00,165,5,"#MadeByGoogle"
"94824866393077687_7416159286","carousel",2025-07-30 02:00:00,383,8,"#MadeByGoogle"
"06663765891142626_9831361813","image",2025-08-06 19:00:00,464,20,"#MadeByGoogle"
"67231374421000114_7255713563","carousel",2025-07-26 14:00:00,56,1,"#MadeByGoogle"
"77406457965864423_3190070671","image",2025-08-15 19:00:00,471,12,"#MadeByGoogle"
"25903261448088280_3302337932","image",2025-08-18 13:00:00,0,9,"#MadeByGoogle"
"97444946591474295_3777811231","image",2025-06-25 11:00:00,1069,30,"#MadeByGoogle"
"03647590532363435_2793349456","carousel",2025-06-23,246,11,"#MadeByGoogle"
"41746963896068064_2911558048","carousel",2025-08-28 19:00:00,293,7,"#MadeByGoogle"
"67095496560952790_5219995043","reel",2025-08-11 08:00:00,461,0,"#MadeByGoogle"
"47857147374456289_1456292587","carousel",2025-07-30 08:00:00,1206,32,"#MadeByGoogle"
"08455213036189429_6669390372","reel",2025-08-06 23:00:00,203,9,"#MadeByGoogle"
"56903178107387145_3027071469","reel",2025-07-11 13:00:00,168,5,"#MadeByGoogle"
"75317500836797515_5848242254","carousel",2025-06-27 09:00:00,0,7,"#MadeByGoogle"
"00382460200317490_3730130258","image",2025-07-05 03:00:00,58,4,"#MadeByGoogle"
"08729994018739281_1938408403","carousel",2025-07-22 10:00:00,36,2,"#MadeByGoogle"
"11555135927823587_6239734756","image",2025-08-02 03:00:00,415,16,"#MadeByGoogle"
"64647581103895062_5242617149","image",2025-06-29 08:00:00,46,0,"#MadeByGoogle"
"52712856848874871_2351651697","reel",2025-08-08 15:00:00,549,13,"#MadeByGoogle"
"21655014755145159_3078023424","image",2025-07-14 12:00:00,158,6,"#MadeByGoogle"
"00669723374661971_1021255634","carousel",2025-07-05 17:00:00,114,6,"#MadeByGoogle"
"06561303895431759_9973989365","image",2025-07-04 19:00:00,184,5,"#MadeByGoogle"
"85105609994455799_3935036787","carousel",2025-06-24 07:00:00,11,1,"#MadeByGoogle"
"01277379576909224_2026752636","image",2025-08-24 15:00:00,144,6,"#MadeByGoogle"
"65921736363608954_6257178188","image",2025-06-29 11:00:00,286,0,"#MadeByGoogle"
"31345189190507150_1789698411","image",2025-07-30,472,11,"#MadeByGoogle"
"22866301887802610_5732957393","reel",2025-07-31 03:00:00,283,11,"#MadeByGoogle"
"53392574170988140_3431513551","image",2025-09-03 10:00:00,228,3,"#MadeByGoogle"
"96500736580988644_4478480264","image",2025-08-05 23:00:00,503,15,"#MadeByGoogle"
"45753070526642983_7268746599","image",2025-07-07 10:00:00,176,2,"#MadeByGoogle"
"26487505627025521_9693228242","reel",2025-07-09 15:00:00,187,6,"#MadeByGoogle"
"30374605931202273_8669371436","image",2025-07-06 07:00:00,230,8,"#MadeByGoogle"
"80226650695967292_1191337656","carousel",2025-07-10 19:00:00,396,9,"#MadeByGoogle"
"77201881860172691_8936150361","carousel",2025-08-12,93,3,"#MadeByGoogle"
"09977794312057838_6134313210","reel",2025-09-02 07:00:00,249,3,"#MadeByGoogle"
"87050374030674477_6707176304","image",2025-07-28 15:00:00,20,1,"#MadeByGoogle"
"33709411595557625_0140829834","carousel",2025-06-29,581,22,"#MadeByGoogle"
"82597966012576599_4395979015","carousel",2025-08-11 11:00:00,262,14,"#MadeByGoogle"
"01453829091359480_0815032635","image",2025-07-08 05:00:00,709,38,"#MadeByGoogle"
"17838085341379587_9750819931","carousel",2025-07-12 21:00:00,92,3,"#MadeByGoogle"
"19507628349661052_3264978169","carousel",2025-07-18 04:00:00,180,2,"#MadeByGoogle"
"34163460662439711_3486649693","carousel",2025-07-01 16:00:00,63,3,"#MadeByGoogle"
"39774594718972251_5148883041","image",2025-07-04 18:00:00,1186,33,"#MadeByGoogle"
"10585544406797217_1164701705","image",2025-08-04 22:00:00,308,8,"#MadeByGoogle"
"69914326187850664_9794898017","image",2025-08-22 21:00:00,344,8,"#MadeByGoogle"
"40642271226258190_7373898734","image",2025-07-31 07:00:00,110,1,"#MadeByGoogle"
"75638968634602213_1241700341","carousel",2025-07-20 13:00:00,888,35,"#MadeByGoogle"
"47201299051993959_9486211335","carousel",2025-08-06 05:00:00,656,19,"#MadeByGoogle"
"37222362373222060_2835949480","image",2025-07-08 05:00:00,478,20,"#MadeByGoogle"
"56942290632388392_8092467875","carousel",2025-07-14 14:00:00,16,1,"#MadeByGoogle"
"21134598226291788_8796093917","image",2025-08-25 07:00:00,33,1,"#MadeByGoogle"
"19759886236208101_1234890357","carousel",2025-07-30 02:00:00,327,13,"#MadeByGoogle"
"01453670087644144_7897190034","carousel",2025-08-20 18:00:00,85,2,"#MadeByGoogle"
"45049166749512465_6111819862","reel",2025-07-21 06:00:00,129,5,"#MadeByGoogle"
"35392077771584094_4068193895","image",2025-07-13 14:00:00,328,8,"#MadeByGoogle"
"33523864606906319_8672366490","reel",2025-08-09 06:00:00,288,16,"#MadeByGoogle"
"35406998983296401_5705566872","carousel",2025-08-12 16:00:00,437,15,"#MadeByGoogle"
"42415525362209113_2809531443","carousel",2025-07-26 18:00:00,92,4,"#MadeByGoogle"
"26692754051804354_2920457387","image",2025-07-22 03:00:00,158,4,"#MadeByGoogle"
"71187116736246737_5500360410","carousel",2025-08-06 05:00:00,221,8,"#MadeByGoogle"
"84546191442967514_1742515201","carousel",2025-08-20 10:00:00,1566,61,"#MadeByGoogle"
"23552296276801292_1666363708","image",2025-07-13 09:00:00,145,7,"#MadeByGoogle"
"07338104926741137_6626493079","image",2025-07-03 11:00:00,211,5,"#MadeByGoogle"
"79450298045575764_1674536711","carousel",2025-07-06 06:00:00,455,17,"#MadeByGoogle"
"64250442998709167_6533075225","image",2025-07-30 22:00:00,16,1,"#MadeByGoogle"
"11143712360520775_0532263230","reel",2025-08-18 03:00:00,239,4,"#MadeByGoogle"
"50660058768474383_3190831256","image",2025-07-12 17:00:00,107,3,"#MadeByGoogle"
"39997888883723383_7427644836","image",2025-07-11 09:00:00,846,32,"#MadeByGoogle"
"80778243554396819_1947194981","carousel",2025-09-06 02:00:00,758,23,"#MadeByGoogle"
"13808207511368692_1957560620","carousel",2025-07-12 01:00:00,173,5,"#MadeByGoogle"
"35709480801325243_8661317915","image",2025-07-26 01:00:00,181,3,"#MadeByGoogle"
"70446679112303447_5169063121","carousel",2025-06-26 23:00:00,0,2,"#MadeByGoogle"
"74591633431208844_8517315289","image",2025-07-26 04:00:00,227,7,"#MadeByGoogle"
"44156706867336134_6957912848","carousel",2025-07-04 20:00:00,114,3,"#MadeByGoogle"
"28251015300462824_5027538247","reel",2025-08-09 11:00:00,176,8,"#MadeByGoogle"
"51851495915076652_4395726592","reel",2025-07-21 04:00:00,680,14,"#MadeByGoogle"
"46074281806288713_7048451341","carousel",2025-08-17 15:00:00,55,1,"#MadeByGoogle"
"05342372727519251_9018492187","image",2025-08-06 09:00:00,197,12,"#MadeByGoogle"
"61882851268363775_5659593723","carousel",2025-08-08 17:00:00,284,6,"#MadeByGoogle"
"85824902218234415_5423794792","image",2025-06-22 16:00:00,375,10,"#MadeByGoogle"
"42340606124769331_3100997986","reel",2025-07-24 07:00:00,47,0,"#MadeByGoogle"
"33609835200836723_3572476991","reel",2025-07-27 10:00:00,274,6,"#MadeByGoogle"
"15865350993169735_7573609078","carousel",2025-08-03 11:00:00,65,1,"#MadeByGoogle"
"55585021987983358_8667618683","carousel",2025-08-05,755,24,"#MadeByGoogle"
"97378682238147139_1940485208","carousel",2025-07-06 02:00:00,150,3,"#MadeByGoogle"
"82168008685570942_9003517808","image",2025-07-26 08:00:00,421,9,"#MadeByGoogle"
"04854179013331900_6640354682","reel",2025-08-05 03:00:00,44,2,"#MadeByGoogle"
"96011801429302006_5464106959","reel",2025-06-27 10:00:00,620,12,"#MadeByGoogle"
"50471415862958298_3932788296","image",2025-09-03 07:00:00,54,3,"#MadeByGoogle"
"50837655021745529_4844710950","image",2025-06-25 11:00:00,288,0,"#MadeByGoogle"
"00535435490659341_5363849036","reel",2025-08-26,112,5,"#MadeByGoogle"
"44260243088046819_2789245132","carousel",2025-09-18 06:00:00,232,5,"#MadeByGoogle"
"72000034206354147_9391966135","image",2025-07-24 02:00:00,301,11,"#MadeByGoogle"
"05952522937500116_7751760753","reel",2025-08-03 22:00:00,49,3,"#MadeByGoogle"
"21558609152107156_2002704546","carousel",2025-07-02 20:00:00,388,12,"#MadeByGoogle"
"13410811730154906_3728685759","image",2025-06-24 11:00:00,1248,47,"#MadeByGoogle"
"96289522656375872_2042567081","carousel",2025-08-20 08:00:00,318,11,"#MadeByGoogle"
"72659960566029017_6154798417","carousel",2025-08-14 01:00:00,332,9,"#MadeByGoogle"
"13976784138784889_2981028424","image",2025-07-08 11:00:00,75,1,"#MadeByGoogle"
"75576052854385062_2722283569","image",2025-08-13 14:00:00,408,14,"#MadeByGoogle"
"90509674653815817_2615949288","reel",2025-07-09 09:00:00,498,13,"#MadeByGoogle"
"28461811500045584_0196846596","carousel",2025-07-12 01:00:00,231,7,"#MadeByGoogle"
"98057963043170938_7642163663","image",2025-06-28 07:00:00,233,9,"#MadeByGoogle"
"83542310587245967_9332348370","image",2025-07-05 15:00:00,426,12,"#MadeByGoogle"
"51415114493138227_6298216240","image",2025-08-21 05:00:00,49,1,"#MadeByGoogle"
"66824418901564656_2003223376","carousel",2025-08-14 14:00:00,951,22,"#MadeByGoogle"
"30037111697736045_7367305404","carousel",2025-08-12 08:00:00,128,5,"#MadeByGoogle"
"30560161585825041_4532872098","carousel",2025-07-13 18:00:00,76,2,"#MadeByGoogle"
"68252596061418116_7618377243","image",2025-08-17 02:00:00,111,4,"#MadeByGoogle"
"55070386584998758_8951846726","image",2025-07-01 11:00:00,285,11,"#MadeByGoogle"
"79630468188691293_9158549118","reel",2025-08-04 01:00:00,247,5,"#MadeByGoogle"
"09145306740662028_6272630484","carousel",2025-08-16 15:00:00,75,1,"#MadeByGoogle"
"09407370645481418_3134307052","image",2025-07-04 23:00:00,136,6,"#MadeByGoogle"
"66345082055108792_9713669826","reel",2025-07-16 14:00:00,315,9,"#MadeByGoogle"
"56097973133542604_0561331381","image",2025-07-03 06:00:00,228,4,"#MadeByGoogle"
"53429729809169309_3774819121","carousel",2025-08-31 12:00:00,724,24,"#MadeByGoogle"
"26563366995374769_1276816725","reel",2025-06-25 22:00:00,51,0,"#MadeByGoogle"
"84692003496335303_9029209995","image",2025-08-09 09:00:00,179,5,"#MadeByGoogle"
"63972616174718946_5267489747","carousel",2025-07-09 15:00:00,206,0,"#MadeByGoogle"
"93408940081515337_0147171106","image",2025-08-03 04:00:00,108,3,"#MadeByGoogle"
"72917627425529258_9328862864","carousel",2025-08-17 22:00:00,80,2,"#MadeByGoogle"
"62477911947509368_7628305523","carousel",2025-07-17 18:00:00,200,4,"#MadeByGoogle"
"15383088143917181_1052009232","carousel",2025-06-23 03:00:00,122,4,"#MadeByGoogle"
"08178752064736633_4485267751","carousel",2025-07-08 21:00:00,302,8,"#MadeByGoogle"
"58082998367908339_0311006019","image",2025-08-20 22:00:00,103,4,"#MadeByGoogle"
"55453439222536028_8126038305","carousel",2025-09-07 04:00:00,116,5,"#MadeByGoogle"
"98663918556803611_2432511251","image",2025-07-14 20:00:00,228,5,"#MadeByGoogle"
"56733273243811703_5943499486","carousel",2025-07-13 15:00:00,372,19,"#MadeByGoogle"
"88205007157107074_5080343224","image",2025-06-23 11:00:00,622,18,"#MadeByGoogle"
"93931485714798277_7270455472","carousel",2025-07-11 04:00:00,619,14,"#MadeByGoogle"
"67056608049601128_1356852444","image",2025-07-06,163,4,"#MadeByGoogle"
"15654348537813363_5880686511","carousel",2025-07-18 08:00:00,556,13,"#MadeByGoogle"
"95624280530960137_8756513273","carousel",2025-06-26 07:00:00,80,3,"#MadeByGoogle"
"14224832299167046_0881141860","reel",2025-09-10 10:00:00,109,2,"#MadeByGoogle"
"94207733455500365_4037427002","reel",2025-07-16 01:00:00,46,1,"#MadeByGoogle"
"28293535985319849_8667845899","carousel",2025-06-28 09:00:00,223,7,"#MadeByGoogle"
"25071568502463218_7428724699","reel",2025-08-22,361,6,"#MadeByGoogle"
"62734813895326852_3513977658","carousel",2025-07-02 17:00:00,140,3,"#MadeByGoogle"
"89521164366879728_4859259737","reel",2025-07-18 18:00:00,555,10,"#MadeByGoogle"
"68157141613080554_8030518414","image",2025-07-08 11:00:00,25,0,"#MadeByGoogle"
"66267460786833458_2090527496","reel",2025-07-07 03:00:00,58,0,"#MadeByGoogle"
"81075494914152543_5610242948","carousel",2025-08-08 21:00:00,538,9,"#MadeByGoogle"
"79699617770829833_9859658004","reel",2025-07-11 01:00:00,219,6,"#MadeByGoogle"
"44216747758493264_6706143449","image",2025-07-14 14:00:00,1290,40,"#MadeByGoogle"
"38732550279460066_7966932221","reel",2025-09-07 01:00:00,350,7,"#MadeByGoogle"
"50089613872743268_4967653875","carousel",2025-08-02 07:00:00,206,6,"#MadeByGoogle"
"49022213879438410_8803681459","carousel",2025-06-27,211,6,"#MadeByGoogle"
"74684579122603903_6274273934","image",2025-08-27 01:00:00,118,2,"#MadeByGoogle"
"81798726459470154_7965728686","reel",2025-07-31 16:00:00,449,11,"#MadeByGoogle"
"23561899013892121_5953362774","image",2025-06-30 18:00:00,534,19,"#MadeByGoogle"
"57563362171666467_1602143657","carousel",2025-07-12 22:00:00,209,7,"#MadeByGoogle"
"19472435310478846_1488494636","image",2025-07-22 22:00:00,79,3,"#MadeByGoogle"
"39530145239161310_3013899104","reel",2025-07-18 09:00:00,496,13,"#MadeByGoogle"
"99670007363420265_2297150496","carousel",2025-06-28 05:00:00,698,22,"#MadeByGoogle"
"75861656381369735_9593408991","image",2025-07-29 01:00:00,96,3,"#MadeByGoogle"
"55467762768823149_8556936976","carousel",2025-07-19 14:00:00,261,4,"#MadeByGoogle"
"51808949328093118_0805782424","image",2025-08-24 04:00:00,1697,46,"#MadeByGoogle"
"66868802703868902_4506248088","carousel",2025-08-12 05:00:00,373,10,"#MadeByGoogle"
"54334802014019873_8339354054","image",2025-07-16 20:00:00,464,15,"#MadeByGoogle"
"25772440309290046_1527366634","carousel",2025-08-10 01:00:00,300,7,"#MadeByGoogle"
"97088096713751210_2581224646","image",2025-07-30 03:00:00,63,1,"#MadeByGoogle"
"75172591277099439_6116286151","image",2025-07-03 03:00:00,135,6,"#MadeByGoogle"
"27804553272320895_4923059119","image",2025-07-01 11:00:00,507,18,"#MadeByGoogle"
"62419396304096065_0642928810","reel",2025-07-19 19:00:00,2493,48,"#MadeByGoogle"
"12976997385461879_4654790050","carousel",2025-09-02 14:00:00,236,8,"#MadeByGoogle"
"07178432695618315_1876971402","carousel",2025-08-02 13:00:00,201,9,"#MadeByGoogle"
"61119592883227955_4811678554","image",2025-07-31 10:00:00,167,6,"#MadeByGoogle"
"40923440771682227_8921894604","image",2025-07-11 07:00:00,85,3,"#MadeByGoogle"
"33521617464348901_2543541540","carousel",2025-07-10 13:00:00,1521,29,"#MadeByGoogle"
"44783514371475833_4644495986","image",2025-06-24 16:00:00,44,0,"#MadeByGoogle"
"76942656503819990_6982159389","carousel",2025-06-23 06:00:00,53,1,"#MadeByGoogle"
"96248391329073289_5361041034","image",2025-07-06 19:00:00,198,7,"#MadeByGoogle"
"16939974123041440_6555114760","reel",2025-07-23 11:00:00,552,21,"#MadeByGoogle"
"13513445346760494_4122459391","carousel",2025-07-30 15:00:00,108,3,"#MadeByGoogle"
"30753077341885365_1856588536","image",2025-07-03 15:00:00,271,0,"#MadeByGoogle"
"38077770729199015_9731424488","carousel",2025-08-04 16:00:00,659,20,"#MadeByGoogle"
"30256685385676872_7504632188","carousel",2025-07-06 11:00:00,105,3,"#MadeByGoogle"
"68247807827237920_1320991031","carousel",2025-08-20 11:00:00,269,11,"#MadeByGoogle"
"55803004567796380_2141834026","reel",2025-06-27 20:00:00,308,6,"#MadeByGoogle"
"56510039211750254_7652557421","image",2025-08-07 13:00:00,0,3,"#MadeByGoogle"
"98115462357896308_2410194706","reel",2025-08-21 02:00:00,122,3,"#MadeByGoogle"
"21951135760253937_4397636607","image",2025-08-10 09:00:00,282,8,"#MadeByGoogle"
"91265870387583601_6098473746","reel",2025-06-30 04:00:00,2329,72,"#MadeByGoogle"
"18630190055978343_8526798339","carousel",2025-06-23 04:00:00,152,4,"#MadeByGoogle"
"19224203096056345_3409310677","reel",2025-07-13 15:00:00,134,5,"#MadeByGoogle"
"34636610190131283_4143544078","image",2025-07-16 13:00:00,282,4,"#MadeByGoogle"
"21733291252483081_8478015083","carousel",2025-07-12 05:00:00,94,2,"#MadeByGoogle"
"51729528270148784_3408016909","reel",2025-07-29 09:00:00,224,9,"#MadeByGoogle"
"27338419755635870_8463385889","carousel",2025-08-03 14:00:00,116,2,"#MadeByGoogle"
"85621061096582902_5265343932","image",2025-07-14 04:00:00,113,4,"#MadeByGoogle"
"42061939255418047_8812546792","image",2025-08-25 14:00:00,192,9,"#MadeByGoogle"
"39100983671418040_1402899410","carousel",2025-08-04 17:00:00,174,4,"#MadeByGoogle"
"88254208295168453_6245020168","carousel",2025-08-10 13:00:00,12,1,"#MadeByGoogle"
"70490085101696615_2605612628","carousel",2025-07-02 14:00:00,287,9,"#MadeByGoogle"
"79203475264828215_2406875190","reel",2025-07-17 03:00:00,313,9,"#MadeByGoogle"
"58914807409823882_8875719577","reel",2025-06-23 22:00:00,180,7,"#MadeByGoogle"
"20661771783102111_9536937667","carousel",2025-08-19 04:00:00,195,7,"#MadeByGoogle"
"67919811375286008_4861494771","image",2025-07-30 13:00:00,490,17,"#MadeByGoogle"
"35740812367287508_5103533494","reel",2025-07-07 09:00:00,367,10,"#MadeByGoogle"
"51218179993849101_5281289797","image",2025-07-07 22:00:00,21,0,"#MadeByGoogle"
"14180347243128068_0490659397","carousel",2025-07-03 17:00:00,264,9,"#MadeByGoogle"
"71991043612413731_4858159503","reel",2025-09-02 02:00:00,69,3,"#MadeByGoogle"
"03086718651249940_1044568216","image",2025-08-14 20:00:00,93,2,"#MadeByGoogle"
"33977123679135364_8192725360","reel",2025-06-30 22:00:00,275,3,"#MadeByGoogle"
"79938858878158867_0587551159","carousel",2025-07-08 12:00:00,688,0,"#MadeByGoogle"
"80673992934360553_1837681552","carousel",2025-06-22 18:00:00,144,6,"#MadeByGoogle"
"72215340436029705_5728366030","image",2025-06-26 08:00:00,614,24,"#MadeByGoogle"
"76597381941391091_6889767151","reel",2025-07-04 09:00:00,304,7,"#MadeByGoogle"
"93086201031980399_1954201694","reel",2025-07-17,526,15,"#MadeByGoogle"
"32710282559755256_8262728101","image",2025-07-25 20:00:00,141,4,"#MadeByGoogle"
"18006853066199111_2173232560","carousel",2025-07-21 20:00:00,388,11,"#MadeByGoogle"
"32890519914613396_8427610214","reel",2025-07-23 18:00:00,415,7,"#MadeByGoogle"
"33870972523740005_4591012017","reel",2025-06-25 16:00:00,267,6,"#MadeByGoogle"
"61007327488649574_2706978203","carousel",2025-08-08,71,4,"#MadeByGoogle"
"21736290877454307_7393898898","image",2025-08-19 13:00:00,252,2,"#MadeByGoogle"
"05972272024988695_3534272877","reel",2025-07-25 05:00:00,238,9,"#MadeByGoogle"
"48163519574695744_3288332708","image",2025-07-27 03:00:00,251,8,"#MadeByGoogle"
"35522107904173342_2868060958","image",2025-08-05 06:00:00,168,1,"#MadeByGoogle"
"99279489271637880_4806267977","carousel",2025-07-11,254,6,"#MadeByGoogle"
"47005058591577139_5435625490","image",2025-08-06 01:00:00,0,7,"#MadeByGoogle"
"61039421474983452_2193291268","image",2025-07-11 01:00:00,73,2,"#MadeByGoogle"
"67394673335947021_3272132346","reel",2025-08-27 14:00:00,287,15,"#MadeByGoogle"
"25515764588999428_6833503235","carousel",2025-06-23 15:00:00,113,6,"#MadeByGoogle"
"79916295397038651_9996558004","reel",2025-08-24 01:00:00,399,7,"#MadeByGoogle"
"79894554809364176_2872967885","carousel",2025-08-21 05:00:00,130,3,"#MadeByGoogle"
"19654140866571965_9343817644","image",2025-07-15 07:00:00,271,5,"#MadeByGoogle"
"48958370192311125_4022596946","carousel",2025-08-16 04:00:00,232,5,"#MadeByGoogle"
"97180050259915173_3835477171","carousel",2025-08-15 17:00:00,543,22,"#MadeByGoogle"
"19346061000930050_5181539993","image",2025-07-17 04:00:00,22,2,"#MadeByGoogle"
"75259242666253398_7791458365","image",2025-08-28 02:00:00,41,1,"#MadeByGoogle"
"27844891332044726_0798226784","image",2025-08-01 11:00:00,98,3,"#MadeByGoogle"
"27788700415970106_0151027736","image",2025-08-21 21:00:00,39,2,"#MadeByGoogle"
"76641674351037644_8553490943","carousel",2025-07-15 09:00:00,612,23,"#MadeByGoogle"
"45647857688320093_6146684222","carousel",2025-08-20 09:00:00,173,3,"#MadeByGoogle"
"14645464009739129_7171452933","reel",2025-07-31 09:00:00,405,10,"#MadeByGoogle"
"76616600553868184_3293898563","image",2025-08-16 16:00:00,223,9,"#MadeByGoogle"
"91698311960845763_7036497084","carousel",2025-06-23,227,8,"#MadeByGoogle"
"39652016709541972_4090625878","carousel",2025-09-09 19:00:00,234,8,"#MadeByGoogle"
"66495205390419957_9165325578","carousel",2025-06-29 17:00:00,136,4,"#MadeByGoogle"
"67816762987822666_2850284309","reel",2025-06-24 19:00:00,81,2,"#MadeByGoogle"
"02918160072414666_5247463432","image",2025-07-15 05:00:00,344,11,"#MadeByGoogle"
"67986404497851000_9406108283","image",2025-08-13 08:00:00,40,1,"#MadeByGoogle"
"93999096840106602_9029560612","image",2025-07-05 05:00:00,484,16,"#MadeByGoogle"
"35364462101894363_9878894929","carousel",2025-08-23 11:00:00,738,21,"#MadeByGoogle"
"27870272384180226_6740715823","carousel",2025-07-11 13:00:00,210,9,"#MadeByGoogle"
"58220704534806819_7763084912","carousel",2025-06-27 10:00:00,162,15,"#MadeByGoogle"
"62954449531023255_9441535188","image",2025-08-09 20:00:00,361,13,"#MadeByGoogle"
"28555053240625943_3466563467","carousel",2025-07-10 11:00:00,167,5,"#MadeByGoogle"
"25201072712261158_2012705244","carousel",2025-09-16 20:00:00,526,19,"#MadeByGoogle"
"64594367151619330_6786946185","reel",2025-07-31 16:00:00,111,5,"#MadeByGoogle"
"35656838338367168_1960744176","image",2025-06-24 19:00:00,384,14,"#MadeByGoogle"
"44798405771923685_0211239239","image",2025-07-25 23:00:00,36,1,"#MadeByGoogle"
"87582493436981100_9033507660","reel",2025-07-14 01:00:00,111,3,"#MadeByGoogle"
"27147256018057278_3640366328","carousel",2025-08-06 23:00:00,107,4,"#MadeByGoogle"
"22980344386498021_0401208091","reel",2025-07-26 11:00:00,253,9,"#MadeByGoogle"
"34543871625065610_2512754343","image",2025-07-04 19:00:00,293,8,"#MadeByGoogle"
"44067766272915287_9876118212","image",2025-08-18 11:00:00,70,4,"#MadeByGoogle"
"08053634675015741_8382443657","image",2025-07-07 06:00:00,131,4,"#MadeByGoogle"
"74585800392662204_2918258252","image",2025-07-27,609,23,"#MadeByGoogle"
"25484858209549557_7478764570","carousel",2025-08-26 06:00:00,265,8,"#MadeByGoogle"
"80674136198187782_9127536444","image",2025-07-04 09:00:00,90,3,"#MadeByGoogle"
"13193711758694463_0078497867","image",2025-09-09 03:00:00,729,22,"#MadeByGoogle"
"76263787227506060_3919195658","image",2025-07-24 09:00:00,24,1,"#MadeByGoogle"
"43330385769039304_2913429716","carousel",2025-08-15 07:00:00,200,7,"#MadeByGoogle"
"58182309417508086_5522776739","carousel",2025-07-23 23:00:00,123,5,"#MadeByGoogle"
"06793336525638373_1185829343","carousel",2025-08-25 23:00:00,46,1,"#MadeByGoogle"
"72652793558021461_6461904595","carousel",2025-08-13,141,1,"#MadeByGoogle"
"98480451517352289_1931788451","carousel",2025-07-12 09:00:00,630,0,"#MadeByGoogle"
"64633309405039930_0249192847","carousel",2025-07-01 15:00:00,0,2,"#MadeByGoogle"
"27981870277510892_5370872269","carousel",2025-06-23 23:00:00,161,6,"#MadeByGoogle"
"55916873445747566_1918287698","carousel",2025-06-30 08:00:00,273,9,"#MadeByGoogle"
"23531152122953998_7203529992","carousel",2025-07-02 13:00:00,173,3,"#MadeByGoogle"
"33454368464479707_4146874786","image",2025-08-22 22:00:00,263,4,"#MadeByGoogle"
"39740000770329572_1178715470","carousel",2025-08-07 19:00:00,154,4,"#MadeByGoogle"
"49193855074165563_7909302921","carousel",2025-06-26 13:00:00,444,17,"#MadeByGoogle"
"16700408425133558_1110253603","reel",2025-07-02 13:00:00,458,18,"#MadeByGoogle"
"57449707819974138_2685770133","carousel",2025-09-13 08:00:00,288,19,"#MadeByGoogle"
"62196474636683708_4242084615","image",2025-07-10 08:00:00,101,6,"#MadeByGoogle"
"05886831357781334_9855819801","carousel",2025-07-30 07:00:00,507,20,"#MadeByGoogle"
"32581523192632362_3997359180","image",2025-07-24 15:00:00,150,7,"#MadeByGoogle"
"06632457590508108_2031078996","carousel",2025-08-16 02:00:00,239,5,"#MadeByGoogle"
"86804348347041269_3103949050","carousel",2025-08-10 09:00:00,162,4,"#MadeByGoogle"
"27186914930339834_4795908247","carousel",2025-07-11 09:00:00,426,10,"#MadeByGoogle"
"92109953787680075_0174125020","image",2025-06-23 17:00:00,49,2,"#MadeByGoogle"
"17867656519044706_4366671049","carousel",2025-07-25 18:00:00,170,5,"#MadeByGoogle"
"27817881296608506_8248334817","reel",2025-07-14 23:00:00,0,9,"#MadeByGoogle"
"80476276230810067_6213972512","reel",2025-08-10 17:00:00,560,15,"#MadeByGoogle"
"75290641724782203_9481777567","carousel",2025-07-25 15:00:00,131,5,"#MadeByGoogle"
"42282218479660457_2815976462","image",2025-07-06 17:00:00,403,10,"#MadeByGoogle"
"11234370259720567_8616537757","carousel",2025-08-07 12:00:00,150,8,"#MadeByGoogle"
"64695525527037707_0025984071","image",2025-08-09,322,15,"#MadeByGoogle"
"67097776585573371_9588862152","image",2025-07-22 22:00:00,79,1,"#MadeByGoogle"
"41970556462072177_9954421047","carousel",2025-08-02 03:00:00,335,5,"#MadeByGoogle"
"38976957274526923_7405565047","image",2025-07-25 12:00:00,520,15,"#MadeByGoogle"
"50733538655709299_4098226363","carousel",2025-07-31 05:00:00,129,5,"#MadeByGoogle"
"26334233546606068_0247863248","image",2025-07-11 07:00:00,0,0,"#MadeByGoogle"
"57890068153370288_0079108695","carousel",2025-07-17 03:00:00,144,5,"#MadeByGoogle"
"08083684171215571_9955529644","image",2025-06-25 20:00:00,33,0,"#MadeByGoogle"
"58093692687696701_8330028508","carousel",2025-07-16 21:00:00,229,9,"#MadeByGoogle"
"45080544390896964_4294968697","reel",2025-07-07 20:00:00,51,1,"#MadeByGoogle"
"22097388018379046_6505453102","reel",2025-08-20 09:00:00,42,1,"#MadeByGoogle"
"09500929280545716_4050919413","image",2025-06-26 18:00:00,181,4,"#MadeByGoogle"
"25498835190394472_4634735700","reel",2025-08-05 15:00:00,187,5,"#MadeByGoogle"
"46414491353938471_3328924259","image",2025-08-15 21:00:00,82,5,"#MadeByGoogle"
"81683586861888134_4716489877","carousel",2025-09-02 20:00:00,608,14,"#MadeByGoogle"
"45469747117596801_0736678210","carousel",2025-07-29 23:00:00,93,3,"#MadeByGoogle"
"43632138202371741_3274241138","image",2025-06-28 08:00:00,79,3,"#MadeByGoogle"
"30505001372374652_4178230358","image",2025-06-27 14:00:00,476,15,"#MadeByGoogle"
"18924852442508976_6922950025","image",2025-07-19 22:00:00,80,4,"#MadeByGoogle"
"99929040688054217_7158315362","reel",2025-07-13 21:00:00,100,3,"#MadeByGoogle"
"46937112324928081_2463980589","image",2025-08-13 15:00:00,447,13,"#MadeByGoogle"
"31092167125773764_7896736781","carousel",2025-07-13 16:00:00,755,30,"#MadeByGoogle"
"50405615608639892_3935787803","image",2025-07-12 16:00:00,121,4,"#MadeByGoogle"
"80686375102560280_8518821790","carousel",2025-07-31 05:00:00,645,18,"#MadeByGoogle"
"38655125552719036_4625796503","reel",2025-06-30 16:00:00,258,8,"#MadeByGoogle"
"90031085457370518_1512461427","carousel",2025-08-24 05:00:00,0,14,"#MadeByGoogle"
"16977247677067179_6195844789","carousel",2025-08-30 01:00:00,126,4,"#MadeByGoogle"
"18898048723478527_4376394234","image",2025-07-26 07:00:00,249,10,"#MadeByGoogle"
"50609099110078909_7864717013","carousel",2025-07-04 04:00:00,161,5,"#MadeByGoogle"
"49585752163966939_3683300529","carousel",2025-08-17 22:00:00,859,27,"#MadeByGoogle"
"02170005453582467_7423168066","image",2025-07-19 05:00:00,49,3,"#MadeByGoogle"
"88673287752963088_8073841712","image",2025-07-02 23:00:00,316,7,"#MadeByGoogle"
"56372147473546197_2961412362","image",2025-08-16 11:00:00,67,1,"#MadeByGoogle"
"56593793749121343_7407782574","carousel",2025-06-22 02:00:00,374,6,"#MadeByGoogle"
"89865325450221623_1321268535","image",2025-07-22 04:00:00,359,12,"#MadeByGoogle"
"77944291478282688_6596124674","image",2025-07-17 03:00:00,67,2,"#MadeByGoogle"
"80179525118482989_2826862056","image",2025-06-24 14:00:00,241,11,"#MadeByGoogle"
"65883582943543834_3554094950","image",2025-07-13 11:00:00,212,5,"#MadeByGoogle"
"21557342813585002_2760936417","image",2025-08-21 11:00:00,223,7,"#MadeByGoogle"
"65023601593455261_1057248477","reel",2025-07-09 01:00:00,177,6,"#MadeByGoogle"
"68453620999520864_5184887424","reel",2025-06-23 19:00:00,308,16,"#MadeByGoogle"
"43449444182040831_6735158309","reel",2025-06-28 18:00:00,293,6,"#MadeByGoogle"
"14736887479569443_7911513623","image",2025-08-21 07:00:00,90,5,"#MadeByGoogle"
"51898602712933197_1013477028","reel",2025-09-12 20:00:00,106,4,"#MadeByGoogle"
"84696895088537307_8329636380","reel",2025-06-23 23:00:00,208,7,"#MadeByGoogle"
"78888401815947644_2881218222","image",2025-06-22 14:00:00,234,9,"#MadeByGoogle"
"63716775909952373_1869413629","image",2025-08-30 15:00:00,151,1,"#MadeByGoogle"
"92155090242388570_5946314166","image",2025-07-07 04:00:00,840,24,"#MadeByGoogle"
"19219861808063323_2401150479","image",2025-08-30 13:00:00,113,2,"#MadeByGoogle"
"23948149536792659_8207560257","reel",2025-07-24 05:00:00,196,6,"#MadeByGoogle"
"34948316116166844_4162850402","reel",2025-08-04 08:00:00,168,3,"#MadeByGoogle"
"57315916092408411_1725203965","reel",2025-07-24 15:00:00,110,5,"#MadeByGoogle"
"72449433563061851_2261742387","reel",2025-08-14 19:00:00,148,2,"#MadeByGoogle"
"94249990658902538_5253133822","carousel",2025-07-09 10:00:00,461,20,"#MadeByGoogle"
"45628187649404578_7451982344","carousel",2025-06-22 18:00:00,79,2,"#MadeByGoogle"
"65447352532334696_5638598305","carousel",2025-08-03 23:00:00,244,14,"#MadeByGoogle"
"20948594713203459_9572970440","reel",2025-08-15 13:00:00,760,17,"#MadeByGoogle"
"62879735534326990_9986686395","carousel",2025-07-28 18:00:00,346,10,"#MadeByGoogle"
"40585821040529577_7802545147","carousel",2025-07-31 10:00:00,207,6,"#MadeByGoogle"
"08505932555378513_8419354863","carousel",2025-06-26 06:00:00,358,10,"#MadeByGoogle"
"95563567906757790_8970227550","image",2025-08-13 16:00:00,809,24,"#MadeByGoogle"
"74243004508921683_9027926673","image",2025-06-25 01:00:00,81,2,"#MadeByGoogle"
"07924088215567982_1023977519","carousel",2025-06-23 15:00:00,217,6,"#MadeByGoogle"
"29744177189885803_9169267286","image",2025-07-19 01:00:00,295,7,"#MadeByGoogle"
"45230790715442184_6772461151","image",2025-06-22 08:00:00,414,11,"#MadeByGoogle"
"42395540453598302_2880109154","image",2025-07-07 14:00:00,416,14,"#MadeByGoogle"
"03283909031200047_6088926335","reel",2025-07-11 12:00:00,179,7,"#MadeByGoogle"
"87358441003650934_1886191244","image",2025-09-17 03:00:00,29,0,"#MadeByGoogle"
"32728879119225418_5926303250","reel",2025-08-17 13:00:00,92,3,"#MadeByGoogle"
"95324743717423015_4899694103","carousel",2025-08-18 06:00:00,549,16,"#MadeByGoogle"
"37950936152441304_7209283162","carousel",2025-06-23 08:00:00,1501,41,"#MadeByGoogle"
"58640094149136419_3396373448","reel",2025-06-27 07:00:00,37,2,"#MadeByGoogle"
"40971793961118455_7283916329","carousel",2025-08-02 04:00:00,115,4,"#MadeByGoogle"
"48575876175563130_6098721164","image",2025-07-21 06:00:00,1113,32,"#MadeByGoogle"
"09088373293188651_4751052082","carousel",2025-08-17 07:00:00,86,4,"#MadeByGoogle"
"71539948507228716_8903946146","reel",2025-07-08 14:00:00,344,10,"#MadeByGoogle"
"52193163256990741_0102099543","image",2025-06-24 04:00:00,1460,43,"#MadeByGoogle"
"91291096315336088_3315531673","reel",2025-08-09 19:00:00,94,2,"#MadeByGoogle"
"32270376094524296_7435960242","image",2025-08-18 23:00:00,412,13,"#MadeByGoogle"
"39040928899894053_1318399396","carousel",2025-09-02 17:00:00,24,0,"#MadeByGoogle"
"91764416246162738_9625924785","carousel",2025-07-06 02:00:00,213,9,"#MadeByGoogle"
"68860058936126246_0610382004","image",2025-08-21 05:00:00,868,27,"#MadeByGoogle"
"05971105182825887_4472064397","reel",2025-06-22,149,2,"#MadeByGoogle"
"38530859506192264_0968311395","carousel",2025-09-19 07:00:00,73,2,"#MadeByGoogle"
"67866400690979156_4939994682","image",2025-09-04,86,0,"#MadeByGoogle"
"34241331866545238_6607777291","carousel",2025-08-12 21:00:00,341,9,"#MadeByGoogle"
"01375986818945514_3461260568","image",2025-07-14 03:00:00,281,4,"#MadeByGoogle"
"76762695785076848_7989284635","reel",2025-07-29 05:00:00,650,22,"#MadeByGoogle"
"95130377607073610_5992216301","image",2025-07-06 14:00:00,192,5,"#MadeByGoogle"
"59464085027426411_3683568804","image",2025-07-31 19:00:00,125,7,"#MadeByGoogle"
"28140706852784363_8642336921","reel",2025-08-02 20:00:00,505,21,"#MadeByGoogle"
"55478165714055201_9277905595","reel",2025-07-03 01:00:00,344,12,"#MadeByGoogle"
"72542023887363244_4027708679","carousel",2025-07-13 07:00:00,359,7,"#MadeByGoogle"
"24272395152731951_5988324488","image",2025-07-23 09:00:00,0,3,"#MadeByGoogle"
"70168856039182355_2640424154","carousel",2025-08-23 16:00:00,48,0,"#MadeByGoogle"
"49495349148766850_5584008092","reel",2025-09-11 23:00:00,37,3,"#MadeByGoogle"
"85529472097797048_5047112933","image",2025-06-27 18:00:00,523,13,"#MadeByGoogle"
"27582190435396373_1056523498","carousel",2025-07-14 17:00:00,829,28,"#MadeByGoogle"
"11122471870289815_5889425620","image",2025-06-24 03:00:00,533,12,"#MadeByGoogle"
"71747498015562568_6087305126","image",2025-07-02 21:00:00,104,4,"#MadeByGoogle"
"35070339649436213_0010580404","image",2025-07-09 06:00:00,156,6,"#MadeByGoogle"
"22349595152971793_6766656614","image",2025-08-02 07:00:00,471,12,"#MadeByGoogle"
"61225757249612956_9814175631","carousel",2025-08-12 05:00:00,16,0,"#MadeByGoogle"
"93282520741938895_6634002633","image",2025-07-27 14:00:00,135,4,"#MadeByGoogle"
"98298107428929907_2240371248","image",2025-08-03 10:00:00,201,7,"#MadeByGoogle"
"24635383630718384_9572985722","reel",2025-08-16 09:00:00,134,0,"#MadeByGoogle"
"55954891764972724_4756212029","carousel",2025-08-03 21:00:00,642,17,"#MadeByGoogle"
"71282061455558486_9665235678","reel",2025-07-06 23:00:00,139,5,"#MadeByGoogle"
"10837113245919167_7458018855","image",2025-07-30 15:00:00,223,0,"#MadeByGoogle"
"81939982909196917_0696605282","image",2025-07-31 07:00:00,89,4,"#MadeByGoogle"
"62446928572390260_9272494909","image",2025-08-05 09:00:00,53,3,"#MadeByGoogle"
"56347134219373007_0396295677","reel",2025-07-04 23:00:00,115,0,"#MadeByGoogle"
"04867844851923099_5354398290","image",2025-07-11 04:00:00,511,16,"#MadeByGoogle"
"99199866637185149_0342206561","reel",2025-07-10 03:00:00,871,25,"#MadeByGoogle"
"02095147346985696_5209185608","carousel",2025-07-12 17:00:00,78,2,"#MadeByGoogle"
"06392058706835928_9281115691","image",2025-08-05 16:00:00,139,3,"#MadeByGoogle"
"95835538646839215_2695482356","reel",2025-08-30 19:00:00,319,13,"#MadeByGoogle"
"96784333432869010_2758819826","carousel",2025-08-16 19:00:00,209,5,"#MadeByGoogle"
"83408089923868064_9609277665","image",2025-07-13 11:00:00,41,1,"#MadeByGoogle"
"42708537931907208_8590497042","image",2025-08-25 08:00:00,645,22,"#MadeByGoogle"
"51311300722918418_6777585905","carousel",2025-07-23 03:00:00,109,2,"#MadeByGoogle"
"68488877229182511_4113436175","reel",2025-07-20 07:00:00,396,10,"#MadeByGoogle"
"12298736465070295_1089695299","image",2025-07-15 22:00:00,239,11,"#MadeByGoogle"
"03889588828249632_1535963816","carousel",2025-08-16 08:00:00,183,4,"#MadeByGoogle"
"08900687833128284_0402650664","image",2025-07-07 10:00:00,141,3,"#MadeByGoogle"
"00495966289316512_0408249134","reel",2025-07-14 17:00:00,0,0,"#MadeByGoogle"
"21678564093997645_4576271528","carousel",2025-07-13 13:00:00,86,3,"#MadeByGoogle"
"43420936668390026_1164334500","reel",2025-07-28 07:00:00,271,9,"#MadeByGoogle"
"64461832986788327_5999977732","carousel",2025-07-02 14:00:00,291,8,"#MadeByGoogle"
"82153050682013729_8849269584","carousel",2025-06-29 09:00:00,231,10,"#MadeByGoogle"
"42690836562665386_1021384147","image",2025-07-31 22:00:00,1143,26,"#MadeByGoogle"
"30121047067487584_7996083146","image",2025-07-27 10:00:00,379,8,"#MadeByGoogle"
"70766601426252310_9830042206","carousel",2025-07-04 10:00:00,179,4,"#MadeByGoogle"
"62230731004517827_9018159625","carousel",2025-07-06 07:00:00,182,11,"#MadeByGoogle"
"10447154439901097_1486815805","reel",2025-06-29 20:00:00,29,1,"#MadeByGoogle"
"15904558904553424_8425447506","image",2025-07-05 21:00:00,856,22,"#MadeByGoogle"
"35197784348449766_4825709087","carousel",2025-07-07 05:00:00,256,6,"#MadeByGoogle"
"64361904840432622_1501358898","image",2025-09-18 05:00:00,198,8,"#MadeByGoogle"
"37893198434184924_9764071829","reel",2025-07-01 16:00:00,103,4,"#MadeByGoogle"
"38257286526042775_0106763771","carousel",2025-07-11 22:00:00,268,12,"#MadeByGoogle"
"97740315732312720_6260213525","carousel",2025-08-18 17:00:00,692,23,"#MadeByGoogle"
"76098985578073706_4125708131","carousel",2025-08-11 05:00:00,39,1,"#MadeByGoogle"
"90489236933272181_9787450298","carousel",2025-09-01 09:00:00,76,1,"#MadeByGoogle"
"70504856829516996_3657751479","image",2025-07-11 06:00:00,990,39,"#MadeByGoogle"
"98460273183168909_1852853706","image",2025-08-01 11:00:00,32,1,"#MadeByGoogle"
"06650047439538728_9695845073","carousel",2025-08-25 21:00:00,586,21,"#MadeByGoogle"
"71774216098307518_8257633607","carousel",2025-07-18 16:00:00,491,28,"#MadeByGoogle"
"90584316192216285_2457773127","reel",2025-06-23 07:00:00,127,3,"#MadeByGoogle"
"12642759169980220_9630569857","image",2025-06-24 04:00:00,63,2,"#MadeByGoogle"
"06827015719958618_5494252768","carousel",2025-06-30 07:00:00,187,9,"#MadeByGoogle"
"21486693686290696_9040116576","image",2025-06-23 09:00:00,762,20,"#MadeByGoogle"
"70061263357553516_3583863322","image",2025-07-14 08:00:00,714,23,"#MadeByGoogle"
"06128221051686297_9172947771","image",2025-07-01 01:00:00,1059,30,"#MadeByGoogle"
"32118142147570587_1549227872","image",2025-08-19 19:00:00,192,8,"#MadeByGoogle"
"86123748996835090_2761419106","image",2025-07-28 12:00:00,199,7,"#MadeByGoogle"
"57143224040016646_2249558798","image",2025-08-05,585,22,"#MadeByGoogle"
"25112290411152629_7900255437","reel",2025-09-06 09:00:00,178,4,"#MadeByGoogle"
"73521001242549535_9504718287","reel",2025-06-23 13:00:00,339,7,"#MadeByGoogle"
"62577326154067432_3642403510","reel",2025-06-25 08:00:00,185,5,"#MadeByGoogle"
"80933062066756251_8611301484","image",2025-07-01 17:00:00,73,2,"#MadeByGoogle"
"12597991511150524_7856793537","carousel",2025-07-03 10:00:00,202,0,"#MadeByGoogle"
"60596271748459084_6669373714","carousel",2025-09-11 22:00:00,204,2,"#MadeByGoogle"
"45883507196057041_4951339162","carousel",2025-06-29 06:00:00,131,4,"#MadeByGoogle"
"09345965718436099_2179606469","image",2025-07-25 13:00:00,185,6,"#MadeByGoogle"
"17905891197063011_0336062920","carousel",2025-08-28 19:00:00,1058,25,"#MadeByGoogle"
"67836957893045980_8436124461","reel",2025-07-20 04:00:00,63,1,"#MadeByGoogle"
"47767818063927847_3723485003","image",2025-06-25 11:00:00,100,3,"#MadeByGoogle"
"72605931323863719_0072632666","reel",2025-06-28 14:00:00,96,5,"#MadeByGoogle"
"82135258778783952_4091664689","image",2025-07-17 22:00:00,57,0,"#MadeByGoogle"
"06993767123064869_1438748020","image",2025-08-11,165,4,"#MadeByGoogle"
"59540092355732662_6732308550","carousel",2025-06-30 20:00:00,166,6,"#MadeByGoogle"
"41793613785362298_9848328130","reel",2025-08-12 14:00:00,163,5,"#MadeByGoogle"
"07783264680449226_3278548315","image",2025-09-12 03:00:00,653,22,"#MadeByGoogle"
"31715279479367949_0616395995","carousel",2025-06-22 09:00:00,163,3,"#MadeByGoogle"
"21434011390610116_7158444538","image",2025-07-07 03:00:00,1600,47,"#MadeByGoogle"
"09658082391404512_0098401830","image",2025-07-02 15:00:00,66,2,"#MadeByGoogle"
"98103470968708038_6431961996","image",2025-09-19 15:00:00,241,7,"#MadeByGoogle"
"26128213841963839_5554803702","carousel",2025-07-08 18:00:00,62,2,"#MadeByGoogle"
"60138819439166452_2448213390","image",2025-08-03 20:00:00,328,9,"#MadeByGoogle"
"44161672895458577_2043044559","image",2025-07-01 06:00:00,120,3,"#MadeByGoogle"
"55479002771454613_3344863908","image",2025-07-28 17:00:00,428,12,"#MadeByGoogle"
"72328156466097053_0503854346","image",2025-07-08 16:00:00,203,3,"#MadeByGoogle"
"69798903199248629_8712374440","image",2025-09-12 05:00:00,67,3,"#MadeByGoogle"
"31654336561170702_2332209534","carousel",2025-08-11 20:00:00,258,10,"#MadeByGoogle"
"59856432117317479_7448770057","reel",2025-08-17 02:00:00,408,8,"#MadeByGoogle"
"63806985326125943_4459898947","image",2025-06-25 14:00:00,59,2,"#MadeByGoogle"
"57481094628516573_9069922859","image",2025-07-27 06:00:00,531,15,"#MadeByGoogle"
"57733680388602985_4986582307","reel",2025-08-22 10:00:00,368,0,"#MadeByGoogle"
"57432254488662666_2509445451","carousel",2025-08-05 17:00:00,244,6,"#MadeByGoogle"
"09034782175137737_3079271795","image",2025-07-04 06:00:00,413,16,"#MadeByGoogle"
"40506315591919105_2707515510","reel",2025-07-27 08:00:00,131,1,"#MadeByGoogle"
"01015476876820859_6722583473","reel",2025-07-17,246,5,"#MadeByGoogle"
"80187400681488345_4177411194","reel",2025-07-19 21:00:00,321,8,"#MadeByGoogle"
"28455983642040996_1999563810","image",2025-07-11 12:00:00,35,1,"#MadeByGoogle"
"45282406432001527_7678495351","image",2025-08-14 05:00:00,201,4,"#MadeByGoogle"
"61144290640109961_9018538610","image",2025-06-27 04:00:00,697,21,"#MadeByGoogle"
"33893289556252813_7656222940","image",2025-08-07 14:00:00,527,20,"#MadeByGoogle"
"08691327731993809_1308265264","reel",2025-07-08 10:00:00,211,5,"#MadeByGoogle"
"13752983217768925_3006482043","image",2025-07-03 23:00:00,133,3,"#MadeByGoogle"
"90891113403565616_3016901554","reel",2025-07-05 06:00:00,121,4,"#MadeByGoogle"
"66847009571857369_1561414435","image",2025-07-15,311,13,"#MadeByGoogle"
"45296486525412092_6429493908","reel",2025-06-23 02:00:00,153,5,"#MadeByGoogle"
"51710892659612113_6239207827","image",2025-07-06 07:00:00,162,7,"#MadeByGoogle"
"52061486749655845_5185036277","carousel",2025-07-06 21:00:00,296,8,"#MadeByGoogle"
"61267208575581065_7297838982","reel",2025-07-06,119,3,"#MadeByGoogle"
"20957066239501016_8109014546","carousel",2025-08-31 22:00:00,69,3,"#MadeByGoogle"
"77473953037022391_2413548803","carousel",2025-08-17 13:00:00,119,4,"#MadeByGoogle"
"62992265451488425_4533863175","reel",2025-07-20 04:00:00,707,17,"#MadeByGoogle"
"34484236608640244_6155778621","carousel",2025-07-12 15:00:00,153,0,"#MadeByGoogle"
"33989529591333983_9199166768","image",2025-08-02,48,2,"#MadeByGoogle"
"50085203863153122_3370909436","reel",2025-08-23 18:00:00,414,9,"#MadeByGoogle"
"02166173724736492_0061490964","reel",2025-08-10 08:00:00,82,1,"#MadeByGoogle"
"08474194594637779_9864118145","carousel",2025-06-23 22:00:00,244,9,"#MadeByGoogle"
"67433261738194628_8908844833","image",2025-07-12 15:00:00,104,6,"#MadeByGoogle"
"53132791155226236_5033734578","image",2025-06-22 01:00:00,158,4,"#MadeByGoogle"
"05028569151654137_6137405542","reel",2025-06-22 03:00:00,481,13,"#MadeByGoogle"
"07921756057803959_8234895226","image",2025-08-22 13:00:00,218,5,"#MadeByGoogle"
"40845659948391641_5802171091","reel",2025-08-19 16:00:00,129,5,"#MadeByGoogle"
"88310838673349914_0615196582","reel",2025-06-25 07:00:00,217,7,"#MadeByGoogle"
"66954173576472361_7349214421","image",2025-06-27 09:00:00,182,1,"#MadeByGoogle"
"21243583250637954_2669449978","image",2025-07-15 18:00:00,441,11,"#MadeByGoogle"
"32346387963981680_1856287922","carousel",2025-07-01 05:00:00,92,1,"#MadeByGoogle"
"69169202072644821_3466766398","carousel",2025-07-22 11:00:00,91,2,"#MadeByGoogle"
"57409033330038772_3068781802","reel",2025-07-27 08:00:00,601,21,"#MadeByGoogle"
"29292229783537828_7675294092","carousel",2025-06-25 13:00:00,99,2,"#MadeByGoogle"
"53026425766804864_5931620013","image",2025-08-05 14:00:00,87,5,"#MadeByGoogle"
"46975180989575346_6907962927","reel",2025-08-21 15:00:00,405,17,"#MadeByGoogle"
"48100154173255223_2786137701","reel",2025-07-21 09:00:00,356,15,"#MadeByGoogle"
"63068886221963516_9311262618","reel",2025-08-09 13:00:00,279,12,"#MadeByGoogle"
"31617949173084906_1039447122","carousel",2025-07-24 01:00:00,119,2,"#MadeByGoogle"
"22328348811084032_1934360276","carousel",2025-07-06 18:00:00,774,21,"#MadeByGoogle"
"97054057180213091_0887467693","image",2025-07-07 21:00:00,242,3,"#MadeByGoogle"
"13968556424154078_5947551378","carousel",2025-08-05 06:00:00,131,3,"#MadeByGoogle"
"39907492600023756_5868036848","carousel",2025-07-10 13:00:00,265,6,"#MadeByGoogle"
"73312242002136124_6853956916","image",2025-07-12 05:00:00,218,2,"#MadeByGoogle"
"02437775755055952_0351484199","image",2025-08-30 15:00:00,417,13,"#MadeByGoogle"
"88791576503260919_7681854318","image",2025-08-12 23:00:00,47,2,"#MadeByGoogle"
"75385362747261012_8577442967","carousel",2025-08-02 01:00:00,183,5,"#MadeByGoogle"
"19136242289353048_4032268638","carousel",2025-08-25 03:00:00,199,7,"#MadeByGoogle"
"27120054681760386_6788737747","image",2025-08-11 23:00:00,195,3,"#MadeByGoogle"
"07968801390374683_2179428273","reel",2025-08-03 22:00:00,33,2,"#MadeByGoogle"
"01336352516874322_1513101446","image",2025-06-26 04:00:00,164,8,"#MadeByGoogle"
"67562642526753443_4677073375","carousel",2025-08-31 21:00:00,40,2,"#MadeByGoogle"
"56426538349553122_3366195880","carousel",2025-07-08 04:00:00,88,2,"#MadeByGoogle"
"62031552628981832_6417366823","image",2025-07-10 22:00:00,276,8,"#MadeByGoogle"
"49744233504036147_9903815865","carousel",2025-09-08 12:00:00,987,40,"#MadeByGoogle"
"29931004689255671_2195723243","reel",2025-08-04 19:00:00,419,10,"#MadeByGoogle"
"18644886626551335_6605775046","image",2025-07-07 07:00:00,53,3,"#MadeByGoogle"
"36298494840292031_9033004264","reel",2025-08-06 15:00:00,119,3,"#MadeByGoogle"
"39014450461330738_6435495608","reel",2025-07-03 23:00:00,184,7,"#MadeByGoogle"
"58974609295258003_5734256129","reel",2025-07-07 20:00:00,400,13,"#MadeByGoogle"
"41126210011854165_9325712280","image",2025-07-22 13:00:00,272,9,"#MadeByGoogle"
"64532417305097895_1338143285","image",2025-07-25 16:00:00,109,3,"#MadeByGoogle"
"17006083064712252_9346378564","image",2025-08-16 23:00:00,146,6,"#MadeByGoogle"
"22488740226313881_9047040324","carousel",2025-06-23 23:00:00,665,27,"#MadeByGoogle"
"30202530353225357_2541500124","carousel",2025-08-11 05:00:00,392,9,"#MadeByGoogle"
"86685591661561045_2652553722","image",2025-08-29 14:00:00,176,3,"#MadeByGoogle"
"83802462726941787_7991952501","image",2025-07-09 21:00:00,80,1,"#MadeByGoogle"
"66692450353924277_3955285986","reel",2025-07-18 20:00:00,342,8,"#MadeByGoogle"
"27432791140273188_3880494625","image",2025-07-15 04:00:00,71,1,"#MadeByGoogle"
"92557950410885483_4405524099","image",2025-08-10 22:00:00,57,0,"#MadeByGoogle"
"90257238865229091_2437618605","image",2025-09-04 18:00:00,58,1,"#MadeByGoogle"
"99221499754062895_7300679844","image",2025-06-29 07:00:00,613,23,"#MadeByGoogle"
"76718177621634941_7885512166","image",2025-07-22 04:00:00,392,20,"#MadeByGoogle"
"73093048257247449_5445093398","image",2025-07-05 07:00:00,33,0,"#MadeByGoogle"
"13586454984851102_0333090421","reel",2025-08-17 04:00:00,491,12,"#MadeByGoogle"
"29061094360453580_2804144561","carousel",2025-07-23 13:00:00,267,6,"#MadeByGoogle"
"91060793031509291_2204084263","image",2025-07-08 13:00:00,188,5,"#MadeByGoogle"
"07071701166214490_5255689510","image",2025-07-01 14:00:00,240,4,"#MadeByGoogle"
"81599329188141057_9581091611","carousel",2025-07-24 03:00:00,129,3,"#MadeByGoogle"
"64193245280381356_1232291223","reel",2025-06-24 23:00:00,135,2,"#MadeByGoogle"
"76451712700347273_6733433235","image",2025-07-13 08:00:00,691,22,"#MadeByGoogle"
"49018507643929460_8863933604","image",2025-06-29 03:00:00,135,6,"#MadeByGoogle"
"63224729550572640_3002118250","image",2025-08-13 21:00:00,50,1,"#MadeByGoogle"
"47156294613576694_5778950219","image",2025-09-05 19:00:00,269,5,"#MadeByGoogle"
"48683613206941068_7220429716","reel",2025-08-09 10:00:00,429,13,"#MadeByGoogle"
"13794045045653735_8929647563","image",2025-07-08 22:00:00,105,5,"#MadeByGoogle"
"72582951167693442_3133109118","image",2025-07-05 23:00:00,199,5,"#MadeByGoogle"
"50795478519960005_8018171549","carousel",2025-09-07 14:00:00,0,10,"#MadeByGoogle"
"10888415756737743_7771925194","carousel",2025-07-03 12:00:00,110,6,"#MadeByGoogle"
"27388743948645269_8032643372","reel",2025-08-17 02:00:00,199,5,"#MadeByGoogle"
"41117750365983749_6566231089","image",2025-07-15 16:00:00,126,0,"#MadeByGoogle"
"84721902904817818_3992619183","carousel",2025-09-13 18:00:00,229,9,"#MadeByGoogle"
"75047694343519893_2597940290","image",2025-07-05 14:00:00,114,3,"#MadeByGoogle"
"94062245075744308_3436999111","carousel",2025-07-09 07:00:00,103,3,"#MadeByGoogle"
"58527101685694372_2637469472","carousel",2025-06-28 22:00:00,59,0,"#MadeByGoogle"
"72614594832630386_6590850019","carousel",2025-08-13 07:00:00,51,1,"#MadeByGoogle"
"11001092803270366_9832939414","carousel",2025-07-06,196,7,"#MadeByGoogle"
"70860136556331266_8561230881","reel",2025-08-18 08:00:00,118,0,"#MadeByGoogle"
"64744629571695653_1132102050","carousel",2025-08-20 15:00:00,242,6,"#MadeByGoogle"
"85505021083322947_6385345121","image",2025-08-30 22:00:00,217,8,"#MadeByGoogle"
"79502909054636748_8257582107","image",2025-06-24 18:00:00,164,7,"#MadeByGoogle"
"27292956872175690_4471617574","carousel",2025-07-07 21:00:00,51,1,"#MadeByGoogle"
"23363502242237902_3768369042","reel",2025-07-11 17:00:00,484,15,"#MadeByGoogle"
"18159188213552228_7188837979","reel",2025-06-24 12:00:00,106,5,"#MadeByGoogle"
"59150914825106236_8062196692","image",2025-08-21 09:00:00,50,1,"#MadeByGoogle"
"66957936592227848_2940189248","reel",2025-07-27 09:00:00,207,9,"#MadeByGoogle"
"52056750805666590_7278522450","carousel",2025-08-20 17:00:00,183,7,"#MadeByGoogle"
"57622377539758701_1855128849","carousel",2025-07-31 19:00:00,94,2,"#MadeByGoogle"
"26888795160663906_7126580512","carousel",2025-09-13 18:00:00,829,23,"#MadeByGoogle"
"74526535514907556_2970501199","reel",2025-07-23 15:00:00,449,11,"#MadeByGoogle"
"40738056547863031_0213582818","carousel",2025-07-21 10:00:00,69,1,"#MadeByGoogle"
"30645736649502220_1584796879","image",2025-06-30 10:00:00,98,1,"#MadeByGoogle"
"89445773087568995_0389893101","reel",2025-07-10 03:00:00,24,2,"#MadeByGoogle"
"43836513005063277_6111345801","image",2025-08-25 05:00:00,158,6,"#MadeByGoogle"
"69033861939668854_8525740144","image",2025-06-25 03:00:00,179,3,"#MadeByGoogle"
"57365541924690506_3451565388","image",2025-07-08 16:00:00,73,2,"#MadeByGoogle"
"18913794871987606_9842724268","carousel",2025-08-06 08:00:00,261,11,"#MadeByGoogle"
"67175990441382716_3817808085","image",2025-09-06 23:00:00,65,1,"#MadeByGoogle"
"11676237141697575_8286749956","carousel",2025-07-22 19:00:00,471,9,"#MadeByGoogle"
"19656757947233662_0378675036","image",2025-07-20 03:00:00,176,8,"#MadeByGoogle"
"23811959345542211_3886414946","image",2025-07-13 01:00:00,367,8,"#MadeByGoogle"
"30437711260940673_9456169308","image",2025-07-06 20:00:00,703,18,"#MadeByGoogle"
"10807941677403895_8237262949","carousel",2025-07-14 04:00:00,51,0,"#MadeByGoogle"
"47402372554048733_4899168284","carousel",2025-08-29 20:00:00,552,15,"#MadeByGoogle"
"41597800998953224_9248414918","carousel",2025-08-04 10:00:00,702,23,"#MadeByGoogle"
"55404509227741799_9728570206","reel",2025-07-25 08:00:00,633,23,"#MadeByGoogle"
"63390793737916673_2532712034","carousel",2025-07-28 23:00:00,463,16,"#MadeByGoogle"
"15062359061702946_0299329390","image",2025-08-04 10:00:00,271,7,"#MadeByGoogle"
"67548946017848892_5575352937","reel",2025-07-04 04:00:00,483,19,"#MadeByGoogle"
"72959726511686605_4075969999","image",2025-06-29 03:00:00,153,4,"#MadeByGoogle"
"68075880117053733_1464950499","image",2025-07-17,587,21,"#MadeByGoogle"
"05446460925858068_8890749691","image",2025-07-01 17:00:00,256,0,"#MadeByGoogle"
"45332263087580064_1591248093","image",2025-07-23 13:00:00,555,0,"#MadeByGoogle"
"70606324320371828_8393681904","carousel",2025-06-24 04:00:00,374,13,"#MadeByGoogle"
"86421575545237715_4651588949","image",2025-06-29 18:00:00,381,9,"#MadeByGoogle"
"92091855741618614_4071441217","reel",2025-08-04 21:00:00,442,17,"#MadeByGoogle"
"44915323164920589_5365360747","image",2025-08-18 02:00:00,0,18,"#MadeByGoogle"
"56312877276730932_1608336486","reel",2025-07-08 13:00:00,319,13,"#MadeByGoogle"
"70038031262552742_0572703421","reel",2025-07-18 07:00:00,117,1,"#MadeByGoogle"
"47555640800501348_2115142767","carousel",2025-07-19 11:00:00,174,0,"#MadeByGoogle"
"38848993368564083_6509078821","reel",2025-06-26 10:00:00,188,5,"#MadeByGoogle"
"74363596933958079_5264549483","carousel",2025-06-23 18:00:00,821,28,"#MadeByGoogle"
"81807637124284250_2910473071","reel",2025-08-12 01:00:00,173,7,"#MadeByGoogle"
"58508768393164324_0490555246","image",2025-07-31 08:00:00,457,18,"#MadeByGoogle"
"49701230376272885_9162514025","carousel",2025-07-07 17:00:00,278,8,"#MadeByGoogle"
"87282458416958828_0868495765","carousel",2025-08-21 14:00:00,92,0,"#MadeByGoogle"
"91852996401839571_5631765893","image",2025-08-14 19:00:00,239,14,"#MadeByGoogle"
"55471854910025176_4465062955","image",2025-09-01 08:00:00,71,1,"#MadeByGoogle"
"00085695982971309_9688234521","image",2025-06-27 11:00:00,240,7,"#MadeByGoogle"
"71088631311851798_7622367674","image",2025-06-26 08:00:00,440,13,"#MadeByGoogle"
"44329032785010601_3510146108","image",2025-07-21 13:00:00,221,4,"#MadeByGoogle"
"74899797185602936_4016796705","reel",2025-07-28 18:00:00,108,2,"#MadeByGoogle"
"16349536286615967_1183786828","reel",2025-07-03 01:00:00,450,15,"#MadeByGoogle"
"10154493862112713_1142145930","reel",2025-07-21 18:00:00,339,12,"#MadeByGoogle"
"68369344509834480_3104307675","reel",2025-07-29 02:00:00,1359,0,"#MadeByGoogle"
"76439273426394821_4492078622","carousel",2025-08-30 18:00:00,1757,42,"#MadeByGoogle"
"60377644794065735_0786118491","image",2025-08-19 15:00:00,240,9,"#MadeByGoogle"
"46396888059798884_5309338596","image",2025-06-23 04:00:00,132,4,"#MadeByGoogle"
"97042690730940745_6315683805","carousel",2025-06-27 12:00:00,103,0,"#MadeByGoogle"
"92120921394792768_4614776575","carousel",2025-07-02 18:00:00,304,12,"#MadeByGoogle"
"94137549920900246_6031583368","reel",2025-07-01 22:00:00,53,3,"#MadeByGoogle"
"59913516603068201_8855129358","reel",2025-07-20 21:00:00,58,3,"#MadeByGoogle"
"39956448872187300_9402485492","image",2025-09-03 10:00:00,200,8,"#MadeByGoogle"
"12445470873745605_4175838311","image",2025-08-14 18:00:00,98,2,"#MadeByGoogle"
"53094754373395272_8912143255","image",2025-08-09 11:00:00,41,1,"#MadeByGoogle"
"62278797754437187_7137235656","carousel",2025-07-10 01:00:00,949,35,"#MadeByGoogle"
"40722749369500023_2186120906","carousel",2025-07-15 16:00:00,334,10,"#MadeByGoogle"
"39676925709228448_9955425225","carousel",2025-07-03 23:00:00,69,1,"#MadeByGoogle"
"69938725163416609_1200235446","image",2025-07-11 06:00:00,215,5,"#MadeByGoogle"
"60583112196692506_1132909029","carousel",2025-06-29 18:00:00,163,2,"#MadeByGoogle"
"83803535205378684_9929182233","reel",2025-06-22 07:00:00,323,14,"#MadeByGoogle"
"94593864509688570_8288644047","reel",2025-08-23 01:00:00,574,15,"#MadeByGoogle"
"13328343330604656_8856331372","reel",2025-07-22 23:00:00,82,1,"#MadeByGoogle"
"89005714838924764_4722181855","reel",2025-07-05 10:00:00,81,4,"#MadeByGoogle"
"96601187627911886_0483686287","carousel",2025-07-27 16:00:00,378,7,"#MadeByGoogle"
"25208807878114814_0662712317","image",2025-08-21 15:00:00,208,6,"#MadeByGoogle"
"84862051743150996_2291004727","image",2025-08-04 23:00:00,165,3,"#MadeByGoogle"
"17591233122436522_0074112820","reel",2025-07-05 23:00:00,88,4,"#MadeByGoogle"
"21046735222345201_9408741929","carousel",2025-06-23 17:00:00,2338,67,"#MadeByGoogle"
"43597076157983685_6261026883","carousel",2025-08-30 19:00:00,69,1,"#MadeByGoogle"
"46858130140113645_2832251412","reel",2025-08-12,193,4,"#MadeByGoogle"
"59230226214143169_2600990341","image",2025-07-31 23:00:00,170,9,"#MadeByGoogle"
"15552255967493803_9072975151","image",2025-07-31 07:00:00,109,4,"#MadeByGoogle"
"02357890132868128_8612008844","image",2025-08-15 01:00:00,174,4,"#MadeByGoogle"
"19456061159910325_6638664793","carousel",2025-07-04 02:00:00,266,7,"#MadeByGoogle"
"04900994930601643_4867525409","image",2025-08-20,74,3,"#MadeByGoogle"
"00374661881302353_3959882080","carousel",2025-08-09,116,10,"#MadeByGoogle"
"63849991854543769_6870493203","image",2025-06-23 16:00:00,100,8,"#MadeByGoogle"
"10192756678123565_7654922925","image",2025-07-29 09:00:00,161,2,"#MadeByGoogle"
"75084049012588206_7094071894","image",2025-08-25 18:00:00,140,4,"#MadeByGoogle"
"06638373621965978_7676653368","carousel",2025-07-12 23:00:00,556,13,"#MadeByGoogle"
"03159472235487710_5790905047","image",2025-08-11 21:00:00,538,16,"#MadeByGoogle"
"26150247362894040_3533711825","carousel",2025-07-01 22:00:00,389,8,"#MadeByGoogle"
"62372039474046606_5253856753","carousel",2025-07-14 15:00:00,82,0,"#MadeByGoogle"
"67192520884230525_3594401162","image",2025-08-10 14:00:00,341,6,"#MadeByGoogle"
"03411384835488153_3042904300","carousel",2025-07-19 01:00:00,217,0,"#MadeByGoogle"
"65273329880986490_2694470754","carousel",2025-07-11 21:00:00,126,5,"#MadeByGoogle"
"69761045257599836_9251507018","carousel",2025-08-09 15:00:00,210,2,"#MadeByGoogle"
"41751516845338683_4880009432","image",2025-07-20 09:00:00,50,0,"#MadeByGoogle"
"55743731747658752_5161141707","image",2025-07-25 03:00:00,496,19,"#MadeByGoogle"
"04086962072559694_3687262385","carousel",2025-08-02 21:00:00,223,6,"#MadeByGoogle"
"96280192496642888_2041361946","reel",2025-07-28 13:00:00,91,3,"#MadeByGoogle"
"84494883533559639_2695642424","reel",2025-07-27 03:00:00,394,17,"#MadeByGoogle"
"40781505629739538_6202114372","image",2025-06-23 05:00:00,299,9,"#MadeByGoogle"
"97326356068466605_7941520302","carousel",2025-07-27 01:00:00,316,12,"#MadeByGoogle"
"09561280302006244_1525994546","image",2025-06-28 22:00:00,284,8,"#MadeByGoogle"
"35144175847785819_7060768570","image",2025-07-17 12:00:00,170,4,"#MadeByGoogle"
"22384292460341768_6303561157","carousel",2025-07-02 18:00:00,42,1,"#MadeByGoogle"
"75917959006879113_1911058697","image",2025-07-06 10:00:00,213,3,"#MadeByGoogle"
"77892853682331806_2998664612","carousel",2025-08-27 17:00:00,702,18,"#MadeByGoogle"
"57784325741529378_9324065237","image",2025-07-20 08:00:00,29,0,"#MadeByGoogle"
"20761766831831099_0647014694","image",2025-06-30 10:00:00,654,20,"#MadeByGoogle"
"21584359630681680_1611473565","image",2025-09-02 01:00:00,369,9,"#MadeByGoogle"
"30161975627616700_2916993434","carousel",2025-06-22 16:00:00,443,10,"#MadeByGoogle"
"80723681821466779_5169301093","carousel",2025-07-29 23:00:00,315,9,"#MadeByGoogle"
"43537367071801727_0547948076","image",2025-07-30 12:00:00,798,14,"#MadeByGoogle"
"86425719599875937_0431811822","carousel",2025-07-11 06:00:00,245,5,"#MadeByGoogle"
"93899848921724175_8800725162","carousel",2025-07-21 11:00:00,190,8,"#MadeByGoogle"
"49188455220819503_4522285716","carousel",2025-07-21 16:00:00,162,0,"#MadeByGoogle"
"86137808136953740_5486992546","carousel",2025-08-24 05:00:00,332,8,"#MadeByGoogle"
"46909692090562912_6676138544","image",2025-07-03 20:00:00,603,17,"#MadeByGoogle"
"60711971519329295_9863656950","carousel",2025-08-12 05:00:00,99,5,"#MadeByGoogle"
"43289172239971810_7179253340","image",2025-08-25 09:00:00,394,8,"#MadeByGoogle"
"98124744325487733_2482820782","image",2025-07-26 22:00:00,552,18,"#MadeByGoogle"
"05986462094250018_1584684841","image",2025-06-29 23:00:00,2841,102,"#MadeByGoogle"
"15278475215557112_8665953964","carousel",2025-08-06 12:00:00,261,10,"#MadeByGoogle"
"16372439638134302_0940286304","carousel",2025-07-24 02:00:00,0,6,"#MadeByGoogle"
"45435358123963297_4272586545","image",2025-07-16 16:00:00,98,2,"#MadeByGoogle"
"53539170728255782_8085743585","carousel",2025-06-24 14:00:00,502,18,"#MadeByGoogle"
"39762903478550759_4222962142","reel",2025-07-02 01:00:00,661,20,"#MadeByGoogle"
"04273783368437971_6836164537","reel",2025-07-09 22:00:00,28,1,"#MadeByGoogle"
"03268666511106406_4355610026","carousel",2025-06-22 02:00:00,361,13,"#MadeByGoogle"
"76530738607937683_5517848347","reel",2025-06-23 20:00:00,51,2,"#MadeByGoogle"
"63463774504210859_3664198875","reel",2025-07-19 07:00:00,2362,78,"#MadeByGoogle"
"13743988430997227_8987416719","carousel",2025-07-26 10:00:00,183,6,"#MadeByGoogle"
"97777469715054668_5199922954","carousel",2025-08-18 02:00:00,206,7,"#MadeByGoogle"
"63745492828079215_5873611054","reel",2025-06-28 21:00:00,338,14,"#MadeByGoogle"
"97704411523561198_5062146802","image",2025-07-21 18:00:00,94,4,"#MadeByGoogle"
"68254755011926668_2269879216","carousel",2025-07-10 21:00:00,27,2,"#MadeByGoogle"
"24027580856005951_4885441475","image",2025-06-30 04:00:00,238,15,"#MadeByGoogle"
"12027458499481656_4812689564","reel",2025-06-27 09:00:00,404,12,"#MadeByGoogle"
"89760945169974971_7269858120","carousel",2025-07-04 12:00:00,379,11,"#MadeByGoogle"
"40218104662120118_0108817549","image",2025-08-26 23:00:00,202,6,"#MadeByGoogle"
"19043936454515570_7232374391","carousel",2025-08-19 01:00:00,173,8,"#MadeByGoogle"
"19701932184713565_7815452394","carousel",2025-08-06 15:00:00,24,0,"#MadeByGoogle"
"92529815795232962_1771400472","carousel",2025-08-14 18:00:00,289,3,"#MadeByGoogle"
"53167970243397535_6203298455","image",2025-08-22 17:00:00,261,8,"#MadeByGoogle"
"30455212439442201_1261675313","image",2025-08-08 18:00:00,211,6,"#MadeByGoogle"
"50324458116940700_0754501125","image",2025-09-14 04:00:00,161,0,"#MadeByGoogle"
"29059868260956775_0731425213","carousel",2025-08-24 04:00:00,98,4,"#MadeByGoogle"
"77393725762863652_9036815159","image",2025-06-26 02:00:00,334,6,"#MadeByGoogle"
"07546322987116343_5734808686","carousel",2025-08-09 23:00:00,179,5,"#MadeByGoogle"
"10348379143564052_6833420228","image",2025-07-03 04:00:00,88,1,"#MadeByGoogle"
"50628723874530867_5135778792","reel",2025-06-24 02:00:00,657,20,"#MadeByGoogle"
"03147369720038639_0714747053","image",2025-07-08 05:00:00,341,8,"#MadeByGoogle"
"07629209071887145_9692597610","carousel",2025-09-09 03:00:00,157,5,"#MadeByGoogle"
"65496715682833970_3523318890","carousel",2025-07-05 11:00:00,235,6,"#MadeByGoogle"
"53817065428347439_7747656363","carousel",2025-07-11 08:00:00,158,4,"#MadeByGoogle"
"19574727958429715_1010600327","carousel",2025-08-20 11:00:00,855,24,"#MadeByGoogle"
"82985428021248082_1595173576","image",2025-08-16 09:00:00,324,13,"#MadeByGoogle"
"04871178214700331_0587212755","reel",2025-06-24 17:00:00,121,4,"#MadeByGoogle"
"80654409764691080_9452830823","carousel",2025-07-09 15:00:00,132,1,"#MadeByGoogle"
"90584134108557301_3755167701","carousel",2025-07-11 07:00:00,87,2,"#MadeByGoogle"
"41823352980625841_3648866808","image",2025-07-10 18:00:00,0,12,"#MadeByGoogle"
"94036075179200258_7691269079","carousel",2025-06-25 10:00:00,25,1,"#MadeByGoogle"
"87811891592043988_6611979161","image",2025-06-27 15:00:00,179,4,"#MadeByGoogle"
"57562176675911357_6169273330","carousel",2025-07-26 07:00:00,366,8,"#MadeByGoogle"
"91177996945398461_9676676561","carousel",2025-08-05 22:00:00,163,3,"#MadeByGoogle"
"96573970998508964_9170900628","carousel",2025-09-04 21:00:00,381,10,"#MadeByGoogle"
"45354798908427660_5338564914","reel",2025-07-17 04:00:00,26,2,"#MadeByGoogle"
"93219921847612275_1464550201","reel",2025-06-24 14:00:00,178,0,"#MadeByGoogle"
"90455239035775890_9181395781","reel",2025-08-06 17:00:00,0,1,"#MadeByGoogle"
"16978989795460126_5630873566","carousel",2025-08-15 10:00:00,0,3,"#MadeByGoogle"
"59402557250004787_7203088197","image",2025-07-08 18:00:00,1153,34,"#MadeByGoogle"
"08534120624196333_6530440961","carousel",2025-08-03 13:00:00,149,3,"#MadeByGoogle"
"84896780205126669_9257954238","image",2025-08-10 10:00:00,262,9,"#MadeByGoogle"
"02072528734914771_0058899482","image",2025-07-14 15:00:00,70,4,"#MadeByGoogle"
"14896974527709943_2218327351","image",2025-06-24 20:00:00,203,3,"#MadeByGoogle"
"61552121335871971_4497118409","reel",2025-07-22 22:00:00,681,0,"#MadeByGoogle"
"17153894559110456_5562189463","reel",2025-08-27 13:00:00,1149,26,"#MadeByGoogle"
"86095093693834759_7207087654","carousel",2025-06-26 01:00:00,171,6,"#MadeByGoogle"
"48191984741007721_7910529407","carousel",2025-07-13 06:00:00,527,13,"#MadeByGoogle"
"56955186887251113_3556494010","image",2025-07-31 09:00:00,246,9,"#MadeByGoogle"
"87363289431752369_6618178874","image",2025-08-31 17:00:00,526,11,"#MadeByGoogle"
"60040424947422036_5830377168","reel",2025-07-30 03:00:00,193,3,"#MadeByGoogle"
"69103139107065649_8830585457","reel",2025-06-22 19:00:00,55,2,"#MadeByGoogle"
"86927502548362096_4295431555","carousel",2025-07-19,126,1,"#MadeByGoogle"
"09928881838255538_4930340087","image",2025-07-09 21:00:00,158,3,"#MadeByGoogle"
"55036751170223152_0470479678","image",2025-09-09 15:00:00,0,0,"#MadeByGoogle"
"15381073451113459_6012618375","image",2025-07-02 08:00:00,88,1,"#MadeByGoogle"
"49413123611561269_4479717514","carousel",2025-07-16 15:00:00,51,2,"#MadeByGoogle"
"67148802619534039_3004841432","carousel",2025-08-29 02:00:00,354,14,"#MadeByGoogle"
"64580705820696424_7916798399","carousel",2025-07-10 05:00:00,258,9,"#MadeByGoogle"
"06425252443771374_5580398986","carousel",2025-06-28 11:00:00,572,23,"#MadeByGoogle"
"07110144671219669_0335880501","reel",2025-07-26 07:00:00,365,6,"#MadeByGoogle"
"73471896228648726_1320677010","image",2025-08-04 15:00:00,614,14,"#MadeByGoogle"
"08864587246832505_3485094708","reel",2025-06-26 11:00:00,137,7,"#MadeByGoogle"
"85683941223132931_4592398787","carousel",2025-08-02 16:00:00,207,6,"#MadeByGoogle"
"84928823842095134_6175312283","image",2025-06-24,99,6,"#MadeByGoogle"
"20329541900642897_1513865958","image",2025-07-14 13:00:00,180,8,"#MadeByGoogle"
"54954733489819561_1682203497","carousel",2025-07-27,303,9,"#MadeByGoogle"
"15745185602296980_8690513061","carousel",2025-07-10 15:00:00,20,1,"#MadeByGoogle"
"37427050756896962_7360388912","carousel",2025-07-31 23:00:00,159,6,"#MadeByGoogle"
"59777751943968306_2776243356","reel",2025-08-30 23:00:00,403,13,"#MadeByGoogle"
"47327841585471505_8661868043","image",2025-06-27 07:00:00,339,0,"#MadeByGoogle"
"95056389291485035_3943225345","reel",2025-06-28 08:00:00,46,1,"#MadeByGoogle"
"46887486820991590_8383727122","image",2025-07-16 01:00:00,866,0,"#MadeByGoogle"
"73641231630054532_9681521313","image",2025-08-12 18:00:00,277,11,"#MadeByGoogle"
"13307506233073236_6858992999","image",2025-07-23 08:00:00,207,0,"#MadeByGoogle"
"07538144155961395_2013213778","image",2025-08-05 23:00:00,248,7,"#MadeByGoogle"
"33624721806339232_5531573977","reel",2025-08-01 10:00:00,449,10,"#MadeByGoogle"
"36996658708944503_4333845317","reel",2025-07-01 23:00:00,402,10,"#MadeByGoogle"
"77592366425715781_7685369314","carousel",2025-07-28 15:00:00,326,12,"#MadeByGoogle"
"55630609344006756_3114428673","reel",2025-07-14 08:00:00,177,8,"#MadeByGoogle"
"87122315637944827_2030019659","reel",2025-07-05 18:00:00,588,17,"#MadeByGoogle"
"05504898546998969_8980242199","reel",2025-06-27 21:00:00,1414,37,"#MadeByGoogle"
"68072529746143907_2406832676","image",2025-07-09 03:00:00,182,6,"#MadeByGoogle"
"05632093098368957_7134453703","image",2025-08-26 22:00:00,1918,38,"#MadeByGoogle"
"75367543801004459_9159907262","image",2025-07-04 12:00:00,180,8,"#MadeByGoogle"
"29961308127767792_6590245525","reel",2025-07-23 13:00:00,37,0,"#MadeByGoogle"
"53910341751097685_1013630781","carousel",2025-07-02 17:00:00,97,4,"#MadeByGoogle"
"03143451279340875_4526746979","image",2025-08-12 13:00:00,172,6,"#MadeByGoogle"
"33426350380365277_7833893038","image",2025-06-30 21:00:00,450,8,"#MadeByGoogle"
"08533444144605133_7541230755","image",2025-08-14 06:00:00,168,4,"#MadeByGoogle"
"95442566091447488_1007804263","image",2025-07-23 04:00:00,275,8,"#MadeByGoogle"
"35274279132212885_1788569570","reel",2025-07-16 14:00:00,102,3,"#MadeByGoogle"
"92789636300605371_4470601933","carousel",2025-09-04 18:00:00,237,4,"#MadeByGoogle"
"72389843423323072_7487732637","image",2025-07-04 18:00:00,133,2,"#MadeByGoogle"
"45254241180339709_1528084884","image",2025-07-11 21:00:00,497,9,"#MadeByGoogle"
"18556770290995272_3443124103","reel",2025-08-16 18:00:00,297,5,"#MadeByGoogle"
"68263506588780107_9275525299","carousel",2025-07-24 13:00:00,41,3,"#MadeByGoogle"
"38997480399189759_0251435270","reel",2025-08-06 20:00:00,1374,49,"#MadeByGoogle"
"23923562179063086_7934007011","reel",2025-08-16 23:00:00,219,8,"#MadeByGoogle"
"01413652688928775_4817666256","reel",2025-07-27 21:00:00,308,8,"#MadeByGoogle"
"42331376452566038_7526203532","image",2025-08-25 12:00:00,35,1,"#MadeByGoogle"
"98187870826345908_3140697023","image",2025-07-29 13:00:00,55,5,"#MadeByGoogle"
"24497742401433484_1272905072","carousel",2025-06-30 22:00:00,45,0,"#MadeByGoogle"
"78645256482662324_5237479868","image",2025-07-26,149,3,"#MadeByGoogle"
"12904658045219012_7693013733","image",2025-07-09 20:00:00,715,19,"#MadeByGoogle"
"92059500289187907_7778013467","carousel",2025-08-30 10:00:00,329,14,"#MadeByGoogle"
"46240729137644370_0945894203","carousel",2025-08-21 21:00:00,191,8,"#MadeByGoogle"
"26642524955487888_4972363693","image",2025-08-02 04:00:00,79,0,"#MadeByGoogle"
"61192424106209722_7072656092","image",2025-08-25 10:00:00,186,2,"#MadeByGoogle"
"50203213587371454_9826521684","carousel",2025-07-04 11:00:00,68,1,"#MadeByGoogle"
"85947204160289090_9898511549","carousel",2025-07-15 16:00:00,206,2,"#MadeByGoogle"
"35311065344349575_3023436605","image",2025-08-22 06:00:00,469,12,"#MadeByGoogle"
"16325824276385601_6922470938","carousel",2025-08-05 16:00:00,360,11,"#MadeByGoogle"
"42221293097038273_0011825138","image",2025-07-29,166,4,"#MadeByGoogle"
"45306110236001318_5756773031","reel",2025-06-29 03:00:00,399,13,"#MadeByGoogle"
"35223755078279638_3520682505","carousel",2025-08-06 21:00:00,34,2,"#MadeByGoogle"
"43141444688613391_8845437458","image",2025-07-17 19:00:00,264,7,"#MadeByGoogle"
"59538056047305547_3864637726","image",2025-07-21 07:00:00,647,15,"#MadeByGoogle"
"72750704792631111_0613402243","image",2025-07-18 12:00:00,70,3,"#MadeByGoogle"
"76412727091896060_7745813113","carousel",2025-08-01 20:00:00,60,0,"#MadeByGoogle"
"32397363551635532_4654535121","carousel",2025-07-18 22:00:00,68,1,"#MadeByGoogle"
"42389066449580452_1945407748","carousel",2025-07-21 07:00:00,90,3,"#MadeByGoogle"
"84539263568938853_4514557100","reel",2025-07-06 05:00:00,109,0,"#MadeByGoogle"
"81404664037985778_0421203557","carousel",2025-07-18 07:00:00,331,7,"#MadeByGoogle"
"99051929272363811_4874932241","image",2025-06-26 23:00:00,387,12,"#MadeByGoogle"
"33111088128826924_8918487326","carousel",2025-08-17 06:00:00,160,0,"#MadeByGoogle"
"47114611508562473_3755626132","carousel",2025-09-02 20:00:00,241,5,"#MadeByGoogle"
"64412151083511123_1655366843","carousel",2025-07-01 05:00:00,208,6,"#MadeByGoogle"
"14905562968234725_2452777000","image",2025-06-27 17:00:00,246,8,"#MadeByGoogle"
"50569555915922568_2601343574","image",2025-07-26 07:00:00,149,3,"#MadeByGoogle"
"35991833451167456_0910188619","image",2025-07-11 05:00:00,275,8,"#MadeByGoogle"
"42480268854400264_4331382408","carousel",2025-08-27 14:00:00,342,12,"#MadeByGoogle"
"79293967692655757_6328375369","reel",2025-06-29 09:00:00,436,13,"#MadeByGoogle"
"05292131546374312_4076609408","image",2025-07-24 14:00:00,91,2,"#MadeByGoogle"
"17024184744200125_0517865445","reel",2025-08-15 10:00:00,134,5,"#MadeByGoogle"
"51790927938519606_7623287446","image",2025-07-30 05:00:00,104,6,"#MadeByGoogle"
"25994698128422680_7144216194","carousel",2025-08-01 04:00:00,299,11,"#MadeByGoogle"
"65490244921933017_0032047306","image",2025-08-22 05:00:00,104,0,"#MadeByGoogle"
"08365713043854864_3115953515","reel",2025-06-22 14:00:00,67,5,"#MadeByGoogle"
"07346033795565724_3725070805","carousel",2025-07-19 06:00:00,329,18,"#MadeByGoogle"
"06893302506756514_1229295481","image",2025-08-08 12:00:00,108,3,"#MadeByGoogle"
"88468576579979636_7547743859","carousel",2025-07-08 06:00:00,309,9,"#MadeByGoogle"
"80757507815847404_5609679298","carousel",2025-08-16 15:00:00,280,8,"#MadeByGoogle"
"69000977641455680_4079616236","carousel",2025-09-16 14:00:00,977,28,"#MadeByGoogle"
"27770242102297233_3605740421","carousel",2025-06-29 10:00:00,296,4,"#MadeByGoogle"
"46497385515175708_6748770091","carousel",2025-08-20 03:00:00,1160,30,"#MadeByGoogle"
"58220915898856622_4505676322","image",2025-07-02 02:00:00,158,3,"#MadeByGoogle"
"56356678816212061_6793404618","image",2025-07-04 16:00:00,413,15,"#MadeByGoogle"
"08535762048612625_5853450283","reel",2025-07-10 17:00:00,110,2,"#MadeByGoogle"
"49011431171218330_9691493053","image",2025-06-25 15:00:00,273,9,"#MadeByGoogle"
"96263769656031777_4170328022","carousel",2025-07-08 05:00:00,69,2,"#MadeByGoogle"
"48008676222921119_5924395310","image",2025-08-25 10:00:00,120,1,"#MadeByGoogle"
"50596726095753297_1211748958","carousel",2025-07-26 22:00:00,75,3,"#MadeByGoogle"
"44803062506383320_0038209448","image",2025-07-03 03:00:00,132,3,"#MadeByGoogle"
"52558538063679017_7935383356","carousel",2025-08-26 17:00:00,153,6,"#MadeByGoogle"
"35089349191092779_6712748604","reel",2025-07-29 20:00:00,363,9,"#MadeByGoogle"
"20705792720672004_2709788212","image",2025-08-05 06:00:00,516,17,"#MadeByGoogle"
"88429687471645423_6312402883","carousel",2025-07-12 07:00:00,83,3,"#MadeByGoogle"
"58422630686484114_3209134221","reel",2025-08-12 08:00:00,316,8,"#MadeByGoogle"
"72107393682688329_6743214703","carousel",2025-06-28 11:00:00,356,10,"#MadeByGoogle"
"19161422530246157_0807816550","carousel",2025-07-15 21:00:00,243,4,"#MadeByGoogle"
"37176581887176221_3645619991","reel",2025-08-19 18:00:00,158,5,"#MadeByGoogle"
"43326335139621209_3548594959","carousel",2025-06-22 02:00:00,86,4,"#MadeByGoogle"
"16472817543729316_8875484328","image",2025-06-23 09:00:00,511,13,"#MadeByGoogle"
"78073100367537628_3669406692","image",2025-06-27 22:00:00,137,4,"#MadeByGoogle"
"66400208768005930_1197954800","image",2025-06-25,196,6,"#MadeByGoogle"
"01578176673771649_9996348777","image",2025-06-26 08:00:00,738,22,"#MadeByGoogle"
"74234826612549041_0902175645","image",2025-06-29 21:00:00,494,13,"#MadeByGoogle"
"03557721269594919_8901598272","reel",2025-07-03 12:00:00,292,11,"#MadeByGoogle"
"54344769150362804_3887926677","carousel",2025-07-06 13:00:00,922,22,"#MadeByGoogle"
"28703559378339475_2555362013","carousel",2025-07-14 01:00:00,194,9,"#MadeByGoogle"
"89228457617504405_1067086274","carousel",2025-08-16 10:00:00,271,5,"#MadeByGoogle"
"43874957419037867_6433186588","carousel",2025-08-25 10:00:00,220,5,"#MadeByGoogle"
"24717023588891861_2153718039","reel",2025-07-14 21:00:00,72,2,"#MadeByGoogle"
"98843071770384278_3636551078","carousel",2025-06-26 23:00:00,70,2,"#MadeByGoogle"
"56772936542068602_4837063606","reel",2025-06-22 18:00:00,92,5,"#MadeByGoogle"
"16167766049701192_7991026273","reel",2025-06-24,427,17,"#MadeByGoogle"
"11173481990082669_2356477055","carousel",2025-08-10 13:00:00,568,17,"#MadeByGoogle"
"16707910394639914_0882273047","image",2025-07-10 08:00:00,241,6,"#MadeByGoogle"
"96738751903297874_8546045226","image",2025-07-09 12:00:00,325,6,"#MadeByGoogle"
"66015718652313540_6875288543","carousel",2025-07-08 18:00:00,111,0,"#MadeByGoogle"
"54843355276172044_2168366864","carousel",2025-07-10 14:00:00,210,5,"#MadeByGoogle"
"65556418218563878_8815580670","reel",2025-08-16 16:00:00,416,14,"#MadeByGoogle"
"67384180811734616_6733530450","reel",2025-08-21 05:00:00,33,0,"#MadeByGoogle"
"38877353137973133_9755625136","carousel",2025-07-03 12:00:00,95,3,"#MadeByGoogle"
"97194255568843024_5797252095","carousel",2025-07-21 19:00:00,146,2,"#MadeByGoogle"
"66757948374151627_6963798887","image",2025-08-20 14:00:00,387,17,"#MadeByGoogle"
"02380652301251350_9650528042","reel",2025-07-27,114,2,"#MadeByGoogle"
"01509511425224190_3285629489","image",2025-07-22 22:00:00,145,3,"#MadeByGoogle"
"26048743712569019_2542054827","carousel",2025-07-01 13:00:00,132,4,"#MadeByGoogle"
"37581543839621366_4294575053","image",2025-06-23 03:00:00,412,13,"#MadeByGoogle"
"53598617940266351_8430718854","reel",2025-08-23 10:00:00,164,4,"#MadeByGoogle"
"23993790520995544_2649725251","image",2025-07-17 04:00:00,136,3,"#MadeByGoogle"
"24382504199272738_9526871014","carousel",2025-08-09 02:00:00,36,2,"#MadeByGoogle"
"04782919111314144_4084190335","image",2025-07-16 20:00:00,465,13,"#MadeByGoogle"
"20235213775339552_1926580569","carousel",2025-06-25 19:00:00,34,0,"#MadeByGoogle"
"74314608691181228_1137888659","image",2025-08-09 23:00:00,20,0,"#MadeByGoogle"
"98605390566838377_8341314543","carousel",2025-07-17 07:00:00,239,5,"#MadeByGoogle"
"38509868464728969_8926480849","reel",2025-07-12 02:00:00,0,9,"#MadeByGoogle"
"56655598005329913_9426914095","carousel",2025-09-18 16:00:00,97,1,"#MadeByGoogle"
"33508821833629349_2967064365","carousel",2025-08-03 10:00:00,233,5,"#MadeByGoogle"
"37528568210832023_1564058104","image",2025-08-21 18:00:00,203,6,"#MadeByGoogle"
"57048619559207282_6246931101","reel",2025-07-09 17:00:00,595,16,"#MadeByGoogle"
"92583284922441809_3136657767","carousel",2025-07-22 07:00:00,119,3,"#MadeByGoogle"
"84294361853444560_6520050687","image",2025-07-23 12:00:00,191,6,"#MadeByGoogle"
"80996951398376794_3235655286","reel",2025-07-14 21:00:00,185,9,"#MadeByGoogle"
"56477291608200847_9193107744","image",2025-08-10 08:00:00,602,23,"#MadeByGoogle"
"16018382371394157_2213019548","carousel",2025-07-01 08:00:00,32,1,"#MadeByGoogle"
"00838092331672429_3529122514","carousel",2025-06-27 20:00:00,949,35,"#MadeByGoogle"
"11599929285840039_3460337306","image",2025-06-27 15:00:00,98,3,"#MadeByGoogle"
"33952354575831868_6478179219","image",2025-07-10 23:00:00,107,4,"#MadeByGoogle"
"65622515580787027_0153894236","image",2025-06-25 19:00:00,99,2,"#MadeByGoogle"
"35646721942307811_8144661739","reel",2025-08-21 11:00:00,35,1,"#MadeByGoogle"
"20508358577213631_0796187396","carousel",2025-07-02 06:00:00,180,5,"#MadeByGoogle"
"43961759432550506_3974326917","carousel",2025-08-05 17:00:00,127,4,"#MadeByGoogle"
"32575882981940980_3231726395","image",2025-08-07 06:00:00,543,21,"#MadeByGoogle"
"42722454516581268_8148369412","image",2025-08-20 20:00:00,233,3,"#MadeByGoogle"
"64598288475233617_4989941079","reel",2025-07-29 10:00:00,342,14,"#MadeByGoogle"
"50904426615844917_1998918386","image",2025-07-02 08:00:00,176,0,"#MadeByGoogle"
"87926857304594446_6116681798","carousel",2025-06-27 08:00:00,929,30,"#MadeByGoogle"
"30432561918054962_1305195047","reel",2025-08-17 23:00:00,70,4,"#MadeByGoogle"
"01510437506358410_4403374667","image",2025-06-29 10:00:00,209,5,"#MadeByGoogle"
"98597555465047996_9103607510","image",2025-08-13 22:00:00,453,11,"#MadeByGoogle"
"49858512641787388_4161103268","carousel",2025-07-14 11:00:00,133,2,"#MadeByGoogle"
"52083240664989951_7380081962","reel",2025-08-19 18:00:00,832,23,"#MadeByGoogle"
"36120047769377935_1082423156","image",2025-07-22 20:00:00,753,30,"#MadeByGoogle"
"83440042099643672_3409831514","reel",2025-08-10,114,3,"#MadeByGoogle"
"90420974978637347_0989610826","reel",2025-08-11 16:00:00,95,3,"#MadeByGoogle"
"49079878343981469_5403316206","reel",2025-07-15 04:00:00,390,15,"#MadeByGoogle"
"97097915455257959_6240562395","carousel",2025-09-15 21:00:00,137,7,"#MadeByGoogle"
"30619726863705433_7150390496","reel",2025-07-18 15:00:00,369,10,"#MadeByGoogle"
"04766837332240768_7339944609","reel",2025-08-10 03:00:00,37,1,"#MadeByGoogle"
"46313232725354378_1279316159","carousel",2025-07-28 06:00:00,451,8,"#MadeByGoogle"
"65290569082399194_9590648489","reel",2025-08-03 20:00:00,634,13,"#MadeByGoogle"
"99342241718555976_2106676453","image",2025-06-23 15:00:00,77,4,"#MadeByGoogle"
"85952517504207150_7111415185","carousel",2025-06-30,336,6,"#MadeByGoogle"
"95960120639711409_7990276922","carousel",2025-08-07 23:00:00,0,5,"#MadeByGoogle"
"38804407885051301_3700265385","image",2025-07-16 23:00:00,98,5,"#MadeByGoogle"
"47264637883731431_5429013095","carousel",2025-08-07 04:00:00,156,0,"#MadeByGoogle"
"16429660623285977_9140443645","reel",2025-08-08 18:00:00,115,1,"#MadeByGoogle"
"05382305216579182_8372283915","carousel",2025-08-02 05:00:00,296,10,"#MadeByGoogle"
"22164259736863018_5925649506","reel",2025-07-12 18:00:00,216,8,"#MadeByGoogle"
"52120989508543603_2617241902","image",2025-07-29,86,2,"#MadeByGoogle"
"76496388086568494_1783397448","image",2025-07-14 12:00:00,238,10,"#MadeByGoogle"
"19962892074891352_2025601191","image",2025-06-30 01:00:00,213,7,"#MadeByGoogle"
"60505036434451442_7532617254","image",2025-08-10 17:00:00,58,2,"#MadeByGoogle"
"80830267731895715_7510964794","carousel",2025-06-26 21:00:00,333,17,"#MadeByGoogle"
"59941938816962763_7738311538","image",2025-07-04 22:00:00,346,8,"#MadeByGoogle"
"01183231861603838_3150188632","reel",2025-08-07 21:00:00,453,17,"#MadeByGoogle"
"06721500375154116_5857083608","image",2025-07-18 15:00:00,169,4,"#MadeByGoogle"
"49222828659734615_0235144378","image",2025-07-15 22:00:00,316,8,"#MadeByGoogle"
"80507386307581886_0395974265","carousel",2025-07-01 21:00:00,211,6,"#MadeByGoogle"
"09965910512646307_9498841931","carousel",2025-08-24 18:00:00,248,7,"#MadeByGoogle"
"32178633464263304_9715004772","image",2025-07-05 04:00:00,483,14,"#MadeByGoogle"
"43324372422689522_2810423968","carousel",2025-08-11,265,5,"#MadeByGoogle"
"14460599840227687_9650931697","image",2025-08-04 03:00:00,242,8,"#MadeByGoogle"
"69846842408574856_3093734639","reel",2025-07-05 22:00:00,95,3,"#MadeByGoogle"
"76530902537338349_0264323396","reel",2025-07-10 05:00:00,369,6,"#MadeByGoogle"
"81907581069619615_0582826496","image",2025-08-29 12:00:00,126,6,"#MadeByGoogle"
"03881098590201524_6549478078","carousel",2025-09-10 04:00:00,306,8,"#MadeByGoogle"
"04533820677035314_7289701741","reel",2025-08-20 10:00:00,324,9,"#MadeByGoogle"
"74987387841038287_0520349419","carousel",2025-07-02 06:00:00,698,16,"#MadeByGoogle"
"33766768787629281_3936264493","carousel",2025-07-11,91,2,"#MadeByGoogle"
"71705843093609772_4909035625","carousel",2025-09-08 19:00:00,290,13,"#MadeByGoogle"
"99438648480556193_0629470718","reel",2025-08-31 11:00:00,61,1,"#MadeByGoogle"
"15015011699394738_9964980870","reel",2025-06-24 17:00:00,165,5,"#MadeByGoogle"
"29501849444652851_0519797864","image",2025-08-20 23:00:00,128,3,"#MadeByGoogle"
"91479420454634333_4721568371","image",2025-07-31 09:00:00,43,3,"#MadeByGoogle"
"82006823330022562_1338020312","image",2025-08-06 04:00:00,74,0,"#MadeByGoogle"
"62776818917053908_9557350661","image",2025-08-19 12:00:00,92,2,"#MadeByGoogle"
"10597536149195865_5345424275","image",2025-08-29 19:00:00,275,10,"#MadeByGoogle"
"67504313828433415_7153810554","reel",2025-08-07 19:00:00,223,9,"#MadeByGoogle"
"64556083538951721_0738900704","reel",2025-07-15 11:00:00,403,8,"#MadeByGoogle"
"74227368524522839_8066131986","image",2025-08-15 01:00:00,156,2,"#MadeByGoogle"
"40379219955991658_0652789956","carousel",2025-08-25 02:00:00,876,27,"#MadeByGoogle"
"82268028705719256_0099650315","image",2025-06-24 08:00:00,354,14,"#MadeByGoogle"
"58030435759205633_9308022040","carousel",2025-07-01 15:00:00,700,22,"#MadeByGoogle"
"94427508114771791_1904778648","image",2025-06-30 21:00:00,166,3,"#MadeByGoogle"
"33118473653923733_7845852958","carousel",2025-08-20 23:00:00,287,15,"#MadeByGoogle"
"24913134955746386_2247356155","reel",2025-07-04 15:00:00,108,3,"#MadeByGoogle"
"10891324002868548_0168912869","reel",2025-09-16 02:00:00,121,2,"#MadeByGoogle"
"21692919374652720_7294954083","reel",2025-07-29,395,0,"#MadeByGoogle"
"23289704372029098_2658944395","reel",2025-09-01 03:00:00,583,16,"#MadeByGoogle"
"57198044636365264_6138854841","carousel",2025-08-21 18:00:00,74,3,"#MadeByGoogle"
"34421844072757373_9707741289","reel",2025-08-05 12:00:00,296,8,"#MadeByGoogle"
"13017743945350216_1622425213","image",2025-07-06 20:00:00,134,13,"#MadeByGoogle"
"41720337048310608_9923196481","image",2025-08-07 09:00:00,100,3,"#MadeByGoogle"
"54497846366257516_4888693061","reel",2025-06-28 09:00:00,483,11,"#MadeByGoogle"
"68280511173267354_3428000278","carousel",2025-07-01 18:00:00,602,15,"#MadeByGoogle"
"10262597244443194_0064504850","carousel",2025-07-04 21:00:00,464,15,"#MadeByGoogle"
"17413133835624435_1427147866","reel",2025-07-06 13:00:00,162,3,"#MadeByGoogle"
"42500631779204039_6223438779","image",2025-07-18 01:00:00,279,4,"#MadeByGoogle"
"09883285787104595_6946814874","image",2025-07-07 16:00:00,60,4,"#MadeByGoogle"
"78129200705841154_6094689021","carousel",2025-07-04 19:00:00,301,11,"#MadeByGoogle"
"40323005731861664_7863855203","reel",2025-07-18 13:00:00,272,8,"#MadeByGoogle"
"81672038091585179_6227766230","reel",2025-08-11 10:00:00,177,8,"#MadeByGoogle"
"00481747988034890_5855464558","reel",2025-07-18 05:00:00,203,0,"#MadeByGoogle"
"26704210354910908_5911586443","carousel",2025-07-16 20:00:00,316,7,"#MadeByGoogle"
"82222595081356777_6422010797","reel",2025-07-31 22:00:00,202,6,"#MadeByGoogle"
"16041141182939845_2233034125","image",2025-07-03 17:00:00,284,9,"#MadeByGoogle"
"85892892408846516_2005196518","carousel",2025-08-12 04:00:00,324,12,"#MadeByGoogle"
"78166716290105874_7728672632","reel",2025-06-29 04:00:00,50,1,"#MadeByGoogle"
"43064214234486574_0486640898","carousel",2025-07-16 19:00:00,198,4,"#MadeByGoogle"
"46532569745426847_5697314562","image",2025-07-25 23:00:00,164,5,"#MadeByGoogle"
"56448381831827791_9984416763","reel",2025-08-01 13:00:00,224,2,"#MadeByGoogle"
"09605719622676010_7662046379","image",2025-07-17 04:00:00,506,11,"#MadeByGoogle"
"69942112068162815_1744363830","reel",2025-07-15,105,1,"#MadeByGoogle"
"60178863736528475_1295624302","carousel",2025-07-01,703,27,"#MadeByGoogle"
"27477219823029290_1563916029","image",2025-07-28,649,10,"#MadeByGoogle"
"33787197788842915_6024035137","carousel",2025-07-10 15:00:00,704,19,"#MadeByGoogle"
"41976384615820072_6232870934","reel",2025-06-29 18:00:00,60,0,"#MadeByGoogle"
"51875846412481164_3282843098","reel",2025-06-28 01:00:00,192,6,"#MadeByGoogle"
"30331953677888277_4938487621","image",2025-07-01 16:00:00,396,6,"#MadeByGoogle"
"36312284428320427_0536467353","reel",2025-07-07 13:00:00,0,7,"#MadeByGoogle"
"77658706242544576_1259982000","image",2025-06-25 06:00:00,377,7,"#MadeByGoogle"
"58750777500425571_6243405998","image",2025-08-27 04:00:00,361,8,"#MadeByGoogle"
"34614046994636154_8749062086","carousel",2025-07-11 15:00:00,156,10,"#MadeByGoogle"
"24520830514750487_3616597207","image",2025-07-05 12:00:00,32,0,"#MadeByGoogle"
"21737118533615404_1365072538","image",2025-07-05 11:00:00,497,16,"#MadeByGoogle"
"48379371515298314_0026215363","carousel",2025-06-30 16:00:00,165,3,"#MadeByGoogle"
"14645639152308168_9611160046","carousel",2025-06-26 02:00:00,282,8,"#MadeByGoogle"
"77028761063201156_7612826985","carousel",2025-08-01 14:00:00,54,5,"#MadeByGoogle"
"88796673239750483_9230159186","carousel",2025-07-08 08:00:00,646,14,"#MadeByGoogle"
"33480658925583806_5375993477","image",2025-08-27 09:00:00,761,18,"#MadeByGoogle"
"76847940812387206_6299078535","carousel",2025-07-21 03:00:00,113,4,"#MadeByGoogle"
"42893236285403125_4949391576","reel",2025-08-04 10:00:00,136,3,"#MadeByGoogle"
"49918780921949921_4046313974","image",2025-07-31 20:00:00,87,1,"#MadeByGoogle"
"95162495206888166_3711211353","reel",2025-07-11 17:00:00,181,3,"#MadeByGoogle"
"24829365942592461_7283731500","image",2025-08-09 11:00:00,160,4,"#MadeByGoogle"
"22162777423585953_2873588528","image",2025-06-28 23:00:00,738,13,"#MadeByGoogle"
"85180224143345846_0714690800","reel",2025-08-14 11:00:00,71,2,"#MadeByGoogle"
"29998791481907083_2752310421","reel",2025-07-14 22:00:00,244,5,"#MadeByGoogle"
"77277689593284229_1235457321","carousel",2025-07-25 04:00:00,348,10,"#MadeByGoogle"
"74774667386410832_4355324580","carousel",2025-07-12 13:00:00,422,11,"#MadeByGoogle"
"92956511141781120_4517238630","image",2025-07-02 16:00:00,527,13,"#MadeByGoogle"
"39455313939811070_6433967911","carousel",2025-06-29 09:00:00,97,4,"#MadeByGoogle"
"24173438354748626_1450413756","image",2025-06-24 14:00:00,0,4,"#MadeByGoogle"
"04301795203167171_0322090571","reel",2025-07-04 17:00:00,211,8,"#MadeByGoogle"
"17209878956504964_2848448170","reel",2025-08-26 17:00:00,178,6,"#MadeByGoogle"
"91254056051209403_9661939893","carousel",2025-07-13 17:00:00,180,6,"#MadeByGoogle"
"27122682301942270_1512372460","reel",2025-07-13 07:00:00,54,5,"#MadeByGoogle"
"35793816914323668_5462031561","carousel",2025-08-26 05:00:00,208,5,"#MadeByGoogle"
"46654458270511338_0939712821","carousel",2025-07-17 02:00:00,332,13,"#MadeByGoogle"
"22597157603839719_3719165504","carousel",2025-09-13 09:00:00,188,3,"#MadeByGoogle"
"03044627578729429_0755443325","image",2025-06-27 17:00:00,216,6,"#MadeByGoogle"
"50560991222158064_9846950401","image",2025-06-25 06:00:00,20,1,"#MadeByGoogle"
"16180759144765671_3471049636","carousel",2025-07-25 13:00:00,86,2,"#MadeByGoogle"
"42693313083175200_0429774683","carousel",2025-08-05 07:00:00,181,9,"#MadeByGoogle"
"31250849142386420_8456878351","carousel",2025-07-11 23:00:00,61,6,"#MadeByGoogle"
"51156172428674969_7151428644","image",2025-06-22 10:00:00,132,0,"#MadeByGoogle"
"74442762928400474_7896032339","carousel",2025-07-22 22:00:00,46,0,"#MadeByGoogle"
"72068106205223654_1981231092","image",2025-07-29 18:00:00,161,7,"#MadeByGoogle"
"48506871938448565_7632709388","image",2025-07-25 04:00:00,364,14,"#MadeByGoogle"
"87586590311661358_2670933480","image",2025-08-10 05:00:00,124,7,"#MadeByGoogle"
"43100054239453765_4231187374","reel",2025-07-22 22:00:00,246,6,"#MadeByGoogle"
"07864297082459100_0897471350","carousel",2025-06-28 05:00:00,205,0,"#MadeByGoogle"
"23071231399259625_6917521341","image",2025-07-07,56,1,"#MadeByGoogle"
"27805575818163597_5832489207","image",2025-08-03 16:00:00,520,13,"#MadeByGoogle"
"69880136014340184_2422576538","image",2025-07-11 14:00:00,0,8,"#MadeByGoogle"
"56853178080693721_3101467386","image",2025-08-06 23:00:00,172,8,"#MadeByGoogle"
"10277634168524587_7112978843","image",2025-07-09 23:00:00,52,5,"#MadeByGoogle"
"29446340894996014_8680586313","carousel",2025-07-25 13:00:00,755,28,"#MadeByGoogle"
"66609116842673100_4513046383","reel",2025-06-24 16:00:00,870,26,"#MadeByGoogle"
"88858888500187640_1464065494","reel",2025-09-13 21:00:00,139,6,"#MadeByGoogle"
"79614122636941124_2212159902","reel",2025-06-26,558,15,"#MadeByGoogle"
"91113590783271884_4302430801","carousel",2025-07-20,698,19,"#MadeByGoogle"
"04796125426500799_2491644733","image",2025-08-21,38,1,"#MadeByGoogle"
"49723181247824424_8332326588","carousel",2025-07-13 06:00:00,178,5,"#MadeByGoogle"
"75827138839263065_0710526999","carousel",2025-07-26 05:00:00,19,0,"#MadeByGoogle"
"19955913320851192_8610757303","reel",2025-07-16 14:00:00,149,3,"#MadeByGoogle"
"52690230727372685_2365403175","reel",2025-08-01 05:00:00,1054,24,"#MadeByGoogle"
"49582771885694229_4665091584","carousel",2025-08-07 04:00:00,1105,34,"#MadeByGoogle"
"23464287200360222_7739186546","reel",2025-08-02 03:00:00,122,5,"#MadeByGoogle"
"01467188645183017_1139807586","image",2025-06-23 14:00:00,207,7,"#MadeByGoogle"
"79457059686437474_1485685668","image",2025-07-16 21:00:00,363,12,"#MadeByGoogle"
"64620334201907200_0099483736","image",2025-08-01 23:00:00,312,14,"#MadeByGoogle"
"47277392534880989_8076331120","reel",2025-07-27 18:00:00,30,0,"#MadeByGoogle"
"83438868726560707_6050950546","carousel",2025-07-26 02:00:00,610,19,"#MadeByGoogle"
"78292684397780537_7280011408","image",2025-08-05 07:00:00,276,10,"#MadeByGoogle"
"56541200534076298_7034046757","carousel",2025-07-13 21:00:00,462,0,"#MadeByGoogle"
"45449520612644382_5233173483","carousel",2025-08-02 19:00:00,132,1,"#MadeByGoogle"
"71372747074393306_4368274678","reel",2025-07-19 16:00:00,258,0,"#MadeByGoogle"
"54962938426294636_6182716468","image",2025-08-18 22:00:00,249,0,"#MadeByGoogle"
"46072786006163105_0102552989","reel",2025-07-26 16:00:00,153,5,"#MadeByGoogle"
"53931584152979931_8725563832","image",2025-06-25 12:00:00,263,5,"#MadeByGoogle"
"11109200414834715_4158887126","carousel",2025-07-04 09:00:00,458,17,"#MadeByGoogle"
"92141216556598225_2827848139","reel",2025-08-03 17:00:00,261,3,"#MadeByGoogle"
"05619418457671415_8124465862","image",2025-08-02 22:00:00,367,9,"#MadeByGoogle"
"05179554920746456_8384536537","carousel",2025-07-06 22:00:00,239,4,"#MadeByGoogle"
"98170823022775881_2081960803","reel",2025-07-02 08:00:00,206,5,"#MadeByGoogle"
"98960733274940929_3550074351","reel",2025-07-26 15:00:00,824,26,"#MadeByGoogle"
"58852874857711506_0879647570","image",2025-07-24 04:00:00,452,13,"#MadeByGoogle"
"67100829383248324_9863911254","carousel",2025-08-31 13:00:00,21,1,"#MadeByGoogle"
"56436754746540299_1292063874","carousel",2025-08-09 22:00:00,119,2,"#MadeByGoogle"
"20229487650293085_8352180977","reel",2025-06-23 14:00:00,101,3,"#MadeByGoogle"
"59746273345144621_1592425489","image",2025-08-08 21:00:00,298,7,"#MadeByGoogle"
"78410571971749591_8816125322","reel",2025-07-21 22:00:00,177,6,"#MadeByGoogle"
"90281790060934820_7551537004","image",2025-07-13 15:00:00,211,5,"#MadeByGoogle"
"45760048248008204_7272593306","image",2025-08-08 21:00:00,78,5,"#MadeByGoogle"
"26317470267180743_0274922715","image",2025-07-22 03:00:00,459,9,"#MadeByGoogle"
"18077886995846216_1294239227","reel",2025-07-03 01:00:00,356,0,"#MadeByGoogle"
"41756067072160663_6857555366","carousel",2025-08-17 21:00:00,73,3,"#MadeByGoogle"
"59625124375688925_4263552217","image",2025-07-30 02:00:00,173,10,"#MadeByGoogle"
"39494205666297647_3265993264","image",2025-07-14 19:00:00,277,10,"#MadeByGoogle"
"94087644502428997_6051815075","carousel",2025-08-08 05:00:00,330,11,"#MadeByGoogle"
"61625697771320673_9581665592","reel",2025-08-03 18:00:00,89,4,"#MadeByGoogle"
"53117887741636822_5866190107","reel",2025-06-24 10:00:00,195,6,"#MadeByGoogle"
"22844929170968676_8537771500","image",2025-08-14 19:00:00,306,6,"#MadeByGoogle"
"76726764524766635_2738185881","image",2025-06-24 16:00:00,72,0,"#MadeByGoogle"
"21224207545852409_6740231537","image",2025-07-14 05:00:00,125,2,"#MadeByGoogle"
"87522237505699679_6347458074","image",2025-06-24 19:00:00,119,1,"#MadeByGoogle"
"37643247159501540_1293069511","image",2025-09-10 09:00:00,59,1,"#MadeByGoogle"
"31110065562828906_1748270847","image",2025-07-07 21:00:00,948,30,"#MadeByGoogle"
"99701029983789190_9291075637","image",2025-09-17 04:00:00,27,3,"#MadeByGoogle"
"66741438432885879_1444884644","reel",2025-07-11 12:00:00,374,12,"#MadeByGoogle"
"11399920459332272_0030118166","reel",2025-07-08 02:00:00,406,12,"#MadeByGoogle"
"74774704884620314_7336450710","carousel",2025-07-05 20:00:00,273,11,"#MadeByGoogle"
"89488328681613018_2230037756","carousel",2025-07-23 12:00:00,3291,69,"#MadeByGoogle"
"66633744468830550_8649199357","carousel",2025-07-26 16:00:00,276,5,"#MadeByGoogle"
"28642669284694495_8045594200","image",2025-07-02 16:00:00,96,3,"#MadeByGoogle"
"75152288019653561_1651400122","image",2025-07-19 01:00:00,175,8,"#MadeByGoogle"
"10170057761996471_4538553932","image",2025-07-25 14:00:00,313,7,"#MadeByGoogle"
"77274672548082093_0315281986","reel",2025-07-10 23:00:00,234,5,"#MadeByGoogle"
"00187978966433421_7236065344","carousel",2025-06-26 07:00:00,131,5,"#MadeByGoogle"
"18619842552991780_6456487814","image",2025-08-30 23:00:00,91,2,"#MadeByGoogle"
"57160382972330220_1418129044","image",2025-06-27 10:00:00,223,8,"#MadeByGoogle"
"27163077251174783_9218187783","reel",2025-08-13 08:00:00,353,20,"#MadeByGoogle"
"29657662710523638_4848425217","carousel",2025-06-30 15:00:00,805,27,"#MadeByGoogle"
"19101776313219765_2968686153","image",2025-07-27 11:00:00,304,11,"#MadeByGoogle"
"29111758424590495_6246874351","carousel",2025-07-11 22:00:00,389,5,"#MadeByGoogle"
"63160914234818466_1799268467","carousel",2025-07-24 04:00:00,85,3,"#MadeByGoogle"
"12465642638566070_5662848716","carousel",2025-06-29 05:00:00,417,16,"#MadeByGoogle"
"36482483920614826_8272887817","carousel",2025-08-29 16:00:00,140,5,"#MadeByGoogle"
"53214876338756522_5642433283","reel",2025-07-08 02:00:00,183,6,"#MadeByGoogle"
"20686894430947584_5641879506","image",2025-07-07 18:00:00,0,5,"#MadeByGoogle"
"17951578887176288_8171717870","image",2025-07-22 04:00:00,213,4,"#MadeByGoogle"
"93241516045863103_1964881719","image",2025-08-19 21:00:00,358,10,"#MadeByGoogle"
"20722917885657125_1086743646","image",2025-06-24 22:00:00,193,5,"#MadeByGoogle"
"39610012735572779_1613882625","image",2025-07-08 04:00:00,234,5,"#MadeByGoogle"
"34377329383629425_2907234249","image",2025-06-29,47,0,"#MadeByGoogle"
"31121726666008771_9399093031","image",2025-08-31 02:00:00,98,4,"#MadeByGoogle"
"24171370713983913_8623128480","image",2025-06-28 16:00:00,319,3,"#MadeByGoogle"
"51776229718631818_6950476900","reel",2025-06-26 18:00:00,325,9,"#MadeByGoogle"
"16258980245635060_6524887863","carousel",2025-08-10 09:00:00,146,5,"#MadeByGoogle"
"46871200262380663_1325511770","carousel",2025-07-30 17:00:00,241,7,"#MadeByGoogle"
"96850789784813960_4813401289","carousel",2025-07-27 18:00:00,1137,43,"#MadeByGoogle"
"49431200530504449_7627477191","carousel",2025-07-29 06:00:00,130,7,"#MadeByGoogle"
"00507417858504941_8543264631","image",2025-07-16 15:00:00,198,8,"#MadeByGoogle"
"65320436265623466_2311203811","image",2025-07-02 23:00:00,423,13,"#MadeByGoogle"
"52064427842471630_0306715116","image",2025-09-17 16:00:00,278,11,"#MadeByGoogle"
"91863568964367828_1427292650","image",2025-07-18,284,12,"#MadeByGoogle"
"45965952589816919_2989133116","reel",2025-06-26 17:00:00,389,12,"#MadeByGoogle"
"39384782916931008_0921899544","image",2025-07-09 08:00:00,247,7,"#MadeByGoogle"
"09360765274790186_2842967275","carousel",2025-08-19 22:00:00,42,1,"#MadeByGoogle"
"15678185786810502_2535725895","image",2025-06-24 11:00:00,41,2,"#MadeByGoogle"
"92732264924300860_8675001025","image",2025-07-15 08:00:00,185,4,"#MadeByGoogle"
"82741834035397326_8541750070","image",2025-08-13 11:00:00,92,3,"#MadeByGoogle"
"16642975468160977_0446094151","reel",2025-06-28 22:00:00,288,7,"#MadeByGoogle"
"92297426083396841_8318216488","carousel",2025-07-17 11:00:00,314,15,"#MadeByGoogle"
"72267734174958690_8759743728","image",2025-07-18 23:00:00,90,3,"#MadeByGoogle"
"24589434652504011_5264629979","image",2025-07-29 10:00:00,38,1,"#MadeByGoogle"
"52949384057341163_1692941963","image",2025-06-22 13:00:00,107,4,"#MadeByGoogle"
"18947806940108339_7919749740","carousel",2025-07-08 10:00:00,512,10,"#MadeByGoogle"
"35113005632353152_0192262970","carousel",2025-07-11 16:00:00,73,3,"#MadeByGoogle"
"30472982115024476_2153928399","reel",2025-09-18 04:00:00,64,4,"#MadeByGoogle"
"46114981643876597_6850249083","reel",2025-08-30 17:00:00,101,2,"#MadeByGoogle"
"64119952592517606_3200949252","image",2025-09-06 11:00:00,761,26,"#MadeByGoogle"
"49400801591007504_5705752502","carousel",2025-07-13 14:00:00,0,4,"#MadeByGoogle"
"24070809744787306_2600814712","image",2025-07-27 02:00:00,597,16,"#MadeByGoogle"
"17015865425556594_2277301790","reel",2025-08-19 05:00:00,253,2,"#MadeByGoogle"
"31262110229526945_9263237971","image",2025-07-24 07:00:00,88,2,"#MadeByGoogle"
"77444666792403308_4014416260","reel",2025-07-04 01:00:00,218,6,"#MadeByGoogle"
"84801608916957783_5565677292","reel",2025-09-16 09:00:00,76,0,"#MadeByGoogle"
"41947978777228215_3561490153","carousel",2025-08-11 11:00:00,484,9,"#MadeByGoogle"
"16563674595522384_6102862504","image",2025-07-16 09:00:00,425,8,"#MadeByGoogle"
"91703441640249751_2327097328","image",2025-08-18 10:00:00,715,17,"#MadeByGoogle"
"66013768787122260_1742770287","image",2025-06-28 15:00:00,51,2,"#MadeByGoogle"
"36571298315507942_9139438026","image",2025-07-23 16:00:00,294,8,"#MadeByGoogle"
"02799794796417469_8773829834","carousel",2025-07-15 15:00:00,89,0,"#MadeByGoogle"
"02185989852700186_1283704125","image",2025-07-18 16:00:00,25,0,"#MadeByGoogle"
"73588324049407080_4129736483","image",2025-08-14 10:00:00,77,2,"#MadeByGoogle"
"30442343569930640_9583263663","image",2025-08-01 19:00:00,0,0,"#MadeByGoogle"
"30929727131975176_6896187769","carousel",2025-07-23 16:00:00,132,1,"#MadeByGoogle"
"96226953829771230_0115284593","carousel",2025-07-09 19:00:00,402,12,"#MadeByGoogle"
"78100339439712885_8860196450","reel",2025-06-25 01:00:00,128,4,"#MadeByGoogle"
"81875052677259735_0533061875","image",2025-06-26 11:00:00,1268,40,"#MadeByGoogle"
"53907121747597409_8679432454","image",2025-07-13 07:00:00,784,28,"#MadeByGoogle"
"03543382081980783_1932363007","carousel",2025-08-07 19:00:00,776,26,"#MadeByGoogle"
"37789336983852423_0115254376","image",2025-07-15 01:00:00,278,6,"#MadeByGoogle"
"56583497250890473_5275413264","image",2025-08-04 19:00:00,63,2,"#MadeByGoogle"
"24327605232857740_3132833422","reel",2025-06-29 19:00:00,32,0,"#MadeByGoogle"
"85253811600009556_7332347071","reel",2025-07-03 10:00:00,317,7,"#MadeByGoogle"
"60901085282831242_8141951205","reel",2025-08-24 15:00:00,148,8,"#MadeByGoogle"
"20416163705438014_6555707442","carousel",2025-07-31 08:00:00,516,19,"#MadeByGoogle"
"95771515735712276_3317562052","carousel",2025-06-25 07:00:00,31,1,"#MadeByGoogle"
"53394014820055141_2745774609","image",2025-07-14 11:00:00,85,3,"#MadeByGoogle"
"43838196893874611_3280884394","carousel",2025-06-22 16:00:00,535,13,"#MadeByGoogle"
"38377404773522597_4917249672","carousel",2025-06-29 19:00:00,824,25,"#MadeByGoogle"
"82698713651194469_4523362147","carousel",2025-06-28 14:00:00,516,15,"#MadeByGoogle"
"98196837682157150_5599315485","image",2025-07-31 20:00:00,1333,45,"#MadeByGoogle"
"71826437770403480_0942817052","reel",2025-07-02 13:00:00,1027,41,"#MadeByGoogle"
"53973678485404259_3048239323","carousel",2025-06-23 18:00:00,441,14,"#MadeByGoogle"
"04756017908508673_3955165292","reel",2025-08-28 13:00:00,35,1,"#MadeByGoogle"
"73789213533227020_7438671378","image",2025-06-25 12:00:00,167,6,"#MadeByGoogle"
"89903171844269010_3237225973","reel",2025-07-31 08:00:00,298,6,"#MadeByGoogle"
"96180430930471027_3979212497","reel",2025-08-09 10:00:00,242,6,"#MadeByGoogle"
"16715362312923802_3383587796","reel",2025-07-14 14:00:00,219,2,"#MadeByGoogle"
"35947380090096969_6154909660","reel",2025-08-14 11:00:00,96,3,"#MadeByGoogle"
"00722611469377285_2592373663","reel",2025-07-21 17:00:00,49,0,"#MadeByGoogle"
"06552105021745976_1592134033","reel",2025-07-16 20:00:00,159,2,"#MadeByGoogle"
"77848448697629662_4627216761","reel",2025-06-28 15:00:00,95,5,"#MadeByGoogle"
"12489253392956641_4405977459","reel",2025-07-17 21:00:00,0,12,"#MadeByGoogle"
"51973939527927098_4646071572","image",2025-08-07 17:00:00,347,11,"#MadeByGoogle"
"07814181097104975_0101263970","image",2025-07-26 03:00:00,47,1,"#MadeByGoogle"
"68461754409689144_9152874045","image",2025-07-10 10:00:00,37,1,"#MadeByGoogle"
"62632864266573406_8118108984","image",2025-06-27 06:00:00,93,3,"#MadeByGoogle"
"35840165029246470_4735373152","carousel",2025-07-05 06:00:00,60,5,"#MadeByGoogle"
"74288039566987003_2913179699","carousel",2025-08-24 17:00:00,242,2,"#MadeByGoogle"
"72192972578389689_6318580586","reel",2025-06-23 21:00:00,61,2,"#MadeByGoogle"
"01361325324333060_5066493970","reel",2025-09-11 21:00:00,68,3,"#MadeByGoogle"
"58325015321503796_6190108541","carousel",2025-06-28 22:00:00,168,10,"#MadeByGoogle"
"16207080094271253_3863019068","reel",2025-07-08 03:00:00,114,4,"#MadeByGoogle"
"34233503848607866_4097078466","carousel",2025-07-02 09:00:00,744,26,"#MadeByGoogle"
"54262884450566004_5797077828","image",2025-08-21 22:00:00,133,7,"#MadeByGoogle"
"49410886921104767_9964105828","image",2025-06-24 10:00:00,229,8,"#MadeByGoogle"
"57135256040983798_0545393696","reel",2025-07-11 21:00:00,88,0,"#MadeByGoogle"
"66761771053166750_1025836595","image",2025-07-27,176,8,"#MadeByGoogle"
"69605878384481055_3358545957","carousel",2025-08-25 04:00:00,155,2,"#MadeByGoogle"
"00216705863436949_0625149563","carousel",2025-08-28 11:00:00,537,12,"#MadeByGoogle"
"38758589218752429_3723992888","image",2025-08-25 16:00:00,48,0,"#MadeByGoogle"
"75323101444662840_9651479315","image",2025-07-07 18:00:00,35,0,"#MadeByGoogle"
"14518248653562261_0210212931","reel",2025-07-19 08:00:00,37,0,"#MadeByGoogle"
"01208360250733049_0809258058","image",2025-08-07 12:00:00,138,3,"#MadeByGoogle"
"90656110491133371_4842418615","carousel",2025-07-23 08:00:00,48,0,"#MadeByGoogle"
"62191836600203177_4822241857","carousel",2025-08-24 12:00:00,223,9,"#MadeByGoogle"
"41977020052575477_9544250247","reel",2025-07-02 22:00:00,127,3,"#MadeByGoogle"
"23297018171386724_9894341631","reel",2025-08-05 11:00:00,0,10,"#MadeByGoogle"
"90404911132213034_2283047793","reel",2025-06-22 12:00:00,1338,38,"#MadeByGoogle"
"66162767643801404_6283154754","carousel",2025-08-26 03:00:00,531,9,"#MadeByGoogle"
"61137300679713733_5812750550","image",2025-08-30 12:00:00,1777,42,"#MadeByGoogle"
"79386968857414357_2680325824","carousel",2025-09-18 21:00:00,268,6,"#MadeByGoogle"
"81295034227563501_4379193913","image",2025-07-31 15:00:00,116,5,"#MadeByGoogle"
"02406987285602191_5756979882","image",2025-07-18 04:00:00,156,6,"#MadeByGoogle"
"70139773187962888_1494126913","carousel",2025-07-07 06:00:00,431,16,"#MadeByGoogle"
"57069197723982295_9138970450","image",2025-06-23 03:00:00,215,5,"#MadeByGoogle"
"51301784151837270_8161189238","carousel",2025-08-28 17:00:00,1067,28,"#MadeByGoogle"
"59729217537599742_6369356925","image",2025-08-19 22:00:00,15,0,"#MadeByGoogle"
"93356221742380040_6439801312","reel",2025-07-17 13:00:00,248,1,"#MadeByGoogle"
"84372311145463277_8359909759","image",2025-07-04 01:00:00,0,1,"#MadeByGoogle"
"15201330156408497_6951860377","image",2025-09-05 14:00:00,117,5,"#MadeByGoogle"
"58102341451109912_0644370353","reel",2025-07-04 19:00:00,55,3,"#MadeByGoogle"
"19942027618483663_7448945435","reel",2025-08-07 13:00:00,268,9,"#MadeByGoogle"
"53307684728767669_8524399547","carousel",2025-08-25 20:00:00,308,9,"#MadeByGoogle"
"91120663018793920_0608608988","reel",2025-07-22 03:00:00,89,0,"#MadeByGoogle"
"16208757216080480_3829084289","carousel",2025-07-29 19:00:00,1071,36,"#MadeByGoogle"
"91588102228517314_3270510126","image",2025-07-21 01:00:00,743,17,"#MadeByGoogle"
"58003786093394727_2143717893","reel",2025-07-14,323,6,"#MadeByGoogle"
"37418905150575707_6902730008","reel",2025-06-23 03:00:00,177,5,"#MadeByGoogle"
"15210439353820516_3000388916","carousel",2025-09-10 04:00:00,186,3,"#MadeByGoogle"
"52921673024163824_1872538435","reel",2025-08-10 16:00:00,116,0,"#MadeByGoogle"
"45300310509667240_1074893097","image",2025-08-21 14:00:00,597,23,"#MadeByGoogle"
"57594907538353136_6462281953","carousel",2025-08-12 22:00:00,84,3,"#MadeByGoogle"
"41882928068488882_1513114248","carousel",2025-07-03 21:00:00,405,6,"#MadeByGoogle"
"17671701502260247_9758204067","reel",2025-08-10 10:00:00,143,5,"#MadeByGoogle"
"20935836063496310_8902584352","carousel",2025-07-31 02:00:00,495,0,"#MadeByGoogle"
"26781064611903351_4228271856","reel",2025-07-09 01:00:00,199,8,"#MadeByGoogle"
"27691808713028450_6601488706","reel",2025-08-03 12:00:00,25,0,"#MadeByGoogle"
"07360568542705272_5576989706","image",2025-08-24 15:00:00,523,12,"#MadeByGoogle"
"07477850127676166_1466798858","image",2025-07-01 18:00:00,212,6,"#MadeByGoogle"
"95637773183138460_3193335936","carousel",2025-08-05 20:00:00,491,14,"#MadeByGoogle"
"94977139678767845_6498376849","image",2025-06-25 12:00:00,310,10,"#MadeByGoogle"
"96898077834090128_0929652396","carousel",2025-07-24 19:00:00,265,7,"#MadeByGoogle"
"53545044124038678_6868541933","carousel",2025-07-03 16:00:00,305,8,"#MadeByGoogle"
"46677473660446784_7340621525","image",2025-07-21 09:00:00,125,3,"#MadeByGoogle"
"29919832231933704_0252979327","carousel",2025-07-09 22:00:00,57,0,"#MadeByGoogle"
"51108513922427942_8388363517","reel",2025-07-18 21:00:00,236,13,"#MadeByGoogle"
"13872479694349016_9919842151","carousel",2025-08-15 21:00:00,285,5,"#MadeByGoogle"
"85060237122952883_5303273034","image",2025-07-01 17:00:00,294,6,"#MadeByGoogle"
"53494902314125832_0211376345","image",2025-08-08 05:00:00,290,6,"#MadeByGoogle"
"64924075503000839_4732349693","image",2025-07-03 11:00:00,324,14,"#MadeByGoogle"
"18840064979833740_1767334732","image",2025-07-14 10:00:00,158,5,"#MadeByGoogle"
"43017920176393800_5494681802","image",2025-07-28 12:00:00,93,2,"#MadeByGoogle"
"47977140919760269_2735373790","carousel",2025-07-02 12:00:00,143,5,"#MadeByGoogle"
"86999133326880799_9372926223","image",2025-07-12 21:00:00,207,9,"#MadeByGoogle"
"45615133205632976_8342231397","reel",2025-08-10 02:00:00,313,6,"#MadeByGoogle"
"02339001319093716_6519545776","carousel",2025-07-18 12:00:00,77,2,"#MadeByGoogle"
"51217118146375301_9152611954","image",2025-07-12 21:00:00,122,3,"#MadeByGoogle"
"63017611594889166_7021875359","carousel",2025-06-28 08:00:00,174,9,"#MadeByGoogle"
"42228074432198476_4283588218","image",2025-06-26 12:00:00,106,2,"#MadeByGoogle"
"55965138605293861_2538772003","image",2025-07-05 09:00:00,166,3,"#MadeByGoogle"
"86966372542168667_5350158017","image",2025-08-13 13:00:00,394,11,"#MadeByGoogle"
"84739459663939140_2667552754","image",2025-08-18 04:00:00,176,8,"#MadeByGoogle"
"14821707651903553_0842586658","reel",2025-08-08 01:00:00,684,17,"#MadeByGoogle"
"97093364912959232_3522816787","reel",2025-06-30 01:00:00,940,30,"#MadeByGoogle"
"54699286950162529_9856372692","carousel",2025-07-11 15:00:00,1213,48,"#MadeByGoogle"
"29437109923212499_2850334856","carousel",2025-07-16 09:00:00,158,5,"#MadeByGoogle"
"02853841742551275_0989611597","image",2025-08-17 15:00:00,467,9,"#MadeByGoogle"
"49398951900833652_6114302686","reel",2025-07-01 20:00:00,1524,47,"#MadeByGoogle"
"22567955147919666_5361751366","carousel",2025-07-06 13:00:00,250,4,"#MadeByGoogle"
"77775705780562098_2427009784","image",2025-07-04 19:00:00,128,3,"#MadeByGoogle"
"37761973414586242_5048101464","reel",2025-07-15 22:00:00,1400,35,"#MadeByGoogle"
"62355605837557641_9459715254","image",2025-07-14,435,14,"#MadeByGoogle"
"45889636662079355_0624461748","image",2025-08-08 07:00:00,191,3,"#MadeByGoogle"
"43694985983647636_5039622539","carousel",2025-07-04 19:00:00,160,4,"#MadeByGoogle"
"30418719053446398_6292764803","reel",2025-07-20 17:00:00,364,9,"#MadeByGoogle"
"28706511884321422_6862929524","image",2025-07-07 18:00:00,116,4,"#MadeByGoogle"
"67287927886853527_5473634906","image",2025-07-10 10:00:00,129,3,"#MadeByGoogle"
"73330370338848640_0754263662","image",2025-07-30 12:00:00,231,8,"#MadeByGoogle"
"77460013158225772_5644414440","reel",2025-08-14 05:00:00,81,2,"#MadeByGoogle"
"41887236647534622_0294747161","reel",2025-07-11,633,18,"#MadeByGoogle"
"78090813139073661_8875257098","image",2025-08-07 01:00:00,226,8,"#MadeByGoogle"
"62136535527581684_5397988590","reel",2025-07-06 21:00:00,1170,44,"#MadeByGoogle"
"21688877292992386_1586937396","image",2025-07-06 09:00:00,409,10,"#MadeByGoogle"
"74619773185231711_0644266031","carousel",2025-08-01 03:00:00,93,1,"#MadeByGoogle"
"99459180484832871_9435223214","image",2025-08-28 23:00:00,74,1,"#MadeByGoogle"
"51283827257009865_8168847581","carousel",2025-07-04 11:00:00,73,2,"#MadeByGoogle"
"75557584911175510_4866683323","carousel",2025-06-29 14:00:00,102,4,"#MadeByGoogle"
"97797299300947704_8710453299","reel",2025-09-05 17:00:00,28,1,"#MadeByGoogle"
"06432236561675884_9928850863","image",2025-07-02 01:00:00,198,7,"#MadeByGoogle"
"91040603891264862_2041440920","image",2025-07-05 22:00:00,363,16,"#MadeByGoogle"
"79276836330376040_2600843090","image",2025-06-30 12:00:00,423,6,"#MadeByGoogle"
"11982051294713785_6451914180","image",2025-06-30 04:00:00,145,5,"#MadeByGoogle"
"31056429798869537_5743169330","reel",2025-06-28 18:00:00,155,5,"#MadeByGoogle"
"10014808568123916_2762563617","reel",2025-07-01 05:00:00,228,8,"#MadeByGoogle"
"90953093283000072_0983820012","image",2025-08-13 04:00:00,184,3,"#MadeByGoogle"
"25515083466160197_9899289998","image",2025-07-06,171,5,"#MadeByGoogle"
"53312921184118258_1504431944","image",2025-07-01 05:00:00,57,2,"#MadeByGoogle"
"74059779379204108_5521746081","carousel",2025-07-19 02:00:00,294,0,"#MadeByGoogle"
"12546172923083845_9013942815","image",2025-08-04 06:00:00,500,26,"#MadeByGoogle"
"46500682854607696_4946771154","carousel",2025-07-12 11:00:00,862,0,"#MadeByGoogle"
"38114660715927361_8328932091","reel",2025-08-06 03:00:00,64,3,"#MadeByGoogle"
"20064096667025033_7300927145","carousel",2025-07-12 06:00:00,1594,52,"#MadeByGoogle"
"40822093096064334_8527641550","image",2025-08-23 21:00:00,130,4,"#MadeByGoogle"
"19673655288827696_4045696783","reel",2025-08-09 03:00:00,152,5,"#MadeByGoogle"
"58628090109922134_1474461424","image",2025-07-21 15:00:00,147,9,"#MadeByGoogle"
"32598557415803348_7695342351","carousel",2025-07-14 03:00:00,509,17,"#MadeByGoogle"
"04599247864485328_9975902093","image",2025-07-17 04:00:00,222,5,"#MadeByGoogle"
"30064781637894416_4123190613","reel",2025-07-03 19:00:00,257,10,"#MadeByGoogle"
"71543147410561928_8663500392","image",2025-07-15 10:00:00,281,4,"#MadeByGoogle"
"65907194192182389_3139251573","carousel",2025-08-22 20:00:00,78,0,"#MadeByGoogle"
"68078921914106523_0697709893","carousel",2025-07-09 13:00:00,334,14,"#MadeByGoogle"
"47173568861719354_9765001408","image",2025-06-22 02:00:00,94,5,"#MadeByGoogle"
"97184396262251277_5188738222","carousel",2025-07-08 03:00:00,440,16,"#MadeByGoogle"
"59673364879889607_3373430497","reel",2025-07-05 15:00:00,217,11,"#MadeByGoogle"
"80156778846515516_0846753692","carousel",2025-08-08 08:00:00,30,1,"#MadeByGoogle"
"46007454775335200_7873977877","carousel",2025-07-03 06:00:00,1308,48,"#MadeByGoogle"
"61781233134849602_4373489070","reel",2025-08-19 04:00:00,89,1,"#MadeByGoogle"
"09756047453884393_6901943879","image",2025-07-08,72,1,"#MadeByGoogle"
"80216248103862856_9239601768","carousel",2025-08-18 04:00:00,848,35,"#MadeByGoogle"
"92208293061617377_0903680628","image",2025-08-10 19:00:00,249,10,"#MadeByGoogle"
"88810722031841349_4583577224","image",2025-07-11 18:00:00,305,8,"#MadeByGoogle"
"27141398793437822_4141747594","image",2025-07-05 09:00:00,200,10,"#MadeByGoogle"
"18782605913711552_7959114573","reel",2025-08-04 04:00:00,1022,30,"#MadeByGoogle"
"09264062861855232_5330804882","carousel",2025-08-05,56,0,"#MadeByGoogle"
"76086652195008855_7578616584","reel",2025-07-06 18:00:00,1584,48,"#MadeByGoogle"
"87738085893854868_6421564714","reel",2025-08-08 18:00:00,163,1,"#MadeByGoogle"
"45302781476216041_1807798740","image",2025-07-11 01:00:00,696,24,"#MadeByGoogle"
"95026292014688666_9497344522","image",2025-08-06 20:00:00,115,2,"#MadeByGoogle"
"56351508523279901_0126423562","image",2025-07-10 13:00:00,24,1,"#MadeByGoogle"
"74771441483214042_3512944802","image",2025-07-05 02:00:00,303,10,"#MadeByGoogle"
"00253387229825046_5392688803","carousel",2025-06-30 07:00:00,168,7,"#MadeByGoogle"
"51888665222370596_6326763119","image",2025-09-18 15:00:00,434,6,"#MadeByGoogle"
"93973867434055284_0541891196","carousel",2025-06-25 18:00:00,289,10,"#MadeByGoogle"
"53903918957686864_6750485830","reel",2025-07-27 07:00:00,184,8,"#MadeByGoogle"
"75440333529243717_8747626224","image",2025-09-08 19:00:00,0,14,"#MadeByGoogle"
"14564117976667075_0836610329","image",2025-06-22 18:00:00,196,2,"#MadeByGoogle"
"24597164152998388_3103496228","carousel",2025-08-14 03:00:00,867,28,"#MadeByGoogle"
"65798345121094631_1539079085","reel",2025-08-05 07:00:00,782,23,"#MadeByGoogle"
"34006075439224365_9282853649","image",2025-09-03,0,7,"#MadeByGoogle"
"21884925788974114_8912335359","image",2025-07-12 23:00:00,113,5,"#MadeByGoogle"
"12878209698985497_5655432863","carousel",2025-07-03,104,4,"#MadeByGoogle"
"22968434249113421_3111574447","carousel",2025-09-10,501,18,"#MadeByGoogle"
"67913942990498608_1058946983","image",2025-07-04 15:00:00,487,16,"#MadeByGoogle"
"87150988702645606_4641698887","image",2025-08-23 08:00:00,61,1,"#MadeByGoogle"
"26158894605985675_2060778557","reel",2025-08-15 05:00:00,46,0,"#MadeByGoogle"
"93850140453297277_0750861288","carousel",2025-07-13 06:00:00,395,12,"#MadeByGoogle"
"64818340048037369_0306414244","image",2025-07-04 06:00:00,435,21,"#MadeByGoogle"
"30238129614525735_0448881972","reel",2025-06-23 16:00:00,228,7,"#MadeByGoogle"
"03770967399797614_2203808498","image",2025-08-06 17:00:00,64,5,"#MadeByGoogle"
"75169509013932198_8005741744","image",2025-07-11 18:00:00,304,4,"#MadeByGoogle"
"43371839854975924_4954066125","image",2025-08-15 10:00:00,679,23,"#MadeByGoogle"
"20231361553459037_8028467179","image",2025-06-28 12:00:00,120,5,"#MadeByGoogle"
"88390572510101730_9987855641","image",2025-07-04 02:00:00,204,2,"#MadeByGoogle"
"42790056477901377_9537190989","carousel",2025-08-24 14:00:00,180,4,"#MadeByGoogle"
"31087137525611840_6364813801","reel",2025-08-28 16:00:00,226,3,"#MadeByGoogle"
"35942792924615370_6268608839","image",2025-06-23 14:00:00,660,21,"#MadeByGoogle"
"32008088507395716_4994215053","carousel",2025-08-04 11:00:00,2349,84,"#MadeByGoogle"
"11094163716610783_2363872839","image",2025-06-30 18:00:00,198,8,"#MadeByGoogle"
"59623668703606576_0932187086","reel",2025-07-07 07:00:00,102,0,"#MadeByGoogle"
"48188305422979660_6302308259","reel",2025-07-30 03:00:00,81,2,"#MadeByGoogle"
"75097730785576374_1880806706","image",2025-07-08 06:00:00,95,1,"#MadeByGoogle"
"27210196079280281_3510496676","image",2025-09-06 11:00:00,198,5,"#MadeByGoogle"
"12110573575879401_9199688159","reel",2025-07-02 20:00:00,72,3,"#MadeByGoogle"
"00953113269342005_9142973936","carousel",2025-07-01 20:00:00,211,6,"#MadeByGoogle"
"99239584836406248_2162213304","reel",2025-08-03 01:00:00,436,14,"#MadeByGoogle"
"59414571998943964_9238653197","carousel",2025-08-09 11:00:00,457,11,"#MadeByGoogle"
"87852688783241430_9444913642","carousel",2025-06-22 15:00:00,200,0,"#MadeByGoogle"
"74383598039415994_3450048821","carousel",2025-06-30 21:00:00,1456,42,"#MadeByGoogle"
"62881722324710384_5818231481","carousel",2025-07-26 17:00:00,205,5,"#MadeByGoogle"
"54022055954887672_7879191810","reel",2025-07-04 07:00:00,217,6,"#MadeByGoogle"
"23961222051271264_8958739343","image",2025-09-03 06:00:00,62,3,"#MadeByGoogle"
"87450250871767860_6825807641","reel",2025-08-23 04:00:00,225,3,"#MadeByGoogle"
"85660088803972414_0972649114","carousel",2025-07-31 19:00:00,552,26,"#MadeByGoogle"
"52447736192428477_7840358497","carousel",2025-06-23 06:00:00,306,6,"#MadeByGoogle"
"52084754554904466_6490308804","reel",2025-07-14 09:00:00,52,4,"#MadeByGoogle"
"34087127086492603_3088371752","image",2025-07-05 21:00:00,256,10,"#MadeByGoogle"
"04629056847048618_5940201809","carousel",2025-07-21 02:00:00,170,5,"#MadeByGoogle"
"19220337136774595_8722513834","image",2025-07-25 18:00:00,435,0,"#MadeByGoogle"
"95259177646462585_2000687173","image",2025-06-23 02:00:00,163,3,"#MadeByGoogle"
"31302465545496877_8418580452","reel",2025-07-12 01:00:00,71,2,"#MadeByGoogle"
"39995020941405260_9154095431","image",2025-07-03,229,5,"#MadeByGoogle"
"52381487966755108_9959816220","image",2025-08-15,154,4,"#MadeByGoogle"
"41441774666748400_8027946823","image",2025-08-24 14:00:00,753,45,"#MadeByGoogle"
"78576079954647759_9978259716","carousel",2025-06-26 06:00:00,305,7,"#MadeByGoogle"
"87047946866586336_1748931171","image",2025-07-16 11:00:00,1635,70,"#MadeByGoogle"
"72360933290942055_4363070243","reel",2025-06-24 03:00:00,279,6,"#MadeByGoogle"
"98210040940726336_4685866404","carousel",2025-07-08 10:00:00,78,3,"#MadeByGoogle"
"64848111209651904_3984567977","reel",2025-07-05 12:00:00,291,17,"#MadeByGoogle"
"17011227565520088_7190949087","carousel",2025-07-06 08:00:00,145,6,"#MadeByGoogle"
"46810181635730339_6750552459","image",2025-06-23 14:00:00,291,9,"#MadeByGoogle"
"78946729996865959_3278268061","carousel",2025-09-13 09:00:00,242,6,"#MadeByGoogle"
"49691011658856427_1808528136","image",2025-07-25 22:00:00,204,4,"#MadeByGoogle"
"79242001136424870_0429830632","image",2025-06-27 11:00:00,282,9,"#MadeByGoogle"
"48346570839080607_6132751305","reel",2025-08-06 11:00:00,51,1,"#MadeByGoogle"
"31549970585328070_2074660550","image",2025-08-09 15:00:00,470,0,"#MadeByGoogle"
"39737153173801324_6531241564","image",2025-07-14 23:00:00,80,0,"#MadeByGoogle"
"53447664606495330_8156998948","reel",2025-08-09 06:00:00,61,3,"#MadeByGoogle"
"19630318832084798_7992930563","reel",2025-07-03 15:00:00,176,6,"#MadeByGoogle"
"45939668400610645_5539378335","reel",2025-08-01 19:00:00,222,7,"#MadeByGoogle"
"57516433553430693_3030723688","reel",2025-07-17 03:00:00,215,5,"#MadeByGoogle"
"66457901887027155_3470126937","carousel",2025-08-04 19:00:00,857,28,"#MadeByGoogle"
"61421069316953193_2378064875","carousel",2025-07-19 03:00:00,267,3,"#MadeByGoogle"
"51969520102851646_2785140593","image",2025-08-27 08:00:00,688,18,"#MadeByGoogle"
"91278535176615751_3648634552","carousel",2025-07-09 05:00:00,411,15,"#MadeByGoogle"
"16445595906342733_6723322272","carousel",2025-07-15 12:00:00,52,0,"#MadeByGoogle"
"53938023870670682_5358500036","image",2025-09-14 14:00:00,591,13,"#MadeByGoogle"
"59681504449884837_8374045554","image",2025-07-16 20:00:00,243,7,"#MadeByGoogle"
"51354976842834299_4394584197","carousel",2025-07-04 18:00:00,54,0,"#MadeByGoogle"
"40769964966676923_8461912107","image",2025-07-09 09:00:00,466,16,"#MadeByGoogle"
"78715481032577739_0599274786","carousel",2025-07-02 21:00:00,393,11,"#MadeByGoogle"
"31457801740127526_7187413046","reel",2025-07-02 04:00:00,368,10,"#MadeByGoogle"
"29251138792004978_0680913611","image",2025-07-30 05:00:00,104,3,"#MadeByGoogle"
"52761437290252490_9885775035","reel",2025-07-14 05:00:00,67,4,"#MadeByGoogle"
"20014279500214530_0999228600","image",2025-07-21 01:00:00,87,2,"#MadeByGoogle"
"43438410155986095_5905517820","image",2025-06-25 08:00:00,719,14,"#MadeByGoogle"
"21912088885457154_0036797767","carousel",2025-07-02 08:00:00,402,12,"#MadeByGoogle"
"01336458247366104_0741525388","carousel",2025-06-22 16:00:00,56,4,"#MadeByGoogle"
"00275841574550660_4914816747","reel",2025-08-29 15:00:00,626,19,"#MadeByGoogle"
"86259670502438662_8830868366","carousel",2025-09-13 14:00:00,645,20,"#MadeByGoogle"
"10506274316996821_0154726789","reel",2025-06-25,313,12,"#MadeByGoogle"
"21926429342006116_4989801910","carousel",2025-07-28,52,2,"#MadeByGoogle"
"72095598323101982_5619367927","image",2025-08-06 07:00:00,284,7,"#MadeByGoogle"
"20517838002029430_7856131770","carousel",2025-08-04 12:00:00,172,6,"#MadeByGoogle"
"31354763079539913_4616217447","carousel",2025-06-26 01:00:00,57,1,"#MadeByGoogle"
"73236284308967427_4349414644","image",2025-07-27 01:00:00,457,6,"#MadeByGoogle"
"38507382044531509_3181566983","image",2025-06-23 05:00:00,341,9,"#MadeByGoogle"
"94346624409449123_7547048017","image",2025-06-22 21:00:00,41,1,"#MadeByGoogle"
"09434953647292785_5895933738","image",2025-07-21 02:00:00,358,13,"#MadeByGoogle"
"76725743960865966_8726884119","reel",2025-08-13 22:00:00,501,11,"#MadeByGoogle"
"70086405885833330_2704698500","image",2025-07-26 12:00:00,119,2,"#MadeByGoogle"
"70408975818060960_4002385783","reel",2025-06-30 18:00:00,62,2,"#MadeByGoogle"
"37480044501146705_5991679319","image",2025-08-27 16:00:00,235,7,"#MadeByGoogle"
"19230697937156815_5011239217","reel",2025-08-20 06:00:00,47,0,"#MadeByGoogle"
"64994064183491992_6579050055","carousel",2025-07-13 23:00:00,99,6,"#MadeByGoogle"
"70567640479850630_1179112481","image",2025-06-25,220,3,"#MadeByGoogle"
"38073991462510199_5111978873","carousel",2025-08-16 09:00:00,264,7,"#MadeByGoogle"
"06267290741669977_4424911940","reel",2025-07-03 17:00:00,256,6,"#MadeByGoogle"
"09927574237418497_5522900433","reel",2025-06-22 23:00:00,1282,54,"#MadeByGoogle"
"72764651074460733_8719801457","carousel",2025-09-14 16:00:00,378,2,"#MadeByGoogle"
"76977346126874228_0796324815","carousel",2025-07-18 21:00:00,840,25,"#MadeByGoogle"
"71277292500636746_0585849589","image",2025-08-12 05:00:00,101,3,"#MadeByGoogle"
"43002121361472804_8936661161","carousel",2025-07-14 08:00:00,240,9,"#MadeByGoogle"
"19512337124489931_8322049437","reel",2025-06-30 12:00:00,624,15,"#MadeByGoogle"
"14916526219894978_7076426827","reel",2025-07-22 20:00:00,596,15,"#MadeByGoogle"
"86865517703024722_6018818177","carousel",2025-06-26 20:00:00,89,2,"#MadeByGoogle"
"65833620207256548_4258185971","carousel",2025-07-01 21:00:00,2386,81,"#MadeByGoogle"
"46286513359037249_7221014456","image",2025-07-18 20:00:00,672,18,"#MadeByGoogle"
"36288117796888468_5347786457","image",2025-07-04 06:00:00,305,15,"#MadeByGoogle"
"49786793192896056_4343766387","carousel",2025-07-02 23:00:00,298,10,"#MadeByGoogle"
"17207740068912836_3590393516","carousel",2025-07-10 04:00:00,85,3,"#MadeByGoogle"
"49322255444774928_8822357106","reel",2025-06-29 07:00:00,163,6,"#MadeByGoogle"
"80759791743762894_9177140696","carousel",2025-06-28 01:00:00,382,15,"#MadeByGoogle"
"72860497534708189_6648743314","image",2025-08-03 17:00:00,312,13,"#MadeByGoogle"
"14997563952986210_0712378396","image",2025-09-06 18:00:00,524,12,"#MadeByGoogle"
"98625835760074769_2929165875","reel",2025-09-04 05:00:00,526,18,"#MadeByGoogle"
"68835427460941240_5985447944","carousel",2025-07-11 05:00:00,329,8,"#MadeByGoogle"
"04739345852405497_7851176690","image",2025-08-07 15:00:00,84,3,"#MadeByGoogle"
"65840947497014738_8559616949","image",2025-07-10 02:00:00,285,9,"#MadeByGoogle"
"07407868633003129_3678736414","carousel",2025-08-31 23:00:00,269,13,"#MadeByGoogle"
"94220968631125999_8541452717","image",2025-07-22 20:00:00,50,0,"#MadeByGoogle"
"55361194142841834_9599062534","image",2025-08-31 03:00:00,244,6,"#MadeByGoogle"
"23125836175503240_7405058664","image",2025-08-08 11:00:00,161,7,"#MadeByGoogle"
"11724943542992248_3485449157","carousel",2025-08-25 15:00:00,60,2,"#MadeByGoogle"
"27834996262410387_4735635768","image",2025-07-07 23:00:00,573,24,"#MadeByGoogle"
"40627143951027366_5227154628","reel",2025-07-09 02:00:00,51,1,"#MadeByGoogle"
"27873395788725254_2220021967","carousel",2025-07-15 05:00:00,27,1,"#MadeByGoogle"
"60269277834783934_0399016945","carousel",2025-07-19 08:00:00,106,4,"#MadeByGoogle"
"80397996787912695_6081916152","reel",2025-06-23 13:00:00,479,13,"#MadeByGoogle"
"85898982693254640_6824564325","image",2025-06-22 02:00:00,322,10,"#MadeByGoogle"
"85233100736210114_5015826682","image",2025-06-30 15:00:00,295,8,"#MadeByGoogle"
"94899950629502766_4005846493","carousel",2025-09-04 10:00:00,817,24,"#MadeByGoogle"
"94687976959333286_8535535096","carousel",2025-06-30 08:00:00,1154,40,"#MadeByGoogle"
"44193336244971729_0449983270","image",2025-06-29 11:00:00,461,17,"#MadeByGoogle"
"17270814772367708_2178529451","image",2025-06-23 05:00:00,93,2,"#MadeByGoogle"
"57564419202553867_1104281714","image",2025-07-18 23:00:00,463,17,"#MadeByGoogle"
"67872033918965568_1536688756","carousel",2025-08-08 14:00:00,768,19,"#MadeByGoogle"
"71052514152501748_9951268791","image",2025-06-26,428,17,"#MadeByGoogle"
"75528397316359949_0738272823","image",2025-07-26 04:00:00,404,16,"#MadeByGoogle"
"77520268080009623_2457801884","image",2025-06-30 14:00:00,75,4,"#MadeByGoogle"
"02585909020886520_0294333302","carousel",2025-08-03 21:00:00,94,0,"#MadeByGoogle"
"17584336631969406_8073496162","carousel",2025-08-09 22:00:00,405,8,"#MadeByGoogle"
"12757970177631005_6432088857","carousel",2025-06-26 11:00:00,229,5,"#MadeByGoogle"
"79351963883374366_2676782473","carousel",2025-07-12 23:00:00,141,5,"#MadeByGoogle"
"61521465911592923_1592038938","reel",2025-07-15,358,15,"#MadeByGoogle"
"45709570556446365_9368731926","carousel",2025-09-11 01:00:00,122,3,"#MadeByGoogle"
"36198940804273473_9940491801","carousel",2025-08-14 16:00:00,75,2,"#MadeByGoogle"
"54927455008741315_0461056807","reel",2025-08-25,903,28,"#MadeByGoogle"
"62609250620578900_2239796593","carousel",2025-07-01 05:00:00,231,0,"#MadeByGoogle"
"68836168146818421_9958700854","carousel",2025-07-01 12:00:00,202,8,"#MadeByGoogle"
"19844803705517864_7842638666","reel",2025-08-19 08:00:00,408,8,"#MadeByGoogle"
"58986805184175862_0389318682","carousel",2025-07-31 04:00:00,651,20,"#MadeByGoogle"
"25632416860222585_0665483263","reel",2025-07-22 16:00:00,120,0,"#MadeByGoogle"
"58640199969528160_1613978284","reel",2025-07-19 13:00:00,1091,30,"#MadeByGoogle"
"10795222917361276_4711843476","reel",2025-08-17 10:00:00,389,10,"#MadeByGoogle"
"64234961087941429_6040865193","carousel",2025-07-14 02:00:00,284,12,"#MadeByGoogle"
"62374766239550880_2937438561","carousel",2025-08-08 03:00:00,850,21,"#MadeByGoogle"
"62391774662965272_6954333980","carousel",2025-09-17 08:00:00,32,2,"#MadeByGoogle"
"39711728197571064_1312515201","carousel",2025-08-03 08:00:00,493,18,"#MadeByGoogle"
"58314661265974591_9195668197","reel",2025-06-28 04:00:00,493,15,"#MadeByGoogle"
"68002922442255755_4521535666","image",2025-07-26 11:00:00,382,13,"#MadeByGoogle"
"63323337693934592_9017062768","reel",2025-07-24 05:00:00,136,4,"#MadeByGoogle"
"75831063711629904_8234201503","carousel",2025-07-07 16:00:00,159,7,"#MadeByGoogle"
"80760800696542324_0074061042","image",2025-08-06 13:00:00,52,4,"#MadeByGoogle"
"55565735296010542_8301436560","reel",2025-07-21 14:00:00,201,6,"#MadeByGoogle"
"60472546534780650_2085488689","image",2025-07-15 21:00:00,168,0,"#MadeByGoogle"
"44755220075331796_9587977114","carousel",2025-08-09 04:00:00,281,10,"#MadeByGoogle"
"45760970907722816_6103601764","reel",2025-07-18 07:00:00,569,0,"#MadeByGoogle"
"74774544810931317_8335920179","carousel",2025-08-02 18:00:00,161,1,"#MadeByGoogle"
"89660785087586352_5398754587","carousel",2025-08-23 18:00:00,205,4,"#MadeByGoogle"
"86988076563620136_8547137180","carousel",2025-07-11 10:00:00,137,5,"#MadeByGoogle"
"78013701449739328_5053982036","reel",2025-08-04 18:00:00,52,2,"#MadeByGoogle"
"89955389089988704_2845300633","carousel",2025-06-22 22:00:00,211,10,"#MadeByGoogle"
"21464639137688096_9689404830","image",2025-08-12 05:00:00,274,9,"#MadeByGoogle"
"59807726541162628_2095811786","carousel",2025-08-07 15:00:00,112,4,"#MadeByGoogle"
"58682903605650161_0465959898","image",2025-07-16 03:00:00,831,24,"#MadeByGoogle"
"17200516939937528_5602727915","carousel",2025-07-25 15:00:00,657,21,"#MadeByGoogle"
"92997472175387619_6070235157","reel",2025-06-30 21:00:00,130,6,"#MadeByGoogle"
"05268630172764446_0815969149","carousel",2025-07-04 19:00:00,198,6,"#MadeByGoogle"
"13980953964014692_6337191383","image",2025-07-10 08:00:00,341,13,"#MadeByGoogle"
"81962616083028836_6896578180","carousel",2025-07-05 06:00:00,462,16,"#MadeByGoogle"
"33178535949876543_1856770553","carousel",2025-08-14 04:00:00,0,9,"#MadeByGoogle"
"59939061919424286_0184028997","carousel",2025-09-12 22:00:00,228,10,"#MadeByGoogle"
"24526915088451974_9820346085","image",2025-07-14 22:00:00,257,8,"#MadeByGoogle"
"33367906506662039_3841874437","carousel",2025-07-15 11:00:00,139,1,"#MadeByGoogle"
"83441229173171127_0753910522","carousel",2025-09-08,214,5,"#MadeByGoogle"
"99020787371555248_7286886538","carousel",2025-06-26 14:00:00,151,6,"#MadeByGoogle"
"71599505445440059_2273458864","carousel",2025-07-31 13:00:00,884,29,"#MadeByGoogle"
"37358122165480567_2791498957","reel",2025-07-08 18:00:00,192,7,"#MadeByGoogle"
"93749763586742227_7601075192","carousel",2025-08-20 22:00:00,61,2,"#MadeByGoogle"
"02340648254101689_3337033015","carousel",2025-06-29 12:00:00,349,11,"#MadeByGoogle"
"05109687940214271_6481661315","reel",2025-06-30 23:00:00,320,10,"#MadeByGoogle"
"93597006450627793_9511804566","carousel",2025-06-23 10:00:00,87,2,"#MadeByGoogle"
"35925215511925013_2535473583","image",2025-08-14 06:00:00,116,3,"#MadeByGoogle"
"14576116802613240_6372671459","carousel",2025-07-04 12:00:00,516,16,"#MadeByGoogle"
"84202309590560345_8487876431","carousel",2025-08-18 07:00:00,50,2,"#MadeByGoogle"
"03399903677761104_8390753926","carousel",2025-08-27 21:00:00,19,1,"#MadeByGoogle"
"04264253019553559_1953829860","reel",2025-09-08 03:00:00,186,4,"#MadeByGoogle"
"55998057421778981_6826258633","reel",2025-08-21 14:00:00,664,17,"#MadeByGoogle"
"53654100206771410_3486665521","image",2025-07-08 06:00:00,243,8,"#MadeByGoogle"
"80381455749775810_1963413661","image",2025-06-23 22:00:00,26,0,"#MadeByGoogle"
"35681827970358852_9010057379","carousel",2025-07-08 05:00:00,194,5,"#MadeByGoogle"
"57677450998296979_0010455968","carousel",2025-07-03 05:00:00,252,8,"#MadeByGoogle"
"06782526318906424_7937197567","reel",2025-07-08 13:00:00,263,6,"#MadeByGoogle"
"61975248349127102_7070040698","carousel",2025-07-29 10:00:00,157,7,"#MadeByGoogle"
"30126202812263014_5560596925","image",2025-08-23 14:00:00,33,0,"#MadeByGoogle"
"96197184747325746_5102977392","reel",2025-08-18 13:00:00,279,13,"#MadeByGoogle"
"84128149616568445_2629827612","image",2025-07-31 13:00:00,217,4,"#MadeByGoogle"
"55065430122283575_5747238462","image",2025-08-09 15:00:00,73,3,"#MadeByGoogle"
"47711785137371148_5910097811","carousel",2025-08-24 17:00:00,67,0,"#MadeByGoogle"
"98937921114926791_6290480252","reel",2025-07-10 22:00:00,83,0,"#MadeByGoogle"
"19053436505858312_0850625976","reel",2025-08-07 22:00:00,309,8,"#MadeByGoogle"
"24661810997339357_4678245196","image",2025-07-07 01:00:00,349,11,"#MadeByGoogle"
"73308082094728929_2147280526","carousel",2025-08-01 21:00:00,216,6,"#MadeByGoogle"
"24484060499325185_0568575009","carousel",2025-07-05 23:00:00,0,5,"#MadeByGoogle"
"06158104486531142_6477968130","carousel",2025-08-09 15:00:00,0,21,"#MadeByGoogle"
"50058168975041939_3627529740","reel",2025-08-25 04:00:00,511,28,"#MadeByGoogle"
"81285743740033625_2131928460","image",2025-08-02 20:00:00,471,24,"#MadeByGoogle"
"50352149737354969_0552282641","reel",2025-09-03 23:00:00,237,4,"#MadeByGoogle"
"47526378607395397_5447071359","carousel",2025-07-03 09:00:00,258,6,"#MadeByGoogle"
"19649972096090808_2043919340","image",2025-07-29 19:00:00,116,4,"#MadeByGoogle"
"92673069589288762_2138529188","carousel",2025-08-26 12:00:00,98,2,"#MadeByGoogle"
"15958681817569184_8122192999","image",2025-06-22 22:00:00,100,3,"#MadeByGoogle"
"88817319893239831_4572020511","carousel",2025-07-21 18:00:00,199,3,"#MadeByGoogle"
"97769455742160385_2507140137","carousel",2025-07-07 22:00:00,289,7,"#MadeByGoogle"
"94845937375937292_7637468033","carousel",2025-08-19 08:00:00,210,7,"#MadeByGoogle"
"55629089614529317_9505629425","reel",2025-07-13 18:00:00,668,26,"#MadeByGoogle"
"11247820432070347_5372903638","image",2025-07-21 17:00:00,241,6,"#MadeByGoogle"
"73305729801156093_3080752497","image",2025-08-15 21:00:00,162,4,"#MadeByGoogle"
"42327483603973535_3879379590","reel",2025-08-07 21:00:00,217,7,"#MadeByGoogle"
"97104972452695970_2039535728","reel",2025-07-08 22:00:00,265,10,"#MadeByGoogle"
"37923820257202126_5514452085","reel",2025-06-23 03:00:00,424,15,"#MadeByGoogle"
"40152305431616046_2306263999","image",2025-07-12 04:00:00,144,4,"#MadeByGoogle"
"30282633026235946_5240716791","carousel",2025-07-26,163,4,"#MadeByGoogle"
"11661802216376136_4051113260","image",2025-07-17 22:00:00,205,7,"#MadeByGoogle"
"51254028191254596_9609646920","reel",2025-07-14 03:00:00,7,0,"#MadeByGoogle"
"69915745655667556_6946336611","image",2025-07-04 14:00:00,236,8,"#MadeByGoogle"
"94371501414493779_9179155072","carousel",2025-08-08,251,6,"#MadeByGoogle"
"81290470766352800_3102424993","image",2025-07-05,107,2,"#MadeByGoogle"
"53588778760472832_4579428634","image",2025-08-11 15:00:00,106,2,"#MadeByGoogle"
"71659107793593017_9253713850","image",2025-07-04 04:00:00,100,1,"#MadeByGoogle"
"88519881091928712_7176131158","reel",2025-06-27 05:00:00,49,0,"#MadeByGoogle"
"12454473462850066_8245541239","carousel",2025-08-08 07:00:00,127,4,"#MadeByGoogle"
"57729956627435022_4857617508","reel",2025-06-27 13:00:00,328,14,"#MadeByGoogle"
"24913059901280107_9405469733","reel",2025-08-26 12:00:00,303,11,"#MadeByGoogle"
"08443194027198888_4990683010","carousel",2025-07-24 01:00:00,613,19,"#MadeByGoogle"
"16364635065875424_8537763125","image",2025-07-22 11:00:00,343,11,"#MadeByGoogle"
"51849102085638925_7270972133","carousel",2025-08-27 09:00:00,132,5,"#MadeByGoogle"
