id,media_type,timestamp,like_count,comments_count,hashtag
05101345283588627_8262659447,reel,3/21/2025 9:00,154,8,#GalaxyS25Edge 
32865986127363073_8753723350,reel,4/9/2025 10:00,418,11,#GalaxyS25Edge 
93867415879346077_9871486699,carousel,5/3/2025 14:00,49,6,#GalaxyS25Edge 
75690829458396869_3788846509,image,4/13/2025 13:00,183,6,#GalaxyS25Edge 
37997610384714159_9865276372,image,3/20/2025 19:00,78,2,#GalaxyS25Edge 
75369739852388335_4076452794,carousel,5/8/2025 16:00,68,2,#GalaxyS25Edge 
98869373260599064_5958705179,reel,4/25/2025 19:00,65,0,#GalaxyS25Edge 
78788302710866363_8398768206,image,5/25/2025 7:00,253,0,#GalaxyS25Edge 
26925639074244580_3241033994,reel,4/17/2025 19:00,56,4,#GalaxyS25Edge 
68178736715095498_1221977156,image,4/11/2025 7:00,927,21,#GalaxyS25Edge 
61112780670828137_3152626666,image,5/17/2025 3:00,114,1,#GalaxyS25Edge 
26347675760595938_8934822160,reel,4/15/2025 16:00,149,1,#GalaxyS25Edge 
26184098861765691_1469865322,image,5/9/2025 23:00,336,12,#GalaxyS25Edge 
91200032161169337_8282541504,image,4/22/2025 10:00,273,8,#GalaxyS25Edge 
67068295384884555_7376647069,carousel,4/21/2025 14:00,179,3,#GalaxyS25Edge 
83072852235165636_9384882088,carousel,3/20/2025 9:00,830,20,#GalaxyS25Edge 
61723221335528447_4426010701,carousel,4/22/2025 10:00,80,1,#GalaxyS25Edge 
84858280251094055_7050554989,carousel,5/9/2025 14:00,56,2,#GalaxyS25Edge 
99557310166349098_6464176978,carousel,6/2/2025 14:00,424,16,#GalaxyS25Edge 
01426746257959795_2605416223,carousel,4/11/2025 12:00,208,6,#GalaxyS25Edge 
05416904472037137_7456863177,carousel,4/27/2025 7:00,103,1,#GalaxyS25Edge 
92147007172361302_6726118960,image,4/12/2025 17:00,77,1,#GalaxyS25Edge 
18805586827959883_8840124706,carousel,6/2/2025 1:00,859,28,#GalaxyS25Edge 
59563558249485027_1290624780,image,6/2/2025 17:00,38,2,#GalaxyS25Edge 
40897486984976288_4133770418,reel,3/28/2025 15:00,182,5,#GalaxyS25Edge 
09046505396161807_1776317859,image,4/7/2025 8:00,111,3,#GalaxyS25Edge 
89111444396271943_5641806720,image,4/30/2025 7:00,409,15,#GalaxyS25Edge 
04072379264041863_3293032696,image,5/12/2025 7:00,92,3,#GalaxyS25Edge 
09884464750513542_0939397579,carousel,4/30/2025 1:00,237,9,#GalaxyS25Edge 
95277539159960744_0004351822,image,6/7/2025 8:00,114,3,#GalaxyS25Edge 
56379415852721576_3097991351,carousel,4/29/2025 4:00,680,18,#GalaxyS25Edge 
58270116454433780_9397176148,reel,4/10/2025 6:00,256,6,#GalaxyS25Edge 
17909574881755417_3338793017,reel,6/11/2025 13:00,321,8,#GalaxyS25Edge 
32417877213505931_3553449936,reel,5/25/2025 15:00,181,6,#GalaxyS25Edge 
66664878252115495_0768631900,image,5/20/2025 11:00,455,8,#GalaxyS25Edge 
87989119491353393_7411300718,carousel,5/6/2025 23:00,386,0,#GalaxyS25Edge 
51564053133095801_6561459765,reel,6/5/2025 6:00,46,1,#GalaxyS25Edge 
00834287054898403_3194245096,image,4/27/2025 1:00,247,9,#GalaxyS25Edge 
18319627242564772_9033384640,image,3/15/2025 2:00,36,1,#GalaxyS25Edge 
09604216218988739_2369304230,reel,5/17/2025 17:00,335,9,#GalaxyS25Edge 
11590776979291065_3608863619,carousel,6/6/2025 10:00,75,4,#GalaxyS25Edge 
53837693033201138_0039230613,image,3/16/2025 16:00,384,3,#GalaxyS25Edge 
01270283372341936_5386727661,carousel,4/8/2025 13:00,190,9,#GalaxyS25Edge 
99226736400301381_9245905840,reel,3/19/2025 19:00,488,14,#GalaxyS25Edge 
70139125518414124_3052005298,image,4/15/2025 6:00,267,5,#GalaxyS25Edge 
16199714482940494_4719576847,carousel,3/19/2025 12:00,150,3,#GalaxyS25Edge 
90190222951978126_7448735679,image,5/26/2025 16:00,2167,58,#GalaxyS25Edge 
23266665743381162_0838010822,reel,3/23/2025,215,9,#GalaxyS25Edge 
09481879935678861_5047730801,image,4/27/2025 18:00,168,4,#GalaxyS25Edge 
13904771660030412_3003535833,reel,5/15/2025 21:00,1008,54,#GalaxyS25Edge 
57924874560098792_1265160975,carousel,5/27/2025 6:00,52,0,#GalaxyS25Edge 
86180129613982768_5165215046,reel,3/27/2025 23:00,120,1,#GalaxyS25Edge 
83907580729490049_9683230678,image,5/8/2025 21:00,291,7,#GalaxyS25Edge 
23107364497584838_6320635484,carousel,5/12/2025 7:00,229,9,#GalaxyS25Edge 
02763536007133120_0021624713,image,4/12/2025 2:00,65,1,#GalaxyS25Edge 
71170604103031875_4778397485,image,6/11/2025 6:00,608,16,#GalaxyS25Edge 
95940119039661400_9644213756,carousel,6/5/2025 6:00,204,7,#GalaxyS25Edge 
58221528560097762_2500992846,image,4/1/2025,73,2,#GalaxyS25Edge 
16833766797863906_0416664602,image,5/22/2025 19:00,129,3,#GalaxyS25Edge 
28304026183143427_9664661650,reel,3/27/2025 5:00,116,3,#GalaxyS25Edge 
76735427877530222_1739117949,image,4/16/2025 12:00,84,2,#GalaxyS25Edge 
05443569228585326_3566139373,image,5/9/2025 1:00,79,3,#GalaxyS25Edge 
48413250525659347_7291319487,image,5/5/2025 6:00,261,8,#GalaxyS25Edge 
03423150314833887_8884222954,reel,5/8/2025 21:00,308,15,#GalaxyS25Edge 
29371242869931115_9582487927,image,5/10/2025 17:00,204,8,#GalaxyS25Edge 
82258304776041163_3911338580,reel,4/7/2025 18:00,131,3,#GalaxyS25Edge 
82058160800875043_5531213162,image,3/25/2025 1:00,277,2,#GalaxyS25Edge 
82289373026650627_5180494941,carousel,4/23/2025 15:00,322,15,#GalaxyS25Edge 
89098937611679570_6215898764,image,3/31/2025 12:00,38,1,#GalaxyS25Edge 
44362398214748463_5473672532,carousel,6/1/2025 15:00,106,2,#GalaxyS25Edge 
09782193970701025_8912706809,carousel,5/18/2025 23:00,689,23,#GalaxyS25Edge 
29093587360949007_2271006239,carousel,5/20/2025 1:00,442,17,#GalaxyS25Edge 
86104836212499233_0972591765,carousel,3/30/2025 10:00,401,9,#GalaxyS25Edge 
78438118593934885_5355122008,reel,5/6/2025 9:00,78,0,#GalaxyS25Edge 
24233565591933968_2633768196,image,3/18/2025 7:00,890,21,#GalaxyS25Edge 
57077512890821717_5797494932,image,4/7/2025 8:00,37,1,#GalaxyS25Edge 
58488473472123290_5632029830,reel,5/26/2025 23:00,134,4,#GalaxyS25Edge 
02777626095342059_1722574219,carousel,5/12/2025 12:00,207,6,#GalaxyS25Edge 
22189499500396345_8813967302,image,5/31/2025 15:00,142,0,#GalaxyS25Edge 
97672568192734304_0704083048,image,6/3/2025 16:00,192,9,#GalaxyS25Edge 
29654461907808487_6506626959,image,3/15/2025 15:00,29,0,#GalaxyS25Edge 
15021398639648756_9281377612,carousel,5/11/2025 21:00,163,4,#GalaxyS25Edge 
19098071644489821_2056308867,image,4/29/2025 21:00,954,25,#GalaxyS25Edge 
76589523038245139_2394989877,image,4/27/2025 16:00,817,25,#GalaxyS25Edge 
09562870779624326_3864922090,image,6/11/2025 14:00,111,5,#GalaxyS25Edge 
64112097417468690_5485670500,carousel,6/3/2025 14:00,225,6,#GalaxyS25Edge 
26654388249377629_0188424095,reel,3/20/2025 15:00,621,14,#GalaxyS25Edge 
24000891170372281_6814043552,reel,5/14/2025 10:00,201,0,#GalaxyS25Edge 
24223150065700971_4984548343,reel,3/25/2025 9:00,190,3,#GalaxyS25Edge 
18588861264974752_7884002817,image,5/19/2025 12:00,935,23,#GalaxyS25Edge 
28980236193781356_6291466516,carousel,3/17/2025 20:00,289,3,#GalaxyS25Edge 
85028499301197762_6106573100,image,5/17/2025 20:00,78,2,#GalaxyS25Edge 
36857102857234395_8917554753,carousel,5/25/2025 21:00,442,11,#GalaxyS25Edge 
17455758985947439_9074275132,reel,5/30/2025 10:00,139,5,#GalaxyS25Edge 
97523656730997536_2268411418,carousel,5/3/2025 9:00,865,29,#GalaxyS25Edge 
87194951945154544_1073460407,carousel,4/21/2025 8:00,169,7,#GalaxyS25Edge 
60060726296983231_1506934473,carousel,5/29/2025 2:00,181,3,#GalaxyS25Edge 
35226973589719210_9868712729,reel,5/22/2025 4:00,75,2,#GalaxyS25Edge 
52612275140416009_1974377429,reel,3/23/2025,462,24,#GalaxyS25Edge 
66600732920728248_2332434030,reel,3/23/2025 12:00,141,4,#GalaxyS25Edge 
50364402598745264_5592435991,carousel,3/22/2025 19:00,649,19,#GalaxyS25Edge 
99227991310837951_5828257617,image,3/23/2025 20:00,41,2,#GalaxyS25Edge 
00738509671753909_5905715375,carousel,6/5/2025 1:00,220,8,#GalaxyS25Edge 
80455771372993492_8203688177,carousel,5/20/2025 15:00,302,4,#GalaxyS25Edge 
25792944907933528_1329376830,carousel,5/3/2025 23:00,152,9,#GalaxyS25Edge 
11809194766098078_7184117615,carousel,5/14/2025 1:00,50,2,#GalaxyS25Edge 
08838209839649420_9708581774,reel,4/17/2025 1:00,142,8,#GalaxyS25Edge 
59504660488447704_5927940589,image,5/7/2025 10:00,131,1,#GalaxyS25Edge 
07885174863645547_8344131282,image,5/5/2025 23:00,195,11,#GalaxyS25Edge 
97739968613816031_7338302866,image,5/17/2025 20:00,94,3,#GalaxyS25Edge 
35443439320673089_7394676418,reel,6/3/2025 4:00,669,24,#GalaxyS25Edge 
35478367591749212_8008923854,reel,3/15/2025 9:00,226,7,#GalaxyS25Edge 
43841112552447022_8865509204,image,4/21/2025 16:00,151,7,#GalaxyS25Edge 
44825945262385951_0686972676,reel,5/16/2025 8:00,59,0,#GalaxyS25Edge 
61127743485684556_9729488825,image,5/18/2025,256,7,#GalaxyS25Edge 
66762377700264258_8251795727,carousel,4/1/2025 23:00,107,1,#GalaxyS25Edge 
05161864421000809_1130586936,image,3/25/2025 22:00,50,1,#GalaxyS25Edge 
14868562224443251_8764865679,image,3/25/2025 8:00,236,5,#GalaxyS25Edge 
31686862676419278_7897383612,carousel,5/8/2025 15:00,114,7,#GalaxyS25Edge 
32198398592117699_1940612261,image,6/12/2025 23:00,333,7,#GalaxyS25Edge 
34080991006601042_4544125920,image,6/12/2025 15:00,647,15,#GalaxyS25Edge 
15310093705541498_0486124505,image,3/26/2025 16:00,62,1,#GalaxyS25Edge 
71888333780805031_3624769624,image,3/28/2025 10:00,447,16,#GalaxyS25Edge 
02624010147835625_0541223253,reel,5/27/2025 8:00,585,20,#GalaxyS25Edge 
62526787061547793_5721009612,image,6/7/2025 3:00,54,1,#GalaxyS25Edge 
43892637302936526_8982568873,carousel,5/15/2025 10:00,240,4,#GalaxyS25Edge 
09152856305145886_0708638212,carousel,4/8/2025 1:00,326,11,#GalaxyS25Edge 
18195818638818341_3722632576,carousel,5/20/2025,330,12,#GalaxyS25Edge 
84667045275532704_2136371029,image,3/21/2025 5:00,610,18,#GalaxyS25Edge 
36341339593187867_4428920012,image,5/2/2025 19:00,102,3,#GalaxyS25Edge 
34981169589654772_2799487652,carousel,5/15/2025 19:00,28,2,#GalaxyS25Edge 
20220817371089711_3459333415,image,5/9/2025 1:00,61,0,#GalaxyS25Edge 
10845816834851396_8056952910,image,5/8/2025 1:00,537,17,#GalaxyS25Edge 
27630120391260115_8333621139,image,4/11/2025,531,16,#GalaxyS25Edge 
70309344937702952_4034945382,reel,4/24/2025 14:00,230,4,#GalaxyS25Edge 
23013426850638414_6516719192,image,4/4/2025 18:00,441,10,#GalaxyS25Edge 
10867399913785574_7897691539,carousel,4/30/2025 15:00,321,15,#GalaxyS25Edge 
04135410642306316_3589866119,carousel,4/20/2025 12:00,511,16,#GalaxyS25Edge 
24576262368750453_9897106359,image,4/2/2025 15:00,90,0,#GalaxyS25Edge 
71564531099590007_2714858684,reel,5/28/2025 22:00,187,3,#GalaxyS25Edge 
15698643085264190_0296131999,carousel,4/29/2025 9:00,186,7,#GalaxyS25Edge 
18339364209465105_0879710243,image,6/5/2025 15:00,1999,79,#GalaxyS25Edge 
22594483602362564_7567855640,reel,4/5/2025 4:00,894,27,#GalaxyS25Edge 
72187359078574240_6223782483,carousel,5/30/2025 16:00,659,0,#GalaxyS25Edge 
31932859780418239_2744690852,image,4/25/2025 18:00,115,3,#GalaxyS25Edge 
93073918681943214_7242867626,reel,5/17/2025 6:00,83,1,#GalaxyS25Edge 
88997087529271541_9001949184,reel,4/9/2025 6:00,173,3,#GalaxyS25Edge 
86120572671553721_5428511925,image,3/21/2025 14:00,216,3,#GalaxyS25Edge 
38337304356304674_4959097781,image,4/2/2025 18:00,42,3,#GalaxyS25Edge 
51316169891186349_2204680696,carousel,5/9/2025 9:00,261,5,#GalaxyS25Edge 
12428350409835295_2086083813,image,4/25/2025 17:00,51,0,#GalaxyS25Edge 
35555707577713119_4534695661,image,5/11/2025 3:00,183,4,#GalaxyS25Edge 
86233497843762800_5655723903,reel,3/30/2025 11:00,77,2,#GalaxyS25Edge 
20689859169271534_7510727923,image,6/10/2025 14:00,713,20,#GalaxyS25Edge 
25863988348334391_8992245658,image,6/11/2025,343,14,#GalaxyS25Edge 
16683738978059535_6579961106,reel,4/30/2025 6:00,38,0,#GalaxyS25Edge 
42476641281391433_1445673278,reel,5/10/2025 7:00,137,2,#GalaxyS25Edge 
16020457822209517_9137931739,image,3/26/2025 5:00,412,8,#GalaxyS25Edge 
61676588048734653_5567423796,reel,6/3/2025 9:00,146,5,#GalaxyS25Edge 
94449252343271426_9713406681,carousel,4/6/2025 13:00,124,1,#GalaxyS25Edge 
43680760987872567_4385361636,reel,5/12/2025 5:00,242,4,#GalaxyS25Edge 
14359031598857871_1402542993,carousel,3/19/2025 23:00,84,2,#GalaxyS25Edge 
41108607502927128_9183124984,image,5/6/2025 5:00,317,9,#GalaxyS25Edge 
54815750664954199_2674152264,image,5/5/2025 6:00,809,25,#GalaxyS25Edge 
83515717116959759_4229499673,reel,6/8/2025 4:00,178,1,#GalaxyS25Edge 
44701998226481169_2547564337,reel,4/20/2025,289,15,#GalaxyS25Edge 
82420149703732786_3532727715,carousel,6/11/2025 8:00,40,1,#GalaxyS25Edge 
27219751255589011_8882365637,image,5/6/2025 9:00,111,3,#GalaxyS25Edge 
39178364879596767_2644184014,image,5/21/2025 23:00,109,4,#GalaxyS25Edge 
05641622682155640_6596326883,carousel,5/14/2025 1:00,43,0,#GalaxyS25Edge 
10786992324352614_8976226317,reel,5/19/2025 19:00,100,6,#GalaxyS25Edge 
85149357535556532_8741044772,reel,3/29/2025 4:00,495,16,#GalaxyS25Edge 
64016687694513198_1030373642,reel,4/12/2025 11:00,132,4,#GalaxyS25Edge 
67385784759811286_5923697546,carousel,5/31/2025 7:00,384,9,#GalaxyS25Edge 
21596852148267015_4343616628,carousel,3/29/2025 17:00,304,9,#GalaxyS25Edge 
89733171541380123_7807012624,image,5/31/2025 5:00,205,7,#GalaxyS25Edge 
57201494591847350_6058166147,image,4/20/2025 20:00,197,5,#GalaxyS25Edge 
36258696000723158_6966327874,carousel,5/16/2025 12:00,121,5,#GalaxyS25Edge 
04295388801771240_6663147556,reel,4/26/2025 10:00,674,25,#GalaxyS25Edge 
50488802563373197_9707177535,image,6/2/2025 9:00,184,7,#GalaxyS25Edge 
55904698988410950_9808659974,reel,5/25/2025 23:00,258,8,#GalaxyS25Edge 
31593640515044516_0298262189,reel,6/6/2025 23:00,177,5,#GalaxyS25Edge 
36922133429735443_4771093595,reel,3/25/2025 6:00,692,20,#GalaxyS25Edge 
21999795519042780_9811535646,reel,4/3/2025 15:00,79,1,#GalaxyS25Edge 
52249172035675450_1666239478,image,5/7/2025 21:00,324,15,#GalaxyS25Edge 
62242628203407492_0795833058,carousel,4/24/2025 16:00,346,10,#GalaxyS25Edge 
55105439689779999_0095641557,carousel,5/11/2025 20:00,257,9,#GalaxyS25Edge 
26018144113113650_6251162380,carousel,4/25/2025 11:00,109,5,#GalaxyS25Edge 
06150133573242342_0453171683,image,4/21/2025 8:00,94,3,#GalaxyS25Edge 
73326358394610357_8600335670,image,5/30/2025 1:00,109,3,#GalaxyS25Edge 
29119083454368165_4967992342,reel,3/28/2025 22:00,236,3,#GalaxyS25Edge 
32765211526856012_4919565461,carousel,4/11/2025 20:00,376,11,#GalaxyS25Edge 
47100967199747386_3562537965,carousel,5/6/2025 3:00,75,4,#GalaxyS25Edge 
88836469196013035_0596088157,carousel,6/3/2025 13:00,963,36,#GalaxyS25Edge 
72176420659954585_0658696573,image,5/28/2025 22:00,320,18,#GalaxyS25Edge 
76383472224617317_1111205876,image,3/17/2025,76,1,#GalaxyS25Edge 
77599703566846899_7343503331,image,4/3/2025,144,7,#GalaxyS25Edge 
91156812171102915_5430496329,reel,5/18/2025 3:00,126,3,#GalaxyS25Edge 
77635558890243822_7688445030,carousel,4/20/2025 14:00,70,2,#GalaxyS25Edge 
87539544631135414_0312517505,carousel,4/27/2025 23:00,327,3,#GalaxyS25Edge 
49976931155558514_9253217842,image,5/7/2025 12:00,32,1,#GalaxyS25Edge 
44808762764297818_4647318353,reel,4/13/2025 19:00,456,0,#GalaxyS25Edge 
60251026855932932_6859574752,carousel,5/6/2025 9:00,67,2,#GalaxyS25Edge 
16869441288007874_6750816283,reel,4/18/2025 20:00,884,22,#GalaxyS25Edge 
69185871439811898_1886086617,image,4/2/2025 13:00,135,3,#GalaxyS25Edge 
48748222759758421_4678964243,carousel,3/17/2025 13:00,479,19,#GalaxyS25Edge 
48154348422788325_2766876257,carousel,5/5/2025 7:00,0,16,#GalaxyS25Edge 
05134109628190481_4196581737,image,3/18/2025 2:00,290,7,#GalaxyS25Edge 
46517824205429402_1387211836,carousel,3/19/2025 16:00,370,9,#GalaxyS25Edge 
24130443981033698_2527890134,carousel,3/20/2025 9:00,309,9,#GalaxyS25Edge 
59144421981101357_9613781886,image,3/31/2025 4:00,309,11,#GalaxyS25Edge 
65322625391160845_1981864092,carousel,3/17/2025 19:00,199,5,#GalaxyS25Edge 
75665690885055607_2526307471,carousel,4/24/2025 18:00,611,21,#GalaxyS25Edge 
94135478144931176_1935971894,image,3/28/2025 21:00,464,15,#GalaxyS25Edge 
07916832510598115_3690042364,image,5/20/2025 14:00,238,5,#GalaxyS25Edge 
49364112115287466_3143520526,reel,4/1/2025 10:00,32,1,#GalaxyS25Edge 
55404720441692643_5281285447,image,6/11/2025 2:00,474,8,#GalaxyS25Edge 
34193153415851453_2112792787,carousel,4/9/2025 15:00,221,0,#GalaxyS25Edge 
90776301362736825_4059216084,image,4/21/2025 19:00,59,2,#GalaxyS25Edge 
55420956017346659_1884230578,image,6/1/2025 5:00,85,3,#GalaxyS25Edge 
47627768269138517_5322660463,carousel,6/9/2025 1:00,253,7,#GalaxyS25Edge 
41616046663251396_0198410248,image,5/27/2025 14:00,276,10,#GalaxyS25Edge 
01849931454920549_6619248641,carousel,5/17/2025 17:00,374,14,#GalaxyS25Edge 
02154118887506093_6857472591,carousel,4/5/2025 3:00,173,6,#GalaxyS25Edge 
86858117281536249_3477851499,image,5/22/2025 20:00,306,5,#GalaxyS25Edge 
01767355327791780_1393202606,carousel,5/18/2025 23:00,58,2,#GalaxyS25Edge 
82748740352644627_7384497128,carousel,4/10/2025 6:00,211,4,#GalaxyS25Edge 
12853558599822169_0519733805,image,5/27/2025 19:00,138,4,#GalaxyS25Edge 
15790114423422121_9802775970,carousel,5/6/2025,418,16,#GalaxyS25Edge 
86108832058936170_5984863245,image,5/18/2025 6:00,261,5,#GalaxyS25Edge 
06111990063378077_6991291245,image,3/27/2025 2:00,77,5,#GalaxyS25Edge 
90122637798910088_9059948143,image,5/26/2025 19:00,175,4,#GalaxyS25Edge 
01736501566049381_1105872457,reel,5/30/2025 10:00,51,2,#GalaxyS25Edge 
19882778355368084_9103619623,image,5/3/2025 1:00,1921,53,#GalaxyS25Edge 
45100358665700182_3676902748,image,6/10/2025 23:00,338,15,#GalaxyS25Edge 
82892167315034045_2254646017,image,4/9/2025 4:00,786,37,#GalaxyS25Edge 
76679647721166777_0023084969,image,4/22/2025 13:00,567,9,#GalaxyS25Edge 
74115487175115186_8689268260,image,3/27/2025 5:00,106,4,#GalaxyS25Edge 
41257453303361628_9383023641,carousel,5/7/2025 4:00,633,15,#GalaxyS25Edge 
40321734638926944_1813802459,carousel,6/12/2025 16:00,221,6,#GalaxyS25Edge 
37194612578622208_8860842233,reel,4/5/2025 6:00,133,3,#GalaxyS25Edge 
76345971821079399_8723982177,image,6/4/2025 11:00,90,2,#GalaxyS25Edge 
59106912960230817_0111878881,carousel,6/10/2025 14:00,405,14,#GalaxyS25Edge 
03259137307787419_5269350058,reel,5/4/2025 16:00,299,12,#GalaxyS25Edge 
11434555982082298_0664153687,image,4/26/2025 7:00,276,9,#GalaxyS25Edge 
86648052921724823_9370061124,image,6/12/2025,319,0,#GalaxyS25Edge 
87294790505881850_7182175865,reel,4/26/2025 21:00,516,18,#GalaxyS25Edge 
85440999904415092_0952882648,image,4/19/2025 13:00,217,4,#GalaxyS25Edge 
31188213539519383_8497050512,image,4/14/2025 9:00,75,6,#GalaxyS25Edge 
59419574813504439_1382309334,carousel,5/14/2025 13:00,279,12,#GalaxyS25Edge 
74625271383498250_3610677312,reel,5/18/2025 22:00,268,7,#GalaxyS25Edge 
70020196423863720_3603192310,carousel,4/22/2025 13:00,49,0,#GalaxyS25Edge 
11582536268851271_6348229005,reel,5/24/2025,390,0,#GalaxyS25Edge 
97837332736744590_0548940163,carousel,4/7/2025 13:00,137,9,#GalaxyS25Edge 
87289319319748918_4267940176,reel,5/19/2025 19:00,63,2,#GalaxyS25Edge 
93953616408300234_3090019513,carousel,5/20/2025 9:00,786,23,#GalaxyS25Edge 
93901759483547567_1892209410,carousel,4/25/2025,232,1,#GalaxyS25Edge 
58498077410711790_6805770668,carousel,5/14/2025 22:00,322,10,#GalaxyS25Edge 
43988665038566138_3531988913,image,4/17/2025 23:00,92,4,#GalaxyS25Edge 
71702421354112776_4653220000,image,4/9/2025 18:00,327,5,#GalaxyS25Edge 
78895871370192708_2718670997,carousel,3/30/2025 9:00,65,0,#GalaxyS25Edge 
62030832596210857_5256027338,image,5/21/2025 1:00,365,10,#GalaxyS25Edge 
87413083809092294_5194874649,image,4/10/2025 14:00,177,4,#GalaxyS25Edge 
90624309023896168_5192469316,carousel,3/27/2025 20:00,370,9,#GalaxyS25Edge 
59386514574546021_5262471183,reel,4/18/2025 20:00,365,5,#GalaxyS25Edge 
10898610494130398_9816649946,carousel,6/2/2025 16:00,114,3,#GalaxyS25Edge 
60106212111782819_0888256188,reel,5/8/2025 22:00,126,2,#GalaxyS25Edge 
50355775574878718_3912943737,carousel,5/26/2025 7:00,35,0,#GalaxyS25Edge 
48880806336221063_6402773125,carousel,4/16/2025 13:00,267,7,#GalaxyS25Edge 
59045188479056087_3355052391,reel,3/29/2025 16:00,30,1,#GalaxyS25Edge 
21380089562896618_4405418122,carousel,5/21/2025 8:00,101,4,#GalaxyS25Edge 
44630585989845276_2808069580,carousel,5/15/2025 13:00,126,4,#GalaxyS25Edge 
10953719419197720_7887702378,carousel,4/29/2025 1:00,681,24,#GalaxyS25Edge 
11699670697492267_0632249700,image,3/25/2025 7:00,142,2,#GalaxyS25Edge 
32472076967659942_3142222849,reel,4/4/2025 22:00,88,3,#GalaxyS25Edge 
87440549073111826_1331333020,carousel,5/3/2025 7:00,240,8,#GalaxyS25Edge 
24093189851596972_4624129946,image,3/28/2025 20:00,163,9,#GalaxyS25Edge 
76420476499873263_0520613235,reel,5/1/2025 10:00,276,11,#GalaxyS25Edge 
44214480318364265_9746382624,reel,4/3/2025 13:00,717,21,#GalaxyS25Edge 
36358545906743022_3915696124,carousel,6/8/2025 9:00,1097,35,#GalaxyS25Edge 
21463507911144437_6531056933,carousel,4/8/2025 19:00,101,6,#GalaxyS25Edge 
92628478794014389_7374845189,reel,5/22/2025 4:00,126,5,#GalaxyS25Edge 
11225579134153361_9665545357,image,3/28/2025 10:00,118,3,#GalaxyS25Edge 
25077353258747355_2366842488,carousel,5/11/2025 12:00,331,8,#GalaxyS25Edge 
72615891798596630_2099337779,reel,3/26/2025 11:00,208,7,#GalaxyS25Edge 
96330598887445188_0205579765,image,3/31/2025 6:00,252,12,#GalaxyS25Edge 
37012241432992898_4278164376,reel,5/27/2025 20:00,328,0,#GalaxyS25Edge 
08765894171297664_7325683295,reel,3/29/2025 18:00,231,8,#GalaxyS25Edge 
67760897307664905_4754645470,image,5/1/2025 13:00,408,15,#GalaxyS25Edge 
01668346551585911_7283085357,image,3/30/2025 15:00,120,5,#GalaxyS25Edge 
13855200086271478_8968522231,image,5/3/2025 21:00,182,4,#GalaxyS25Edge 
35466140319214029_1421797148,image,5/8/2025 17:00,574,23,#GalaxyS25Edge 
35139223406327118_5659582239,reel,4/17/2025 9:00,116,4,#GalaxyS25Edge 
04697615765849213_3574748186,reel,5/15/2025 21:00,479,16,#GalaxyS25Edge 
87390316700530467_0851731608,image,4/10/2025,125,1,#GalaxyS25Edge 
96489274185478442_6476289441,carousel,4/17/2025 15:00,114,4,#GalaxyS25Edge 
13652209100558061_7580030390,image,5/29/2025 2:00,70,2,#GalaxyS25Edge 
54284390365604936_5969611320,reel,5/17/2025 7:00,423,0,#GalaxyS25Edge 
61735550650699177_8135530303,reel,3/23/2025 23:00,566,18,#GalaxyS25Edge 
76555248531931958_3190956142,reel,5/8/2025 12:00,123,8,#GalaxyS25Edge 
46862217694032110_1526289799,carousel,3/25/2025 11:00,548,20,#GalaxyS25Edge 
36302700487159936_8176385298,image,4/5/2025 13:00,47,0,#GalaxyS25Edge 
69005646367370787_9239868429,image,4/12/2025 16:00,197,2,#GalaxyS25Edge 
66084646663711263_6376687800,carousel,5/12/2025 17:00,540,12,#GalaxyS25Edge 
40656499316168304_5974113968,reel,5/8/2025 16:00,85,2,#GalaxyS25Edge 
29335772245155226_6559308456,reel,5/26/2025 9:00,111,2,#GalaxyS25Edge 
28945371649896260_9278891491,image,5/17/2025 23:00,89,4,#GalaxyS25Edge 
13528935036964864_6617060714,reel,6/2/2025 23:00,107,6,#GalaxyS25Edge 
16805232552159817_2646783750,carousel,4/13/2025 7:00,214,8,#GalaxyS25Edge 
13736267675750691_5731525858,carousel,5/26/2025 3:00,655,23,#GalaxyS25Edge 
16519269851716189_3469503261,image,5/22/2025 6:00,253,8,#GalaxyS25Edge 
10185638235664417_1444439949,image,4/9/2025 18:00,47,1,#GalaxyS25Edge 
06065890394841967_0493169287,reel,5/20/2025 9:00,207,7,#GalaxyS25Edge 
62198511771535491_3691162876,reel,5/18/2025 6:00,90,1,#GalaxyS25Edge 
42178367122263118_7232755851,image,6/10/2025 17:00,230,5,#GalaxyS25Edge 
43967301207745437_6443798299,carousel,6/5/2025 5:00,142,3,#GalaxyS25Edge 
52433590114968139_7389126719,reel,6/8/2025 21:00,425,14,#GalaxyS25Edge 
50498300585603043_1609149496,carousel,4/6/2025 4:00,68,1,#GalaxyS25Edge 
47836771242131430_3769540665,carousel,4/20/2025 5:00,77,2,#GalaxyS25Edge 
01443005508104178_2549955619,reel,5/15/2025 15:00,201,4,#GalaxyS25Edge 
63363591607351315_7372479270,reel,4/2/2025 4:00,80,2,#GalaxyS25Edge 
12194932598039383_8656457008,image,5/23/2025 17:00,184,9,#GalaxyS25Edge 
89049647989010641_4164612815,carousel,3/22/2025 23:00,77,4,#GalaxyS25Edge 
51943149085767512_8048311371,reel,3/27/2025 16:00,164,8,#GalaxyS25Edge 
19137704891739848_5020792618,reel,6/3/2025 22:00,152,8,#GalaxyS25Edge 
13700104873372659_6454523793,carousel,5/2/2025 3:00,172,0,#GalaxyS25Edge 
62818363588662795_4944076751,carousel,5/14/2025 9:00,393,12,#GalaxyS25Edge 
30415207245094058_7035109745,carousel,5/16/2025 2:00,25,1,#GalaxyS25Edge 
64947823615753109_7023582682,reel,5/3/2025 17:00,535,18,#GalaxyS25Edge 
90575845791434891_3189864892,image,3/22/2025 12:00,105,3,#GalaxyS25Edge 
29770010393960317_4676329525,image,3/16/2025 13:00,111,3,#GalaxyS25Edge 
13039328389699881_7651365710,carousel,4/27/2025 16:00,206,12,#GalaxyS25Edge 
18561781592843158_7025635804,carousel,5/19/2025 15:00,43,0,#GalaxyS25Edge 
76406476286396664_6849360651,reel,4/3/2025 3:00,168,5,#GalaxyS25Edge 
40775570667630233_6730424003,image,4/9/2025 1:00,185,2,#GalaxyS25Edge 
16493853441825974_7590518938,image,5/13/2025 10:00,0,4,#GalaxyS25Edge 
05323821271304592_6064302026,image,5/16/2025 19:00,2026,56,#GalaxyS25Edge 
08177676180577719_5426015592,reel,3/18/2025,937,29,#GalaxyS25Edge 
58772286277672765_1166428263,image,5/18/2025,352,10,#GalaxyS25Edge 
52270274902252197_2817335388,reel,5/30/2025 6:00,86,5,#GalaxyS25Edge 
36163805541004686_5122444425,reel,6/12/2025 8:00,558,13,#GalaxyS25Edge 
58346660032390680_2182249124,image,3/24/2025 20:00,324,15,#GalaxyS25Edge 
56607234400880606_1302959326,image,4/30/2025 11:00,319,10,#GalaxyS25Edge 
59970911797770009_9686207494,carousel,4/19/2025 4:00,250,8,#GalaxyS25Edge 
12622664120429296_8739163194,carousel,5/17/2025 21:00,548,16,#GalaxyS25Edge 
76917842408451759_7179656512,carousel,6/3/2025 5:00,877,32,#GalaxyS25Edge 
64954725149265730_6490452101,image,4/13/2025 1:00,179,5,#GalaxyS25Edge 
63714368303613487_9671044870,reel,4/19/2025 11:00,309,11,#GalaxyS25Edge 
68365467268319937_1001242555,image,6/1/2025 16:00,348,10,#GalaxyS25Edge 
83535481428324622_8842469478,reel,4/9/2025 5:00,0,27,#GalaxyS25Edge 
13562207416634987_4335179303,carousel,4/23/2025 15:00,41,2,#GalaxyS25Edge 
58775761808781665_8752545326,carousel,4/25/2025 20:00,155,4,#GalaxyS25Edge 
46523215744773676_0471902737,reel,4/16/2025 4:00,56,1,#GalaxyS25Edge 
62384597854363821_0829776823,reel,5/5/2025 8:00,173,3,#GalaxyS25Edge 
87786278698317663_7283960705,carousel,5/17/2025 19:00,159,2,#GalaxyS25Edge 
99847883374397595_0588827592,reel,6/9/2025 6:00,827,19,#GalaxyS25Edge 
03695271785037610_4031866175,carousel,4/23/2025 5:00,61,3,#GalaxyS25Edge 
51559015457481071_6495726797,reel,5/6/2025 10:00,57,3,#GalaxyS25Edge 
21827823840673068_2096198721,image,4/7/2025 8:00,254,5,#GalaxyS25Edge 
06120566857509625_1014047611,image,5/29/2025 23:00,120,5,#GalaxyS25Edge 
12336360165446004_0626045821,carousel,5/14/2025 15:00,309,12,#GalaxyS25Edge 
33131580302411162_8201782820,image,5/22/2025 15:00,85,5,#GalaxyS25Edge 
11916630237066433_0590276731,carousel,3/24/2025 12:00,96,3,#GalaxyS25Edge 
30384961378898244_0744660986,carousel,4/5/2025 19:00,337,10,#GalaxyS25Edge 
62331894621255951_9153075401,reel,5/28/2025,552,18,#GalaxyS25Edge 
09936370933178993_2395693977,carousel,5/17/2025 5:00,118,2,#GalaxyS25Edge 
47270314540065685_7118404615,image,5/11/2025,357,11,#GalaxyS25Edge 
19903464217207800_6411644654,image,4/12/2025 4:00,115,5,#GalaxyS25Edge 
48790334782664250_6814221223,reel,4/5/2025 17:00,110,4,#GalaxyS25Edge 
80351205613077787_0157694805,image,3/27/2025 3:00,44,0,#GalaxyS25Edge 
49791190653958965_1095949663,image,3/24/2025 1:00,97,7,#GalaxyS25Edge 
62101187960505341_9389065713,carousel,5/6/2025,305,10,#GalaxyS25Edge 
75856405108136265_2897479860,image,5/15/2025 18:00,486,4,#GalaxyS25Edge 
03285347531139051_5259070925,carousel,3/17/2025 14:00,467,15,#GalaxyS25Edge 
66416721772591400_4315380584,carousel,4/13/2025 16:00,537,20,#GalaxyS25Edge 
21624640523012044_5031957465,carousel,4/22/2025 1:00,580,22,#GalaxyS25Edge 
56192345761140808_7711626084,reel,5/11/2025 1:00,82,1,#GalaxyS25Edge 
32452831283129647_9850492523,image,4/12/2025,333,9,#GalaxyS25Edge 
60018300671226508_6580995756,carousel,5/5/2025 15:00,55,2,#GalaxyS25Edge 
56583422265155978_2182176846,reel,3/15/2025 5:00,91,4,#GalaxyS25Edge 
51245376266447498_4561205174,image,6/1/2025 4:00,171,7,#GalaxyS25Edge 
24478466896322219_1188626805,reel,6/12/2025 11:00,102,1,#GalaxyS25Edge 
01877075555702932_2685084543,carousel,3/31/2025 20:00,122,6,#GalaxyS25Edge 
11208196271405875_0395962448,carousel,3/29/2025 19:00,113,2,#GalaxyS25Edge 
12702155572738608_5633738738,carousel,4/15/2025 14:00,149,7,#GalaxyS25Edge 
71562308786762392_5129222755,reel,5/7/2025 17:00,113,4,#GalaxyS25Edge 
73720149458132270_5275552493,image,4/5/2025 8:00,215,4,#GalaxyS25Edge 
22921041817396532_1575559209,image,4/3/2025 19:00,179,4,#GalaxyS25Edge 
18131364963422214_0855181512,image,4/11/2025 11:00,204,10,#GalaxyS25Edge 
06652456045833540_5941071291,carousel,3/17/2025 19:00,114,5,#GalaxyS25Edge 
21459968319988380_2114691259,reel,4/1/2025 20:00,364,10,#GalaxyS25Edge 
86958299053167178_9215251007,reel,5/25/2025 23:00,137,4,#GalaxyS25Edge 
37743787347126540_4035764511,image,3/27/2025 3:00,124,5,#GalaxyS25Edge 
09762660358903222_0182774224,reel,4/27/2025 13:00,175,6,#GalaxyS25Edge 
59655899182963804_7375015907,image,4/1/2025 1:00,645,13,#GalaxyS25Edge 
66004028331779545_3130504640,reel,4/19/2025 8:00,315,10,#GalaxyS25Edge 
30693546375198139_0399932063,carousel,3/18/2025 8:00,395,12,#GalaxyS25Edge 
33399124725480678_0540350249,carousel,4/19/2025 1:00,61,2,#GalaxyS25Edge 
17538938050195732_0651749145,carousel,6/3/2025 2:00,53,1,#GalaxyS25Edge 
58434768494371291_3535241222,carousel,3/30/2025,241,10,#GalaxyS25Edge 
44269356851039373_0320063349,image,5/13/2025 4:00,365,11,#GalaxyS25Edge 
47677374828192247_4604353341,carousel,5/1/2025 1:00,112,5,#GalaxyS25Edge 
24567987641197296_9848238818,image,4/12/2025 19:00,236,10,#GalaxyS25Edge 
66576648788942927_0802633822,reel,5/7/2025 13:00,140,6,#GalaxyS25Edge 
19450853832884382_3204145540,image,4/14/2025 3:00,201,0,#GalaxyS25Edge 
90925343787069106_8453527094,carousel,4/27/2025 2:00,275,8,#GalaxyS25Edge 
13474539820766128_6051523287,carousel,4/15/2025 19:00,224,4,#GalaxyS25Edge 
19365463758905513_5716096446,reel,4/6/2025 17:00,128,2,#GalaxyS25Edge 
18104664680781783_4551002995,reel,5/24/2025 16:00,59,1,#GalaxyS25Edge 
53794085956071561_8727147342,carousel,5/9/2025 23:00,238,9,#GalaxyS25Edge 
88098661062631617_9155674637,carousel,4/22/2025 11:00,150,8,#GalaxyS25Edge 
15979020564074691_2355834127,reel,3/29/2025 21:00,231,5,#GalaxyS25Edge 
10850973020915499_7892389806,reel,5/18/2025 21:00,235,0,#GalaxyS25Edge 
68567994675084004_8916540514,image,6/5/2025 13:00,98,4,#GalaxyS25Edge 
49179555141065525_9585393639,reel,5/3/2025 22:00,34,1,#GalaxyS25Edge 
01328925776016966_9845770595,image,5/7/2025 12:00,166,3,#GalaxyS25Edge 
53361415678254579_9170420619,image,4/25/2025 8:00,930,48,#GalaxyS25Edge 
10297352194886864_0657962789,carousel,4/20/2025 2:00,242,6,#GalaxyS25Edge 
09258881017185755_7303804625,reel,4/15/2025 11:00,560,19,#GalaxyS25Edge 
82550189633937593_5422739109,carousel,4/22/2025 9:00,347,12,#GalaxyS25Edge 
56670219014820530_3013282532,carousel,5/4/2025 1:00,340,7,#GalaxyS25Edge 
30565900614466920_8719819931,reel,5/13/2025 6:00,618,20,#GalaxyS25Edge 
13567193342956267_7497800464,reel,3/31/2025 18:00,0,34,#GalaxyS25Edge 
91784365688604590_8377975277,reel,4/11/2025 7:00,89,2,#GalaxyS25Edge 
25504295109699799_4454138519,reel,5/24/2025 1:00,127,5,#GalaxyS25Edge 
66869713774184799_2046053478,image,5/30/2025 12:00,417,11,#GalaxyS25Edge 
57565066861843337_4178736412,image,4/11/2025 10:00,662,16,#GalaxyS25Edge 
82999856431858010_7705063549,image,4/23/2025 16:00,240,8,#GalaxyS25Edge 
89775917282168446_4740314356,image,3/20/2025 17:00,81,3,#GalaxyS25Edge 
08046399076875047_3206896640,reel,4/9/2025 17:00,108,2,#GalaxyS25Edge 
63228489498633313_9542817471,carousel,3/27/2025 3:00,76,2,#GalaxyS25Edge 
78178528739959714_4371882729,carousel,6/9/2025 13:00,2054,53,#GalaxyS25Edge 
51476638994814482_9678242054,carousel,4/29/2025 10:00,102,2,#GalaxyS25Edge 
79825266407654532_6486378716,image,5/1/2025 22:00,80,4,#GalaxyS25Edge 
85457537428695392_8743851769,carousel,4/29/2025 16:00,31,0,#GalaxyS25Edge 
81613944364153514_9512651066,image,4/18/2025 9:00,211,6,#GalaxyS25Edge 
12863360293631535_0767607406,carousel,4/13/2025 20:00,132,6,#GalaxyS25Edge 
89070138804295740_8672024159,carousel,4/19/2025 13:00,218,9,#GalaxyS25Edge 
36996067525504196_2194278556,image,5/20/2025,197,6,#GalaxyS25Edge 
28163270071695495_1112224761,image,3/28/2025 11:00,221,2,#GalaxyS25Edge 
63303525193378592_0920299155,carousel,4/19/2025 3:00,27,1,#GalaxyS25Edge 
69970115896125711_8533545051,image,6/1/2025 20:00,829,28,#GalaxyS25Edge 
46864967385837933_8620869359,reel,5/24/2025 11:00,32,0,#GalaxyS25Edge 
15519026692028661_2827951473,image,4/18/2025 23:00,109,2,#GalaxyS25Edge 
26738357391968173_1653173870,carousel,6/2/2025 17:00,116,3,#GalaxyS25Edge 
57553500425229868_9108598837,carousel,6/2/2025 20:00,397,9,#GalaxyS25Edge 
70837266746819266_7936514797,carousel,4/25/2025 2:00,107,3,#GalaxyS25Edge 
84517380408422133_5537787516,image,4/26/2025 17:00,626,22,#GalaxyS25Edge 
96302330050418192_2275743358,carousel,3/31/2025 17:00,81,3,#GalaxyS25Edge 
26384977477524238_3200638065,carousel,4/25/2025 15:00,88,1,#GalaxyS25Edge 
71456421836466074_0690085291,reel,4/16/2025 11:00,901,18,#GalaxyS25Edge 
32566325127880208_7187273958,carousel,5/7/2025,52,3,#GalaxyS25Edge 
69030831329346068_2083512476,carousel,6/1/2025 4:00,718,19,#GalaxyS25Edge 
77310023151661093_3883976225,image,4/2/2025 5:00,341,13,#GalaxyS25Edge 
85665293026803382_9588997974,reel,4/16/2025 22:00,394,10,#GalaxyS25Edge 
71630203128709585_5936811272,image,4/10/2025 15:00,511,17,#GalaxyS25Edge 
64732811904900126_6298349175,reel,4/11/2025 1:00,17,0,#GalaxyS25Edge 
78072575522030760_7139833464,image,4/30/2025 6:00,101,1,#GalaxyS25Edge 
24990945356868031_1038781635,reel,4/11/2025 14:00,52,2,#GalaxyS25Edge 
51805769966424284_1965698744,image,5/31/2025 15:00,770,17,#GalaxyS25Edge 
23209949106556032_0955714997,reel,4/18/2025 9:00,98,2,#GalaxyS25Edge 
24905670928295570_8171592235,reel,6/7/2025 4:00,470,12,#GalaxyS25Edge 
68712142529343322_1454144884,carousel,4/11/2025 11:00,91,1,#GalaxyS25Edge 
09833611832885176_8953164988,carousel,4/29/2025 20:00,0,15,#GalaxyS25Edge 
39241840991500781_5524449116,reel,4/12/2025 22:00,572,16,#GalaxyS25Edge 
23898865282911015_8592656828,image,4/27/2025 11:00,74,4,#GalaxyS25Edge 
08029859131798607_0555876810,image,3/24/2025 12:00,204,7,#GalaxyS25Edge 
76755108875739195_0861830949,image,6/1/2025 4:00,442,6,#GalaxyS25Edge 
14191231553035230_2713084062,reel,3/18/2025 15:00,699,0,#GalaxyS25Edge 
55937209295961227_4573592123,image,5/24/2025 16:00,119,1,#GalaxyS25Edge 
28717666691258639_6007117102,image,5/24/2025 2:00,1262,41,#GalaxyS25Edge 
17287871920746020_5395167065,carousel,5/11/2025 19:00,69,5,#GalaxyS25Edge 
32013516570395071_3008273607,carousel,4/17/2025 14:00,1504,41,#GalaxyS25Edge 
63702455675220826_1258786224,carousel,3/20/2025 21:00,30,2,#GalaxyS25Edge 
46660866152479403_5723455980,image,5/4/2025 22:00,26,0,#GalaxyS25Edge 
56023068366927667_6590213140,image,5/6/2025 5:00,521,15,#GalaxyS25Edge 
34707288493336368_3018619965,carousel,3/27/2025 3:00,673,15,#GalaxyS25Edge 
31559780671152801_5900292285,carousel,3/31/2025 6:00,2260,72,#GalaxyS25Edge 
67549184586364080_7688000899,carousel,4/11/2025 20:00,0,1,#GalaxyS25Edge 
17463703335960329_2288073336,image,5/30/2025 9:00,274,10,#GalaxyS25Edge 
22781869572148246_1635955476,image,5/31/2025 16:00,160,3,#GalaxyS25Edge 
55778711333427479_8148670156,carousel,5/21/2025 20:00,137,3,#GalaxyS25Edge 
42099131569771535_9397883394,image,4/10/2025 8:00,658,21,#GalaxyS25Edge 
23289346769441377_5888107546,image,3/15/2025 10:00,214,0,#GalaxyS25Edge 
18606901496813176_1619946527,image,6/3/2025 10:00,243,5,#GalaxyS25Edge 
71648219347611601_7064915888,carousel,4/14/2025 13:00,34,0,#GalaxyS25Edge 
09537268710488117_6520096948,carousel,4/8/2025 11:00,63,5,#GalaxyS25Edge 
49300287202464602_0200543242,image,5/31/2025 8:00,350,5,#GalaxyS25Edge 
85549606598612734_2904785458,carousel,4/9/2025 3:00,209,6,#GalaxyS25Edge 
17326520281441443_0104709887,carousel,4/1/2025 7:00,51,1,#GalaxyS25Edge 
82643969214295577_1963319438,reel,3/31/2025 17:00,119,0,#GalaxyS25Edge 
35187674301734341_8380216729,reel,3/22/2025 8:00,85,3,#GalaxyS25Edge 
38485277385860210_4908517079,carousel,4/11/2025 20:00,0,5,#GalaxyS25Edge 
03514789370185572_8772147509,image,4/26/2025 6:00,269,13,#GalaxyS25Edge 
45717744527352173_1812284105,carousel,6/6/2025 12:00,25,1,#GalaxyS25Edge 
85423721291558983_5051167543,carousel,5/16/2025 17:00,247,10,#GalaxyS25Edge 
64764588615673827_7539479619,image,3/24/2025 14:00,301,12,#GalaxyS25Edge 
80394011776337615_0638008495,image,3/31/2025 12:00,243,6,#GalaxyS25Edge 
77503422265284253_1026134041,image,6/4/2025 14:00,165,3,#GalaxyS25Edge 
73190702635443850_4358506863,carousel,3/26/2025 8:00,213,3,#GalaxyS25Edge 
94892437538321536_7919039909,image,5/19/2025 17:00,129,5,#GalaxyS25Edge 
22117977677618922_7310798245,image,5/6/2025 16:00,254,8,#GalaxyS25Edge 
77764402672612898_8755177623,image,5/10/2025 14:00,100,1,#GalaxyS25Edge 
75876484063005879_6295390537,image,5/29/2025 13:00,296,7,#GalaxyS25Edge 
95237851386038892_1322628061,image,4/13/2025 10:00,151,7,#GalaxyS25Edge 
10327408686782814_2906519748,carousel,6/3/2025 1:00,840,36,#GalaxyS25Edge 
86122901489421644_6498009322,carousel,4/22/2025 23:00,874,25,#GalaxyS25Edge 
59276862271611099_4525705570,carousel,6/11/2025 15:00,726,24,#GalaxyS25Edge 
24164251265560859_2942091533,image,3/29/2025,53,1,#GalaxyS25Edge 
54597241509171962_2055563533,carousel,5/24/2025 6:00,130,4,#GalaxyS25Edge 
05047515937926070_2941674733,carousel,6/3/2025 4:00,228,4,#GalaxyS25Edge 
41457704341130566_1171746255,carousel,4/15/2025 8:00,323,10,#GalaxyS25Edge 
62848392746168523_3764414917,reel,5/3/2025 21:00,98,2,#GalaxyS25Edge 
36245787229254976_4815350154,image,3/26/2025 17:00,183,5,#GalaxyS25Edge 
28228774477989403_8316846121,reel,6/12/2025 17:00,160,6,#GalaxyS25Edge 
08949451369689411_3716183176,carousel,5/8/2025 18:00,82,2,#GalaxyS25Edge 
86045502163541039_0578453361,carousel,6/12/2025 21:00,114,2,#GalaxyS25Edge 
90222434905801904_9498398690,image,4/5/2025 11:00,246,4,#GalaxyS25Edge 
88876064994410077_6644521409,carousel,3/22/2025 23:00,99,3,#GalaxyS25Edge 
78526403405303981_6916980416,image,5/23/2025 6:00,395,14,#GalaxyS25Edge 
46753398451419961_2726052356,image,5/8/2025 8:00,128,5,#GalaxyS25Edge 
66446266837577534_6910988892,carousel,5/24/2025 20:00,364,9,#GalaxyS25Edge 
56670602535864972_3100009791,carousel,4/16/2025 9:00,529,9,#GalaxyS25Edge 
47275971537167858_6491670065,image,4/5/2025 3:00,121,2,#GalaxyS25Edge 
26465683296843262_0506192074,image,5/27/2025 11:00,89,0,#GalaxyS25Edge 
55840785274948286_3974470281,reel,3/22/2025 18:00,381,14,#GalaxyS25Edge 
00320102961288212_9779802147,image,3/27/2025 19:00,4140,117,#GalaxyS25Edge 
99253107715293647_2911723490,reel,4/14/2025 10:00,0,14,#GalaxyS25Edge 
94739263444525969_0626565197,image,4/22/2025 22:00,251,9,#GalaxyS25Edge 
89693893556818270_2883432039,carousel,6/10/2025 20:00,476,13,#GalaxyS25Edge 
59116583382581008_6784011913,carousel,4/26/2025 13:00,258,2,#GalaxyS25Edge 
19066119975203270_4294037814,image,5/19/2025 4:00,412,16,#GalaxyS25Edge 
70721202355040953_0539024308,carousel,4/13/2025 6:00,63,4,#GalaxyS25Edge 
74996120176292186_9763565552,image,5/24/2025 16:00,1078,37,#GalaxyS25Edge 
25014230001825501_7055019382,reel,5/6/2025,477,11,#GalaxyS25Edge 
56837759399782811_2363821010,image,6/3/2025 1:00,80,2,#GalaxyS25Edge 
96817922258734206_5145859001,reel,4/29/2025 21:00,355,12,#GalaxyS25Edge 
33844670638053267_7197789022,reel,3/25/2025 7:00,123,2,#GalaxyS25Edge 
44052755045561155_5835231794,reel,4/3/2025,125,6,#GalaxyS25Edge 
71322170944002789_4357610095,image,4/28/2025 23:00,79,0,#GalaxyS25Edge 
81699840429228261_9820343441,reel,5/19/2025 9:00,979,31,#GalaxyS25Edge 
39303735331697971_3813834912,image,5/30/2025 3:00,102,3,#GalaxyS25Edge 
98809543862126866_9643212513,image,3/25/2025 9:00,219,4,#GalaxyS25Edge 
45729221016687455_9275607284,reel,3/15/2025 20:00,150,3,#GalaxyS25Edge 
61142565661383128_5021977089,reel,4/23/2025 5:00,66,0,#GalaxyS25Edge 
46010329532891370_1231382719,carousel,3/23/2025 23:00,35,0,#GalaxyS25Edge 
07354607503144806_6249498438,carousel,5/24/2025 10:00,115,2,#GalaxyS25Edge 
44042846152873994_2360125272,image,6/1/2025 19:00,469,7,#GalaxyS25Edge 
82520372128568864_9296688148,reel,4/30/2025 8:00,78,2,#GalaxyS25Edge 
82029305358847485_5920017931,image,5/10/2025 22:00,4554,168,#GalaxyS25Edge 
68857880388473443_2590372634,image,3/31/2025 10:00,557,25,#GalaxyS25Edge 
80374097257398195_6963274893,image,4/4/2025 5:00,81,4,#GalaxyS25Edge 
58546565573831013_2509390555,carousel,3/25/2025 16:00,237,7,#GalaxyS25Edge 
54343303306824666_6295437200,carousel,5/31/2025 21:00,1042,33,#GalaxyS25Edge 
22851725821171440_9838833636,reel,5/1/2025 9:00,297,9,#GalaxyS25Edge 
05354515928808488_0482547625,image,5/17/2025 5:00,281,12,#GalaxyS25Edge 
31161988812229540_8949976772,carousel,5/28/2025 12:00,62,3,#GalaxyS25Edge 
19821901036718626_2015034528,image,6/3/2025 18:00,211,5,#GalaxyS25Edge 
42212637928763479_6384336183,carousel,4/26/2025 5:00,184,3,#GalaxyS25Edge 
16388544196180041_2833055156,carousel,5/31/2025 6:00,98,1,#GalaxyS25Edge 
68542480647743777_8470724436,reel,6/8/2025 9:00,36,1,#GalaxyS25Edge 
08424722609410226_0427592302,reel,6/6/2025 6:00,440,13,#GalaxyS25Edge 
17063007539641192_3924625077,image,6/7/2025 21:00,59,0,#GalaxyS25Edge 
39488235829597812_6498094060,reel,3/24/2025 4:00,302,4,#GalaxyS25Edge 
48398669947623057_5019904176,reel,4/15/2025,508,17,#GalaxyS25Edge 
28919966291939011_7743812556,carousel,3/22/2025 15:00,82,3,#GalaxyS25Edge 
15423113345528379_2984502866,image,6/6/2025 16:00,179,8,#GalaxyS25Edge 
02277891301476970_6753290833,carousel,4/30/2025 8:00,340,11,#GalaxyS25Edge 
49136385053146037_4640677137,image,5/21/2025 21:00,130,4,#GalaxyS25Edge 
90072579390512300_4122289791,carousel,3/22/2025 18:00,339,5,#GalaxyS25Edge 
62373345320225656_7017614989,reel,5/5/2025 5:00,244,11,#GalaxyS25Edge 
58368896793204089_1398631600,carousel,5/18/2025 22:00,177,5,#GalaxyS25Edge 
12662751620694905_3555710324,reel,6/4/2025,219,2,#GalaxyS25Edge 
45952021968428469_9808773896,image,4/30/2025 11:00,388,10,#GalaxyS25Edge 
94172028162648948_1391072864,reel,5/20/2025 2:00,926,26,#GalaxyS25Edge 
20356752036579669_4385485469,carousel,5/8/2025 3:00,165,5,#GalaxyS25Edge 
01760284395739376_7547233339,image,5/12/2025 19:00,207,9,#GalaxyS25Edge 
73531608292731317_8914490624,reel,4/19/2025 14:00,104,4,#GalaxyS25Edge 
38812516701925732_6132088898,carousel,5/4/2025 5:00,370,12,#GalaxyS25Edge 
64858388601052380_9424187117,carousel,3/27/2025 9:00,393,11,#GalaxyS25Edge 
16462414724729395_4837899353,carousel,5/12/2025 12:00,259,12,#GalaxyS25Edge 
17798726359720744_3228053626,reel,4/26/2025,189,5,#GalaxyS25Edge 
49033167219135059_1811200589,reel,4/13/2025 19:00,349,11,#GalaxyS25Edge 
30951500664298233_5228339399,carousel,5/21/2025 5:00,110,4,#GalaxyS25Edge 
29338613165712996_4874346906,reel,5/9/2025 6:00,280,9,#GalaxyS25Edge 
32306660856256607_7858140688,image,5/27/2025 1:00,848,29,#GalaxyS25Edge 
12202454187392505_2737632740,image,5/30/2025 7:00,182,2,#GalaxyS25Edge 
54445801873841332_0335498144,reel,5/2/2025 22:00,92,1,#GalaxyS25Edge 
91258629209324372_2716638830,reel,6/10/2025 14:00,170,10,#GalaxyS25Edge 
42523034485478376_0903449828,image,6/4/2025 13:00,134,2,#GalaxyS25Edge 
95944036991938435_6134923050,reel,6/9/2025 14:00,68,2,#GalaxyS25Edge 
78787915847891312_1056661107,reel,3/25/2025 1:00,50,0,#GalaxyS25Edge 
06764236113109922_4635250968,reel,5/24/2025 17:00,172,9,#GalaxyS25Edge 
06438639210859908_9923896258,image,6/9/2025 15:00,479,15,#GalaxyS25Edge 
74506404828065375_9743995084,image,3/27/2025 16:00,60,3,#GalaxyS25Edge 
05890417996456652_7822731583,carousel,3/26/2025 11:00,46,0,#GalaxyS25Edge 
38215298702523811_4275323254,reel,5/7/2025 12:00,55,1,#GalaxyS25Edge 
73523508172344119_6589354719,carousel,4/7/2025 20:00,180,6,#GalaxyS25Edge 
16803840878511728_5938110065,image,4/4/2025 20:00,20,1,#GalaxyS25Edge 
32510934272359733_8039637561,carousel,4/29/2025 19:00,916,32,#GalaxyS25Edge 
12034270049796542_2497454197,carousel,6/4/2025 18:00,191,8,#GalaxyS25Edge 
65328258619480420_2668461592,carousel,5/9/2025 20:00,144,6,#GalaxyS25Edge 
33905638225236401_7991468153,carousel,4/1/2025 10:00,317,11,#GalaxyS25Edge 
00549759420939639_8603079330,reel,4/28/2025 20:00,1702,53,#GalaxyS25Edge 
45124576684090476_7639063813,reel,4/21/2025 15:00,20,1,#GalaxyS25Edge 
41394569058434635_8818430448,image,4/10/2025 17:00,230,2,#GalaxyS25Edge 
18097260998362837_2134722682,carousel,4/5/2025 14:00,1498,42,#GalaxyS25Edge 
08258328488702943_6314420122,carousel,5/23/2025 9:00,107,3,#GalaxyS25Edge 
52164486236798980_3603808046,carousel,4/27/2025 16:00,214,11,#GalaxyS25Edge 
42853565879184198_8702109973,carousel,5/17/2025 4:00,665,17,#GalaxyS25Edge 
87744796288245257_4117861318,carousel,5/3/2025 18:00,380,13,#GalaxyS25Edge 
53449807948617239_3255104589,carousel,4/23/2025 15:00,204,2,#GalaxyS25Edge 
62613863102140002_6409871525,image,6/2/2025 6:00,79,1,#GalaxyS25Edge 
57776416385652059_2602832958,carousel,3/18/2025 12:00,109,4,#GalaxyS25Edge 
55662230544853220_3798041338,reel,5/26/2025 2:00,1550,49,#GalaxyS25Edge 
87509399000226009_9130099879,reel,3/22/2025 6:00,194,13,#GalaxyS25Edge 
17018123338604578_7902279343,image,4/20/2025 5:00,303,5,#GalaxyS25Edge 
48611365564185155_2437823987,reel,4/20/2025 18:00,122,7,#GalaxyS25Edge 
95753560741488335_9473455246,carousel,5/21/2025 23:00,341,10,#GalaxyS25Edge 
05822179283726720_0195179372,reel,6/5/2025 22:00,632,23,#GalaxyS25Edge 
30704820907176693_5038078665,carousel,3/16/2025 8:00,1036,35,#GalaxyS25Edge 
74836807560554263_5336673164,reel,5/6/2025 16:00,344,8,#GalaxyS25Edge 
49988293145651180_5508119577,carousel,5/8/2025,419,0,#GalaxyS25Edge 
85060149325159043_6847805647,carousel,3/23/2025 21:00,188,4,#GalaxyS25Edge 
99136015644350288_6476105722,image,6/8/2025 18:00,194,4,#GalaxyS25Edge 
47420451031067483_7198736668,reel,4/22/2025 19:00,1305,0,#GalaxyS25Edge 
69331945763139383_8623629545,image,4/15/2025 22:00,242,10,#GalaxyS25Edge 
48597614541351232_0230762296,carousel,5/31/2025 13:00,354,0,#GalaxyS25Edge 
87092870619600534_6558101228,reel,3/16/2025 5:00,224,7,#GalaxyS25Edge 
51485524970887230_1234851174,image,5/24/2025 17:00,243,5,#GalaxyS25Edge 
54856805282468639_7463650747,reel,4/21/2025 1:00,106,3,#GalaxyS25Edge 
80439983374884572_4163870867,carousel,4/14/2025 20:00,488,19,#GalaxyS25Edge 
17703930743858966_6834989866,carousel,3/28/2025 3:00,575,7,#GalaxyS25Edge 
90892576464936059_9341163080,reel,3/26/2025 5:00,516,8,#GalaxyS25Edge 
92847888429050498_5629140859,reel,5/2/2025 21:00,133,7,#GalaxyS25Edge 
84386834519544255_0861293630,image,6/5/2025 18:00,39,0,#GalaxyS25Edge 
13894890084132944_4768747358,image,6/12/2025 10:00,647,14,#GalaxyS25Edge 
70003107204171674_2313756286,image,6/3/2025 19:00,695,18,#GalaxyS25Edge 
09452733496072076_4834740202,image,5/9/2025 21:00,177,4,#GalaxyS25Edge 
43552133902804997_1413579972,reel,4/12/2025 2:00,62,1,#GalaxyS25Edge 
69967365460270505_1973996461,reel,4/3/2025 5:00,56,3,#GalaxyS25Edge 
91567634946718631_4993326879,carousel,3/30/2025 6:00,62,1,#GalaxyS25Edge 
45925778720848932_9238435124,reel,3/23/2025,243,3,#GalaxyS25Edge 
87265748643494454_1862515176,carousel,3/22/2025 21:00,40,0,#GalaxyS25Edge 
22601202622091712_8114816080,image,6/9/2025,66,2,#GalaxyS25Edge 
32593415286759218_2375527651,carousel,6/11/2025 9:00,51,4,#GalaxyS25Edge 
41855803060041342_4306029511,carousel,3/16/2025 5:00,1093,30,#GalaxyS25Edge 
18382004715440461_7032121585,image,5/23/2025 15:00,311,13,#GalaxyS25Edge 
74328679793132795_6469372513,reel,5/10/2025 9:00,111,3,#GalaxyS25Edge 
37150293613304376_6481817767,reel,5/12/2025 7:00,414,13,#GalaxyS25Edge 
96507636713590950_0362204881,carousel,5/3/2025 20:00,841,27,#GalaxyS25Edge 
47286355485726283_1397182291,reel,4/7/2025 1:00,215,3,#GalaxyS25Edge 
30555863486813874_2946815694,reel,5/16/2025 5:00,133,1,#GalaxyS25Edge 
78907960719602214_1535934049,reel,5/28/2025 3:00,482,5,#GalaxyS25Edge 
92430199848218344_2755177320,carousel,6/1/2025 11:00,22,0,#GalaxyS25Edge 
19832734863960956_3391892750,reel,4/21/2025 4:00,465,15,#GalaxyS25Edge 
77363345325410487_7285461284,image,4/24/2025,177,4,#GalaxyS25Edge 
69778514270615427_9391800584,reel,5/26/2025 22:00,15,1,#GalaxyS25Edge 
26949446617050856_4969092864,image,4/30/2025,669,15,#GalaxyS25Edge 
87337529499828841_5601489973,image,5/3/2025 16:00,600,22,#GalaxyS25Edge 
86782526313737820_8299826825,image,5/23/2025 16:00,729,24,#GalaxyS25Edge 
44105759604520324_5403218703,carousel,4/26/2025,239,6,#GalaxyS25Edge 
02344217446654893_1653988375,image,4/10/2025 2:00,65,1,#GalaxyS25Edge 
90465497256764080_3947371620,image,6/4/2025 10:00,106,7,#GalaxyS25Edge 
82218707908461278_3175432601,image,5/20/2025 9:00,67,1,#GalaxyS25Edge 
50183534060400470_5064536313,reel,4/12/2025 3:00,581,24,#GalaxyS25Edge 
04504883957188997_6209070268,image,4/11/2025 8:00,202,5,#GalaxyS25Edge 
42061749546743076_7391683999,reel,5/3/2025 11:00,311,0,#GalaxyS25Edge 
93795505671460221_3066334425,image,5/4/2025 15:00,0,4,#GalaxyS25Edge 
52614524114467356_7341684005,image,5/15/2025 7:00,111,3,#GalaxyS25Edge 
24561880815507289_1679052947,image,6/6/2025 22:00,785,17,#GalaxyS25Edge 
14008894622437751_6235263415,image,4/5/2025 10:00,88,0,#GalaxyS25Edge 
41254281765464822_0124006539,image,3/31/2025 11:00,106,2,#GalaxyS25Edge 
96258991828803184_3445051005,image,3/26/2025 22:00,93,0,#GalaxyS25Edge 
89765229160747840_5736154636,carousel,3/18/2025 22:00,324,8,#GalaxyS25Edge 
14658772021968448_6573730937,carousel,4/6/2025 15:00,202,2,#GalaxyS25Edge 
32468871788722345_2996063466,carousel,5/10/2025 23:00,594,14,#GalaxyS25Edge 
61978171687419705_1437442307,reel,4/10/2025 11:00,391,12,#GalaxyS25Edge 
29993846226745565_1579276289,reel,3/18/2025 12:00,86,2,#GalaxyS25Edge 
63132347222705406_9589845901,image,5/9/2025 23:00,356,7,#GalaxyS25Edge 
61471116732721028_5853114437,image,3/15/2025 1:00,110,3,#GalaxyS25Edge 
66465080081781576_3793952818,image,3/22/2025 10:00,243,10,#GalaxyS25Edge 
58292817450946657_0398490988,reel,3/29/2025 19:00,203,12,#GalaxyS25Edge 
46194160187040083_8397268730,image,4/18/2025 10:00,385,15,#GalaxyS25Edge 
17393675050647106_9876789610,carousel,5/2/2025 23:00,471,8,#GalaxyS25Edge 
08848776117734992_5256990323,carousel,4/28/2025 23:00,80,0,#GalaxyS25Edge 
40632676248678203_7280563843,image,3/20/2025 7:00,903,29,#GalaxyS25Edge 
47984920746140463_9302472712,carousel,5/25/2025 21:00,146,5,#GalaxyS25Edge 
25308529532926208_0385898720,carousel,5/30/2025 6:00,41,1,#GalaxyS25Edge 
15497520391726391_6497485837,image,5/10/2025 6:00,67,2,#GalaxyS25Edge 
78331169361562961_1595056650,carousel,4/10/2025 9:00,399,16,#GalaxyS25Edge 
21820769538925942_0212976187,reel,5/7/2025 2:00,162,0,#GalaxyS25Edge 
03965188823166669_8479953686,image,4/29/2025 22:00,185,5,#GalaxyS25Edge 
86843787340719555_7243170914,image,5/19/2025 13:00,126,2,#GalaxyS25Edge 
58319676300544675_4394232623,carousel,6/1/2025 8:00,157,6,#GalaxyS25Edge 
58096965710945421_6833136169,carousel,4/26/2025 3:00,405,13,#GalaxyS25Edge 
69228086041655579_0106258599,image,5/9/2025 10:00,60,2,#GalaxyS25Edge 
30938748126767133_7888711608,carousel,4/13/2025 11:00,148,4,#GalaxyS25Edge 
91053893455937455_2922971120,carousel,5/17/2025 8:00,142,0,#GalaxyS25Edge 
32655518232812881_7632374782,carousel,5/2/2025 5:00,420,13,#GalaxyS25Edge 
97971553796647718_3713515375,image,3/29/2025 22:00,438,9,#GalaxyS25Edge 
33561417491757444_2886973656,carousel,6/2/2025 5:00,232,9,#GalaxyS25Edge 
68972753161464782_1900286270,carousel,6/4/2025 9:00,34,0,#GalaxyS25Edge 
07144301503589806_5120821715,image,3/21/2025 7:00,286,0,#GalaxyS25Edge 
85686657820396855_6212408282,image,5/27/2025 21:00,471,14,#GalaxyS25Edge 
36519746128989325_0488750207,carousel,4/10/2025 6:00,171,3,#GalaxyS25Edge 
12123189779718021_1555081096,carousel,3/28/2025 9:00,39,1,#GalaxyS25Edge 
83250624808915952_5556370210,carousel,4/19/2025 13:00,85,1,#GalaxyS25Edge 
50794739325550702_0017002454,reel,4/3/2025 17:00,541,20,#GalaxyS25Edge 
63534284135139608_4337213023,image,6/10/2025 17:00,265,3,#GalaxyS25Edge 
50272016803540519_4610031731,image,4/25/2025 13:00,84,2,#GalaxyS25Edge 
29468881138499761_5670250129,image,4/4/2025 6:00,68,2,#GalaxyS25Edge 
22393907627900695_8674959688,reel,4/12/2025 18:00,86,3,#GalaxyS25Edge 
26093965765825300_6191531060,carousel,5/7/2025 14:00,92,3,#GalaxyS25Edge 
83586851439084680_8079491588,carousel,3/28/2025 14:00,160,3,#GalaxyS25Edge 
84070314297949816_0786517985,reel,5/28/2025 8:00,907,19,#GalaxyS25Edge 
48843138788262038_9968487151,reel,5/2/2025 8:00,274,5,#GalaxyS25Edge 
42875558056659440_3565771897,image,4/6/2025 21:00,603,13,#GalaxyS25Edge 
99706051617529408_2502755544,carousel,5/15/2025 23:00,101,4,#GalaxyS25Edge 
90608539098756773_7435583892,image,5/15/2025 12:00,409,6,#GalaxyS25Edge 
46456830575703827_7228582993,reel,4/3/2025 15:00,475,13,#GalaxyS25Edge 
23368977189099729_9857990484,image,5/27/2025 11:00,262,11,#GalaxyS25Edge 
31519631156822949_0519975327,carousel,5/1/2025 3:00,55,2,#GalaxyS25Edge 
59804953929265827_8962687811,carousel,4/5/2025 14:00,187,3,#GalaxyS25Edge 
84945912331403782_4241700365,image,4/10/2025 20:00,73,6,#GalaxyS25Edge 
66164590892931948_2506677363,reel,4/4/2025 12:00,36,0,#GalaxyS25Edge 
34426955138075808_3021806719,reel,4/8/2025 7:00,0,12,#GalaxyS25Edge 
74399210898931966_1571293492,reel,4/17/2025 12:00,97,6,#GalaxyS25Edge 
91607425790916427_3564483405,reel,3/17/2025 15:00,282,5,#GalaxyS25Edge 
68275514022651872_3769162069,reel,5/13/2025 20:00,54,2,#GalaxyS25Edge 
47430360785157929_9769101015,carousel,5/15/2025 22:00,94,2,#GalaxyS25Edge 
21918509986711700_6400436383,carousel,6/6/2025 1:00,640,0,#GalaxyS25Edge 
50923659609117688_9421593497,carousel,4/13/2025 23:00,151,11,#GalaxyS25Edge 
84884502043542138_0646069732,carousel,4/12/2025 13:00,64,2,#GalaxyS25Edge 
72270976857499787_5721333671,carousel,5/1/2025 5:00,43,2,#GalaxyS25Edge 
29625907032606425_8216192237,image,5/27/2025 23:00,161,8,#GalaxyS25Edge 
31264154684243141_2458492437,image,3/17/2025 8:00,37,2,#GalaxyS25Edge 
13685253820718928_5829944034,image,3/17/2025,254,5,#GalaxyS25Edge 
39469343147998179_4684660121,carousel,5/27/2025 17:00,119,5,#GalaxyS25Edge 
32383091918161403_1005531390,image,6/7/2025 13:00,131,5,#GalaxyS25Edge 
41966932626264491_5146329509,carousel,6/2/2025 11:00,331,7,#GalaxyS25Edge 
01236279021577924_3382167041,carousel,4/10/2025 13:00,100,2,#GalaxyS25Edge 
45820742395799595_8428375337,reel,4/29/2025 1:00,64,5,#GalaxyS25Edge 
79301228572464683_6703476208,image,4/16/2025 14:00,202,2,#GalaxyS25Edge 
34819083265585177_9811927448,image,5/31/2025 5:00,232,9,#GalaxyS25Edge 
73616427974966881_7877914053,reel,4/16/2025 1:00,180,8,#GalaxyS25Edge 
85783781817750984_5579297603,image,4/28/2025 14:00,93,5,#GalaxyS25Edge 
32224932977933547_1386767259,carousel,5/13/2025 3:00,445,13,#GalaxyS25Edge 
99508941744665553_2475209299,reel,6/2/2025 18:00,567,21,#GalaxyS25Edge 
85731920277600810_5829794583,image,6/10/2025 7:00,228,7,#GalaxyS25Edge 
12937895366794066_0986857268,image,5/4/2025 2:00,343,11,#GalaxyS25Edge 
88123817380498292_2998942807,reel,5/3/2025 21:00,1241,37,#GalaxyS25Edge 
94900227094821051_4833543344,carousel,3/25/2025 4:00,51,1,#GalaxyS25Edge 
47058253461719616_0293984002,image,3/23/2025 1:00,506,15,#GalaxyS25Edge 
49578788352704126_8318168541,carousel,5/22/2025 9:00,194,5,#GalaxyS25Edge 
47053276761333918_1237397353,reel,5/28/2025 19:00,46,0,#GalaxyS25Edge 
97155366998703665_9656578392,image,5/29/2025 14:00,116,3,#GalaxyS25Edge 
94224670057086790_3855154399,image,5/6/2025 10:00,54,2,#GalaxyS25Edge 
08413322186210474_5685114247,image,3/26/2025 2:00,123,3,#GalaxyS25Edge 
46036852317387901_3820189070,carousel,3/24/2025 4:00,35,2,#GalaxyS25Edge 
95890821827146277_8995066224,reel,4/3/2025 6:00,24,1,#GalaxyS25Edge 
39954809296748141_3581370246,carousel,6/5/2025 1:00,144,8,#GalaxyS25Edge 
13900927812437926_8612457720,carousel,6/11/2025 18:00,107,3,#GalaxyS25Edge 
85600046134622469_0118194384,carousel,4/16/2025 18:00,184,5,#GalaxyS25Edge 
86815877960356051_6485477540,carousel,3/23/2025,150,7,#GalaxyS25Edge 
82161320252688616_4871704775,reel,6/12/2025 5:00,66,2,#GalaxyS25Edge 
36198323269492431_3144208982,carousel,6/2/2025 15:00,288,4,#GalaxyS25Edge 
10647473486423548_8117721002,carousel,5/23/2025 23:00,375,10,#GalaxyS25Edge 
90216670749068630_5757656348,image,3/29/2025 16:00,1389,41,#GalaxyS25Edge 
24101067165748735_8541670212,image,4/2/2025 7:00,43,0,#GalaxyS25Edge 
36751737005812943_2713091300,carousel,3/20/2025 12:00,593,18,#GalaxyS25Edge 
49456615085352970_2777081865,image,4/11/2025 21:00,144,8,#GalaxyS25Edge 
73822228494559974_1802594873,carousel,4/24/2025 2:00,194,5,#GalaxyS25Edge 
74843514475482953_8922419145,carousel,4/15/2025 23:00,342,9,#GalaxyS25Edge 
44612747091166488_4172050992,carousel,3/27/2025 22:00,194,9,#GalaxyS25Edge 
47863179019151689_1023257858,reel,4/8/2025 11:00,69,1,#GalaxyS25Edge 
21985143622262294_4244750442,carousel,4/27/2025 21:00,194,7,#GalaxyS25Edge 
04226110485891278_5904275629,carousel,5/27/2025 23:00,296,5,#GalaxyS25Edge 
58566479996794538_1323378659,image,6/1/2025 8:00,79,3,#GalaxyS25Edge 
81403808891721248_5110518638,reel,5/21/2025 22:00,113,6,#GalaxyS25Edge 
53078826752348775_2664387531,carousel,5/29/2025 9:00,590,28,#GalaxyS25Edge 
13395663716718486_1382573322,reel,5/23/2025 17:00,91,2,#GalaxyS25Edge 
05289745496325238_8330610737,carousel,5/10/2025 15:00,104,0,#GalaxyS25Edge 
41282327868054382_0561431180,carousel,5/12/2025 7:00,310,7,#GalaxyS25Edge 
70514893317539476_3685274474,carousel,6/10/2025,225,13,#GalaxyS25Edge 
25236312166208518_5022516540,reel,3/19/2025 6:00,79,1,#GalaxyS25Edge 
28864003670767154_6009802241,image,3/30/2025 2:00,146,2,#GalaxyS25Edge 
92264724484967704_3097115313,reel,3/27/2025 4:00,96,5,#GalaxyS25Edge 
02934298568334273_3064153487,reel,5/23/2025,856,21,#GalaxyS25Edge 
78681045952523243_4503790201,image,3/26/2025 11:00,233,10,#GalaxyS25Edge 
62230660657046858_5561561322,carousel,4/8/2025 16:00,536,19,#GalaxyS25Edge 
80823581587220684_4001848823,reel,5/17/2025,452,6,#GalaxyS25Edge 
40052893788334344_0569864723,carousel,4/14/2025 3:00,351,18,#GalaxyS25Edge 
05535127995482507_4712479021,reel,6/6/2025 19:00,323,14,#GalaxyS25Edge 
05461583285764904_4440597128,reel,4/24/2025 5:00,301,13,#GalaxyS25Edge 
52135919728666676_4233596693,image,5/21/2025 18:00,88,0,#GalaxyS25Edge 
21473709498757121_3004845778,carousel,3/17/2025 10:00,94,2,#GalaxyS25Edge 
54467444719380983_8128732509,reel,5/25/2025 13:00,309,17,#GalaxyS25Edge 
95091650206709007_9606071949,carousel,3/27/2025 16:00,182,2,#GalaxyS25Edge 
43311174069159929_9800818680,image,4/20/2025 10:00,995,24,#GalaxyS25Edge 
58728648715817053_8577516284,carousel,6/6/2025 13:00,75,1,#GalaxyS25Edge 
42320576658251084_7045897018,image,5/18/2025 21:00,35,2,#GalaxyS25Edge 
54115104463811624_9724292390,image,5/20/2025 11:00,118,3,#GalaxyS25Edge 
59267694583637368_1566041972,reel,4/28/2025 21:00,125,2,#GalaxyS25Edge 
49144232161278239_6713051340,image,5/27/2025 8:00,0,0,#GalaxyS25Edge 
23847728293189741_5499324005,reel,3/22/2025 4:00,94,5,#GalaxyS25Edge 
37276180793081868_9158085818,reel,6/11/2025 6:00,101,2,#GalaxyS25Edge 
88138173245365835_5796177171,carousel,4/9/2025 16:00,808,24,#GalaxyS25Edge 
28503395507091254_6326957141,image,3/26/2025 23:00,257,6,#GalaxyS25Edge 
25803058497413300_1153835806,reel,4/26/2025 22:00,72,2,#GalaxyS25Edge 
39599365672292793_7953380897,carousel,3/15/2025 11:00,360,13,#GalaxyS25Edge 
78607714987141125_8237777089,image,5/13/2025 8:00,1053,38,#GalaxyS25Edge 
30760334972816743_8452418429,carousel,5/2/2025 2:00,52,0,#GalaxyS25Edge 
12051657812272608_1951660685,image,5/24/2025 13:00,90,2,#GalaxyS25Edge 
58272239588502308_2501829551,carousel,6/8/2025 15:00,166,5,#GalaxyS25Edge 
33739460949556356_2740480768,reel,6/6/2025 21:00,138,2,#GalaxyS25Edge 
72509035648073044_7725150602,image,5/27/2025 19:00,45,0,#GalaxyS25Edge 
96315990605032361_6341270465,reel,4/20/2025 12:00,204,9,#GalaxyS25Edge 
54631950113615693_7023712335,image,5/9/2025 4:00,161,5,#GalaxyS25Edge 
87214849863887013_6152318493,image,4/7/2025 21:00,121,3,#GalaxyS25Edge 
06111997584057407_3585490858,reel,6/7/2025 14:00,205,5,#GalaxyS25Edge 
20166621145506140_7193670660,carousel,4/27/2025,361,9,#GalaxyS25Edge 
24949319204744366_0685345818,image,3/27/2025 10:00,143,7,#GalaxyS25Edge 
84246322600714324_8492214936,carousel,6/4/2025 19:00,126,4,#GalaxyS25Edge 
60948841834152030_9388851738,carousel,4/3/2025 1:00,141,13,#GalaxyS25Edge 
11789104137412163_1748578481,image,4/3/2025 7:00,205,6,#GalaxyS25Edge 
08154025160455048_4274753297,image,4/11/2025 1:00,627,18,#GalaxyS25Edge 
70820422967429908_3658656089,reel,5/14/2025 21:00,478,11,#GalaxyS25Edge 
16919796976326372_6811581716,carousel,5/1/2025 5:00,319,12,#GalaxyS25Edge 
84960514039061442_3273803554,image,5/26/2025 8:00,204,6,#GalaxyS25Edge 
70111689508708329_1976409235,carousel,4/9/2025 7:00,111,2,#GalaxyS25Edge 
09603870769497190_7195133266,image,5/17/2025 17:00,90,3,#GalaxyS25Edge 
47752189647228608_5195428716,carousel,4/24/2025 10:00,266,4,#GalaxyS25Edge 
25456555343990930_8448169274,image,4/23/2025 3:00,204,5,#GalaxyS25Edge 
21131849517215766_7956140874,reel,4/4/2025 18:00,80,3,#GalaxyS25Edge 
42699709531447323_1853980394,carousel,3/22/2025 20:00,162,4,#GalaxyS25Edge 
37997474127283665_1347939222,carousel,5/4/2025 23:00,0,8,#GalaxyS25Edge 
85401493718144484_2854121060,carousel,6/8/2025 15:00,193,4,#GalaxyS25Edge 
25966296191176140_9332049817,carousel,5/24/2025 8:00,44,1,#GalaxyS25Edge 
69573537926978591_1883322552,reel,5/22/2025 19:00,689,17,#GalaxyS25Edge 
05862361112666803_9019757099,carousel,4/13/2025 8:00,114,3,#GalaxyS25Edge 
39289369158114487_5763269181,image,4/17/2025 5:00,334,10,#GalaxyS25Edge 
08694543974385590_6779165499,image,6/7/2025 7:00,207,5,#GalaxyS25Edge 
11882755242083897_5323397953,reel,4/2/2025 8:00,301,12,#GalaxyS25Edge 
82791016275698737_3360650976,reel,3/22/2025 10:00,83,0,#GalaxyS25Edge 
88511183643553029_3419198161,image,3/30/2025 4:00,225,7,#GalaxyS25Edge 
06698661663980049_8043119233,reel,5/4/2025 6:00,183,9,#GalaxyS25Edge 
92224863828281122_7350589056,image,3/24/2025 4:00,119,2,#GalaxyS25Edge 
16059482219760356_7696083220,carousel,4/16/2025 4:00,49,4,#GalaxyS25Edge 
57515664822421082_9444720239,carousel,4/28/2025 2:00,305,7,#GalaxyS25Edge 
94464458030288373_1059319981,image,4/10/2025,209,10,#GalaxyS25Edge 
99271906934862165_2688114771,reel,3/15/2025 6:00,144,5,#GalaxyS25Edge 
97608621792735271_8010271302,image,4/20/2025 9:00,351,6,#GalaxyS25Edge 
85320095803622006_5847877986,image,4/2/2025 9:00,258,7,#GalaxyS25Edge 
89259081544361145_6859779526,image,6/5/2025 5:00,120,3,#GalaxyS25Edge 
22287398706472905_6724343531,carousel,3/28/2025 10:00,140,2,#GalaxyS25Edge 
13601015708758847_1382918615,carousel,3/29/2025 16:00,192,7,#GalaxyS25Edge 
01229484367981198_2331928101,carousel,5/19/2025 17:00,36,1,#GalaxyS25Edge 
02088008025122437_3649751536,carousel,4/4/2025 14:00,37,0,#GalaxyS25Edge 
78186787981948157_5990156131,carousel,4/5/2025 11:00,266,10,#GalaxyS25Edge 
62820929878139459_5073550555,carousel,5/12/2025 23:00,1040,0,#GalaxyS25Edge 
28026676300863636_0444166771,image,5/11/2025 3:00,544,21,#GalaxyS25Edge 
38362782118702052_7596402149,image,5/8/2025 4:00,363,9,#GalaxyS25Edge 
36477935810743295_0974582314,image,5/7/2025,124,7,#GalaxyS25Edge 
23860611959541599_0196772114,image,6/7/2025 9:00,0,16,#GalaxyS25Edge 
40245541203958766_9483617183,reel,6/7/2025 8:00,163,3,#GalaxyS25Edge 
08033445321106362_1605223329,carousel,6/9/2025 11:00,62,1,#GalaxyS25Edge 
61188716262367691_7461836328,carousel,5/30/2025 21:00,74,1,#GalaxyS25Edge 
10986262661215846_3195990845,image,5/21/2025 2:00,665,13,#GalaxyS25Edge 
58803625705085952_7192052566,image,5/1/2025 22:00,134,5,#GalaxyS25Edge 
56333891520884589_6918436933,carousel,4/26/2025 17:00,345,6,#GalaxyS25Edge 
80522240091063528_5306862648,reel,5/27/2025 2:00,184,2,#GalaxyS25Edge 
91037726060948345_2291462446,reel,4/29/2025 16:00,631,20,#GalaxyS25Edge 
38793907996848166_9137213250,carousel,4/12/2025 1:00,144,0,#GalaxyS25Edge 
68833932428598359_4996950512,carousel,6/9/2025 22:00,48,0,#GalaxyS25Edge 
70820806721861854_6987062341,image,3/26/2025 23:00,178,0,#GalaxyS25Edge 
21043362417414009_1209073813,carousel,6/5/2025 1:00,588,12,#GalaxyS25Edge 
05280697356032944_5081168952,carousel,5/2/2025 8:00,278,5,#GalaxyS25Edge 
24132513413059010_3917396340,image,3/21/2025 6:00,515,22,#GalaxyS25Edge 
14342160459687314_3177955965,image,4/27/2025 13:00,712,24,#GalaxyS25Edge 
93698860883048157_0864127910,reel,5/29/2025 13:00,374,11,#GalaxyS25Edge 
69189722930577002_6880927651,reel,5/23/2025 5:00,119,4,#GalaxyS25Edge 
07269097164173759_6505643238,image,5/30/2025 10:00,26,0,#GalaxyS25Edge 
02522453299164218_6568246277,carousel,5/24/2025 10:00,813,22,#GalaxyS25Edge 
87145103034773914_6017883373,image,3/26/2025 4:00,44,2,#GalaxyS25Edge 
06006863478106139_2112396337,carousel,5/22/2025 16:00,205,8,#GalaxyS25Edge 
49405118866834780_3762464333,image,4/10/2025 19:00,178,5,#GalaxyS25Edge 
78787484784687750_1713926666,carousel,4/30/2025 11:00,283,13,#GalaxyS25Edge 
27638750426989931_2432443707,carousel,3/19/2025 13:00,79,3,#GalaxyS25Edge 
47921879026638818_8355154914,reel,4/2/2025 17:00,90,1,#GalaxyS25Edge 
42687350160369908_0035591023,image,4/20/2025 16:00,43,0,#GalaxyS25Edge 
81355115217726992_6432674513,image,5/4/2025 8:00,155,5,#GalaxyS25Edge 
19048998483593513_8272930522,reel,3/17/2025 11:00,46,0,#GalaxyS25Edge 
93023185774428063_3145635892,carousel,4/4/2025 19:00,90,3,#GalaxyS25Edge 
95321456912752510_2939516333,reel,3/31/2025 1:00,28,1,#GalaxyS25Edge 
48066003822816236_1379335450,reel,4/10/2025 4:00,210,3,#GalaxyS25Edge 
53802851773634725_4304069753,image,5/15/2025 22:00,370,12,#GalaxyS25Edge 
30919132692122119_8623892693,image,6/1/2025 17:00,204,6,#GalaxyS25Edge 
07745993036455848_4846650401,reel,3/19/2025 19:00,161,10,#GalaxyS25Edge 
19464672916305177_4125831430,carousel,6/5/2025,586,20,#GalaxyS25Edge 
37530895334603868_8584715601,reel,5/13/2025 5:00,356,11,#GalaxyS25Edge 
75273609828933111_7723183833,image,5/29/2025 22:00,69,3,#GalaxyS25Edge 
86129542465046624_1357468057,image,5/15/2025 14:00,202,3,#GalaxyS25Edge 
32463285527828163_4111194012,carousel,4/15/2025 6:00,118,6,#GalaxyS25Edge 
48599649320526282_1836719594,image,5/16/2025 6:00,125,0,#GalaxyS25Edge 
77708604187094405_4596363207,image,5/21/2025 13:00,28,1,#GalaxyS25Edge 
51042383492419992_4896426362,reel,6/5/2025 15:00,44,2,#GalaxyS25Edge 
16348753531565545_5580075325,image,4/6/2025 18:00,207,6,#GalaxyS25Edge 
55321284493314026_3640843391,image,4/6/2025 23:00,273,6,#GalaxyS25Edge 
48475741291386951_4856812589,image,6/6/2025 15:00,161,8,#GalaxyS25Edge 
32330786241213214_3401844181,carousel,3/18/2025 19:00,292,6,#GalaxyS25Edge 
46166638740409686_0575498128,reel,5/19/2025,740,25,#GalaxyS25Edge 
94341783664874844_7946999958,image,5/27/2025 12:00,83,2,#GalaxyS25Edge 
89632303361158818_5902316549,carousel,3/16/2025 7:00,205,2,#GalaxyS25Edge 
13927364143914878_0974983163,reel,3/30/2025 6:00,222,11,#GalaxyS25Edge 
96371754389524983_0722737145,reel,5/29/2025 6:00,141,4,#GalaxyS25Edge 
85233270264387012_9024392966,reel,4/26/2025 18:00,118,4,#GalaxyS25Edge 
10252592963343865_0527540030,image,6/11/2025 21:00,428,16,#GalaxyS25Edge 
06289702345101332_9064451852,reel,4/23/2025 3:00,176,9,#GalaxyS25Edge 
06872592285358473_4059988081,reel,5/25/2025 5:00,412,12,#GalaxyS25Edge 
68262692653987535_4598802712,image,4/17/2025 22:00,72,1,#GalaxyS25Edge 
25272553487768847_1994452282,carousel,3/22/2025 10:00,97,5,#GalaxyS25Edge 
70444759982379447_0712801927,reel,4/8/2025 21:00,33,2,#GalaxyS25Edge 
45040649773124304_8528956300,carousel,6/10/2025 6:00,33,0,#GalaxyS25Edge 
29685651069769820_6109185528,image,5/5/2025 19:00,310,13,#GalaxyS25Edge 
91299777322124467_7748422281,reel,3/29/2025 14:00,73,3,#GalaxyS25Edge 
59287512096929497_0967533562,image,6/3/2025 21:00,474,20,#GalaxyS25Edge 
05368721696484959_8229301721,image,3/17/2025 1:00,292,6,#GalaxyS25Edge 
64059005472874224_8422984957,carousel,5/11/2025 11:00,567,12,#GalaxyS25Edge 
64820906221833370_2549544433,carousel,6/1/2025 2:00,57,2,#GalaxyS25Edge 
19526336438094839_4520583054,image,6/6/2025 16:00,328,10,#GalaxyS25Edge 
95272813893163908_2196380268,carousel,4/26/2025 11:00,88,2,#GalaxyS25Edge 
06972716086574262_9937961944,reel,5/26/2025 4:00,46,2,#GalaxyS25Edge 
13935432025994982_1864946244,reel,4/1/2025 10:00,630,17,#GalaxyS25Edge 
03049680212904013_7618433351,image,5/11/2025 1:00,0,17,#GalaxyS25Edge 
71511903634066301_0521582546,reel,4/6/2025 1:00,173,6,#GalaxyS25Edge 
99715706544331397_9243775826,carousel,6/9/2025 18:00,676,16,#GalaxyS25Edge 
43564369275137283_2397790295,carousel,6/7/2025 5:00,240,4,#GalaxyS25Edge 
72225539788411639_2902684444,image,5/6/2025 16:00,326,11,#GalaxyS25Edge 
51763047285977258_8160194283,carousel,4/7/2025 8:00,41,0,#GalaxyS25Edge 
57615272684616418_7906382341,carousel,3/23/2025 20:00,134,2,#GalaxyS25Edge 
59189532598129610_6638995629,carousel,6/10/2025 4:00,156,4,#GalaxyS25Edge 
83269743325067955_6099333870,reel,4/25/2025 8:00,657,21,#GalaxyS25Edge 
24720058093070862_3837052916,carousel,3/17/2025 2:00,256,5,#GalaxyS25Edge 
50490293252595718_6137460585,carousel,3/20/2025 19:00,302,7,#GalaxyS25Edge 
00520380453316594_6805119236,reel,5/12/2025 23:00,129,4,#GalaxyS25Edge 
25722433946089913_0285773462,carousel,6/11/2025 19:00,780,31,#GalaxyS25Edge 
94774918933060267_8757596315,image,3/26/2025,163,5,#GalaxyS25Edge 
27654602036896362_0508024354,reel,4/13/2025 2:00,106,2,#GalaxyS25Edge 
37212409860566051_9908828451,reel,5/17/2025 19:00,1117,33,#GalaxyS25Edge 
08368372963749465_7448948892,image,5/16/2025 23:00,86,0,#GalaxyS25Edge 
32487560634134197_7026773015,reel,3/25/2025 18:00,304,11,#GalaxyS25Edge 
77980563324613257_5455124912,reel,5/3/2025 18:00,588,13,#GalaxyS25Edge 
91217000134338840_1324923829,reel,5/24/2025 7:00,45,2,#GalaxyS25Edge 
37500715587787831_1752681797,image,5/30/2025 10:00,47,1,#GalaxyS25Edge 
34363727904063842_0091361334,image,6/10/2025 17:00,53,1,#GalaxyS25Edge 
53300997625330007_0060030352,image,3/26/2025 4:00,401,12,#GalaxyS25Edge 
49856487019078601_1146104200,carousel,4/5/2025 20:00,211,5,#GalaxyS25Edge 
86507402929181680_4027434897,carousel,5/30/2025 20:00,213,8,#GalaxyS25Edge 
40864177632882447_2246464514,reel,6/6/2025 2:00,152,6,#GalaxyS25Edge 
88583064120028276_9822150923,image,3/20/2025 11:00,543,11,#GalaxyS25Edge 
44242788211061163_2029338960,carousel,4/13/2025 21:00,352,12,#GalaxyS25Edge 
42228925889580586_8078842256,carousel,4/18/2025 2:00,95,3,#GalaxyS25Edge 
47029422955358221_5160565232,carousel,3/22/2025 5:00,863,22,#GalaxyS25Edge 
89321349744046334_9171327981,image,4/23/2025 3:00,239,7,#GalaxyS25Edge 
31995567803402621_1113164226,image,4/28/2025 10:00,94,2,#GalaxyS25Edge 
38451215276614200_0453284347,carousel,4/4/2025,277,7,#GalaxyS25Edge 
81323186229552906_8509482787,reel,3/19/2025 4:00,292,6,#GalaxyS25Edge 
09324727537582012_6000128867,carousel,4/27/2025 23:00,121,4,#GalaxyS25Edge 
39826003771068225_5844647374,carousel,4/20/2025 13:00,211,4,#GalaxyS25Edge 
37109990954807836_0322448973,image,5/25/2025 10:00,302,11,#GalaxyS25Edge 
25629140167634508_5269720448,reel,4/16/2025,400,10,#GalaxyS25Edge 
69280016800953982_9754519436,image,3/30/2025,96,3,#GalaxyS25Edge 
05347621909496173_3831647671,image,4/27/2025 15:00,180,6,#GalaxyS25Edge 
33408510834771820_3220071516,carousel,3/20/2025 2:00,124,6,#GalaxyS25Edge 
50535295376144651_1465491320,carousel,3/26/2025 12:00,301,6,#GalaxyS25Edge 
89940374660984509_4020143781,image,3/24/2025 7:00,143,6,#GalaxyS25Edge 
21794792128885763_7396757560,carousel,3/22/2025 13:00,279,12,#GalaxyS25Edge 
60590896380406865_7406315022,carousel,3/16/2025 1:00,397,10,#GalaxyS25Edge 
33521461473117660_3410081700,carousel,6/10/2025 10:00,43,0,#GalaxyS25Edge 
55126925532700505_7872784144,image,6/10/2025 21:00,55,1,#GalaxyS25Edge 
02380114354519295_7372630910,image,3/29/2025 13:00,177,3,#GalaxyS25Edge 
63450959727939178_5173415391,image,5/17/2025 9:00,358,13,#GalaxyS25Edge 
37195973601880822_8352833114,image,5/6/2025 16:00,0,0,#GalaxyS25Edge 
29432201583122134_2544542475,reel,5/3/2025 7:00,957,23,#GalaxyS25Edge 
24962566184559472_0101337323,carousel,3/30/2025,511,10,#GalaxyS25Edge 
42049192453747154_4100659748,image,6/3/2025 18:00,1023,38,#GalaxyS25Edge 
36946690129567349_9869449113,carousel,4/5/2025 10:00,0,11,#GalaxyS25Edge 
34531795985142437_4724171764,carousel,6/5/2025 23:00,155,8,#GalaxyS25Edge 
58997426230045637_0281127784,carousel,5/17/2025 22:00,934,0,#GalaxyS25Edge 
34126906869019087_4637753595,image,6/11/2025 16:00,310,5,#GalaxyS25Edge 
15186293469108120_9503093597,image,4/9/2025 13:00,194,3,#GalaxyS25Edge 
36134825117798604_4230927035,reel,4/30/2025 10:00,151,5,#GalaxyS25Edge 
51673721399832223_5177740822,carousel,5/19/2025 20:00,68,0,#GalaxyS25Edge 
20087431382144356_1220262482,carousel,6/4/2025 13:00,79,2,#GalaxyS25Edge 
14700292659204037_0839513923,image,4/9/2025 1:00,175,5,#GalaxyS25Edge 
29793180736786374_5113680434,image,5/29/2025 19:00,94,4,#GalaxyS25Edge 
13003804321370147_6498610728,image,4/2/2025 22:00,1610,56,#GalaxyS25Edge 
81243910689593532_3346205338,reel,6/9/2025 5:00,135,6,#GalaxyS25Edge 
23133350787695869_9567140435,image,5/6/2025 3:00,106,2,#GalaxyS25Edge 
40196074853045114_4438334074,reel,3/31/2025 21:00,194,8,#GalaxyS25Edge 
07458320633452183_1161581899,image,4/30/2025 20:00,371,13,#GalaxyS25Edge 
78929942771972587_7381201430,carousel,6/3/2025 21:00,960,30,#GalaxyS25Edge 
26618228316433373_2698809089,carousel,4/21/2025 10:00,409,12,#GalaxyS25Edge 
81224418170089860_2874527543,carousel,4/7/2025 3:00,204,10,#GalaxyS25Edge 
26594108033480333_2117970226,carousel,5/14/2025 1:00,0,4,#GalaxyS25Edge 
75113344775609323_6007235486,reel,5/4/2025 13:00,286,8,#GalaxyS25Edge 
19358056599999337_0843711209,carousel,3/18/2025 23:00,153,3,#GalaxyS25Edge 
07835162809977896_5351171527,carousel,4/26/2025 14:00,152,3,#GalaxyS25Edge 
79923572069171708_3012961083,reel,4/29/2025 6:00,131,4,#GalaxyS25Edge 
49059053615779211_0449116840,image,3/30/2025 6:00,331,11,#GalaxyS25Edge 
43521055555481391_0215502387,image,5/16/2025 20:00,493,12,#GalaxyS25Edge 
74064005437241261_9699818232,reel,3/15/2025,861,29,#GalaxyS25Edge 
59213825924533934_0979578063,carousel,6/5/2025 20:00,513,14,#GalaxyS25Edge 
42996463064253428_7996987772,carousel,6/4/2025 5:00,105,4,#GalaxyS25Edge 
58098933077868923_4072164465,image,3/18/2025 18:00,446,14,#GalaxyS25Edge 
91544745286773676_5968711857,reel,3/29/2025 20:00,165,6,#GalaxyS25Edge 
57297259497173009_6283930489,image,5/27/2025 18:00,85,2,#GalaxyS25Edge 
49194176640394832_9648584312,reel,4/4/2025 5:00,131,5,#GalaxyS25Edge 
88635975292593147_4736163462,image,5/16/2025 9:00,1217,23,#GalaxyS25Edge 
93509419161039198_6444216583,carousel,5/21/2025 14:00,89,3,#GalaxyS25Edge 
65637855365337921_4905490737,image,4/30/2025 11:00,213,6,#GalaxyS25Edge 
76294320582742665_3083891857,carousel,4/4/2025 19:00,18,0,#GalaxyS25Edge 
91485243113599872_0825289556,image,3/29/2025 5:00,840,25,#GalaxyS25Edge 
29131006431949047_1722253670,image,5/6/2025 22:00,197,7,#GalaxyS25Edge 
92199535363880846_3844163346,carousel,5/7/2025 14:00,179,4,#GalaxyS25Edge 
11482243999224296_0977231996,reel,3/17/2025 7:00,159,3,#GalaxyS25Edge 
87386109054182783_8867181409,carousel,5/23/2025 22:00,240,12,#GalaxyS25Edge 
06306302648996080_9571456207,reel,4/5/2025 20:00,235,4,#GalaxyS25Edge 
47968338661733950_2851658679,reel,6/12/2025 15:00,91,0,#GalaxyS25Edge 
01123236626926478_5779316656,reel,4/25/2025 12:00,215,8,#GalaxyS25Edge 
00877579951875278_0897837214,reel,6/12/2025 18:00,106,0,#GalaxyS25Edge 
21664083101710524_6534828365,image,4/18/2025 15:00,580,0,#GalaxyS25Edge 
74862765444143486_9484197280,image,4/22/2025 1:00,188,8,#GalaxyS25Edge 
91060357434246973_0638877771,reel,5/8/2025 3:00,142,6,#GalaxyS25Edge 
96719048008643094_5725741793,carousel,3/18/2025 10:00,120,2,#GalaxyS25Edge 
13983574402606662_9277263606,image,4/2/2025 23:00,265,11,#GalaxyS25Edge 
50752066574214659_9647845335,reel,5/26/2025 4:00,323,13,#GalaxyS25Edge 
71229676589405633_9861027471,carousel,6/7/2025 11:00,373,10,#GalaxyS25Edge 
39344209089770514_1293100532,image,4/19/2025 13:00,55,1,#GalaxyS25Edge 
29796877669985227_8682013904,carousel,5/17/2025 22:00,213,4,#GalaxyS25Edge 
98308923876358882_5163958771,carousel,4/1/2025 13:00,126,5,#GalaxyS25Edge 
98488716989699016_5153002674,carousel,3/20/2025 10:00,581,10,#GalaxyS25Edge 
90231818574448877_7627836312,reel,3/17/2025 17:00,369,6,#GalaxyS25Edge 
22754670425817595_5397759959,image,4/4/2025 18:00,810,27,#GalaxyS25Edge 
03024129468332206_3632646972,image,5/15/2025 22:00,456,12,#GalaxyS25Edge 
40963967520446366_0731773594,carousel,3/27/2025 10:00,583,17,#GalaxyS25Edge 
36718911013375424_9189472014,reel,4/22/2025,165,7,#GalaxyS25Edge 
43942989441782590_1635001672,carousel,4/4/2025 8:00,880,17,#GalaxyS25Edge 
47163071360468995_5982175098,carousel,6/1/2025 22:00,96,2,#GalaxyS25Edge 
60279396027752240_0274848432,carousel,4/7/2025 22:00,99,6,#GalaxyS25Edge 
22324991496163113_1031732275,image,5/15/2025 11:00,167,4,#GalaxyS25Edge 
57970713118194106_4679891538,reel,4/21/2025 10:00,167,7,#GalaxyS25Edge 
23722622794861774_4744362477,image,5/3/2025 6:00,372,13,#GalaxyS25Edge 
10699691173916170_4861969685,image,4/5/2025 8:00,233,8,#GalaxyS25Edge 
61716774970858117_0531954360,carousel,4/21/2025,373,7,#GalaxyS25Edge 
43363680194669071_4692664567,carousel,6/10/2025 10:00,83,1,#GalaxyS25Edge 
97347122122021588_6320619761,carousel,6/5/2025 23:00,362,8,#GalaxyS25Edge 
33175111286423167_0139541664,image,5/30/2025 14:00,210,2,#GalaxyS25Edge 
28950666077317928_2610574377,image,5/4/2025 23:00,141,5,#GalaxyS25Edge 
49194806505349539_8808636447,reel,3/29/2025 11:00,811,28,#GalaxyS25Edge 
82055522121320921_8730480795,reel,5/18/2025 6:00,183,3,#GalaxyS25Edge 
82598752246562388_2690589189,image,4/17/2025 21:00,247,6,#GalaxyS25Edge 
34011303354736791_6829255436,reel,4/10/2025 17:00,297,0,#GalaxyS25Edge 
28265344778384954_7330828825,carousel,3/30/2025 16:00,1221,24,#GalaxyS25Edge 
24832982703391295_4719431411,carousel,4/17/2025 22:00,201,7,#GalaxyS25Edge 
31394939859486577_1620204527,image,4/2/2025 1:00,270,6,#GalaxyS25Edge 
68946714073801587_1717676364,carousel,4/18/2025 4:00,382,12,#GalaxyS25Edge 
77975130680261651_6142532722,image,3/26/2025 19:00,216,6,#GalaxyS25Edge 
60319578017569277_0206191007,carousel,3/20/2025 20:00,218,6,#GalaxyS25Edge 
97270185950052975_6596128396,carousel,3/24/2025 18:00,978,31,#GalaxyS25Edge 
03606739589837821_1976954060,carousel,6/12/2025 3:00,143,3,#GalaxyS25Edge 
80107545202487646_0036749024,carousel,5/9/2025 7:00,199,2,#GalaxyS25Edge 
88320397941861704_5212748114,image,4/28/2025 4:00,0,5,#GalaxyS25Edge 
60214416934637976_8284611671,image,5/2/2025,470,19,#GalaxyS25Edge 
00356532497248620_3613590805,reel,4/16/2025,1014,32,#GalaxyS25Edge 
93992696694453619_3034817593,carousel,5/18/2025,74,3,#GalaxyS25Edge 
82531742917499590_7475245501,image,6/11/2025 17:00,340,12,#GalaxyS25Edge 
91501844429344902_0118529910,image,4/18/2025 19:00,142,4,#GalaxyS25Edge 
58500749043890086_0879153613,image,4/6/2025,0,6,#GalaxyS25Edge 
12839514247041834_3478006346,carousel,3/23/2025 10:00,195,5,#GalaxyS25Edge 
11043344904060975_2395460911,image,5/13/2025 11:00,1200,40,#GalaxyS25Edge 
61648536322506120_3681096855,image,4/22/2025 21:00,123,3,#GalaxyS25Edge 
98755695484976623_2563339299,image,4/19/2025,125,5,#GalaxyS25Edge 
05596876775647593_1912711353,carousel,4/10/2025 21:00,386,7,#GalaxyS25Edge 
97285788441353873_6723670655,carousel,3/30/2025 15:00,170,4,#GalaxyS25Edge 
34335460337330400_1101230548,reel,6/4/2025 8:00,365,10,#GalaxyS25Edge 
05528384032238029_7451098969,image,3/17/2025 7:00,272,6,#GalaxyS25Edge 
88584755798256180_1355847331,carousel,4/8/2025 6:00,2007,62,#GalaxyS25Edge 
66558683813410374_7359147795,carousel,4/3/2025 7:00,328,13,#GalaxyS25Edge 
30926021166525743_2155697565,reel,5/1/2025 10:00,1107,29,#GalaxyS25Edge 
87811451118798444_1192137377,image,4/4/2025 16:00,29,0,#GalaxyS25Edge 
62370394810780167_0101693960,reel,4/26/2025 18:00,131,8,#GalaxyS25Edge 
43780739658789203_1335452401,image,3/31/2025 4:00,83,1,#GalaxyS25Edge 
06303543143686100_9649040671,image,5/17/2025 13:00,271,6,#GalaxyS25Edge 
14381032225955868_0201953969,carousel,4/10/2025 4:00,129,1,#GalaxyS25Edge 
84076737134016309_6673289280,carousel,5/29/2025 23:00,1076,42,#GalaxyS25Edge 
12009855871318253_5669656829,carousel,6/1/2025 14:00,185,3,#GalaxyS25Edge 
62581987627083562_0223767511,image,4/12/2025 12:00,162,1,#GalaxyS25Edge 
83912780441016516_4496819600,reel,5/3/2025 15:00,503,11,#GalaxyS25Edge 
53486267297990407_0309532009,carousel,4/28/2025 15:00,554,0,#GalaxyS25Edge 
05437269121166741_0713618755,reel,6/3/2025 21:00,835,25,#GalaxyS25Edge 
63959070408270005_2706534061,carousel,4/23/2025 7:00,507,12,#GalaxyS25Edge 
33453826791214217_6099098626,carousel,4/7/2025 11:00,428,8,#GalaxyS25Edge 
78271915258994137_9646259507,image,4/11/2025 4:00,182,0,#GalaxyS25Edge 
61419546142579636_6424804852,image,5/11/2025,73,2,#GalaxyS25Edge 
76888209637216255_3761719043,image,5/20/2025 9:00,122,4,#GalaxyS25Edge 
32529999795223283_7733178765,carousel,5/5/2025 13:00,81,1,#GalaxyS25Edge 
23145483374181315_7906723453,reel,4/4/2025 10:00,135,7,#GalaxyS25Edge 
32485127520198594_5030006802,image,5/17/2025 3:00,186,6,#GalaxyS25Edge 
72210424831624379_8924701179,carousel,4/23/2025 5:00,53,3,#GalaxyS25Edge 
99743716637538041_1579255162,image,4/24/2025 15:00,250,11,#GalaxyS25Edge 
07544974344937469_4793166331,image,4/9/2025 17:00,321,9,#GalaxyS25Edge 
14465975121307848_3717507210,image,5/7/2025 8:00,294,11,#GalaxyS25Edge 
79822914586644923_4758053809,image,5/5/2025 3:00,185,6,#GalaxyS25Edge 
27078105459037320_7614869131,reel,3/20/2025 20:00,115,3,#GalaxyS25Edge 
08236383178193552_6016001477,carousel,3/31/2025 12:00,150,5,#GalaxyS25Edge 
14567333960003074_7047728814,carousel,5/17/2025 16:00,91,3,#GalaxyS25Edge 
74392689895962108_4873956138,reel,5/6/2025,38,0,#GalaxyS25Edge 
12711085334491509_4214222763,image,4/13/2025 13:00,108,3,#GalaxyS25Edge 
05292326723498353_3184182795,image,5/6/2025 8:00,576,21,#GalaxyS25Edge 
36790483185231984_7484337993,image,4/5/2025,582,15,#GalaxyS25Edge 
08579183166330467_8798255533,image,5/23/2025 22:00,46,3,#GalaxyS25Edge 
52704434982273761_9377030891,image,3/16/2025,108,1,#GalaxyS25Edge 
77791510079533137_2421437808,image,4/30/2025,81,4,#GalaxyS25Edge 
89014900235019726_5105593168,carousel,4/16/2025 4:00,406,4,#GalaxyS25Edge 
71167320730328986_6481385433,reel,4/1/2025 16:00,770,20,#GalaxyS25Edge 
98400610764745808_8799631640,reel,5/12/2025 15:00,121,7,#GalaxyS25Edge 
72288642706517679_5089992151,image,5/8/2025 4:00,709,30,#GalaxyS25Edge 
74092622877541214_6177832782,carousel,4/27/2025 3:00,97,0,#GalaxyS25Edge 
74418788585939083_6007302553,image,5/29/2025 4:00,140,6,#GalaxyS25Edge 
17455950606572760_5273229909,image,4/22/2025 7:00,46,0,#GalaxyS25Edge 
91287802327535332_9810102629,carousel,3/18/2025 6:00,327,12,#GalaxyS25Edge 
03694557598881813_2268126061,reel,6/8/2025 4:00,63,2,#GalaxyS25Edge 
66644411776772854_8502338062,carousel,4/6/2025 8:00,49,4,#GalaxyS25Edge 
57210238112402883_8728649949,reel,3/23/2025 21:00,615,16,#GalaxyS25Edge 
72368565323949942_9372411336,image,6/10/2025 18:00,845,26,#GalaxyS25Edge 
43852584680666775_7992622531,image,4/29/2025 17:00,100,2,#GalaxyS25Edge 
29376447139806618_6448878900,reel,6/7/2025 1:00,67,2,#GalaxyS25Edge 
17308424800784182_6941070798,reel,4/20/2025 14:00,814,28,#GalaxyS25Edge 
93238719886169497_0518349330,image,4/24/2025 19:00,98,2,#GalaxyS25Edge 
41408648976607425_8868145537,image,4/1/2025 4:00,337,10,#GalaxyS25Edge 
79421475878835743_1271527534,reel,5/19/2025 7:00,333,0,#GalaxyS25Edge 
40509310951013408_4547788100,image,5/27/2025 21:00,453,11,#GalaxyS25Edge 
61031998269308175_4143343141,reel,4/2/2025 5:00,178,4,#GalaxyS25Edge 
01873439135518714_3952701941,reel,5/7/2025 19:00,133,7,#GalaxyS25Edge 
49976592829384682_0131618166,image,5/12/2025 6:00,184,8,#GalaxyS25Edge 
48189386042008905_5663414947,carousel,5/11/2025 15:00,285,9,#GalaxyS25Edge 
61802541401787933_0012837978,reel,5/8/2025 21:00,27,3,#GalaxyS25Edge 
13248675687028316_4260292965,carousel,5/29/2025 21:00,380,11,#GalaxyS25Edge 
71731411048592317_9467856795,image,4/8/2025 1:00,350,7,#GalaxyS25Edge 
49869464396316008_7034974186,image,4/6/2025 15:00,36,0,#GalaxyS25Edge 
20936252542793023_3585191386,reel,4/4/2025,46,1,#GalaxyS25Edge 
80553041974037149_2579617505,carousel,5/9/2025 11:00,840,26,#GalaxyS25Edge 
32299784105283166_6900146761,carousel,6/2/2025 16:00,478,18,#GalaxyS25Edge 
83496750251953387_1161572402,image,4/30/2025 18:00,871,37,#GalaxyS25Edge 
33210137072575575_4381543853,image,6/10/2025 22:00,179,8,#GalaxyS25Edge 
66310293112319045_5989595895,reel,3/26/2025 18:00,78,5,#GalaxyS25Edge 
88157635969628459_2804718444,image,4/1/2025 19:00,203,3,#GalaxyS25Edge 
83052563042170289_7154888384,image,4/18/2025 18:00,247,7,#GalaxyS25Edge 
00372345469760183_8495760819,carousel,3/15/2025 19:00,845,21,#GalaxyS25Edge 
38041224563078733_1145690412,image,4/19/2025 9:00,261,5,#GalaxyS25Edge 
74985171271039498_8665307680,reel,3/28/2025 12:00,116,2,#GalaxyS25Edge 
78314186417865487_2074031143,image,3/27/2025 4:00,243,5,#GalaxyS25Edge 
80590509783403630_9365385888,image,3/18/2025 7:00,75,2,#GalaxyS25Edge 
34313419012358090_2076195717,reel,3/25/2025 18:00,175,3,#GalaxyS25Edge 
52594296006367517_1229224113,reel,3/22/2025 2:00,138,6,#GalaxyS25Edge 
64632707603280233_9641538913,carousel,4/10/2025 21:00,54,1,#GalaxyS25Edge 
73073087317055812_8426691986,carousel,4/2/2025 18:00,421,13,#GalaxyS25Edge 
79496948568461640_2441939737,reel,4/18/2025 6:00,93,2,#GalaxyS25Edge 
47346747258625116_8937504071,reel,5/22/2025 7:00,313,9,#GalaxyS25Edge 
34017048375615695_4662289767,reel,6/1/2025 16:00,107,3,#GalaxyS25Edge 
52688999552926885_6565592591,carousel,5/22/2025 17:00,233,7,#GalaxyS25Edge 
04468862090450878_3681499452,carousel,5/17/2025 10:00,56,2,#GalaxyS25Edge 
29220939728874782_9008473289,carousel,4/25/2025 13:00,132,7,#GalaxyS25Edge 
73563477541080101_4757961490,image,4/17/2025 19:00,31,1,#GalaxyS25Edge 
37408787100736537_2463236958,carousel,3/19/2025 19:00,379,13,#GalaxyS25Edge 
77944064344372789_4577861811,reel,3/26/2025 22:00,0,15,#GalaxyS25Edge 
95836911252689585_6406093515,carousel,4/9/2025,447,13,#GalaxyS25Edge 
46958957442465360_1038161267,carousel,4/14/2025 8:00,87,3,#GalaxyS25Edge 
56716306009561148_8808077166,image,6/6/2025 14:00,389,7,#GalaxyS25Edge 
71395049235211579_3907427532,image,3/16/2025 6:00,292,0,#GalaxyS25Edge 
02636638208575571_0931076139,carousel,5/23/2025 23:00,83,3,#GalaxyS25Edge 
33891669324940756_7881349122,image,6/5/2025 15:00,243,7,#GalaxyS25Edge 
66960747282547057_1192289436,reel,3/22/2025 1:00,546,14,#GalaxyS25Edge 
69022032323047063_6565284115,carousel,4/29/2025 18:00,0,7,#GalaxyS25Edge 
25159039976677654_1441714272,image,4/23/2025,288,11,#GalaxyS25Edge 
73790522408115869_1278612434,carousel,4/2/2025 9:00,91,0,#GalaxyS25Edge 
59557817708258393_7440891876,image,4/15/2025 22:00,845,33,#GalaxyS25Edge 
91702545584538039_6634315160,reel,4/29/2025 23:00,133,2,#GalaxyS25Edge 
69484974248628956_2830414504,carousel,4/21/2025 11:00,121,4,#GalaxyS25Edge 
14507051810448603_4717466957,reel,4/17/2025 9:00,942,23,#GalaxyS25Edge 
73222767219870794_0704314583,image,5/12/2025 14:00,105,1,#GalaxyS25Edge 
09796840720996553_7841939437,reel,5/9/2025 8:00,347,14,#GalaxyS25Edge 
93282337337293447_2787238949,reel,5/24/2025 5:00,75,5,#GalaxyS25Edge 
26430525737346820_6689319912,carousel,5/30/2025 2:00,53,0,#GalaxyS25Edge 
20266961366831933_5513751427,reel,4/5/2025 11:00,123,4,#GalaxyS25Edge 
48866660143950030_2732733490,image,3/17/2025 20:00,861,23,#GalaxyS25Edge 
34010602883924780_2578980587,image,5/22/2025 18:00,334,9,#GalaxyS25Edge 
74149470873053293_8198089238,reel,4/9/2025 6:00,0,8,#GalaxyS25Edge 
74748336824367702_7238078599,image,4/29/2025,125,1,#GalaxyS25Edge 
56520974612681704_9546761229,image,3/21/2025 8:00,386,13,#GalaxyS25Edge 
91950058442724754_1273382389,image,4/30/2025 1:00,174,7,#GalaxyS25Edge 
55138076257119593_7880164560,carousel,5/26/2025 10:00,17,0,#GalaxyS25Edge 
11818035247672796_5693631141,image,4/9/2025 14:00,0,14,#GalaxyS25Edge 
42233051833287213_8172544595,image,5/19/2025 17:00,11,0,#GalaxyS25Edge 
78132003206446828_7485315768,carousel,5/3/2025 4:00,1179,33,#GalaxyS25Edge 
27354362302847976_4685659892,reel,6/5/2025 3:00,622,12,#GalaxyS25Edge 
79600972052041099_9054592653,image,3/23/2025 10:00,318,14,#GalaxyS25Edge 
19134772975407369_8625901014,image,6/2/2025 22:00,462,17,#GalaxyS25Edge 
44321696386148251_9806506803,reel,4/8/2025 10:00,150,8,#GalaxyS25Edge 
95127873537133960_7928088528,image,4/30/2025 21:00,306,5,#GalaxyS25Edge 
86041000300818447_0208063677,carousel,5/30/2025 2:00,483,17,#GalaxyS25Edge 
13489424975443374_6714770404,reel,5/15/2025,167,9,#GalaxyS25Edge 
72892923297977430_6285638504,image,4/2/2025 17:00,269,6,#GalaxyS25Edge 
55897674857918609_4628310605,image,5/17/2025 16:00,57,3,#GalaxyS25Edge 
96807967107781183_0325569001,carousel,4/21/2025 13:00,169,3,#GalaxyS25Edge 
85998692113344505_7896855926,image,5/24/2025 7:00,139,1,#GalaxyS25Edge 
02265189212939261_6813745168,carousel,6/11/2025 13:00,52,0,#GalaxyS25Edge 
77862477852416683_1949531107,carousel,4/28/2025 1:00,95,1,#GalaxyS25Edge 
37445025379995070_8418337085,image,5/2/2025 11:00,147,5,#GalaxyS25Edge 
88100365805546327_6279817913,carousel,5/16/2025 19:00,229,7,#GalaxyS25Edge 
50927304887393790_4102782263,reel,4/9/2025 6:00,203,6,#GalaxyS25Edge 
17036543225898466_5194669098,reel,4/14/2025 4:00,470,14,#GalaxyS25Edge 
83869974472358659_0287034797,reel,3/15/2025 10:00,51,1,#GalaxyS25Edge 
40590907870729262_0467833548,image,4/12/2025 22:00,335,15,#GalaxyS25Edge 
04950699429704661_7858742332,reel,5/7/2025 22:00,182,3,#GalaxyS25Edge 
05043034056493511_0939754702,reel,6/3/2025 12:00,282,7,#GalaxyS25Edge 
58579279877718429_8659500018,reel,5/4/2025 17:00,28,0,#GalaxyS25Edge 
62679563186189470_8299354822,reel,5/24/2025 17:00,458,22,#GalaxyS25Edge 
12065004464840973_0662403182,image,5/3/2025 23:00,25,0,#GalaxyS25Edge 
15577465962889226_6112024041,reel,5/27/2025 1:00,486,15,#GalaxyS25Edge 
41135299987815077_2954613939,image,5/18/2025 22:00,141,2,#GalaxyS25Edge 
92622993835371278_0223293183,carousel,3/28/2025 3:00,363,13,#GalaxyS25Edge 
50787699765927505_0652502127,reel,4/26/2025 12:00,79,3,#GalaxyS25Edge 
36821392644055592_6052278587,carousel,6/4/2025 17:00,388,13,#GalaxyS25Edge 
94674484222143326_3257700937,reel,3/30/2025 8:00,210,5,#GalaxyS25Edge 
18112340914892778_5270533294,image,6/1/2025 9:00,133,6,#GalaxyS25Edge 
86934721804093459_6065909922,reel,6/6/2025 23:00,157,3,#GalaxyS25Edge 
75915993961091558_6592506031,image,3/20/2025 12:00,217,8,#GalaxyS25Edge 
84779360870433314_8331150806,reel,4/17/2025 15:00,88,2,#GalaxyS25Edge 
93641178522240457_0037243404,image,4/5/2025 14:00,264,10,#GalaxyS25Edge 
60142840964515864_8287449457,carousel,3/17/2025,175,6,#GalaxyS25Edge 
64370648937733671_1730679190,image,4/23/2025 20:00,271,5,#GalaxyS25Edge 
46965166221954835_2326346389,carousel,3/22/2025 19:00,823,29,#GalaxyS25Edge 
46392896298456021_8170085645,image,3/22/2025 2:00,631,28,#GalaxyS25Edge 
00648046347571660_0850988370,image,3/21/2025 14:00,84,3,#GalaxyS25Edge 
16668455817117922_4736922244,reel,5/31/2025 9:00,62,2,#GalaxyS25Edge 
37581352943852448_4438689524,carousel,4/28/2025 9:00,221,10,#GalaxyS25Edge 
95389155871348594_0913047563,carousel,6/8/2025 23:00,282,14,#GalaxyS25Edge 
17818538198874789_5580154795,reel,5/9/2025,24,2,#GalaxyS25Edge 
59749830999239423_4588472012,carousel,3/20/2025 21:00,369,12,#GalaxyS25Edge 
24093247721890126_4956444846,image,3/23/2025 15:00,1574,49,#GalaxyS25Edge 
03329340491971014_3133124834,carousel,3/20/2025 6:00,103,2,#GalaxyS25Edge 
89215728901903022_8992804581,carousel,5/22/2025 10:00,138,0,#GalaxyS25Edge 
73930265665710607_4272910691,carousel,3/21/2025 19:00,111,3,#GalaxyS25Edge 
06096828688539392_2723622099,image,5/22/2025 22:00,903,19,#GalaxyS25Edge 
98544978198219682_1231012369,reel,5/26/2025 8:00,177,5,#GalaxyS25Edge 
06278517050181881_3025882487,image,6/12/2025 17:00,182,6,#GalaxyS25Edge 
01976741499951310_6276400018,carousel,5/10/2025 12:00,30,0,#GalaxyS25Edge 
41659273589251799_4447075700,image,3/24/2025,54,1,#GalaxyS25Edge 
40775068256202010_6421734064,carousel,4/23/2025 3:00,256,10,#GalaxyS25Edge 
60947145793070206_2761594620,carousel,6/8/2025 19:00,220,3,#GalaxyS25Edge 
78728789222038189_7926632632,image,3/25/2025 18:00,295,7,#GalaxyS25Edge 
08147068663279342_7821247111,carousel,4/1/2025 3:00,172,7,#GalaxyS25Edge 
04576004431691712_4024387623,reel,5/12/2025 20:00,1011,18,#GalaxyS25Edge 
36686752808787421_3068123467,image,5/15/2025 8:00,164,6,#GalaxyS25Edge 
30384586089429875_9361298198,image,5/19/2025 12:00,116,4,#GalaxyS25Edge 
78300447918424653_3175435252,reel,5/15/2025 12:00,248,6,#GalaxyS25Edge 
80860038998230924_0166153343,carousel,5/3/2025 9:00,118,4,#GalaxyS25Edge 
85958206710473723_3243233668,carousel,5/24/2025 1:00,127,2,#GalaxyS25Edge 
60061639183556339_6835904747,carousel,4/24/2025 17:00,433,16,#GalaxyS25Edge 
72441577503309560_1614147009,carousel,5/8/2025 3:00,587,20,#GalaxyS25Edge 
41355172814364938_9498387652,image,4/17/2025 3:00,616,0,#GalaxyS25Edge 
18007437229059968_2976531682,image,5/13/2025 16:00,194,7,#GalaxyS25Edge 
38077114311133904_0133327112,carousel,6/9/2025 15:00,501,14,#GalaxyS25Edge 
37745328115375911_1044965326,carousel,4/29/2025 12:00,29,1,#GalaxyS25Edge 
06193575375571552_6085134003,image,5/12/2025 18:00,279,11,#GalaxyS25Edge 
08788583215043247_8404861935,carousel,4/24/2025 8:00,257,7,#GalaxyS25Edge 
77055241413817046_3373465019,carousel,5/5/2025 10:00,153,5,#GalaxyS25Edge 
05149399476285721_1053111370,reel,6/2/2025 12:00,107,8,#GalaxyS25Edge 
96143012570136316_9467723081,reel,4/8/2025 15:00,29,0,#GalaxyS25Edge 
65444377049875287_0614729212,image,5/18/2025 20:00,183,6,#GalaxyS25Edge 
05634178106418939_9225498843,reel,5/9/2025 22:00,110,3,#GalaxyS25Edge 
85283697624157781_7549150648,image,5/20/2025 7:00,321,5,#GalaxyS25Edge 
50527306796659553_9115705292,reel,4/10/2025 8:00,181,4,#GalaxyS25Edge 
30093103323729948_1480521564,carousel,4/11/2025 2:00,244,7,#GalaxyS25Edge 
78674596507150568_5574141272,image,4/9/2025 11:00,58,2,#GalaxyS25Edge 
60999431938306975_1935519369,carousel,4/30/2025 9:00,144,3,#GalaxyS25Edge 
53787350134117232_5854771804,reel,4/16/2025 3:00,473,15,#GalaxyS25Edge 
95892877576577856_5345684047,reel,3/20/2025 14:00,170,4,#GalaxyS25Edge 
87305355947398188_7782145785,reel,4/16/2025 7:00,249,9,#GalaxyS25Edge 
41503920762371682_4685783026,carousel,4/16/2025 9:00,838,23,#GalaxyS25Edge 
62301849980748394_0165218361,reel,5/29/2025 21:00,81,3,#GalaxyS25Edge 
22658413415970943_3309846868,image,3/18/2025 23:00,99,3,#GalaxyS25Edge 
04664539641086895_0991450642,reel,5/7/2025 1:00,88,4,#GalaxyS25Edge 
09330202963981252_1606643214,reel,4/6/2025 16:00,170,8,#GalaxyS25Edge 
07459762083450119_0876429996,reel,5/6/2025 22:00,76,2,#GalaxyS25Edge 
41475760181347709_3324659752,image,4/8/2025 2:00,112,4,#GalaxyS25Edge 
87707599132729599_9117658304,carousel,6/7/2025 22:00,376,14,#GalaxyS25Edge 
56943035526328122_7257408969,image,4/9/2025 14:00,0,7,#GalaxyS25Edge 
48589210681058692_4542250118,image,3/19/2025 17:00,431,12,#GalaxyS25Edge 
49621148853756603_2177076143,image,3/17/2025,473,14,#GalaxyS25Edge 
74417112198475817_7718949322,reel,4/2/2025 7:00,69,0,#GalaxyS25Edge 
90987138421358565_0667031002,image,4/11/2025 17:00,0,23,#GalaxyS25Edge 
27089415860238997_4477965090,reel,4/25/2025 20:00,1461,27,#GalaxyS25Edge 
74795167942062994_3449364259,image,6/10/2025 10:00,235,6,#GalaxyS25Edge 
43820665043234301_6876838054,image,6/10/2025 12:00,99,3,#GalaxyS25Edge 
04639003806651843_9109556759,carousel,4/27/2025 9:00,204,8,#GalaxyS25Edge 
44566404876393492_6443128640,image,5/28/2025 8:00,311,0,#GalaxyS25Edge 
32023056366367737_2882746867,image,4/28/2025 16:00,416,17,#GalaxyS25Edge 
83130733901805572_1860021308,image,3/15/2025 16:00,207,4,#GalaxyS25Edge 
19662268293285853_1860147501,image,5/11/2025 7:00,226,2,#GalaxyS25Edge 
26216860330000161_5195918932,carousel,4/4/2025 2:00,59,1,#GalaxyS25Edge 
30759698945828183_3871737807,reel,5/17/2025 21:00,330,10,#GalaxyS25Edge 
40160066066584749_8943323011,reel,4/19/2025 13:00,132,0,#GalaxyS25Edge 
99847713597592517_8322965137,carousel,4/12/2025 22:00,136,3,#GalaxyS25Edge 
90705050200632993_9255537209,reel,4/21/2025 5:00,126,4,#GalaxyS25Edge 
91151724099085386_5347215476,image,6/7/2025 1:00,70,4,#GalaxyS25Edge 
82748511788529893_8506850685,image,4/25/2025 22:00,111,5,#GalaxyS25Edge 
68876981647307787_6350224648,image,4/2/2025 13:00,546,13,#GalaxyS25Edge 
73304964806549041_0187603799,carousel,3/21/2025 9:00,113,9,#GalaxyS25Edge 
92224199709921605_6856676001,carousel,4/22/2025 19:00,191,9,#GalaxyS25Edge 
48550904034090024_3086931835,reel,5/25/2025 19:00,58,4,#GalaxyS25Edge 
22732543911769694_8928582645,image,4/11/2025 3:00,98,2,#GalaxyS25Edge 
94160051766216876_8986952230,carousel,5/15/2025 17:00,27,0,#GalaxyS25Edge 
79366147707352420_9340453065,image,4/29/2025 12:00,114,1,#GalaxyS25Edge 
25713576714731291_9739014885,image,4/7/2025 3:00,716,19,#GalaxyS25Edge 
82066077765152886_4217946478,carousel,5/28/2025 20:00,337,6,#GalaxyS25Edge 
34897686205024705_9137729680,carousel,5/3/2025 4:00,362,12,#GalaxyS25Edge 
42267613697954460_1930751082,reel,5/25/2025 9:00,77,1,#GalaxyS25Edge 
17438748946556777_3217020512,reel,4/21/2025 11:00,119,5,#GalaxyS25Edge 
29226325419055551_2156374502,image,4/13/2025 9:00,127,2,#GalaxyS25Edge 
09351152768023115_0502222220,carousel,4/17/2025 1:00,151,3,#GalaxyS25Edge 
30221390755893636_3636886048,carousel,4/21/2025 9:00,55,0,#GalaxyS25Edge 
19059454975007143_7815830511,carousel,4/13/2025 16:00,209,6,#GalaxyS25Edge 
87048047689826241_5487359632,image,3/21/2025 6:00,442,2,#GalaxyS25Edge 
77071519263540950_4846326116,image,4/29/2025 3:00,252,12,#GalaxyS25Edge 
59276989951743866_6428239784,reel,4/1/2025,173,4,#GalaxyS25Edge 
11553217066066762_4385326614,image,5/11/2025 9:00,104,5,#GalaxyS25Edge 
49434160414904108_8058317628,carousel,3/28/2025 16:00,188,0,#GalaxyS25Edge 
58396955324703297_4455635930,carousel,3/31/2025 15:00,213,3,#GalaxyS25Edge 
11888518731872274_9194191407,image,5/16/2025 14:00,111,5,#GalaxyS25Edge 
98636468908622762_4580321807,image,4/7/2025 1:00,35,0,#GalaxyS25Edge 
16835255914452220_8873105577,image,5/9/2025 22:00,59,3,#GalaxyS25Edge 
01573798601417796_6145969018,image,3/25/2025 7:00,32,1,#GalaxyS25Edge 
23714865336833709_5211756413,reel,5/10/2025,83,0,#GalaxyS25Edge 
55988022913832739_7692017192,image,3/19/2025 5:00,1049,32,#GalaxyS25Edge 
43674238528864734_5433468547,carousel,5/8/2025 9:00,1064,35,#GalaxyS25Edge 
61540053687479623_5746746140,image,5/29/2025 9:00,122,4,#GalaxyS25Edge 
14037307340908000_9009671569,carousel,5/27/2025 23:00,199,7,#GalaxyS25Edge 
13078085452107687_5918561524,carousel,5/29/2025,281,8,#GalaxyS25Edge 
36283929505349015_2139004999,image,5/24/2025 19:00,1136,30,#GalaxyS25Edge 
40472804833797739_2126191971,reel,6/7/2025 18:00,220,2,#GalaxyS25Edge 
79942402501073459_6239552966,carousel,3/21/2025 5:00,181,4,#GalaxyS25Edge 
52745995606201082_3642851240,carousel,3/16/2025 10:00,286,0,#GalaxyS25Edge 
71082216352208304_6470363552,carousel,5/16/2025 8:00,216,11,#GalaxyS25Edge 
61830958260822826_2881381399,carousel,4/27/2025 23:00,387,11,#GalaxyS25Edge 
39986866826809030_2915013325,carousel,4/2/2025,303,11,#GalaxyS25Edge 
19088068314732257_9968712513,image,3/20/2025 14:00,272,5,#GalaxyS25Edge 
62090965111533941_5285159756,image,5/18/2025 11:00,128,3,#GalaxyS25Edge 
57281591554896704_3006179126,carousel,5/7/2025 20:00,540,12,#GalaxyS25Edge 
31694416043209107_3635374246,reel,3/29/2025 23:00,35,0,#GalaxyS25Edge 
13338233450293285_0000433109,image,4/26/2025 4:00,227,6,#GalaxyS25Edge 
62200399300123108_1775973923,image,4/21/2025 17:00,231,8,#GalaxyS25Edge 
15899636734589356_8389050915,image,4/10/2025 1:00,65,0,#GalaxyS25Edge 
01920047041474844_9010349513,carousel,3/16/2025 1:00,129,4,#GalaxyS25Edge 
37216315273271481_4871086447,reel,5/28/2025 1:00,20,1,#GalaxyS25Edge 
66453493634881659_3782227089,carousel,6/7/2025 7:00,59,1,#GalaxyS25Edge 
71836613742746500_3568039311,image,3/21/2025 8:00,162,3,#GalaxyS25Edge 
48901104323892994_4343944044,reel,3/29/2025 14:00,334,10,#GalaxyS25Edge 
79875109919110599_3934517402,carousel,6/3/2025,128,4,#GalaxyS25Edge 
10148974898186997_5940517343,carousel,5/18/2025 8:00,120,4,#GalaxyS25Edge 
34593179557312247_5874295065,image,4/16/2025 8:00,87,5,#GalaxyS25Edge 
15197594760539042_7502160684,reel,4/20/2025 11:00,205,6,#GalaxyS25Edge 
21642311098571418_8165403457,carousel,4/21/2025 15:00,43,1,#GalaxyS25Edge 
20113936744978185_7662255904,image,4/3/2025 3:00,248,8,#GalaxyS25Edge 
63107469881865934_9692345456,image,5/27/2025 13:00,50,3,#GalaxyS25Edge 
04393982634369953_6738642430,carousel,4/25/2025 23:00,108,5,#GalaxyS25Edge 
83671748287604811_8168219071,image,4/9/2025,95,3,#GalaxyS25Edge 
69554249655503152_1023893392,carousel,6/10/2025 15:00,95,4,#GalaxyS25Edge 
51631217386984397_5834421389,image,3/19/2025 16:00,415,24,#GalaxyS25Edge 
05562319255221688_1088400470,image,5/29/2025 3:00,1084,37,#GalaxyS25Edge 
32798819826858685_3249333062,image,4/3/2025 5:00,130,9,#GalaxyS25Edge 
90658426506522971_9540437292,image,4/26/2025 2:00,1107,21,#GalaxyS25Edge 
45529980865215542_2827013651,image,6/6/2025 18:00,394,16,#GalaxyS25Edge 
76867277979965719_3139555620,reel,5/27/2025 15:00,248,9,#GalaxyS25Edge 
37234759332899919_4112057103,carousel,5/4/2025 18:00,130,5,#GalaxyS25Edge 
59708034092001499_6917185643,image,4/22/2025 13:00,414,14,#GalaxyS25Edge 
40905457967043664_6013196598,carousel,6/8/2025,290,10,#GalaxyS25Edge 
77200279773921928_2242067289,reel,6/6/2025 12:00,179,6,#GalaxyS25Edge 
86388366803545963_9510827312,image,4/4/2025 14:00,65,4,#GalaxyS25Edge 
46484594703157862_0653987956,carousel,3/25/2025 11:00,725,18,#GalaxyS25Edge 
08077731235875364_9414568059,image,5/2/2025 9:00,53,2,#GalaxyS25Edge 
85745221739966514_1393721287,carousel,5/28/2025 7:00,217,6,#GalaxyS25Edge 
75917338610633475_1857262315,carousel,4/10/2025 2:00,1051,36,#GalaxyS25Edge 
16497350507214455_5445017170,image,5/14/2025 14:00,243,10,#GalaxyS25Edge 
10557402394609192_3334103522,image,4/18/2025 15:00,279,0,#GalaxyS25Edge 
15567576058638231_6463432760,image,5/1/2025 20:00,281,10,#GalaxyS25Edge 
06473930109229185_3735970804,carousel,5/19/2025 20:00,43,1,#GalaxyS25Edge 
20422076074069435_7324386596,carousel,6/9/2025 9:00,268,5,#GalaxyS25Edge 
35321006875377001_4222474687,reel,6/2/2025 21:00,239,5,#GalaxyS25Edge 
84402023644664872_8076442599,reel,4/25/2025 18:00,89,4,#GalaxyS25Edge 
61388237156371397_5307816328,image,4/17/2025 2:00,27,0,#GalaxyS25Edge 
83783305409405744_2312848858,image,5/21/2025 10:00,57,3,#GalaxyS25Edge 
83365702239269631_0501327279,carousel,5/14/2025 9:00,127,2,#GalaxyS25Edge 
63940840164816714_4579626037,image,3/18/2025 5:00,203,5,#GalaxyS25Edge 
56111843017130929_5743798253,carousel,5/3/2025,153,7,#GalaxyS25Edge 
28839528454450022_8563267480,image,4/21/2025 15:00,53,2,#GalaxyS25Edge 
30857975256766621_2710738699,carousel,3/27/2025 23:00,702,23,#GalaxyS25Edge 
69903832868375781_3850252474,image,6/7/2025 10:00,215,8,#GalaxyS25Edge 
68064615448358504_5539315761,carousel,5/10/2025 7:00,141,4,#GalaxyS25Edge 
31336000725621378_5551426328,reel,4/5/2025 17:00,110,2,#GalaxyS25Edge 
72934037953338563_7077210976,carousel,6/6/2025,861,31,#GalaxyS25Edge 
78586778201490070_6258396953,image,4/2/2025 1:00,105,1,#GalaxyS25Edge 
06516871094964095_1442946037,reel,3/27/2025 10:00,87,5,#GalaxyS25Edge 
95374616511064569_9163205315,carousel,3/23/2025 3:00,127,5,#GalaxyS25Edge 
25010763968437457_8669696659,image,6/11/2025 1:00,208,6,#GalaxyS25Edge 
24285279085653417_6244976023,carousel,4/28/2025 14:00,400,9,#GalaxyS25Edge 
08544701493169323_1237467654,image,4/20/2025 12:00,59,2,#GalaxyS25Edge 
69561216600597829_0571264189,image,6/6/2025 19:00,781,29,#GalaxyS25Edge 
58210801217962487_8115738975,reel,6/12/2025 9:00,430,11,#GalaxyS25Edge 
96317771925943502_5244351441,reel,6/6/2025,42,1,#GalaxyS25Edge 
37186621785052810_7593832830,image,5/25/2025 23:00,352,8,#GalaxyS25Edge 
28487120055764035_6805525897,image,5/6/2025 16:00,1114,42,#GalaxyS25Edge 
55524337461321873_3695336825,carousel,4/8/2025,394,11,#GalaxyS25Edge 
91056515957345033_9621621193,reel,4/14/2025 3:00,73,0,#GalaxyS25Edge 
83184015419023315_7039607562,carousel,5/15/2025 15:00,780,15,#GalaxyS25Edge 
01610335120589278_5614995862,reel,6/4/2025 8:00,954,28,#GalaxyS25Edge 
37048670249600192_9782821485,reel,5/4/2025 12:00,93,3,#GalaxyS25Edge 
08457728948198854_7328843933,reel,4/14/2025 22:00,576,6,#GalaxyS25Edge 
25836575804652718_0106421420,image,4/5/2025 15:00,124,9,#GalaxyS25Edge 
95465133504143468_4048056875,image,4/25/2025 17:00,193,9,#GalaxyS25Edge 
66528471755986129_2704991969,reel,5/21/2025 19:00,383,6,#GalaxyS25Edge 
35880383490298893_6176321375,image,3/29/2025 7:00,154,3,#GalaxyS25Edge 
61524586886230005_6375348315,carousel,4/1/2025 21:00,271,9,#GalaxyS25Edge 
95406580520291956_8048046182,carousel,5/23/2025 22:00,98,4,#GalaxyS25Edge 
47716266132899811_4912209760,carousel,4/16/2025 13:00,207,5,#GalaxyS25Edge 
75075682941843507_9274172710,carousel,5/13/2025 7:00,130,2,#GalaxyS25Edge 
54264978626845174_4803262214,reel,4/2/2025 5:00,185,10,#GalaxyS25Edge 
68542075382586981_6228863895,image,3/19/2025 23:00,459,13,#GalaxyS25Edge 
02235432652970461_3057613629,image,6/9/2025 1:00,73,5,#GalaxyS25Edge 
74747248633739099_4901735894,reel,6/3/2025 6:00,153,1,#GalaxyS25Edge 
77177050024043469_2866151045,carousel,5/27/2025 3:00,967,26,#GalaxyS25Edge 
91221547641575291_0636849526,carousel,4/6/2025 13:00,38,1,#GalaxyS25Edge 
31791440875506780_2784701306,image,4/30/2025 6:00,131,0,#GalaxyS25Edge 
69933906512687496_3378619576,image,5/9/2025 20:00,386,9,#GalaxyS25Edge 
88745384821103395_2250461608,image,3/20/2025 3:00,766,26,#GalaxyS25Edge 
25932673770970837_6808927625,carousel,5/19/2025 3:00,1035,42,#GalaxyS25Edge 
44692576082990662_6332697300,carousel,4/4/2025 1:00,481,15,#GalaxyS25Edge 
50440708124760781_4784750654,image,5/31/2025 2:00,36,3,#GalaxyS25Edge 
74037422953963949_0835540737,carousel,6/4/2025 6:00,93,1,#GalaxyS25Edge 
73970886389732827_3679928195,reel,5/6/2025 3:00,161,7,#GalaxyS25Edge 
04267126582146537_1364585632,image,3/20/2025 21:00,577,17,#GalaxyS25Edge 
89460872893459221_2260234228,image,5/19/2025 11:00,168,5,#GalaxyS25Edge 
70170204274111980_9670728418,carousel,4/20/2025 6:00,770,27,#GalaxyS25Edge 
39769383828567341_5154280116,reel,6/11/2025 9:00,352,11,#GalaxyS25Edge 
12904725441670812_2452126595,image,6/8/2025 3:00,93,2,#GalaxyS25Edge 
53348462358711206_0758072824,carousel,3/27/2025 2:00,289,11,#GalaxyS25Edge 
53518041969537027_3070306982,image,5/3/2025 14:00,86,3,#GalaxyS25Edge 
53920636500174592_3152430535,reel,3/28/2025 7:00,254,5,#GalaxyS25Edge 
87966241314505281_2228566228,carousel,5/10/2025 15:00,112,4,#GalaxyS25Edge 
89428260680461546_3678066651,image,5/3/2025 22:00,85,3,#GalaxyS25Edge 
09168392469239970_4312065591,carousel,5/28/2025 3:00,383,8,#GalaxyS25Edge 
56229809068881217_0097821412,image,5/5/2025 17:00,168,3,#GalaxyS25Edge 
03570315748775504_0214630786,image,5/8/2025 12:00,2835,99,#GalaxyS25Edge 
29827981040784414_8620691758,carousel,4/28/2025 7:00,144,2,#GalaxyS25Edge 
13074125984895031_4351093708,reel,5/30/2025 21:00,132,1,#GalaxyS25Edge 
57324888867436649_6351186695,reel,5/25/2025 22:00,177,7,#GalaxyS25Edge 
20725659982688148_4467372914,carousel,5/22/2025 7:00,251,8,#GalaxyS25Edge 
21866937748047808_8088351076,reel,6/1/2025 13:00,367,7,#GalaxyS25Edge 
64090355967988821_0477893422,image,4/3/2025 3:00,390,15,#GalaxyS25Edge 
02585244034815491_9055091780,image,5/5/2025 9:00,257,6,#GalaxyS25Edge 
20127911945550444_8201811307,image,3/16/2025 14:00,192,3,#GalaxyS25Edge 
80830746806940075_4341669611,image,5/16/2025 16:00,59,0,#GalaxyS25Edge 
60243724880326961_7981321284,image,5/12/2025 16:00,423,16,#GalaxyS25Edge 
95851682714930204_9636010460,carousel,5/11/2025 23:00,133,5,#GalaxyS25Edge 
41871832667357747_1333226174,image,4/13/2025 6:00,786,22,#GalaxyS25Edge 
61009830364788733_9733761881,carousel,4/17/2025 23:00,193,5,#GalaxyS25Edge 
27040852654400463_6561758912,carousel,3/22/2025 8:00,114,6,#GalaxyS25Edge 
03033239793953882_6423232553,carousel,3/28/2025 10:00,44,1,#GalaxyS25Edge 
08470964454990645_7790102392,image,3/24/2025 21:00,438,12,#GalaxyS25Edge 
84341049867420293_0306760794,image,5/15/2025,58,2,#GalaxyS25Edge 
22215447308479624_9924165178,carousel,5/31/2025 15:00,335,10,#GalaxyS25Edge 
29153947605670838_0820356020,carousel,4/6/2025 10:00,76,4,#GalaxyS25Edge 
20354268247586680_9060894059,image,4/4/2025 3:00,422,18,#GalaxyS25Edge 
56078374828169132_2283461058,image,3/28/2025 18:00,25,0,#GalaxyS25Edge 
27357059760553054_0189994549,image,3/15/2025 10:00,48,1,#GalaxyS25Edge 
22037038570638880_4171030614,carousel,5/5/2025 3:00,40,0,#GalaxyS25Edge 
73136038880480415_1723014397,image,6/11/2025 20:00,46,0,#GalaxyS25Edge 
10244190379583872_2675476363,image,5/20/2025 14:00,263,4,#GalaxyS25Edge 
14668593948707101_3242677453,image,5/6/2025 3:00,206,7,#GalaxyS25Edge 
23953485865739044_7817148677,carousel,4/4/2025 9:00,0,6,#GalaxyS25Edge 
24000771319200439_4798846587,reel,4/13/2025 6:00,213,9,#GalaxyS25Edge 
12232600781234587_9707570936,image,4/23/2025 21:00,0,9,#GalaxyS25Edge 
54162122082315926_5686839729,image,5/12/2025 9:00,649,22,#GalaxyS25Edge 
05115819538030141_4143446398,carousel,5/22/2025 12:00,352,4,#GalaxyS25Edge 
34863820077411274_7403948598,reel,4/29/2025 15:00,362,8,#GalaxyS25Edge 
57544357207867175_1170352195,carousel,5/25/2025 11:00,1118,39,#GalaxyS25Edge 
82383838444509642_6923178393,reel,5/22/2025 3:00,496,15,#GalaxyS25Edge 
32247792857085071_7695532031,image,5/6/2025 19:00,303,14,#GalaxyS25Edge 
79685640247333881_3034414692,reel,5/6/2025 20:00,1030,24,#GalaxyS25Edge 
48742512598724332_4587083266,image,5/16/2025 7:00,600,11,#GalaxyS25Edge 
21795147915533322_8439899637,reel,4/22/2025 20:00,250,3,#GalaxyS25Edge 
32159268887564037_6628376893,image,4/26/2025 14:00,114,4,#GalaxyS25Edge 
98213500272196609_3425285507,reel,4/16/2025 7:00,379,4,#GalaxyS25Edge 
35038989672555511_4094068984,image,5/15/2025 2:00,65,0,#GalaxyS25Edge 
11036464314138392_8803502689,reel,4/20/2025,101,3,#GalaxyS25Edge 
45365851477739964_8356948677,image,4/13/2025 3:00,56,1,#GalaxyS25Edge 
30915054189042979_6812661802,image,5/21/2025 22:00,235,5,#GalaxyS25Edge 
84349956132631157_3570473773,image,6/12/2025 7:00,476,21,#GalaxyS25Edge 
98492860329033720_6100987071,image,5/6/2025 17:00,1007,40,#GalaxyS25Edge 
61836363470400503_2453941322,carousel,6/4/2025 6:00,70,0,#GalaxyS25Edge 
41964338672107447_7894688382,reel,6/8/2025 16:00,98,1,#GalaxyS25Edge 
68492667138033036_4180135071,image,3/28/2025 17:00,20,1,#GalaxyS25Edge 
07424822024017010_1327682396,carousel,6/12/2025 2:00,297,10,#GalaxyS25Edge 
93785359622857167_2565968268,reel,6/10/2025 22:00,382,15,#GalaxyS25Edge 
66339549777560156_2664449321,image,4/28/2025 10:00,529,0,#GalaxyS25Edge 
89273624469766657_0506364156,reel,6/2/2025 11:00,379,12,#GalaxyS25Edge 
53473060769680723_8063163287,carousel,3/23/2025 4:00,336,3,#GalaxyS25Edge 
70681503036154937_5822029630,image,6/7/2025 7:00,135,1,#GalaxyS25Edge 
64778682739056801_5357878281,carousel,4/16/2025 11:00,28,1,#GalaxyS25Edge 
55718838895928878_3066688278,image,6/7/2025 18:00,228,13,#GalaxyS25Edge 
24570543626319371_6415599448,reel,5/29/2025 5:00,110,3,#GalaxyS25Edge 
06645721811235153_9855845627,image,5/30/2025 15:00,160,5,#GalaxyS25Edge 
86987666798543639_9186001077,carousel,5/26/2025 12:00,126,4,#GalaxyS25Edge 
83343866317235957_5713823296,image,5/3/2025 23:00,55,2,#GalaxyS25Edge 
14858132751309166_5539298263,image,5/8/2025 2:00,529,11,#GalaxyS25Edge 
23810240348745651_3453653688,carousel,3/29/2025 15:00,192,5,#GalaxyS25Edge 
58049754502079293_2824612130,image,5/10/2025 16:00,250,10,#GalaxyS25Edge 
43823728085720630_5561281016,reel,5/25/2025,290,9,#GalaxyS25Edge 
12539807712744372_9358105114,carousel,3/27/2025 6:00,288,9,#GalaxyS25Edge 
14436641508585382_7713232598,image,3/17/2025 8:00,262,10,#GalaxyS25Edge 
78176883058756615_2785114258,reel,3/21/2025 4:00,26,0,#GalaxyS25Edge 
63357928025781143_1396729034,reel,4/14/2025 11:00,95,2,#GalaxyS25Edge 
09676813733485051_1906449429,carousel,4/27/2025 4:00,82,4,#GalaxyS25Edge 
88475106189866115_9433372782,image,5/20/2025 11:00,97,4,#GalaxyS25Edge 
24645690125948070_1007298736,carousel,4/25/2025 9:00,170,1,#GalaxyS25Edge 
31515168081703533_8454368906,reel,5/31/2025 5:00,36,2,#GalaxyS25Edge 
09744015269147658_6338402882,image,4/20/2025 9:00,460,8,#GalaxyS25Edge 
69783116718341578_7440146167,carousel,4/12/2025 10:00,171,5,#GalaxyS25Edge 
79687724319244331_6376605341,reel,5/24/2025 15:00,1239,26,#GalaxyS25Edge 
50009317163831308_9124926060,carousel,3/21/2025 15:00,1019,30,#GalaxyS25Edge 
38554541396769965_2567468172,reel,5/7/2025 13:00,62,0,#GalaxyS25Edge 
58511418743286866_9258897195,image,4/19/2025 20:00,231,10,#GalaxyS25Edge 
70520569576403643_1024680421,carousel,4/1/2025 13:00,194,10,#GalaxyS25Edge 
82094424199912010_9076027809,image,5/18/2025 11:00,75,3,#GalaxyS25Edge 
36574553044297318_6198236144,carousel,4/21/2025 19:00,154,8,#GalaxyS25Edge 
17976930962832516_2290089160,image,3/19/2025 14:00,869,21,#GalaxyS25Edge 
85746805594883691_6425540121,reel,5/16/2025 17:00,200,3,#GalaxyS25Edge 
79644155696970651_3052057800,carousel,4/16/2025 9:00,116,4,#GalaxyS25Edge 
83061134605239378_9104623367,carousel,6/4/2025 17:00,291,5,#GalaxyS25Edge 
65816313126517016_4262585150,image,5/3/2025 9:00,446,14,#GalaxyS25Edge 
94288008129930951_1232037128,carousel,4/13/2025 19:00,283,10,#GalaxyS25Edge 
38714180208171614_4419537970,reel,3/23/2025 8:00,580,17,#GalaxyS25Edge 
00868564712343058_1055475789,image,3/20/2025 15:00,106,0,#GalaxyS25Edge 
41327424250726503_1956831455,image,6/9/2025 15:00,448,15,#GalaxyS25Edge 
07560876312118536_7891265724,carousel,4/26/2025 3:00,118,5,#GalaxyS25Edge 
17519740063410910_7927012529,image,4/8/2025,77,2,#GalaxyS25Edge 
09955633535672629_9703633431,image,6/9/2025 5:00,96,4,#GalaxyS25Edge 
62151425902223680_6475251114,image,4/3/2025 23:00,617,19,#GalaxyS25Edge 
34503218394374629_8751473540,carousel,4/18/2025 2:00,126,9,#GalaxyS25Edge 
21961304051254343_7121528883,image,4/16/2025 16:00,201,9,#GalaxyS25Edge 
76711707854276699_4967895929,reel,3/29/2025 19:00,106,7,#GalaxyS25Edge 
99665657311420756_4454081521,image,3/18/2025 13:00,568,17,#GalaxyS25Edge 
56595887960063580_5226467032,carousel,5/21/2025 17:00,395,16,#GalaxyS25Edge 
89862768110711445_9713838027,reel,6/2/2025 9:00,152,7,#GalaxyS25Edge 
89634327888150456_9908600316,image,3/23/2025 13:00,267,14,#GalaxyS25Edge 
67771995793449345_3545303411,reel,4/16/2025 8:00,262,7,#GalaxyS25Edge 
70414154954711032_8020155157,reel,4/28/2025 20:00,106,6,#GalaxyS25Edge 
84753351119649651_4623303794,carousel,3/22/2025 22:00,205,8,#GalaxyS25Edge 
96977804277081885_4943208473,reel,3/26/2025 16:00,128,4,#GalaxyS25Edge 
94227540174845702_3329360111,carousel,3/25/2025 16:00,287,3,#GalaxyS25Edge 
72583782058230345_3396895802,image,4/3/2025 11:00,0,13,#GalaxyS25Edge 
42945708253118249_3471079492,carousel,5/2/2025 2:00,1173,42,#GalaxyS25Edge 
02333483124010477_6568883360,image,3/24/2025 10:00,349,8,#GalaxyS25Edge 
66239261420046481_2815996789,carousel,4/19/2025 18:00,427,15,#GalaxyS25Edge 
39306666623270637_3303586018,reel,4/10/2025 2:00,386,12,#GalaxyS25Edge 
76417652941275309_8316001363,image,4/16/2025 18:00,351,10,#GalaxyS25Edge 
47635601810900280_9618400835,image,3/28/2025 9:00,355,12,#GalaxyS25Edge 
48825963103551840_7914639378,reel,3/28/2025 7:00,170,7,#GalaxyS25Edge 
03901921119917245_4451718722,image,5/15/2025 18:00,749,17,#GalaxyS25Edge 
61299774167161452_1489109423,carousel,4/26/2025 3:00,116,6,#GalaxyS25Edge 
18647202643069123_7648439308,carousel,5/7/2025 11:00,339,16,#GalaxyS25Edge 
31559757619720835_8655931049,reel,6/6/2025 9:00,137,2,#GalaxyS25Edge 
07275817305832418_1109126394,reel,4/17/2025,0,8,#GalaxyS25Edge 
06711167785959789_8403248640,carousel,4/22/2025 12:00,86,1,#GalaxyS25Edge 
11250688612803632_6636952927,image,4/28/2025 12:00,401,6,#GalaxyS25Edge 
22682790522332023_0213250553,reel,3/19/2025 16:00,25,0,#GalaxyS25Edge 
07774356078590457_6887897850,reel,4/9/2025 3:00,167,6,#GalaxyS25Edge 
83033765479797897_1490601832,carousel,6/3/2025 21:00,234,6,#GalaxyS25Edge 
27296797523116329_2448081353,reel,5/23/2025 8:00,369,6,#GalaxyS25Edge 
47142222800827681_1544513767,image,5/30/2025 12:00,504,11,#GalaxyS25Edge 
30372284383797565_0368018206,image,4/5/2025 3:00,1774,48,#GalaxyS25Edge 
04779976772887715_9386813492,reel,3/16/2025 4:00,513,11,#GalaxyS25Edge 
44285420036085346_5886901665,reel,5/4/2025 13:00,202,6,#GalaxyS25Edge 
17169760690272459_7121702547,carousel,5/4/2025 4:00,411,13,#GalaxyS25Edge 
43082028361571300_3166528802,carousel,4/23/2025 18:00,69,2,#GalaxyS25Edge 
04067939194589150_6849128711,image,4/27/2025 20:00,328,14,#GalaxyS25Edge 
79799371972013805_5568999095,image,5/14/2025 8:00,337,8,#GalaxyS25Edge 
96675421928507273_2440131816,image,6/3/2025 8:00,213,7,#GalaxyS25Edge 
11439901003419059_9930061576,image,5/21/2025 20:00,111,0,#GalaxyS25Edge 
73375971280568617_3426599839,reel,4/21/2025 8:00,477,10,#GalaxyS25Edge 
03438169645868860_6244647058,image,4/15/2025 12:00,119,5,#GalaxyS25Edge 
73182489176410614_8011425963,image,5/29/2025 1:00,109,0,#GalaxyS25Edge 
12747037607392238_9209853017,carousel,4/29/2025 2:00,413,17,#GalaxyS25Edge 
81945163459621397_2778828396,carousel,4/15/2025 17:00,186,8,#GalaxyS25Edge 
25139481437650797_7319340539,carousel,4/8/2025 1:00,153,0,#GalaxyS25Edge 
92244176813647200_0096359665,image,5/10/2025 1:00,440,15,#GalaxyS25Edge 
87881468961439400_3140080510,carousel,4/24/2025 9:00,328,5,#GalaxyS25Edge 
06717345588331426_8868587195,image,4/6/2025 8:00,55,1,#GalaxyS25Edge 
18169641844919431_2298861279,reel,4/12/2025 11:00,94,4,#GalaxyS25Edge 
17507727394638895_0470252190,carousel,4/12/2025 6:00,518,17,#GalaxyS25Edge 
57321209063837457_1525791768,reel,4/27/2025 17:00,84,4,#GalaxyS25Edge 
37537356228978747_6516709727,reel,3/17/2025 17:00,308,8,#GalaxyS25Edge 
32207641747466082_5087546203,image,5/4/2025 2:00,569,12,#GalaxyS25Edge 
67923247365583294_5855460233,image,3/27/2025 5:00,377,11,#GalaxyS25Edge 
36876366278017183_5576101452,reel,4/5/2025 2:00,650,24,#GalaxyS25Edge 
52921331142763587_2629207309,image,4/17/2025 22:00,51,0,#GalaxyS25Edge 
83580308099319560_7877869342,carousel,6/11/2025 19:00,592,17,#GalaxyS25Edge 
14500261695124966_3716530164,reel,3/24/2025 9:00,1689,54,#GalaxyS25Edge 
98043366509484484_0268732385,carousel,3/24/2025 14:00,385,10,#GalaxyS25Edge 
73399191139085735_7008691166,image,4/11/2025 9:00,244,8,#GalaxyS25Edge 
94541761264783180_3764738099,reel,4/17/2025 17:00,97,3,#GalaxyS25Edge 
33683662951313645_9531335192,carousel,4/24/2025 2:00,33,1,#GalaxyS25Edge 
12467790594429247_9934186870,image,5/5/2025 21:00,362,12,#GalaxyS25Edge 
00635101370351149_4017645698,image,5/22/2025,214,10,#GalaxyS25Edge 
43405777739078322_9196690293,image,6/3/2025 12:00,68,3,#GalaxyS25Edge 
70440602284058774_0596562562,carousel,4/15/2025 7:00,236,12,#GalaxyS25Edge 
93352698549023154_8459297377,reel,4/12/2025 4:00,796,23,#GalaxyS25Edge 
42336348112508994_6144798992,carousel,5/17/2025 16:00,23,1,#GalaxyS25Edge 
78685298599441260_7191015938,carousel,5/10/2025 5:00,91,4,#GalaxyS25Edge 
50227627291355933_4054986986,reel,4/19/2025 16:00,108,2,#GalaxyS25Edge 
02038473116318276_5686679885,image,4/28/2025 21:00,42,1,#GalaxyS25Edge 
16530014476672545_5790533970,image,4/27/2025 8:00,1334,44,#GalaxyS25Edge 
30965813468142297_4783719663,reel,5/24/2025 15:00,220,7,#GalaxyS25Edge 
20902442021856398_1468347731,image,4/26/2025 7:00,0,0,#GalaxyS25Edge 
60803218540044391_4929913078,reel,5/4/2025 6:00,67,3,#GalaxyS25Edge 
93231719123411235_3596132682,image,6/3/2025 8:00,286,12,#GalaxyS25Edge 
84228378557817441_2057790344,carousel,3/26/2025 13:00,829,30,#GalaxyS25Edge 
55495160648370133_7090745472,image,5/12/2025 15:00,103,3,#GalaxyS25Edge 
89725941598653359_6854920569,reel,5/7/2025 1:00,301,10,#GalaxyS25Edge 
02568624498178023_2809160169,carousel,4/16/2025 5:00,33,0,#GalaxyS25Edge 
51999865162483270_9992399037,carousel,3/17/2025 14:00,180,6,#GalaxyS25Edge 
63115631236080518_3768303786,carousel,3/25/2025,209,4,#GalaxyS25Edge 
22503723172837817_4614897533,carousel,6/9/2025 18:00,372,11,#GalaxyS25Edge 
58060665961321762_4183903642,carousel,4/24/2025 8:00,237,13,#GalaxyS25Edge 
86981671415896816_2113005945,reel,5/11/2025 4:00,253,11,#GalaxyS25Edge 
10890984884506778_9397640530,carousel,3/24/2025 14:00,14,1,#GalaxyS25Edge 
49873973366781202_6516229994,image,4/20/2025 4:00,101,5,#GalaxyS25Edge 
99738231822861643_3187742549,carousel,5/6/2025 5:00,1359,39,#GalaxyS25Edge 
15131312604373961_9166435800,reel,5/17/2025 16:00,205,4,#GalaxyS25Edge 
97710650139995884_2230038346,carousel,4/15/2025 17:00,303,6,#GalaxyS25Edge 
49646349873462667_2097239152,image,6/6/2025 18:00,179,5,#GalaxyS25Edge 
67586836306575941_7492531966,carousel,5/9/2025 16:00,402,12,#GalaxyS25Edge 
85170058835716448_2210590135,carousel,5/13/2025 18:00,258,10,#GalaxyS25Edge 
74619154468291011_0140297217,carousel,4/25/2025 13:00,152,6,#GalaxyS25Edge 
02166760098191452_4399432299,image,4/22/2025 11:00,418,13,#GalaxyS25Edge 
22988418963703906_9215995454,carousel,4/11/2025 10:00,106,1,#GalaxyS25Edge 
97697792041904726_9405145953,reel,5/29/2025 9:00,151,0,#GalaxyS25Edge 
89632326664160794_4613427272,image,4/18/2025 1:00,498,10,#GalaxyS25Edge 
98434213298951042_4172138941,image,4/15/2025 4:00,841,25,#GalaxyS25Edge 
71232109949764388_1020608216,reel,3/29/2025 10:00,415,11,#GalaxyS25Edge 
58882721459103824_2247902285,image,3/21/2025 1:00,351,15,#GalaxyS25Edge 
27635549859677934_8969062461,reel,4/24/2025 9:00,465,13,#GalaxyS25Edge 
86736646738288377_4840487682,image,5/2/2025 22:00,426,24,#GalaxyS25Edge 
99331713293460654_6754385594,image,3/18/2025 1:00,149,3,#GalaxyS25Edge 
81086488173777144_1804355063,carousel,3/30/2025,621,17,#GalaxyS25Edge 
01556745507400376_5039859711,reel,3/31/2025 10:00,59,1,#GalaxyS25Edge 
76301370704908152_1340040314,carousel,4/19/2025 14:00,833,23,#GalaxyS25Edge 
28973414124418483_8348083938,image,4/3/2025 2:00,259,6,#GalaxyS25Edge 
79366871919751735_2544438179,carousel,4/28/2025 10:00,242,2,#GalaxyS25Edge 
72911403919499702_0583623963,reel,4/30/2025 15:00,299,7,#GalaxyS25Edge 
37898019891296183_9128787413,reel,4/7/2025 19:00,401,9,#GalaxyS25Edge 
32385740160764161_8263143702,image,4/16/2025 3:00,172,5,#GalaxyS25Edge 
43549564614937878_1822921840,carousel,4/4/2025 21:00,374,9,#GalaxyS25Edge 
49911388166953832_8048795240,image,5/25/2025 21:00,297,8,#GalaxyS25Edge 
98296093546273030_0905652996,image,5/2/2025 16:00,65,4,#GalaxyS25Edge 
64321565689440175_2216894190,reel,5/4/2025 5:00,87,3,#GalaxyS25Edge 
10278416680600485_8724530770,image,4/22/2025 9:00,338,11,#GalaxyS25Edge 
87521577620250935_4692273459,carousel,4/22/2025,269,6,#GalaxyS25Edge 
24294277521718360_1273096443,image,5/20/2025 22:00,552,16,#GalaxyS25Edge 
53238506490528269_1661779629,carousel,3/26/2025 7:00,370,13,#GalaxyS25Edge 
70047745177313059_3027717468,image,5/23/2025 13:00,77,1,#GalaxyS25Edge 
21462156926938279_1840132650,reel,5/19/2025 1:00,235,5,#GalaxyS25Edge 
93541253288506935_7807868575,image,5/31/2025 11:00,782,27,#GalaxyS25Edge 
24760230251342294_6923774066,image,4/14/2025 3:00,664,15,#GalaxyS25Edge 
70755799353138105_3964709156,reel,5/17/2025 21:00,660,18,#GalaxyS25Edge 
35395657192057725_4617441635,carousel,4/15/2025 22:00,322,8,#GalaxyS25Edge 
54961739253034349_6472469425,carousel,5/1/2025,273,12,#GalaxyS25Edge 
87250350655837059_1395807396,image,5/11/2025 22:00,233,11,#GalaxyS25Edge 
46799686767248838_4589855543,reel,5/19/2025 3:00,650,14,#GalaxyS25Edge 
36183895778676921_9256594998,image,3/16/2025 22:00,372,14,#GalaxyS25Edge 
10779365779084071_1488403808,reel,4/16/2025 6:00,674,23,#GalaxyS25Edge 
25245697202307615_1858720345,image,5/23/2025 11:00,82,1,#GalaxyS25Edge 
88239179993992096_1728826957,image,5/3/2025 20:00,231,8,#GalaxyS25Edge 
69352268962656548_9526021761,reel,4/22/2025 10:00,27,1,#GalaxyS25Edge 
69957629883700096_0112600064,image,4/5/2025 9:00,101,3,#GalaxyS25Edge 
60167401969217172_9517150994,carousel,5/8/2025 6:00,491,11,#GalaxyS25Edge 
11348516730707592_0719207869,carousel,4/14/2025 17:00,77,2,#GalaxyS25Edge 
63747954582501400_8051559787,image,4/29/2025 7:00,217,5,#GalaxyS25Edge 
44977248515594260_4667299217,image,6/10/2025 22:00,411,13,#GalaxyS25Edge 
33866105571217957_5013866658,reel,6/2/2025 20:00,382,9,#GalaxyS25Edge 
91307619172943630_1355593076,image,3/21/2025 20:00,520,10,#GalaxyS25Edge 
41759764359444032_5657132328,image,5/2/2025 19:00,1646,38,#GalaxyS25Edge 
98165715882869157_6557047260,image,6/7/2025 13:00,600,16,#GalaxyS25Edge 
89862856857846328_1806475214,reel,6/11/2025 17:00,665,17,#GalaxyS25Edge 
43897402193355657_0146039060,image,6/11/2025 1:00,344,12,#GalaxyS25Edge 
42645017394181583_1066309669,carousel,4/18/2025 14:00,41,2,#GalaxyS25Edge 
73773768976027223_6697168781,image,4/27/2025 22:00,1650,49,#GalaxyS25Edge 
72833893101775440_0062290557,carousel,4/11/2025 16:00,322,6,#GalaxyS25Edge 
83814862554160722_7958963659,image,5/21/2025 16:00,52,0,#GalaxyS25Edge 
59096133487644334_1509806832,image,3/19/2025 23:00,338,7,#GalaxyS25Edge 
11222656300479611_9472625835,image,3/30/2025 1:00,499,10,#GalaxyS25Edge 
02953361823300509_3885360540,carousel,5/8/2025 4:00,356,0,#GalaxyS25Edge 
42833412835870970_7047394723,carousel,4/10/2025 1:00,271,6,#GalaxyS25Edge 
24181658492370940_7035599234,reel,6/8/2025 4:00,355,8,#GalaxyS25Edge 
51946541580251217_8974130816,image,4/14/2025 23:00,100,2,#GalaxyS25Edge 
27814922087648597_7342648088,reel,6/3/2025 7:00,93,2,#GalaxyS25Edge 
47966853784017123_4431019064,image,5/19/2025 23:00,145,3,#GalaxyS25Edge 
26723970855388858_4275297188,carousel,4/16/2025 9:00,55,1,#GalaxyS25Edge 
68020657518756397_8941316179,image,4/15/2025 17:00,342,11,#GalaxyS25Edge 
80826116554474459_2832138394,image,6/2/2025 18:00,50,1,#GalaxyS25Edge 
81376406179461717_2922967496,reel,3/29/2025 20:00,957,31,#GalaxyS25Edge 
24931195375506525_5166997597,reel,4/23/2025 1:00,131,4,#GalaxyS25Edge 
70542044798007905_7435675536,carousel,3/22/2025 6:00,127,4,#GalaxyS25Edge 
79593419745418140_2126978604,carousel,3/24/2025 3:00,560,0,#GalaxyS25Edge 
20982036642157827_0629727462,reel,4/30/2025 13:00,239,8,#GalaxyS25Edge 
64615227061665994_1257887985,image,5/15/2025 5:00,106,4,#GalaxyS25Edge 
51303688794760681_0618577808,carousel,3/26/2025 23:00,68,0,#GalaxyS25Edge 
04341779352184856_2192421168,image,4/1/2025 4:00,91,1,#GalaxyS25Edge 
28750244102533276_0831997066,reel,4/21/2025 9:00,269,5,#GalaxyS25Edge 
34750479833384756_5601928524,carousel,5/18/2025 6:00,139,5,#GalaxyS25Edge 
25545455548241921_5537660306,image,4/28/2025 1:00,152,1,#GalaxyS25Edge 
46759731838480367_1640539220,carousel,5/15/2025 21:00,87,1,#GalaxyS25Edge 
57799838677135883_2344445244,carousel,5/29/2025 18:00,1059,21,#GalaxyS25Edge 
15034378708037902_8543553811,image,4/28/2025 21:00,638,11,#GalaxyS25Edge 
78140266693396914_2603130735,image,5/22/2025 8:00,100,4,#GalaxyS25Edge 
41493776081566516_4086668770,image,5/14/2025 12:00,248,0,#GalaxyS25Edge 
17377962741948040_8819991361,image,3/17/2025 14:00,102,0,#GalaxyS25Edge 
54644676299360990_3281926001,image,6/2/2025 1:00,125,7,#GalaxyS25Edge 
93024001687020960_9405912257,image,5/24/2025 10:00,343,8,#GalaxyS25Edge 
55646236864492610_2081861515,image,5/15/2025 19:00,109,5,#GalaxyS25Edge 
05557183007539841_7494239958,carousel,5/5/2025 2:00,180,4,#GalaxyS25Edge 
98888505950005882_2733786345,image,4/15/2025 21:00,382,14,#GalaxyS25Edge 
63269716941738538_0909595736,reel,4/24/2025 9:00,176,10,#GalaxyS25Edge 
02501478447414916_6415223882,image,5/31/2025 4:00,283,14,#GalaxyS25Edge 
31887739899996742_3267811143,carousel,5/13/2025 14:00,41,2,#GalaxyS25Edge 
72382743378890788_3805647293,reel,3/25/2025 19:00,106,7,#GalaxyS25Edge 
15291558399133849_7836618661,image,5/16/2025 5:00,584,14,#GalaxyS25Edge 
94502270938509344_1005402969,reel,5/11/2025 2:00,123,2,#GalaxyS25Edge 
50114599817317796_2415552310,reel,5/22/2025,52,3,#GalaxyS25Edge 
96447433408588492_6898640089,carousel,6/5/2025 6:00,113,2,#GalaxyS25Edge 
68599915658885228_8062775563,reel,4/4/2025 23:00,154,4,#GalaxyS25Edge 
79953788854044716_4118863631,image,4/8/2025 21:00,117,4,#GalaxyS25Edge 
04331544915156219_1531815254,carousel,5/16/2025 1:00,146,4,#GalaxyS25Edge 
97111599329838571_5961660849,image,4/5/2025 7:00,52,3,#GalaxyS25Edge 
01247792673024393_7356845842,carousel,6/12/2025 23:00,151,7,#GalaxyS25Edge 
15594178681765009_5987933604,carousel,4/27/2025 18:00,599,15,#GalaxyS25Edge 
63830341815518716_2229250543,carousel,4/9/2025 5:00,92,2,#GalaxyS25Edge 
97931179866355924_6034849345,carousel,5/28/2025 10:00,105,1,#GalaxyS25Edge 
00320497150723688_9561686795,image,4/24/2025 10:00,161,6,#GalaxyS25Edge 
47504793953915213_3266315810,image,3/26/2025 7:00,133,4,#GalaxyS25Edge 
93978074311187319_5008260143,carousel,4/2/2025 2:00,340,9,#GalaxyS25Edge 
17073756838281463_2191008794,carousel,6/9/2025 21:00,289,10,#GalaxyS25Edge 
12376894753684177_7220338302,reel,3/31/2025 17:00,414,12,#GalaxyS25Edge 
39783790640878331_4602937154,reel,5/6/2025 19:00,19,0,#GalaxyS25Edge 
63673322374394916_1421656871,reel,4/27/2025 1:00,661,20,#GalaxyS25Edge 
34309749949330071_1665987403,carousel,4/22/2025 20:00,111,5,#GalaxyS25Edge 
34676352229786008_7744511536,carousel,6/12/2025 18:00,261,10,#GalaxyS25Edge 
73823323506099755_9414839494,carousel,4/8/2025 18:00,2574,76,#GalaxyS25Edge 
99203712040624925_8833110228,carousel,6/4/2025 20:00,203,7,#GalaxyS25Edge 
03903654158098957_3618782947,carousel,4/22/2025 9:00,50,1,#GalaxyS25Edge 
55521188516243841_3160158073,image,4/11/2025 11:00,582,12,#GalaxyS25Edge 
12854951465455470_7373651363,image,5/27/2025 5:00,45,0,#GalaxyS25Edge 
32215310307009708_7480010238,image,4/23/2025 16:00,240,4,#GalaxyS25Edge 
80088290522089892_9772880623,image,5/15/2025 16:00,213,3,#GalaxyS25Edge 
30719628931059817_5772977184,image,4/14/2025 17:00,115,3,#GalaxyS25Edge 
96232674888992496_5458725000,carousel,5/15/2025 6:00,502,16,#GalaxyS25Edge 
04906507200119320_0981183021,carousel,3/25/2025 1:00,576,19,#GalaxyS25Edge 
90772489664315546_2350506194,carousel,6/8/2025 12:00,105,5,#GalaxyS25Edge 
66785760154776656_2556154847,carousel,5/6/2025 10:00,91,1,#GalaxyS25Edge 
89092903604164866_0805437040,reel,5/24/2025 16:00,81,3,#GalaxyS25Edge 
45619242135352787_7769751649,image,3/15/2025 5:00,229,4,#GalaxyS25Edge 
71887594859398597_0099572364,image,5/23/2025,55,4,#GalaxyS25Edge 
50724042150663634_0671163125,carousel,3/31/2025 4:00,71,3,#GalaxyS25Edge 
38674982927274206_9371293538,reel,4/2/2025 22:00,91,3,#GalaxyS25Edge 
12656998354852824_9540059653,image,6/1/2025 14:00,1312,35,#GalaxyS25Edge 
05058962342462642_7990775032,carousel,5/7/2025 11:00,207,8,#GalaxyS25Edge 
39851796302060065_6807391097,carousel,5/13/2025 19:00,378,0,#GalaxyS25Edge 
09958260843796213_2690911986,carousel,4/16/2025 21:00,204,7,#GalaxyS25Edge 
07201747603396294_0760082165,carousel,5/22/2025,89,4,#GalaxyS25Edge 
22088129680835104_2903232612,reel,5/6/2025 17:00,0,39,#GalaxyS25Edge 
10813518854485759_5388764811,image,3/23/2025,108,4,#GalaxyS25Edge 
57717435264228403_3472039009,reel,4/28/2025 12:00,223,8,#GalaxyS25Edge 
54995454139689410_6464852851,carousel,4/6/2025 22:00,282,11,#GalaxyS25Edge 
34181457444133040_8259284325,image,5/19/2025 9:00,88,3,#GalaxyS25Edge 
22501356829650539_7620881285,reel,3/15/2025 17:00,0,8,#GalaxyS25Edge 
52025879274879522_8093859881,reel,5/3/2025 17:00,0,8,#GalaxyS25Edge 
06411728272535562_2606460942,carousel,6/9/2025 14:00,166,5,#GalaxyS25Edge 
90514139158740484_9041834245,reel,4/28/2025 16:00,717,17,#GalaxyS25Edge 
76605194287187854_1412491906,carousel,5/11/2025,39,0,#GalaxyS25Edge 
93439819069317397_1390410408,reel,4/6/2025 3:00,147,3,#GalaxyS25Edge 
23914589914932930_5927789910,image,3/30/2025 11:00,82,0,#GalaxyS25Edge 
91945636505230896_8459848064,carousel,3/28/2025 20:00,1144,22,#GalaxyS25Edge 
62185645184368821_9443600101,image,4/1/2025 11:00,488,18,#GalaxyS25Edge 
52015985784902886_2153899666,image,4/27/2025 6:00,349,13,#GalaxyS25Edge 
33888516573592199_4144047250,image,5/26/2025 22:00,47,2,#GalaxyS25Edge 
25563627171833024_3471734851,carousel,5/12/2025 14:00,268,7,#GalaxyS25Edge 
54456345130039714_8623361374,reel,5/15/2025 14:00,827,22,#GalaxyS25Edge 
83100674159891135_1681130221,reel,5/2/2025 12:00,143,7,#GalaxyS25Edge 
16249831739601340_5067665541,carousel,4/2/2025 14:00,94,4,#GalaxyS25Edge 
23578590576077227_9349499174,image,5/20/2025 21:00,403,10,#GalaxyS25Edge 
91193240384752260_9705974201,carousel,5/21/2025 23:00,174,7,#GalaxyS25Edge 
62809095081372325_4546904401,image,4/6/2025 8:00,131,4,#GalaxyS25Edge 
45637700378484582_1893169257,reel,5/20/2025 12:00,352,14,#GalaxyS25Edge 
75808176952629929_0521158409,image,3/31/2025 8:00,92,2,#GalaxyS25Edge 
35235488911506458_9338911347,image,3/17/2025 23:00,48,1,#GalaxyS25Edge 
57568799768220412_7683838047,carousel,5/12/2025 15:00,88,2,#GalaxyS25Edge 
57378362015060958_6317271810,carousel,4/7/2025 22:00,188,10,#GalaxyS25Edge 
59984591511550547_0454789966,carousel,5/2/2025 23:00,57,3,#GalaxyS25Edge 
29389453565671009_2961063462,carousel,4/1/2025 14:00,417,10,#GalaxyS25Edge 
94477746736051798_8386584948,image,4/28/2025 11:00,81,0,#GalaxyS25Edge 
85273227230902905_9465588098,image,5/21/2025 10:00,424,12,#GalaxyS25Edge 
38218822589839124_2760206325,image,5/12/2025 4:00,89,1,#GalaxyS25Edge 
66440163935673097_4384871965,carousel,3/27/2025 11:00,365,17,#GalaxyS25Edge 
80712419380335258_6524985831,carousel,4/24/2025 2:00,124,3,#GalaxyS25Edge 
33962967211005660_3012965765,image,5/7/2025 19:00,75,5,#GalaxyS25Edge 
78396335629047440_8808178915,carousel,4/20/2025 16:00,375,14,#GalaxyS25Edge 
48359457531868873_3140239244,reel,6/10/2025,258,5,#GalaxyS25Edge 
17906260862571337_2688259424,image,4/29/2025 19:00,415,10,#GalaxyS25Edge 
20148629137699644_5804840275,carousel,5/6/2025 17:00,26,0,#GalaxyS25Edge 
06640492849405221_7737192421,carousel,3/19/2025 20:00,37,0,#GalaxyS25Edge 
29441939941555103_2222586350,image,6/1/2025 2:00,168,6,#GalaxyS25Edge 
14279389243190033_9964268031,reel,5/14/2025 15:00,335,21,#GalaxyS25Edge 
40018408797042642_6932789350,image,3/17/2025 11:00,113,6,#GalaxyS25Edge 
26438288387832043_6480945678,reel,3/26/2025 22:00,660,21,#GalaxyS25Edge 
30561263625674224_1002741469,carousel,5/18/2025 2:00,85,5,#GalaxyS25Edge 
64356328700440057_1397600845,image,4/19/2025 23:00,299,4,#GalaxyS25Edge 
94080943349478192_1511806894,carousel,6/12/2025 2:00,208,7,#GalaxyS25Edge 
92136509683165104_5756838443,carousel,4/8/2025 17:00,215,7,#GalaxyS25Edge 
28509111605631739_6047890452,image,5/9/2025 2:00,498,16,#GalaxyS25Edge 
24939625606074425_0238991585,carousel,5/17/2025 6:00,505,14,#GalaxyS25Edge 
98163329721809025_6017183403,image,4/18/2025 14:00,645,23,#GalaxyS25Edge 
00494642135870266_3352403559,image,5/2/2025 16:00,321,11,#GalaxyS25Edge 
72573771517397237_0237870568,carousel,4/4/2025 5:00,0,2,#GalaxyS25Edge 
12496264011599365_8416812962,carousel,4/24/2025 21:00,369,14,#GalaxyS25Edge 
22039088030125505_7273401239,image,3/28/2025 16:00,597,18,#GalaxyS25Edge 
00398412597232917_6885697468,carousel,5/23/2025 16:00,116,4,#GalaxyS25Edge 
50109437140633548_5997947601,image,6/12/2025 16:00,259,6,#GalaxyS25Edge 
86862491373926394_3533470622,reel,4/24/2025 7:00,151,4,#GalaxyS25Edge 
02339685741621699_1246825007,image,5/2/2025 10:00,389,9,#GalaxyS25Edge 
27286473088491253_8209386178,carousel,4/11/2025 6:00,43,0,#GalaxyS25Edge 
87617615043076445_0614049213,reel,6/8/2025 19:00,314,6,#GalaxyS25Edge 
68395327687689914_9426396474,image,6/7/2025 6:00,122,3,#GalaxyS25Edge 
68094254403628980_2217968270,reel,6/5/2025 5:00,22,1,#GalaxyS25Edge 
52706657329658365_1921006878,image,4/22/2025 17:00,50,1,#GalaxyS25Edge 
45926232644219953_4608948377,image,3/19/2025 14:00,2172,52,#GalaxyS25Edge 
17088144991827651_0099198599,carousel,4/30/2025 4:00,72,1,#GalaxyS25Edge 
80349903363271719_6430772475,carousel,6/7/2025 23:00,408,9,#GalaxyS25Edge 
23406256629164923_8885716486,carousel,5/24/2025 20:00,847,17,#GalaxyS25Edge 
27254648804517651_8242685254,image,6/2/2025 14:00,152,6,#GalaxyS25Edge 
07090899307327630_1653447308,image,4/5/2025 23:00,109,1,#GalaxyS25Edge 
40290397877224104_7482008920,reel,5/21/2025 3:00,376,15,#GalaxyS25Edge 
57766290639432787_4459366201,image,4/11/2025 19:00,139,4,#GalaxyS25Edge 
18648431627294962_2401046284,image,6/5/2025 7:00,282,7,#GalaxyS25Edge 
21504504651732864_8372657307,image,5/24/2025,144,5,#GalaxyS25Edge 
72934107188238821_3768060095,carousel,4/27/2025 11:00,522,7,#GalaxyS25Edge 
36931481481949463_7165492767,reel,3/23/2025 4:00,441,18,#GalaxyS25Edge 
07251509356360326_1882371540,reel,4/21/2025 8:00,951,30,#GalaxyS25Edge 
36897571701355042_0670437081,carousel,4/5/2025 11:00,242,5,#GalaxyS25Edge 
51660813233883142_3947323153,carousel,5/16/2025 7:00,412,14,#GalaxyS25Edge 
94706296948316185_0411736612,image,4/13/2025 21:00,272,9,#GalaxyS25Edge 
82301477094263010_2713062219,carousel,5/20/2025 10:00,154,7,#GalaxyS25Edge 
61223445618983655_9454836576,image,4/12/2025 7:00,1087,29,#GalaxyS25Edge 
41166889818577420_3921703803,image,5/30/2025 7:00,136,9,#GalaxyS25Edge 
25394305874328424_9350580411,reel,3/27/2025 11:00,297,7,#GalaxyS25Edge 
91170012534190885_2549038296,carousel,6/6/2025 12:00,400,16,#GalaxyS25Edge 
19852499979482647_9635181214,image,4/25/2025 13:00,731,20,#GalaxyS25Edge 
93762844238309453_2724941765,carousel,4/30/2025 19:00,170,9,#GalaxyS25Edge 
12687523319257532_7762394361,carousel,5/11/2025 20:00,0,3,#GalaxyS25Edge 
02172097573205942_1352027372,reel,5/24/2025 3:00,266,6,#GalaxyS25Edge 
12718437956150335_9601135397,carousel,3/26/2025 11:00,56,4,#GalaxyS25Edge 
83909508571778722_0137031359,carousel,4/25/2025 12:00,115,4,#GalaxyS25Edge 
69270912506594171_8024106815,carousel,4/29/2025 13:00,1200,38,#GalaxyS25Edge 
20773675389059188_2859454735,carousel,5/3/2025 6:00,351,12,#GalaxyS25Edge 
71505142681733676_2540349859,carousel,5/14/2025 18:00,99,1,#GalaxyS25Edge 
97958994828296198_6597178687,carousel,4/19/2025 13:00,131,0,#GalaxyS25Edge 
79096588052665588_7800825501,image,5/12/2025 8:00,50,1,#GalaxyS25Edge 
20913071961479387_3575020363,reel,6/12/2025 6:00,300,8,#GalaxyS25Edge 
99302959208126603_2332132054,reel,5/3/2025,1737,38,#GalaxyS25Edge 
87737353538691572_4708004721,reel,6/5/2025 5:00,943,27,#GalaxyS25Edge 
12899116981920848_5804989359,image,4/14/2025 16:00,639,15,#GalaxyS25Edge 
80788847116907313_1241330092,image,5/12/2025 17:00,1019,30,#GalaxyS25Edge 
85942799440857138_3860881154,carousel,4/6/2025 3:00,248,4,#GalaxyS25Edge 
15911645665139901_4895388408,image,4/20/2025 1:00,705,22,#GalaxyS25Edge 
72422270111610451_9045518166,carousel,4/9/2025 21:00,96,0,#GalaxyS25Edge 
50211926600540362_8475633019,carousel,5/11/2025 21:00,556,12,#GalaxyS25Edge 
80582233815438708_0762182303,image,4/6/2025 7:00,55,1,#GalaxyS25Edge 
60215216103329661_7911148634,carousel,6/2/2025 16:00,48,2,#GalaxyS25Edge 
19515838961085649_5234625301,reel,4/17/2025 6:00,262,2,#GalaxyS25Edge 
51333653213999166_3657136195,reel,3/27/2025 19:00,856,29,#GalaxyS25Edge 
89446624894091807_9884478586,image,4/27/2025 1:00,260,12,#GalaxyS25Edge 
67110536648753426_2233916102,carousel,5/30/2025 8:00,113,4,#GalaxyS25Edge 
91920262366234103_5914006744,reel,5/14/2025 10:00,67,3,#GalaxyS25Edge 
06921453194846970_6896128294,reel,6/10/2025 18:00,435,21,#GalaxyS25Edge 
18290343194570252_0287777333,carousel,3/23/2025 12:00,194,6,#GalaxyS25Edge 
79903224146706319_4245013341,reel,5/25/2025 5:00,150,2,#GalaxyS25Edge 
51414279183529715_1237936206,reel,5/3/2025 17:00,48,1,#GalaxyS25Edge 
23812882329986923_5386397252,carousel,5/5/2025 1:00,232,9,#GalaxyS25Edge 
36113932416000843_9524840041,reel,4/24/2025 18:00,358,10,#GalaxyS25Edge 
91966381745212737_6195319616,image,6/6/2025 3:00,224,8,#GalaxyS25Edge 
80205685280953074_1492979974,image,5/25/2025,438,13,#GalaxyS25Edge 
15867494337157657_8209774716,reel,6/3/2025 7:00,342,5,#GalaxyS25Edge 
07602296988026568_3151731671,carousel,4/13/2025 16:00,126,3,#GalaxyS25Edge 
86748951467034205_3807412088,carousel,5/27/2025 22:00,89,1,#GalaxyS25Edge 
03397761109279725_8740283046,image,4/27/2025 17:00,105,5,#GalaxyS25Edge 
96928050342205566_1036268862,carousel,4/16/2025 3:00,356,0,#GalaxyS25Edge 
64713016933458243_5244746698,image,4/6/2025 8:00,1994,46,#GalaxyS25Edge 
71796264893461455_0995592826,image,5/14/2025 13:00,143,1,#GalaxyS25Edge 
34178509277370498_1473473882,carousel,3/20/2025 3:00,130,1,#GalaxyS25Edge 
84758163633298234_1219350088,carousel,4/14/2025 20:00,33,0,#GalaxyS25Edge 
99648092504883842_7585090724,reel,5/24/2025 22:00,45,2,#GalaxyS25Edge 
19843537939474059_9845667466,carousel,4/20/2025 20:00,136,4,#GalaxyS25Edge 
25629840930971803_2774422732,image,3/28/2025 21:00,70,6,#GalaxyS25Edge 
78452260817319199_1387895412,image,6/3/2025 17:00,256,13,#GalaxyS25Edge 
94303060821145383_8773168239,carousel,5/11/2025 3:00,86,1,#GalaxyS25Edge 
64473377184806176_8268062609,image,6/10/2025 1:00,58,0,#GalaxyS25Edge 
88275648375837707_5442946053,image,3/27/2025 22:00,361,11,#GalaxyS25Edge 
62318400657773888_5796414695,reel,3/23/2025 8:00,127,3,#GalaxyS25Edge 
68248056550412898_7406096726,carousel,4/22/2025 6:00,1775,50,#GalaxyS25Edge 
51670793376286332_0756917564,reel,4/15/2025 8:00,147,9,#GalaxyS25Edge 
57104937668246645_9084462574,reel,3/26/2025 21:00,51,1,#GalaxyS25Edge 
60329297171901330_7291856159,image,3/22/2025 12:00,26,2,#GalaxyS25Edge 
60536708788475415_3361380147,carousel,5/26/2025 18:00,497,11,#GalaxyS25Edge 
01893908222076269_1322183314,image,4/23/2025 23:00,146,4,#GalaxyS25Edge 
51831556636713036_6182916594,reel,5/3/2025 12:00,135,0,#GalaxyS25Edge 
53804839011440458_9841289441,image,3/15/2025 22:00,125,5,#GalaxyS25Edge 
79223056941335342_3770580080,image,3/21/2025 1:00,423,12,#GalaxyS25Edge 
55425665853641039_0572837355,reel,3/15/2025 18:00,118,5,#GalaxyS25Edge 
28096774751555293_4018036396,image,6/7/2025 13:00,124,1,#GalaxyS25Edge 
46821491297423342_7191139468,image,4/28/2025 11:00,986,25,#GalaxyS25Edge 
36157148556175510_9498045438,image,3/19/2025 21:00,49,1,#GalaxyS25Edge 
52770408624451165_0878980850,image,5/22/2025 13:00,512,15,#GalaxyS25Edge 
92364829799786781_9556160435,image,4/23/2025 12:00,150,5,#GalaxyS25Edge 
56443194579446089_2796930676,reel,5/27/2025 22:00,129,3,#GalaxyS25Edge 
09272988249153884_3391894093,reel,4/26/2025 9:00,212,2,#GalaxyS25Edge 
34259362737605346_0243718298,image,6/5/2025 14:00,26,1,#GalaxyS25Edge 
60966987678267598_1890296557,image,5/31/2025 5:00,214,10,#GalaxyS25Edge 
11409859826563100_9246320267,image,4/28/2025,143,2,#GalaxyS25Edge 
16453598381301835_3440683964,reel,4/29/2025 20:00,317,14,#GalaxyS25Edge 
29448801534038972_0766743026,carousel,5/5/2025 12:00,64,0,#GalaxyS25Edge 
55282487419306737_5992889373,image,3/22/2025 6:00,195,0,#GalaxyS25Edge 
60375132393903847_0384613031,carousel,4/10/2025,298,4,#GalaxyS25Edge 
10874924709920252_6884402371,image,5/8/2025 16:00,268,7,#GalaxyS25Edge 
13196876579499315_9193288844,carousel,4/15/2025 14:00,580,15,#GalaxyS25Edge 
17751633406541914_2919226854,image,5/1/2025 8:00,321,17,#GalaxyS25Edge 
00047613822525133_0628583564,carousel,6/8/2025 3:00,127,2,#GalaxyS25Edge 
38629659688103914_1326428271,image,4/12/2025 10:00,41,0,#GalaxyS25Edge 
05642819679655014_1527592789,carousel,5/8/2025 13:00,252,11,#GalaxyS25Edge 
22947831332454206_9649109070,image,4/6/2025 7:00,147,3,#GalaxyS25Edge 
49174659245388872_7969334482,image,5/10/2025 18:00,124,5,#GalaxyS25Edge 
74457238914045842_9362231852,carousel,3/31/2025 5:00,85,5,#GalaxyS25Edge 
16369409596289555_5630667467,carousel,5/14/2025 11:00,134,3,#GalaxyS25Edge 
07000666300782577_0358606256,image,6/5/2025 22:00,54,2,#GalaxyS25Edge 
03870369965664372_4460704201,image,6/3/2025 14:00,522,19,#GalaxyS25Edge 
77560703922924498_3145146845,image,4/7/2025 13:00,92,1,#GalaxyS25Edge 
31199473749154526_8598717701,reel,4/14/2025 17:00,56,0,#GalaxyS25Edge 
18698808791788687_3006247109,image,4/2/2025 18:00,47,1,#GalaxyS25Edge 
30748113432381229_5480004096,image,5/8/2025 10:00,289,7,#GalaxyS25Edge 
20757322857580374_8626566768,carousel,5/1/2025,139,2,#GalaxyS25Edge 
57903690738526965_5487540424,reel,5/29/2025 20:00,350,7,#GalaxyS25Edge 
74961696649350916_2903370938,carousel,3/24/2025 18:00,333,0,#GalaxyS25Edge 
66162603760054863_6345498213,carousel,5/9/2025 10:00,90,3,#GalaxyS25Edge 
91083950539559035_1129475177,carousel,6/8/2025 8:00,443,14,#GalaxyS25Edge 
95653014640491732_9662281068,carousel,6/3/2025 5:00,81,0,#GalaxyS25Edge 
91461689862812823_1239860491,reel,5/10/2025 1:00,850,19,#GalaxyS25Edge 
16600991387615972_4071870687,image,3/17/2025 23:00,422,20,#GalaxyS25Edge 
86822188350451689_1401352651,carousel,5/7/2025 4:00,220,8,#GalaxyS25Edge 
08548637558057469_2659077143,image,3/20/2025 23:00,179,9,#GalaxyS25Edge 
37156961823189108_0799470861,reel,5/30/2025 11:00,90,1,#GalaxyS25Edge 
42246947200266787_3294445585,image,4/6/2025 22:00,512,16,#GalaxyS25Edge 
88334144648828791_2074186005,carousel,4/10/2025 11:00,101,5,#GalaxyS25Edge 
54352087903087174_1892316885,carousel,6/11/2025 3:00,109,4,#GalaxyS25Edge 
45638714733078708_4217918266,image,4/21/2025 22:00,647,21,#GalaxyS25Edge 
88257877013176846_2459378502,image,5/22/2025 21:00,196,0,#GalaxyS25Edge 
02313054906508928_2559726538,carousel,6/5/2025 7:00,332,9,#GalaxyS25Edge 
69003808352459992_3957731333,image,6/8/2025 7:00,77,2,#GalaxyS25Edge 
31333159917467970_3229570686,image,5/11/2025 15:00,288,6,#GalaxyS25Edge 
85213762659312681_6834738804,carousel,5/12/2025 8:00,201,8,#GalaxyS25Edge 
19853725171199722_8890587673,image,4/22/2025 7:00,243,5,#GalaxyS25Edge 
84875813963177398_4094928296,carousel,5/8/2025 2:00,406,8,#GalaxyS25Edge 
60185888255941735_9656342581,carousel,6/2/2025 14:00,465,14,#GalaxyS25Edge 
97584074128857199_0227175279,image,5/2/2025 4:00,700,26,#GalaxyS25Edge 
68651043978598513_6336832861,carousel,5/9/2025 13:00,274,8,#GalaxyS25Edge 
90317499818145565_4915299317,reel,5/14/2025 13:00,575,0,#GalaxyS25Edge 
92674456432687905_7782631742,image,5/25/2025 12:00,136,8,#GalaxyS25Edge 
43876754009543817_4438621978,image,5/17/2025 14:00,215,8,#GalaxyS25Edge 
97372962436992642_0142055349,reel,3/18/2025 12:00,119,4,#GalaxyS25Edge 
20643056062594482_5247403517,carousel,6/6/2025 19:00,48,1,#GalaxyS25Edge 
75452043092189292_3556487487,reel,4/24/2025 12:00,161,0,#GalaxyS25Edge 
26507837962786362_4631494001,image,5/9/2025 21:00,96,5,#GalaxyS25Edge 
33143063144762086_7294419507,reel,6/6/2025 7:00,389,15,#GalaxyS25Edge 
22079888098697319_9196816826,carousel,5/1/2025 11:00,162,7,#GalaxyS25Edge 
63849426877372163_9694423620,image,5/2/2025 17:00,611,25,#GalaxyS25Edge 
24376040713277431_6498610121,reel,5/19/2025,163,7,#GalaxyS25Edge 
11221913034194853_2216934291,image,3/29/2025 6:00,81,2,#GalaxyS25Edge 
09182636950841360_8532481120,reel,5/30/2025 10:00,110,3,#GalaxyS25Edge 
61783250927032726_7847222466,carousel,5/23/2025 8:00,429,17,#GalaxyS25Edge 
23066030310550896_4150888972,reel,4/17/2025 5:00,141,0,#GalaxyS25Edge 
25640611637008963_6338549072,carousel,6/5/2025 18:00,214,5,#GalaxyS25Edge 
10887322806146213_6301491728,carousel,5/26/2025 17:00,1069,26,#GalaxyS25Edge 
70937036259112264_3247296990,reel,4/19/2025 1:00,821,29,#GalaxyS25Edge 
65436590829051423_9386899754,reel,4/11/2025 8:00,329,6,#GalaxyS25Edge 
26847191305882254_4395460925,reel,6/12/2025 9:00,290,7,#GalaxyS25Edge 
62431400547657569_2387475395,image,4/16/2025 22:00,192,9,#GalaxyS25Edge 
93118252965599661_6767645941,image,4/3/2025 8:00,104,3,#GalaxyS25Edge 
00274453062502996_1714450793,carousel,4/12/2025 17:00,89,0,#GalaxyS25Edge 
47854229841936307_7781506336,image,4/16/2025 18:00,918,33,#GalaxyS25Edge 
99915017417101034_6606217882,carousel,4/29/2025 2:00,2164,60,#GalaxyS25Edge 
74198632124811849_9456782729,image,5/28/2025 20:00,127,5,#GalaxyS25Edge 
71932720212538997_8221814032,image,4/8/2025 5:00,379,10,#GalaxyS25Edge 
26549751293200829_6481892090,carousel,5/15/2025 8:00,107,3,#GalaxyS25Edge 
26203332094927169_8837951394,carousel,6/3/2025 10:00,246,12,#GalaxyS25Edge 
52993631948231553_9291574485,carousel,3/21/2025 11:00,487,15,#GalaxyS25Edge 
49112965645550866_5603822985,image,6/2/2025 14:00,85,3,#GalaxyS25Edge 
23284324050862644_3654514906,image,6/3/2025 23:00,299,18,#GalaxyS25Edge 
21676137323948355_2952030652,carousel,5/12/2025 21:00,106,5,#GalaxyS25Edge 
94058042190162390_9827200891,carousel,4/25/2025 5:00,209,11,#GalaxyS25Edge 
98481271151787364_2143694402,image,4/6/2025 9:00,1192,23,#GalaxyS25Edge 
83217537904912099_4789466465,image,6/12/2025 21:00,611,19,#GalaxyS25Edge 
24749478194316772_6838441834,carousel,4/1/2025 10:00,152,7,#GalaxyS25Edge 
33066077316045096_7982390947,reel,4/5/2025 20:00,90,2,#GalaxyS25Edge 
22387500751747095_4414276477,image,5/8/2025 18:00,323,6,#GalaxyS25Edge 
04219282806713916_1576563348,image,6/2/2025 16:00,76,2,#GalaxyS25Edge 
57099132642940987_7429158866,image,5/12/2025 14:00,47,0,#GalaxyS25Edge 
87999300189786816_3492156302,image,5/18/2025 8:00,1470,60,#GalaxyS25Edge 
29520734078464078_4456188999,reel,4/17/2025 19:00,236,3,#GalaxyS25Edge 
85505605484562341_8603956816,image,4/6/2025 16:00,461,20,#GalaxyS25Edge 
59789517850942800_9736365756,carousel,5/9/2025 4:00,198,5,#GalaxyS25Edge 
18671172429453386_9988444391,image,4/3/2025 9:00,276,10,#GalaxyS25Edge 
07730061596370915_9649455521,carousel,6/3/2025 6:00,175,3,#GalaxyS25Edge 
11828596057012616_2093158720,image,5/18/2025 5:00,58,3,#GalaxyS25Edge 
66295858960385873_7778572833,image,3/25/2025 4:00,70,3,#GalaxyS25Edge 
38929193651669249_4114224050,reel,5/1/2025 14:00,290,6,#GalaxyS25Edge 
05599582791049555_2919514717,image,5/18/2025 23:00,157,4,#GalaxyS25Edge 
65273283062155782_3087811017,carousel,4/22/2025 9:00,415,12,#GalaxyS25Edge 
79611871211223747_8171048968,carousel,4/18/2025,579,17,#GalaxyS25Edge 
38130039911823835_0086407890,image,4/15/2025 8:00,147,5,#GalaxyS25Edge 
65479581083775877_0561996683,carousel,4/16/2025,415,10,#GalaxyS25Edge 
72443732501354723_9122039680,carousel,5/1/2025 23:00,378,8,#GalaxyS25Edge 
21172169819097470_7144745660,carousel,4/15/2025 7:00,801,32,#GalaxyS25Edge 
68460456576258532_5482367277,carousel,5/10/2025 9:00,198,4,#GalaxyS25Edge 
03682964960194192_9235097861,reel,5/10/2025 11:00,466,9,#GalaxyS25Edge 
61924408810630641_3751888860,carousel,5/10/2025 1:00,127,4,#GalaxyS25Edge 
20512657582807057_9829052038,reel,6/5/2025 10:00,500,13,#GalaxyS25Edge 
59561899218239367_8077378594,image,4/5/2025 7:00,666,17,#GalaxyS25Edge 
49620047185936310_1514248016,carousel,5/31/2025 12:00,143,8,#GalaxyS25Edge 
71684215688544597_8848565895,reel,4/3/2025 2:00,147,5,#GalaxyS25Edge 
95217458965672851_3261741142,carousel,4/13/2025 7:00,549,15,#GalaxyS25Edge 
62137074298824855_0960913712,reel,6/10/2025 20:00,76,1,#GalaxyS25Edge 
36948744043144776_3612732596,reel,4/15/2025,101,4,#GalaxyS25Edge 
69684106429661347_9572470089,image,3/26/2025 14:00,485,9,#GalaxyS25Edge 
92078453429682692_9617635606,image,3/25/2025 8:00,175,4,#GalaxyS25Edge 
32657043364464887_3079399933,image,3/24/2025,99,1,#GalaxyS25Edge 
07850369518929142_9609087908,image,4/21/2025 16:00,558,13,#GalaxyS25Edge 
28976521790119916_8394836560,image,5/14/2025 13:00,199,12,#GalaxyS25Edge 
91896909153731967_4510780263,image,5/8/2025 11:00,287,8,#GalaxyS25Edge 
80812260850818232_5895826571,reel,4/8/2025 21:00,36,0,#GalaxyS25Edge 
75723293687041910_6752669661,reel,3/29/2025 5:00,419,14,#GalaxyS25Edge 
56274394363222276_6255096078,carousel,5/28/2025 22:00,159,5,#GalaxyS25Edge 
53386679161262444_3772142078,image,5/2/2025 23:00,196,4,#GalaxyS25Edge 
45233768624427476_5670551493,carousel,4/17/2025 23:00,245,3,#GalaxyS25Edge 
39067624460284750_2715480078,image,5/29/2025 17:00,249,9,#GalaxyS25Edge 
46930073179531206_2152996460,reel,3/31/2025 16:00,122,2,#GalaxyS25Edge 
32088925536287524_9009688135,image,6/3/2025 15:00,154,0,#GalaxyS25Edge 
63043308577739370_3635591645,carousel,6/4/2025 7:00,366,14,#GalaxyS25Edge 
94548007448149909_9429646672,image,5/29/2025 18:00,182,8,#GalaxyS25Edge 
49539417488399402_6997288774,carousel,5/7/2025 23:00,173,0,#GalaxyS25Edge 
44294526770232115_1608658949,image,5/4/2025 1:00,91,2,#GalaxyS25Edge 
54397632753696476_3931593152,carousel,5/26/2025,140,8,#GalaxyS25Edge 
82921601102974671_6767672385,carousel,3/17/2025 7:00,879,28,#GalaxyS25Edge 
95044408963256337_3857022159,carousel,4/29/2025 20:00,93,3,#GalaxyS25Edge 
82905465743515563_2822430814,carousel,3/16/2025 10:00,253,11,#GalaxyS25Edge 
06244646421243490_3352757653,carousel,5/8/2025 18:00,257,5,#GalaxyS25Edge 
10729142700579013_7971161070,image,4/12/2025,152,4,#GalaxyS25Edge 
19422617481311951_3248404579,image,5/4/2025 2:00,96,4,#GalaxyS25Edge 
13262996491780296_6413452580,image,3/19/2025 3:00,0,11,#GalaxyS25Edge 
12272151117313758_5815777988,image,5/10/2025 8:00,234,2,#GalaxyS25Edge 
96381914849314597_3945376760,image,6/3/2025 4:00,455,20,#GalaxyS25Edge 
14669947753223099_2159606482,image,5/5/2025 8:00,1001,18,#GalaxyS25Edge 
90610103354575749_1766131374,image,4/16/2025 11:00,63,0,#GalaxyS25Edge 
94471731540261896_3749563318,image,3/31/2025 6:00,29,0,#GalaxyS25Edge 
93105120388644320_2107217300,image,5/11/2025 4:00,446,12,#GalaxyS25Edge 
43499057494151185_8760561465,carousel,5/13/2025 15:00,227,7,#GalaxyS25Edge 
95764498945840947_4373461977,image,3/15/2025 17:00,0,10,#GalaxyS25Edge 
94361324149257554_7401792129,reel,4/28/2025 8:00,361,7,#GalaxyS25Edge 
91536884024668279_3367006029,carousel,3/25/2025 2:00,488,16,#GalaxyS25Edge 
73067397308032123_3558040332,image,6/11/2025 12:00,227,9,#GalaxyS25Edge 
81818601759374446_7775894494,image,4/2/2025 13:00,145,6,#GalaxyS25Edge 
54639708782475607_1693468108,carousel,4/3/2025 4:00,305,14,#GalaxyS25Edge 
76287540445607511_6352123113,image,5/14/2025 7:00,235,7,#GalaxyS25Edge 
64739491160204834_5892154473,carousel,4/25/2025 20:00,195,6,#GalaxyS25Edge 
86827717827960049_4354533818,image,5/14/2025 7:00,303,6,#GalaxyS25Edge 
24192727875176718_0226379981,carousel,3/17/2025 22:00,139,2,#GalaxyS25Edge 
72819417668530623_6926213591,image,5/13/2025 4:00,287,8,#GalaxyS25Edge 
15849593352198601_5230037992,carousel,5/3/2025 23:00,90,4,#GalaxyS25Edge 
71332651188073579_6495430313,carousel,5/28/2025 14:00,72,0,#GalaxyS25Edge 
40538011923231574_7966728484,carousel,5/6/2025 17:00,204,4,#GalaxyS25Edge 
57545942371640295_7806220710,image,3/25/2025 19:00,183,1,#GalaxyS25Edge 
49782966678290010_2074680609,carousel,4/19/2025,54,0,#GalaxyS25Edge 
73851778375687163_9663330365,reel,4/3/2025 20:00,122,3,#GalaxyS25Edge 
43957849775362446_5517337651,image,5/13/2025 8:00,366,10,#GalaxyS25Edge 
21701309772186403_0752342583,reel,6/10/2025 12:00,353,9,#GalaxyS25Edge 
46466568149734853_0591119901,image,5/5/2025 6:00,133,5,#GalaxyS25Edge 
84766213440279650_3250078764,reel,4/19/2025 22:00,241,7,#GalaxyS25Edge 
95525392793522025_8844208823,image,4/9/2025 16:00,165,12,#GalaxyS25Edge 
58261450904443938_7822669739,reel,5/11/2025 17:00,188,8,#GalaxyS25Edge 
41079300002989126_8784697757,reel,4/4/2025 22:00,134,1,#GalaxyS25Edge 
74051498348920333_8239604476,carousel,6/5/2025 8:00,462,13,#GalaxyS25Edge 
17232339136060185_0102327528,carousel,3/29/2025 15:00,298,0,#GalaxyS25Edge 
10449582502501164_9969790374,image,4/30/2025 8:00,152,3,#GalaxyS25Edge 
97047784885714576_2319791551,reel,4/19/2025 3:00,78,3,#GalaxyS25Edge 
55499319482309323_6794250623,carousel,4/2/2025 19:00,162,6,#GalaxyS25Edge 
74245744640117541_5236193116,image,4/23/2025 2:00,293,8,#GalaxyS25Edge 
42106720769402082_3353608876,reel,5/7/2025 14:00,121,6,#GalaxyS25Edge 
10083682345649082_1282938210,image,6/1/2025 13:00,215,4,#GalaxyS25Edge 
10413640864867591_4101327458,image,6/12/2025 8:00,186,5,#GalaxyS25Edge 
49204140004016741_8503348235,carousel,4/14/2025 12:00,264,7,#GalaxyS25Edge 
48277590223403726_4862216922,carousel,5/19/2025 14:00,290,9,#GalaxyS25Edge 
50483214338256449_3250781687,image,5/27/2025 21:00,138,3,#GalaxyS25Edge 
72344070019086995_4659876852,carousel,3/19/2025 4:00,152,3,#GalaxyS25Edge 
78668081271388189_5778629871,image,4/14/2025 17:00,191,7,#GalaxyS25Edge 
21183217245915898_4895968202,image,5/18/2025 18:00,853,28,#GalaxyS25Edge 
82066962658840864_2060430467,reel,4/5/2025 19:00,58,2,#GalaxyS25Edge 
80326093350123429_9719014154,reel,4/8/2025 23:00,75,1,#GalaxyS25Edge 
84048704115650550_8101984000,carousel,6/1/2025 8:00,221,8,#GalaxyS25Edge 
76967033763315607_4108824798,carousel,6/5/2025 14:00,151,2,#GalaxyS25Edge 
55934413595938382_9666348434,image,6/5/2025 16:00,729,21,#GalaxyS25Edge 
42665918965892688_9347879174,image,3/16/2025 19:00,122,3,#GalaxyS25Edge 
63656861398502838_0138466554,carousel,6/3/2025 7:00,816,28,#GalaxyS25Edge 
03910309157365125_9776077360,image,4/15/2025 7:00,97,1,#GalaxyS25Edge 
64359917238814888_2720101927,carousel,5/30/2025 12:00,227,6,#GalaxyS25Edge 
27503053768111029_5569175349,carousel,4/14/2025 15:00,197,3,#GalaxyS25Edge 
26144343909907934_5689596391,image,5/31/2025 15:00,187,6,#GalaxyS25Edge 
27753977298337385_5456393766,image,6/2/2025 14:00,107,3,#GalaxyS25Edge 
76030463613892257_4662066854,carousel,4/8/2025 10:00,364,13,#GalaxyS25Edge 
18728402196848798_0795409590,carousel,5/10/2025 11:00,37,1,#GalaxyS25Edge 
91156172383308623_1459233664,image,3/29/2025 20:00,153,1,#GalaxyS25Edge 
87531909782045611_7264626920,image,5/4/2025 17:00,224,5,#GalaxyS25Edge 
08434628596610651_6483286232,reel,4/24/2025 23:00,320,7,#GalaxyS25Edge 
84117786275627753_9818169690,image,4/11/2025 3:00,117,0,#GalaxyS25Edge 
53174229203409266_5716612401,image,5/12/2025 17:00,373,5,#GalaxyS25Edge 
84649864917633723_5325703468,image,4/10/2025 11:00,91,2,#GalaxyS25Edge 
11345537078984092_7872703648,reel,6/6/2025 9:00,403,12,#GalaxyS25Edge 
28566688730739997_4400270557,carousel,4/6/2025,419,11,#GalaxyS25Edge 
48487597961742861_4566850901,carousel,6/2/2025 13:00,225,7,#GalaxyS25Edge 
63492487278340027_1086653846,reel,6/12/2025 22:00,0,24,#GalaxyS25Edge 
93753078545627205_6163118177,carousel,5/25/2025 11:00,444,12,#GalaxyS25Edge 
07346952876682774_8093929812,image,4/29/2025 4:00,303,10,#GalaxyS25Edge 
17002766855556503_1793604229,image,3/19/2025 16:00,387,9,#GalaxyS25Edge 
04706852101825854_2932048683,carousel,5/8/2025 6:00,268,8,#GalaxyS25Edge 
95489428545955879_3492362964,image,5/19/2025 18:00,252,7,#GalaxyS25Edge 
46021083989736164_4091208786,carousel,6/11/2025 10:00,207,6,#GalaxyS25Edge 
67661704291855302_5127241942,image,4/25/2025 5:00,219,6,#GalaxyS25Edge 
25277409284652725_4433240597,image,5/7/2025 17:00,2031,78,#GalaxyS25Edge 
42535653013681862_7394359596,reel,3/15/2025 17:00,143,2,#GalaxyS25Edge 
66238849828471465_3362287383,reel,4/28/2025 13:00,180,5,#GalaxyS25Edge 
74358707563295582_3520219383,carousel,5/25/2025,127,1,#GalaxyS25Edge 
49719584842918381_4312415456,reel,5/23/2025 20:00,90,2,#GalaxyS25Edge 
10414986671577182_1399400987,image,4/30/2025 8:00,207,3,#GalaxyS25Edge 
44733628872356794_8622919941,image,6/2/2025 6:00,322,11,#GalaxyS25Edge 
51065093719318650_5814918807,reel,5/20/2025 22:00,65,2,#GalaxyS25Edge 
86473630505013489_0239535543,reel,4/28/2025 12:00,521,24,#GalaxyS25Edge 
95356594664580094_6490510523,image,5/29/2025 9:00,1575,45,#GalaxyS25Edge 
21310527084837476_6573965458,carousel,5/3/2025 8:00,248,7,#GalaxyS25Edge 
70921262386498610_3690998270,carousel,5/23/2025 22:00,55,3,#GalaxyS25Edge 
42128138881267458_0025170614,reel,5/26/2025 8:00,125,5,#GalaxyS25Edge 
55207073312963091_6717666724,image,6/2/2025 13:00,181,10,#GalaxyS25Edge 
73689095923965377_8325322216,carousel,6/8/2025 15:00,199,5,#GalaxyS25Edge 
93711581561505205_5879742466,reel,5/11/2025 23:00,458,20,#GalaxyS25Edge 
56169553398877959_5466661095,image,5/29/2025 15:00,257,8,#GalaxyS25Edge 
02952226982750322_1061411495,reel,3/23/2025 2:00,368,10,#GalaxyS25Edge 
65536660788911553_7766804182,reel,5/15/2025 12:00,197,3,#GalaxyS25Edge 
08881699756756119_7962912555,carousel,4/12/2025 11:00,787,18,#GalaxyS25Edge 
08845290902136585_3278334646,image,4/7/2025 14:00,118,1,#GalaxyS25Edge 
07088662706938924_9684569147,carousel,3/28/2025 13:00,290,4,#GalaxyS25Edge 
49540520745821378_3631796340,image,6/11/2025 23:00,0,5,#GalaxyS25Edge 
22767970636407094_1212069176,carousel,4/10/2025 22:00,615,18,#GalaxyS25Edge 
24814431731420163_3758423361,image,4/29/2025 16:00,431,19,#GalaxyS25Edge 
43403610197854595_6016016411,carousel,5/9/2025 11:00,93,4,#GalaxyS25Edge 
48557615244371223_1369287009,reel,4/1/2025 3:00,71,0,#GalaxyS25Edge 
49788398126510068_2172241823,carousel,5/15/2025 12:00,250,6,#GalaxyS25Edge 
48958533674641926_7669991482,image,5/4/2025 21:00,101,0,#GalaxyS25Edge 
97779680788808775_5205703038,reel,5/22/2025,0,17,#GalaxyS25Edge 
72518455225509592_3492100306,image,3/31/2025 11:00,193,3,#GalaxyS25Edge 
29502491178047516_2012758963,reel,4/1/2025 13:00,847,28,#GalaxyS25Edge 
77927814229288863_6751633336,reel,3/18/2025 15:00,61,0,#GalaxyS25Edge 
13722769228424591_9520007081,image,3/30/2025 3:00,406,9,#GalaxyS25Edge 
47939033003005160_2452448835,reel,6/10/2025 6:00,293,9,#GalaxyS25Edge 
18089840993703034_5850581847,image,5/30/2025 1:00,402,14,#GalaxyS25Edge 
68918775403724007_4089261489,reel,4/14/2025 17:00,100,1,#GalaxyS25Edge 
65156063040764480_0923707543,carousel,3/29/2025 12:00,69,2,#GalaxyS25Edge 
78886448520758550_6119554449,reel,4/25/2025 7:00,786,22,#GalaxyS25Edge 
84269674987943024_0922220894,image,6/4/2025 1:00,453,16,#GalaxyS25Edge 
15942089322837695_5961519369,carousel,3/21/2025 14:00,926,30,#GalaxyS25Edge 
82354380522904492_7597276465,carousel,4/19/2025 10:00,466,17,#GalaxyS25Edge 
54903668410745600_0233493644,reel,5/9/2025 7:00,0,7,#GalaxyS25Edge 
82213606459458164_4010722982,image,5/3/2025 6:00,294,7,#GalaxyS25Edge 
62733467523799290_7816985126,carousel,3/19/2025 6:00,386,11,#GalaxyS25Edge 
61035686380002311_8871086272,image,4/28/2025 13:00,240,4,#GalaxyS25Edge 
58046746222638358_4445550011,image,4/26/2025 4:00,999,28,#GalaxyS25Edge 
20384762311078434_3612430480,reel,5/3/2025 15:00,172,5,#GalaxyS25Edge 
46510847625854747_5361752924,carousel,4/2/2025 17:00,269,8,#GalaxyS25Edge 
23438947254194022_2857395937,reel,3/24/2025 19:00,75,1,#GalaxyS25Edge 
21406969560935880_2591852007,carousel,5/21/2025 11:00,423,7,#GalaxyS25Edge 
39799756045706182_1173005857,carousel,5/9/2025 10:00,87,1,#GalaxyS25Edge 
83627530791764290_1878905396,image,6/10/2025 16:00,555,18,#GalaxyS25Edge 
58606729414393050_1337358025,carousel,5/24/2025,155,3,#GalaxyS25Edge 
95789893523377438_9656258211,carousel,4/30/2025 10:00,203,3,#GalaxyS25Edge 
31086872294891702_5887969713,carousel,4/11/2025 14:00,81,5,#GalaxyS25Edge 
22315742699180222_1089567816,image,4/25/2025 6:00,395,13,#GalaxyS25Edge 
72050646048853091_3066069957,reel,6/2/2025 2:00,214,7,#GalaxyS25Edge 
49598707897874284_8900182810,image,3/21/2025 14:00,97,2,#GalaxyS25Edge 
44215704139680595_3613207580,image,4/13/2025 6:00,253,9,#GalaxyS25Edge 
58259174776362710_7536546228,reel,6/12/2025 5:00,173,4,#GalaxyS25Edge 
74635326450534240_0532152200,carousel,3/25/2025 9:00,328,3,#GalaxyS25Edge 
08508222834752385_8636420049,carousel,5/28/2025 8:00,113,2,#GalaxyS25Edge 
36938833348016763_8752598665,image,3/24/2025 4:00,250,6,#GalaxyS25Edge 
55395867063223296_4344821423,carousel,5/28/2025 1:00,78,0,#GalaxyS25Edge 
90076668188979794_7266790622,image,5/28/2025 19:00,424,9,#GalaxyS25Edge 
54249441648487589_0172363886,reel,5/14/2025 10:00,519,10,#GalaxyS25Edge 
07657402042610026_9407153318,carousel,3/30/2025 14:00,309,7,#GalaxyS25Edge 
76003223163907287_3631335900,carousel,4/7/2025 7:00,364,9,#GalaxyS25Edge 
94204987451520104_8147568004,reel,5/8/2025 11:00,360,11,#GalaxyS25Edge 
10121896714150413_1623963169,reel,3/16/2025 9:00,132,7,#GalaxyS25Edge 
10756496961990622_4128450059,carousel,3/23/2025 1:00,53,0,#GalaxyS25Edge 
23200833950685097_0693064188,image,5/23/2025 20:00,112,2,#GalaxyS25Edge 
36362168656441131_4252661104,image,5/31/2025 9:00,111,2,#GalaxyS25Edge 
78305971868918905_9916217459,reel,3/23/2025 7:00,216,12,#GalaxyS25Edge 
10549404521446686_3938790494,reel,4/20/2025 19:00,703,23,#GalaxyS25Edge 
54386493952880326_8893733415,image,3/30/2025 14:00,453,14,#GalaxyS25Edge 
16172613917011765_6790017759,image,4/20/2025 5:00,306,7,#GalaxyS25Edge 
46915730448065947_4039903299,image,4/10/2025 4:00,233,9,#GalaxyS25Edge 
02498969096081375_3097958297,image,5/16/2025 5:00,38,1,#GalaxyS25Edge 
76612803851826313_2940836006,carousel,6/4/2025 20:00,50,1,#GalaxyS25Edge 
86046223140373221_7052564256,reel,3/19/2025 6:00,183,5,#GalaxyS25Edge 
73967086048267334_9786755390,image,4/18/2025 12:00,1299,30,#GalaxyS25Edge 
80989042090919869_5353224914,carousel,4/6/2025 23:00,168,6,#GalaxyS25Edge 
68616623166092851_9156223004,carousel,5/5/2025 21:00,64,6,#GalaxyS25Edge 
54280242782205062_4085190000,image,3/28/2025 20:00,118,0,#GalaxyS25Edge 
41068668913985014_0728673535,reel,5/10/2025 10:00,324,6,#GalaxyS25Edge 
48652298448018732_8883931122,image,4/30/2025 16:00,407,14,#GalaxyS25Edge 
10475213635040641_4403562877,reel,4/19/2025 15:00,182,5,#GalaxyS25Edge 
54299086553761588_7192556714,image,4/10/2025 6:00,894,30,#GalaxyS25Edge 
26875347617402990_4865493671,carousel,4/29/2025 8:00,93,3,#GalaxyS25Edge 
49313764476277590_9838320465,reel,6/9/2025 1:00,81,1,#GalaxyS25Edge 
05935000213821501_8622282800,carousel,5/10/2025 6:00,0,34,#GalaxyS25Edge 
29943405479226617_6074096268,carousel,3/19/2025 4:00,291,10,#GalaxyS25Edge 
29725325024305646_8119743075,carousel,4/18/2025 11:00,774,25,#GalaxyS25Edge 
57885387952793918_0645142232,image,4/18/2025 22:00,177,6,#GalaxyS25Edge 
84050901318788646_9507930481,image,3/27/2025,547,10,#GalaxyS25Edge 
85809229506008035_3510168786,image,5/31/2025 14:00,0,6,#GalaxyS25Edge 
76801378708619050_2997595111,image,5/25/2025 10:00,90,5,#GalaxyS25Edge 
66289290942553879_2415056411,image,3/30/2025 4:00,107,4,#GalaxyS25Edge 
50788439678053614_0563199235,carousel,5/5/2025 10:00,1003,24,#GalaxyS25Edge 
54607166991509371_2190672775,carousel,3/29/2025 15:00,262,6,#GalaxyS25Edge 
69628766203812655_6724546748,carousel,4/18/2025 21:00,310,8,#GalaxyS25Edge 
58656780814255626_2405122697,carousel,3/20/2025 21:00,231,8,#GalaxyS25Edge 
43456537286515168_1713633565,image,4/1/2025 12:00,98,3,#GalaxyS25Edge 
05819843828557463_8125095631,reel,4/9/2025 14:00,126,1,#GalaxyS25Edge 
21303173398023522_1261274620,reel,6/11/2025 9:00,715,22,#GalaxyS25Edge 
80589011680558997_4884481868,carousel,5/20/2025 21:00,184,5,#GalaxyS25Edge 
47804778429083339_8407507572,reel,5/24/2025 4:00,479,16,#GalaxyS25Edge 
87870045694857424_4577251426,image,5/26/2025 23:00,157,4,#GalaxyS25Edge 
55220422814407334_0871332054,image,3/17/2025 15:00,149,2,#GalaxyS25Edge 
76099576733666329_3586560523,carousel,4/22/2025 10:00,90,1,#GalaxyS25Edge 
30799447879718167_5318592275,carousel,4/18/2025 21:00,42,2,#GalaxyS25Edge 
10199493477979707_1661945959,carousel,6/4/2025 12:00,585,15,#GalaxyS25Edge 
22094924900929027_9972871417,carousel,5/24/2025 15:00,260,12,#GalaxyS25Edge 
03457248090686753_1524664869,image,5/18/2025 17:00,119,3,#GalaxyS25Edge 
43788224759121269_8303361899,carousel,3/26/2025 10:00,389,11,#GalaxyS25Edge 
33720448705056083_7922278342,carousel,4/13/2025 1:00,146,3,#GalaxyS25Edge 
63390228129552895_2357228687,image,3/23/2025 17:00,201,2,#GalaxyS25Edge 
49765124957231767_7167153004,image,5/9/2025 16:00,197,3,#GalaxyS25Edge 
81657652658309923_1445620157,reel,4/14/2025 14:00,219,8,#GalaxyS25Edge 
54677358715178383_4795168467,reel,5/14/2025 20:00,491,9,#GalaxyS25Edge 
74321958608833369_1570064112,carousel,4/18/2025,159,6,#GalaxyS25Edge 
69963900547012276_1333908016,carousel,5/7/2025 17:00,63,1,#GalaxyS25Edge 
87176898214034207_2107692070,carousel,3/18/2025 3:00,107,4,#GalaxyS25Edge 
87583189255835815_8001510567,reel,4/19/2025 7:00,265,9,#GalaxyS25Edge 
32965731934833146_5983300569,carousel,4/26/2025 6:00,310,10,#GalaxyS25Edge 
52695564222705123_7981176245,reel,5/28/2025 5:00,406,9,#GalaxyS25Edge 
20282674706555919_6170616770,image,5/24/2025 13:00,470,11,#GalaxyS25Edge 
68909426795947573_8334910726,carousel,4/9/2025 18:00,119,2,#GalaxyS25Edge 
18245643066475843_7262201333,reel,4/12/2025 14:00,1078,31,#GalaxyS25Edge 
99110307700739486_9942857539,reel,3/22/2025 22:00,128,3,#GalaxyS25Edge 
99880758249755624_8873147509,image,4/24/2025 22:00,121,2,#GalaxyS25Edge 
53707212195229663_7111049730,reel,3/15/2025 9:00,388,11,#GalaxyS25Edge 
89806997409656062_2115617604,carousel,4/21/2025 19:00,99,2,#GalaxyS25Edge 
96350400806553152_4155767183,carousel,5/3/2025 5:00,63,0,#GalaxyS25Edge 
89580678307147432_8116859575,reel,6/10/2025 14:00,78,0,#GalaxyS25Edge 
92923124209019643_8036871672,carousel,5/12/2025 17:00,30,0,#GalaxyS25Edge 
63803882989361596_6771596186,image,4/24/2025 23:00,223,7,#GalaxyS25Edge 
32557402377601328_6078438270,reel,5/29/2025 15:00,253,5,#GalaxyS25Edge 
52579350464875610_8165291412,carousel,4/8/2025 14:00,427,13,#GalaxyS25Edge 
14863950482925707_0865636287,image,5/15/2025 9:00,896,28,#GalaxyS25Edge 
96869917750440717_5028518410,image,3/25/2025 13:00,45,0,#GalaxyS25Edge 
28889841885270751_8003555250,carousel,4/9/2025 5:00,102,6,#GalaxyS25Edge 
96369295660229651_7728873633,carousel,6/7/2025 17:00,416,14,#GalaxyS25Edge 
34915998949458924_8696739667,carousel,4/26/2025 5:00,730,22,#GalaxyS25Edge 
56950559188723323_8257821359,image,4/2/2025 11:00,367,9,#GalaxyS25Edge 
41085889048931500_5866234624,carousel,5/24/2025 18:00,238,7,#GalaxyS25Edge 
46568341054958111_6306292899,carousel,4/12/2025 8:00,449,10,#GalaxyS25Edge 
17611248649184290_7405905225,carousel,4/25/2025 22:00,149,4,#GalaxyS25Edge 
65976181779831066_5744733319,carousel,5/22/2025 8:00,469,11,#GalaxyS25Edge 
37450043066748969_8773372707,image,6/3/2025 7:00,119,7,#GalaxyS25Edge 
34733444878749545_3730623452,carousel,4/5/2025 9:00,33,1,#GalaxyS25Edge 
39190289105503503_1628283050,carousel,6/2/2025 8:00,84,2,#GalaxyS25Edge 
06937491118492373_1264485844,carousel,4/30/2025 12:00,127,1,#GalaxyS25Edge 
58546459917196769_8607459147,carousel,3/18/2025 22:00,98,3,#GalaxyS25Edge 
97672857065146626_0370468715,image,4/4/2025 21:00,222,0,#GalaxyS25Edge 
83132893334409419_1126263964,reel,3/25/2025 21:00,300,14,#GalaxyS25Edge 
43838792196581455_5192092509,carousel,4/12/2025 21:00,508,12,#GalaxyS25Edge 
79820846211993449_3820191857,reel,5/22/2025 17:00,957,45,#GalaxyS25Edge 
94677856250249319_9343688736,image,5/14/2025 8:00,454,14,#GalaxyS25Edge 
63299370548386431_7953502569,reel,5/19/2025 16:00,454,12,#GalaxyS25Edge 
88836411824572489_0828216616,image,5/23/2025 19:00,313,11,#GalaxyS25Edge 
15552085147119424_9468776386,carousel,3/15/2025 6:00,69,0,#GalaxyS25Edge 
27833868552254190_0184116951,image,4/29/2025 13:00,193,6,#GalaxyS25Edge 
18090843273538557_8648372348,image,5/6/2025 12:00,257,8,#GalaxyS25Edge 
32026856624027256_8554366952,carousel,6/11/2025 1:00,231,7,#GalaxyS25Edge 
55716716087372336_3402664335,carousel,4/9/2025 21:00,66,0,#GalaxyS25Edge 
34630963230461859_0133140517,reel,5/16/2025 17:00,893,34,#GalaxyS25Edge 
97541035903630199_4307013902,carousel,5/21/2025 5:00,345,6,#GalaxyS25Edge 
18445952099420601_1828465687,carousel,3/24/2025 6:00,71,1,#GalaxyS25Edge 
93221704013111105_7868377999,image,3/22/2025 17:00,793,24,#GalaxyS25Edge 
29896647696737683_0642043984,reel,4/27/2025 6:00,179,7,#GalaxyS25Edge 
08766458963591915_5188242492,image,5/4/2025 9:00,252,1,#GalaxyS25Edge 
37586939817479019_4188484318,reel,6/9/2025 23:00,187,4,#GalaxyS25Edge 
64135961551662739_5304908786,image,5/1/2025 23:00,337,10,#GalaxyS25Edge 
42331281152314710_1174170757,reel,3/15/2025 22:00,104,0,#GalaxyS25Edge 
64331961300011645_3549549820,carousel,4/1/2025 3:00,254,7,#GalaxyS25Edge 
40567696139882186_4372282062,carousel,5/21/2025 10:00,245,10,#GalaxyS25Edge 
30775950026573013_3196305042,image,6/11/2025 19:00,318,12,#GalaxyS25Edge 
21543083381879217_9270233170,carousel,3/25/2025 19:00,349,10,#GalaxyS25Edge 
71577926137518527_7037345027,carousel,4/16/2025 9:00,115,2,#GalaxyS25Edge 
43542991292852181_3116686947,image,4/26/2025 21:00,276,7,#GalaxyS25Edge 
61002507493450589_7318093949,carousel,4/26/2025 14:00,558,20,#GalaxyS25Edge 
34215109726243689_1901612685,image,5/15/2025 12:00,308,8,#GalaxyS25Edge 
26150886361132014_8965442593,reel,5/21/2025 9:00,79,4,#GalaxyS25Edge 
13261112209571559_1734000930,reel,3/25/2025 4:00,87,6,#GalaxyS25Edge 
75939861584358560_0633474792,reel,6/3/2025 23:00,56,3,#GalaxyS25Edge 
41160383631442849_1636027927,carousel,5/8/2025 9:00,127,5,#GalaxyS25Edge 
52617494967468575_1659411469,reel,4/4/2025 7:00,192,6,#GalaxyS25Edge 
74675500399310009_7313964678,image,5/21/2025 17:00,77,5,#GalaxyS25Edge 
57600969640901520_5995579978,reel,3/19/2025 17:00,440,12,#GalaxyS25Edge 
24174571128258590_6888806605,image,4/17/2025 6:00,1364,43,#GalaxyS25Edge 
91218097994392079_5212835405,carousel,4/24/2025 2:00,42,1,#GalaxyS25Edge 
10526961135085894_4195611180,carousel,4/24/2025 13:00,91,0,#GalaxyS25Edge 
20199886832011904_2894963854,carousel,4/12/2025 14:00,154,1,#GalaxyS25Edge 
66348747529070569_2010892253,image,4/1/2025 6:00,972,29,#GalaxyS25Edge 
61564165993874079_7050184608,image,4/27/2025 11:00,276,11,#GalaxyS25Edge 
41546439424805460_3938426684,image,6/2/2025 22:00,138,5,#GalaxyS25Edge 
98305406769875962_3675550195,image,6/10/2025 23:00,175,5,#GalaxyS25Edge 
27057253784132979_9045624254,image,5/6/2025 23:00,178,6,#GalaxyS25Edge 
44673074936310901_9258252060,image,5/26/2025 4:00,39,1,#GalaxyS25Edge 
03949780023940941_6925557855,carousel,6/4/2025 15:00,326,10,#GalaxyS25Edge 
61575249043989459_7373762686,carousel,4/19/2025 17:00,346,9,#GalaxyS25Edge 
98433992282407432_2448862123,carousel,6/10/2025 8:00,61,3,#GalaxyS25Edge 
01102739753096592_3419450508,carousel,4/13/2025 11:00,408,13,#GalaxyS25Edge 
55713704925722356_5180912642,carousel,4/9/2025 5:00,925,37,#GalaxyS25Edge 
22829368662103494_4814154231,carousel,5/11/2025,91,1,#GalaxyS25Edge 
41724425277237111_9286169073,carousel,3/18/2025 17:00,176,4,#GalaxyS25Edge 
27028842022283274_7925236286,reel,3/15/2025 8:00,76,0,#GalaxyS25Edge 
92209440739416699_5075842593,image,3/21/2025 15:00,1670,51,#GalaxyS25Edge 
31468434444617373_1920414094,reel,3/31/2025 22:00,126,3,#GalaxyS25Edge 
21187956687636884_1425963731,image,5/23/2025 14:00,67,0,#GalaxyS25Edge 
11590105430455771_1238683486,image,4/10/2025 15:00,254,7,#GalaxyS25Edge 
96725745823147496_9376225836,image,4/1/2025 13:00,516,14,#GalaxyS25Edge 
50764474749303153_8632168473,carousel,4/12/2025 11:00,444,15,#GalaxyS25Edge 
93208424654333845_2668953681,carousel,5/20/2025 9:00,295,14,#GalaxyS25Edge 
77442861088333476_2586703745,image,3/18/2025 2:00,206,4,#GalaxyS25Edge 
44928457763178191_7397972440,carousel,6/11/2025 10:00,372,0,#GalaxyS25Edge 
57171262670165364_5071425549,reel,6/11/2025 23:00,716,14,#GalaxyS25Edge 
51645133054556377_0006003406,carousel,5/22/2025 23:00,140,4,#GalaxyS25Edge 
84477628930042356_5687081093,carousel,4/1/2025 8:00,140,6,#GalaxyS25Edge 
32504837657681725_1096840766,carousel,4/4/2025 20:00,32,2,#GalaxyS25Edge 
77529350209674085_8754806175,carousel,4/11/2025 9:00,272,7,#GalaxyS25Edge 
83081671072004430_2454486823,carousel,4/2/2025,189,3,#GalaxyS25Edge 
88605820362427781_2771107645,carousel,3/20/2025 3:00,1770,48,#GalaxyS25Edge 
00449504205961986_8652471634,carousel,5/5/2025 19:00,521,10,#GalaxyS25Edge 
81245054364404489_0321381210,image,6/12/2025 16:00,142,4,#GalaxyS25Edge 
22224296776618312_0700862208,carousel,3/24/2025 11:00,1125,30,#GalaxyS25Edge 
25392975059954155_5440311346,image,4/3/2025 12:00,233,5,#GalaxyS25Edge 
20888814187949289_7911976283,image,4/26/2025 4:00,168,10,#GalaxyS25Edge 
45807686609667417_4618767226,image,4/6/2025 15:00,205,8,#GalaxyS25Edge 
99274618865538274_4962448211,image,4/11/2025 7:00,233,4,#GalaxyS25Edge 
28447808769705373_5608712981,image,5/11/2025 6:00,170,4,#GalaxyS25Edge 
52968952872805429_6155185157,image,5/20/2025 2:00,928,39,#GalaxyS25Edge 
70951456707818815_6434328699,carousel,5/10/2025 8:00,742,22,#GalaxyS25Edge 
47839532329573215_0445524692,reel,5/12/2025 11:00,2148,61,#GalaxyS25Edge 
09836040823011852_0622549429,image,6/10/2025 16:00,257,10,#GalaxyS25Edge 
54538156835672801_9707166725,image,6/5/2025 17:00,101,3,#GalaxyS25Edge 
81689244724411213_5143494186,reel,4/3/2025 21:00,30,1,#GalaxyS25Edge 
90768212935787681_0685398126,carousel,3/29/2025 4:00,112,4,#GalaxyS25Edge 
87189274874307060_9323100386,carousel,3/15/2025 18:00,354,18,#GalaxyS25Edge 
56137328343591444_8452024312,image,3/31/2025 20:00,229,8,#GalaxyS25Edge 
24233662546549115_0801758446,image,4/6/2025 12:00,160,4,#GalaxyS25Edge 
47200982390942521_0255316806,image,5/30/2025 18:00,665,27,#GalaxyS25Edge 
28977560548519176_2874418433,image,6/3/2025 16:00,150,5,#GalaxyS25Edge 
12486313074942332_9891230595,carousel,3/15/2025 10:00,87,0,#GalaxyS25Edge 
51998841009575097_7948061437,carousel,4/15/2025 11:00,158,4,#GalaxyS25Edge 
74356715727007608_8085584252,carousel,4/13/2025 22:00,506,17,#GalaxyS25Edge 
11036840913264350_8948244364,image,5/2/2025 9:00,147,3,#GalaxyS25Edge 
94586293347420889_9825872139,image,5/22/2025 11:00,217,9,#GalaxyS25Edge 
88265578662382103_9327774492,image,5/9/2025 15:00,154,7,#GalaxyS25Edge 
31300202438103647_6579679893,carousel,5/5/2025 7:00,202,3,#GalaxyS25Edge 
46761921655596811_8733898509,image,4/4/2025 5:00,213,4,#GalaxyS25Edge 
83648569353080146_1572568988,reel,3/29/2025 12:00,136,5,#GalaxyS25Edge 
50115632743506897_6761611567,image,4/28/2025 9:00,325,11,#GalaxyS25Edge 
27057231798559906_0005469534,reel,4/23/2025 23:00,326,7,#GalaxyS25Edge 
68467725746507522_5419604543,image,3/21/2025 14:00,167,2,#GalaxyS25Edge 
27852233503604772_4688067823,carousel,5/15/2025 21:00,365,9,#GalaxyS25Edge 
04731428584824227_0122085338,image,5/21/2025 18:00,159,3,#GalaxyS25Edge 
66340216556603459_9992100052,image,5/29/2025 1:00,117,4,#GalaxyS25Edge 
34532653937099095_3177539815,carousel,5/20/2025 21:00,72,6,#GalaxyS25Edge 
03397024174643053_2150671701,reel,5/19/2025 10:00,755,27,#GalaxyS25Edge 
70130113131913960_1570855467,image,4/16/2025 2:00,161,4,#GalaxyS25Edge 
80293344159089914_9316776707,reel,5/31/2025 23:00,187,4,#GalaxyS25Edge 
70255302315388551_3246603676,image,4/26/2025 12:00,289,8,#GalaxyS25Edge 
43877057873276355_3143949954,image,4/1/2025 10:00,125,3,#GalaxyS25Edge 
45580615723409326_6528960105,image,4/4/2025 2:00,202,2,#GalaxyS25Edge 
51134135571380372_8659006127,carousel,6/1/2025 18:00,142,5,#GalaxyS25Edge 
97090843478664752_7083092121,image,5/3/2025,407,9,#GalaxyS25Edge 
58576998055190033_0467740528,carousel,6/12/2025 18:00,270,9,#GalaxyS25Edge 
75562279671985771_3481552758,image,4/28/2025,63,0,#GalaxyS25Edge 
32561438616385733_3317809902,image,6/9/2025 20:00,389,14,#GalaxyS25Edge 
42983687601924819_6084769422,carousel,5/28/2025 20:00,214,10,#GalaxyS25Edge 
05040017869515048_0648786623,image,6/12/2025 13:00,198,4,#GalaxyS25Edge 
57793622401930453_5415253793,image,3/25/2025,64,2,#GalaxyS25Edge 
89240223823881546_6783852136,carousel,4/19/2025 14:00,131,3,#GalaxyS25Edge 
70084043152217223_8874924394,reel,3/26/2025 17:00,592,7,#GalaxyS25Edge 
49542170373084198_6064673404,reel,5/8/2025 3:00,1403,39,#GalaxyS25Edge 
99686482056681491_6773185085,reel,5/9/2025 11:00,118,4,#GalaxyS25Edge 
34291552910940705_0370643887,reel,3/15/2025 23:00,159,5,#GalaxyS25Edge 
86391981986219002_5138147937,image,6/9/2025 6:00,415,18,#GalaxyS25Edge 
87774157456018958_9767587846,image,3/25/2025 19:00,410,12,#GalaxyS25Edge 
31562261390012853_3498914093,carousel,4/6/2025 10:00,52,3,#GalaxyS25Edge 
77680062109089983_1163940165,image,5/7/2025,90,1,#GalaxyS25Edge 
11412267877491130_9456378148,reel,4/28/2025 9:00,126,2,#GalaxyS25Edge 
23065566496250316_4701508276,image,4/18/2025 1:00,341,10,#GalaxyS25Edge 
86703728104585679_0112312926,image,3/30/2025 12:00,108,3,#GalaxyS25Edge 
65727836255015335_7465163926,image,5/11/2025 2:00,108,3,#GalaxyS25Edge 
02482537160136263_8652266827,carousel,4/22/2025 22:00,100,3,#GalaxyS25Edge 
47097456943508716_2614775516,image,3/28/2025 11:00,378,0,#GalaxyS25Edge 
31182139323462331_3310154107,carousel,5/22/2025 23:00,51,4,#GalaxyS25Edge 
55116346231165298_9334016977,image,4/21/2025 1:00,186,4,#GalaxyS25Edge 
47449509669741504_0214753337,reel,4/22/2025 19:00,123,0,#GalaxyS25Edge 
62379658349907742_5355750213,image,4/25/2025 18:00,173,2,#GalaxyS25Edge 
78875274312514784_4355001156,reel,4/9/2025 14:00,328,16,#GalaxyS25Edge 
15286605463988811_4701017542,reel,5/8/2025 10:00,351,8,#GalaxyS25Edge 
56359984886719063_6125065987,image,5/10/2025 2:00,381,15,#GalaxyS25Edge 
71207708795797169_3383963950,carousel,5/29/2025 23:00,359,15,#GalaxyS25Edge 
40446912199843849_0616725726,image,4/5/2025 5:00,125,4,#GalaxyS25Edge 
17704584055383080_8661114646,reel,3/26/2025 17:00,38,0,#GalaxyS25Edge 
85568592352387721_4709291383,reel,4/6/2025 13:00,292,8,#GalaxyS25Edge 
62937451698487625_4704285667,image,5/26/2025 20:00,534,24,#GalaxyS25Edge 
03367894825434109_1579313636,carousel,4/2/2025 2:00,483,13,#GalaxyS25Edge 
34434998890202749_7217564289,image,5/13/2025 2:00,115,4,#GalaxyS25Edge 
92362055157385273_5243952349,image,5/10/2025 14:00,168,9,#GalaxyS25Edge 
61697512445988635_3693848041,carousel,4/2/2025 3:00,601,0,#GalaxyS25Edge 
37376197401329695_6936132408,image,5/25/2025 20:00,254,7,#GalaxyS25Edge 
44605648905634755_8875582398,carousel,4/2/2025 1:00,544,20,#GalaxyS25Edge 
55772255522221304_5781789067,image,6/2/2025 15:00,396,8,#GalaxyS25Edge 
06531703471223597_0396240037,image,3/29/2025 21:00,45,0,#GalaxyS25Edge 
03912656261809440_9399177961,image,5/12/2025 8:00,760,29,#GalaxyS25Edge 
79100975906494129_0254435101,carousel,5/11/2025 6:00,298,8,#GalaxyS25Edge 
41917748099040361_9940970427,reel,5/16/2025 3:00,637,21,#GalaxyS25Edge 
99716755628639259_1966949731,reel,3/19/2025 23:00,347,6,#GalaxyS25Edge 
69177851253649178_3422822047,reel,4/3/2025 11:00,347,14,#GalaxyS25Edge 
16070554834277785_8648095544,carousel,5/4/2025 12:00,741,15,#GalaxyS25Edge 
48601701746423696_8410899369,carousel,3/25/2025 18:00,212,5,#GalaxyS25Edge 
23371710009868498_5505563234,carousel,3/19/2025 7:00,98,1,#GalaxyS25Edge 
81892774584220061_5308024706,reel,3/29/2025 5:00,455,17,#GalaxyS25Edge 
18377388215502869_3754710096,reel,3/30/2025 8:00,411,16,#GalaxyS25Edge 
78953112182104657_2227659847,reel,3/19/2025 16:00,1704,39,#GalaxyS25Edge 
69600323064263029_5025226078,carousel,3/19/2025 14:00,60,5,#GalaxyS25Edge 
74709802724432778_0259256715,reel,5/1/2025 20:00,347,18,#GalaxyS25Edge 
42070964583072390_7891215573,image,4/22/2025 10:00,263,8,#GalaxyS25Edge 
16783404423699786_4062320086,reel,5/1/2025 14:00,324,9,#GalaxyS25Edge 
31631351448602302_3485826171,image,5/2/2025 1:00,108,6,#GalaxyS25Edge 
37214380450457397_0577171101,carousel,5/5/2025 19:00,419,14,#GalaxyS25Edge 
61683770126679197_2279332781,image,4/13/2025 20:00,480,16,#GalaxyS25Edge 
45884939679712813_6794790997,reel,4/19/2025 15:00,51,0,#GalaxyS25Edge 
96092901020993226_4824584245,image,5/4/2025 12:00,146,2,#GalaxyS25Edge 
42243216272416114_0432124343,carousel,4/18/2025 11:00,83,1,#GalaxyS25Edge 
12960767842447334_8089114596,reel,5/13/2025 7:00,294,15,#GalaxyS25Edge 
26501674548687215_0811588913,reel,6/6/2025 11:00,208,6,#GalaxyS25Edge 
76311952629180914_3456637525,reel,4/5/2025 22:00,87,4,#GalaxyS25Edge 
65889018851805580_5105030371,image,4/6/2025 10:00,551,14,#GalaxyS25Edge 
88136319316611437_9975855972,carousel,4/22/2025 9:00,563,19,#GalaxyS25Edge 
70184057586647291_4861711956,reel,4/30/2025 13:00,0,8,#GalaxyS25Edge 
15616688479417154_0908063111,image,5/19/2025 17:00,54,1,#GalaxyS25Edge 
55068071770505718_4048395801,reel,4/10/2025 7:00,263,9,#GalaxyS25Edge 
93886654226582077_6195929612,reel,3/17/2025 12:00,346,16,#GalaxyS25Edge 
64999198615216275_0371469076,carousel,4/30/2025 6:00,16,0,#GalaxyS25Edge 
13431541780702653_6504367843,image,5/9/2025 22:00,209,9,#GalaxyS25Edge 
74226518212022134_8899852736,image,4/14/2025 6:00,68,4,#GalaxyS25Edge 
09745379338251988_7126866306,carousel,4/6/2025 18:00,64,2,#GalaxyS25Edge 
86773268747684448_7746062230,reel,4/9/2025 8:00,258,11,#GalaxyS25Edge 
61989045958398953_9665674455,image,4/7/2025 6:00,350,9,#GalaxyS25Edge 
78790155065261896_7453516242,reel,4/12/2025 7:00,117,1,#GalaxyS25Edge 
93735883496553487_4222636498,image,5/30/2025 2:00,414,14,#GalaxyS25Edge 
36858425893555622_8506031847,carousel,4/2/2025 19:00,497,14,#GalaxyS25Edge 
89585878866248498_8633511023,reel,5/27/2025 13:00,455,14,#GalaxyS25Edge 
69133146949039336_0904589023,image,4/24/2025 13:00,271,3,#GalaxyS25Edge 
47444460275802472_6062205347,image,4/23/2025 3:00,115,2,#GalaxyS25Edge 
76522438641569866_8207774988,reel,5/1/2025 14:00,528,14,#GalaxyS25Edge 
41444515292848475_6755628297,image,6/9/2025 2:00,86,3,#GalaxyS25Edge 
47074856277284385_3470925954,image,4/7/2025 7:00,96,0,#GalaxyS25Edge 
88474238627545382_0093178750,carousel,5/17/2025 12:00,516,15,#GalaxyS25Edge 
62215599050959643_1886037347,carousel,3/18/2025 9:00,480,9,#GalaxyS25Edge 
27389915748786814_0101099762,reel,3/22/2025 5:00,405,10,#GalaxyS25Edge 
59853315820545776_4168255859,reel,4/14/2025 12:00,531,18,#GalaxyS25Edge 
90520316602480309_1502421604,reel,5/22/2025 18:00,537,17,#GalaxyS25Edge 
00841061945779381_2578661828,carousel,3/19/2025 8:00,128,5,#GalaxyS25Edge 
16512746824876258_3145962774,carousel,3/24/2025 23:00,555,0,#GalaxyS25Edge 
79188726844183095_4966360792,carousel,3/30/2025 5:00,144,6,#GalaxyS25Edge 
11937930946544705_4903996083,reel,6/9/2025 19:00,127,7,#GalaxyS25Edge 
77265875971467605_6406783149,carousel,5/24/2025 17:00,28,4,#GalaxyS25Edge 
45808881522385390_5418930478,carousel,3/24/2025,331,15,#GalaxyS25Edge 
91900152727528066_8438490773,carousel,4/25/2025 12:00,251,11,#GalaxyS25Edge 
18789804253089783_0880138090,carousel,5/24/2025 15:00,232,6,#GalaxyS25Edge 
42524351691036122_3138540319,image,4/25/2025 4:00,292,13,#GalaxyS25Edge 
68144438447831505_0724432730,carousel,5/12/2025 14:00,109,1,#GalaxyS25Edge 
69299638242936643_2006654323,reel,5/9/2025 23:00,162,2,#GalaxyS25Edge 
14467944687784733_8144485620,carousel,5/8/2025 1:00,152,6,#GalaxyS25Edge 
92720405770647283_6814428879,carousel,5/9/2025 20:00,91,2,#GalaxyS25Edge 
41849406614246702_9991733980,image,3/16/2025 11:00,770,24,#GalaxyS25Edge 
67862213475616707_6163533118,image,4/29/2025 1:00,78,0,#GalaxyS25Edge 
22349945407024724_2570516233,carousel,5/6/2025 18:00,18,0,#GalaxyS25Edge 
28099573401810723_9258680888,reel,4/17/2025 16:00,278,10,#GalaxyS25Edge 
10263162977375981_6884866721,reel,6/6/2025 2:00,63,1,#GalaxyS25Edge 
77363555800185543_5803454794,carousel,4/5/2025,179,9,#GalaxyS25Edge 
94419040247191318_1926671691,carousel,5/18/2025 5:00,373,7,#GalaxyS25Edge 
94580220773368293_3100583717,image,5/11/2025 21:00,438,11,#GalaxyS25Edge 
47880887650047665_1210933699,reel,4/16/2025 17:00,85,4,#GalaxyS25Edge 
95654603020180825_7947260175,carousel,4/26/2025 19:00,92,5,#GalaxyS25Edge 
04297988585490480_2256548954,reel,5/22/2025 2:00,102,6,#GalaxyS25Edge 
82096030396901505_5577390961,carousel,5/13/2025 1:00,794,27,#GalaxyS25Edge 
10054727613107187_5805430453,reel,5/11/2025 5:00,97,0,#GalaxyS25Edge 
12163018812858045_8200629652,reel,6/2/2025 11:00,97,1,#GalaxyS25Edge 
82140445945582384_4532916708,image,5/26/2025 18:00,454,8,#GalaxyS25Edge 
40214984516144574_6849748788,carousel,4/20/2025 9:00,157,6,#GalaxyS25Edge 
47321341934473931_1405207107,image,4/18/2025 18:00,349,6,#GalaxyS25Edge 
00016590992744452_8294331862,carousel,6/4/2025 7:00,240,12,#GalaxyS25Edge 
62731401876827299_3828069637,reel,4/19/2025 14:00,322,15,#GalaxyS25Edge 
06278635584055296_8469189233,carousel,4/9/2025 18:00,0,17,#GalaxyS25Edge 
33014408436398542_8492483961,carousel,3/22/2025 4:00,722,27,#GalaxyS25Edge 
63461201393245062_4773323716,carousel,5/25/2025 7:00,61,4,#GalaxyS25Edge 
25509410721528658_6989817654,carousel,5/14/2025 19:00,301,8,#GalaxyS25Edge 
42988609078013449_2083555426,carousel,5/28/2025 12:00,328,7,#GalaxyS25Edge 
59120841471319368_0944579864,carousel,4/27/2025 21:00,366,16,#GalaxyS25Edge 
03577244918448990_8672651249,image,6/7/2025 8:00,89,3,#GalaxyS25Edge 
82327589809888050_1412818696,reel,4/8/2025 11:00,340,7,#GalaxyS25Edge 
53174620846629340_8351197168,reel,4/7/2025 7:00,135,8,#GalaxyS25Edge 
69716910769529057_4086964278,image,5/9/2025 10:00,157,4,#GalaxyS25Edge 
97006672595068132_9347830637,carousel,5/18/2025 5:00,387,7,#GalaxyS25Edge 
58351092022999540_0109675328,reel,4/23/2025 13:00,119,2,#GalaxyS25Edge 
82178677899623931_9430736263,reel,3/30/2025 1:00,102,2,#GalaxyS25Edge 
58676605100527164_4039501342,carousel,3/27/2025 2:00,125,4,#GalaxyS25Edge 
15240284589604294_2260112775,reel,5/10/2025 3:00,574,14,#GalaxyS25Edge 
54075073078773115_6996973650,carousel,6/4/2025 3:00,296,9,#GalaxyS25Edge 
06756598582512581_2456947963,image,3/16/2025 13:00,400,9,#GalaxyS25Edge 
84153057422600824_7157325749,reel,5/20/2025,194,3,#GalaxyS25Edge 
33776708203628329_7720012386,image,4/14/2025 15:00,77,1,#GalaxyS25Edge 
55725788027728005_2617003452,carousel,4/10/2025 17:00,17,0,#GalaxyS25Edge 
45719017894203484_3182278822,image,4/28/2025 7:00,198,3,#GalaxyS25Edge 
01597985585922098_9659323893,carousel,4/14/2025 13:00,378,9,#GalaxyS25Edge 
51140936730509132_8233030094,carousel,3/25/2025,44,0,#GalaxyS25Edge 
95641509525071096_0936963018,reel,5/4/2025 9:00,184,8,#GalaxyS25Edge 
86398191476897205_1448038174,carousel,5/20/2025 8:00,405,11,#GalaxyS25Edge 
49515381557442532_6069853721,image,5/20/2025 6:00,81,2,#GalaxyS25Edge 
47825753181896690_3022116993,reel,6/7/2025 4:00,30,1,#GalaxyS25Edge 
89095900205350694_3219746303,reel,6/1/2025 18:00,181,8,#GalaxyS25Edge 
19027159584181391_8690473545,reel,6/7/2025 7:00,85,2,#GalaxyS25Edge 
21387272741905617_5944339870,image,5/29/2025 5:00,220,6,#GalaxyS25Edge 
38122849366398756_6399121721,reel,5/20/2025 9:00,479,12,#GalaxyS25Edge 
46735411155381689_3825533218,image,5/28/2025 14:00,206,7,#GalaxyS25Edge 
99942674907634192_9374815774,image,5/30/2025 17:00,37,1,#GalaxyS25Edge 
31594163607663074_9313257019,reel,5/8/2025 23:00,103,3,#GalaxyS25Edge 
10129211090740436_5601506961,reel,5/19/2025 4:00,447,13,#GalaxyS25Edge 
00173348679772145_7600448244,carousel,6/5/2025,241,8,#GalaxyS25Edge 
64281108516482407_3050456113,image,5/27/2025 9:00,188,2,#GalaxyS25Edge 
38996925083662769_2265222800,image,5/29/2025 9:00,171,5,#GalaxyS25Edge 
47029588411367442_3907957079,image,5/17/2025 17:00,396,14,#GalaxyS25Edge 
26563038571604147_9155917272,carousel,4/21/2025 21:00,155,3,#GalaxyS25Edge 
79166435736536520_8681158444,image,5/29/2025 3:00,162,4,#GalaxyS25Edge 
37719207141704184_7791266750,image,5/15/2025 19:00,115,7,#GalaxyS25Edge 
40844319123106622_9160453713,image,4/2/2025 20:00,62,1,#GalaxyS25Edge 
02311829559009084_0804849295,carousel,4/30/2025 8:00,339,15,#GalaxyS25Edge 
42709543525594640_6462217358,reel,4/17/2025 11:00,87,5,#GalaxyS25Edge 
09033135193375240_5209019322,reel,4/26/2025 12:00,48,2,#GalaxyS25Edge 
90984349537736542_0428960341,reel,3/21/2025 22:00,86,2,#GalaxyS25Edge 
47786565251680502_7215325658,reel,5/23/2025 17:00,636,26,#GalaxyS25Edge 
98956831218557262_0945617607,carousel,3/22/2025 11:00,95,6,#GalaxyS25Edge 
83043964081658518_8936530985,carousel,6/10/2025 19:00,0,2,#GalaxyS25Edge 
49479056336704869_7180207037,image,5/2/2025 14:00,376,11,#GalaxyS25Edge 
69133843733794092_6979339819,image,3/16/2025 22:00,185,5,#GalaxyS25Edge 
55687463006887144_8251095048,image,4/14/2025 17:00,138,3,#GalaxyS25Edge 
76710011493877839_2196394477,carousel,6/9/2025 2:00,237,5,#GalaxyS25Edge 
78986328926890565_7057351354,reel,3/19/2025 7:00,392,15,#GalaxyS25Edge 
25970030821380601_5092219176,image,3/25/2025 3:00,196,4,#GalaxyS25Edge 
97432379625765529_9358730191,carousel,5/20/2025 22:00,66,2,#GalaxyS25Edge 
00743756148897176_3298017502,image,4/4/2025 13:00,60,3,#GalaxyS25Edge 
80041840047556234_0339268455,carousel,4/21/2025 10:00,144,3,#GalaxyS25Edge 
31520589396406815_4518979953,reel,5/13/2025 22:00,1382,46,#GalaxyS25Edge 
38697858869206553_3362456416,image,4/29/2025,366,11,#GalaxyS25Edge 
35744468206692355_8497051545,reel,6/12/2025 23:00,315,4,#GalaxyS25Edge 
78835233670456413_0312382082,image,3/21/2025,1443,38,#GalaxyS25Edge 
32374504089392052_2636417176,reel,3/23/2025,65,1,#GalaxyS25Edge 
05924468747404173_3606655876,image,4/18/2025 12:00,80,4,#GalaxyS25Edge 
22068984371810907_1265243842,carousel,3/21/2025 23:00,178,6,#GalaxyS25Edge 
00184849095204992_6806978559,carousel,5/5/2025 4:00,117,5,#GalaxyS25Edge 
84672119138890411_9316822287,reel,4/21/2025 14:00,199,8,#GalaxyS25Edge 
86733552045968607_7438422835,carousel,6/5/2025 15:00,110,2,#GalaxyS25Edge 
91720882040565284_3043231337,reel,5/25/2025 15:00,168,7,#GalaxyS25Edge 
01271914156491739_4876762603,image,6/2/2025 23:00,272,9,#GalaxyS25Edge 
47400648653532878_4268538576,carousel,6/8/2025 3:00,778,15,#GalaxyS25Edge 
47423290352802564_6439077510,reel,6/1/2025 6:00,44,3,#GalaxyS25Edge 
35095754868251539_7272129710,image,5/27/2025 14:00,233,9,#GalaxyS25Edge 
80957387070384006_9444888450,image,4/30/2025 13:00,337,9,#GalaxyS25Edge 
12340327914935520_3905633331,reel,4/26/2025 12:00,580,20,#GalaxyS25Edge 
81866327240337109_4553330517,image,5/23/2025 15:00,162,7,#GalaxyS25Edge 
05715257465624362_4560741383,carousel,6/6/2025 19:00,85,4,#GalaxyS25Edge 
60919411999126283_5520608625,carousel,4/10/2025 4:00,63,1,#GalaxyS25Edge 
28836657011981181_4464590899,image,6/6/2025 5:00,0,4,#GalaxyS25Edge 
07670361665629036_6186563275,carousel,4/23/2025 15:00,231,11,#GalaxyS25Edge 
67855467470618112_6115040810,carousel,3/16/2025 21:00,297,16,#GalaxyS25Edge 
10756825370791386_6660236480,image,4/14/2025 4:00,364,9,#GalaxyS25Edge 
51411826662413590_2688343791,reel,5/15/2025 17:00,399,14,#GalaxyS25Edge 
04853547884173400_2274068055,image,3/23/2025 18:00,623,14,#GalaxyS25Edge 
33756458528597549_7641122107,carousel,4/28/2025 21:00,953,24,#GalaxyS25Edge 
91256280427278627_0690636330,carousel,5/2/2025 9:00,184,3,#GalaxyS25Edge 
06432286765265692_5394287288,image,5/14/2025 17:00,178,8,#GalaxyS25Edge 
19786067381167387_3688345913,image,3/19/2025 5:00,108,3,#GalaxyS25Edge 
68640270569437787_7479536575,reel,3/17/2025 20:00,155,6,#GalaxyS25Edge 
23482956775776706_0843858495,carousel,5/9/2025 1:00,325,15,#GalaxyS25Edge 
04880332255196944_3291989872,image,6/5/2025 12:00,555,16,#GalaxyS25Edge 
87939652250423112_4303160501,reel,5/7/2025 5:00,95,3,#GalaxyS25Edge 
49265786878572941_6914989182,image,4/27/2025 3:00,246,4,#GalaxyS25Edge 
20547407606919000_8520575377,carousel,6/9/2025 23:00,1140,35,#GalaxyS25Edge 
87376960767667443_5566307655,image,6/9/2025 8:00,119,5,#GalaxyS25Edge 
83984741150401347_2826238348,reel,5/23/2025 3:00,819,30,#GalaxyS25Edge 
84257508836268205_0500568067,image,3/16/2025 18:00,135,3,#GalaxyS25Edge 
12492900533201475_4649937321,image,4/24/2025 8:00,143,6,#GalaxyS25Edge 
03595949068493875_7084301798,carousel,5/30/2025 19:00,84,0,#GalaxyS25Edge 
07240557249785357_6199241571,carousel,4/21/2025 13:00,266,9,#GalaxyS25Edge 
93978854815102147_0057156840,carousel,4/1/2025 22:00,45,1,#GalaxyS25Edge 
62944082114428356_6724833112,image,4/1/2025 11:00,93,3,#GalaxyS25Edge 
46062762135959357_7398864050,carousel,3/15/2025 16:00,160,7,#GalaxyS25Edge 
30603980532429223_3879046196,reel,4/18/2025 21:00,518,17,#GalaxyS25Edge 
96190185110795120_4543479905,reel,5/13/2025 18:00,239,10,#GalaxyS25Edge 
14446624752114908_0579469577,carousel,3/20/2025 8:00,147,4,#GalaxyS25Edge 
39694753714483148_0467285694,reel,3/31/2025 3:00,340,17,#GalaxyS25Edge 
70138160723971169_8422011798,image,5/4/2025 11:00,412,11,#GalaxyS25Edge 
04519033811704462_3529172281,carousel,4/25/2025 15:00,240,4,#GalaxyS25Edge 
48180806268452592_5115559596,image,3/17/2025 8:00,296,10,#GalaxyS25Edge 
84224030393630973_4144289030,carousel,3/20/2025 19:00,143,8,#GalaxyS25Edge 
41301965942603628_1030239363,image,5/20/2025 20:00,72,1,#GalaxyS25Edge 
52193672031984044_2949377783,carousel,6/8/2025 3:00,1650,55,#GalaxyS25Edge 
69079409189006011_7842993071,reel,4/5/2025 7:00,90,4,#GalaxyS25Edge 
25710187293382123_7261425698,image,4/8/2025 14:00,528,11,#GalaxyS25Edge 
02009722435596125_0531708395,image,4/16/2025 5:00,125,2,#GalaxyS25Edge 
16852581658817723_9016877380,image,5/18/2025 19:00,413,13,#GalaxyS25Edge 
55523099459092872_9527644323,image,6/1/2025 8:00,431,13,#GalaxyS25Edge 
02350634467233362_5392610411,image,5/8/2025 7:00,440,0,#GalaxyS25Edge 
85061961603353540_1063717495,image,4/14/2025 19:00,136,1,#GalaxyS25Edge 
79186038748349075_3621890738,image,4/22/2025 15:00,269,12,#GalaxyS25Edge 
45162583200551516_3503468479,reel,5/29/2025 21:00,272,6,#GalaxyS25Edge 
52486852013995349_1359188905,carousel,4/11/2025 2:00,522,17,#GalaxyS25Edge 
11563689837955760_6815642241,carousel,4/7/2025 12:00,308,15,#GalaxyS25Edge 
87995931602198774_2445086597,reel,5/3/2025 7:00,104,4,#GalaxyS25Edge 
97259535799652631_2665467121,carousel,5/24/2025 21:00,87,1,#GalaxyS25Edge 
60548753712617486_0384466250,image,6/12/2025 1:00,125,1,#GalaxyS25Edge 
87281604575699315_2516822895,image,4/27/2025 23:00,168,3,#GalaxyS25Edge 
09166535445580613_6462097375,reel,5/19/2025 11:00,103,3,#GalaxyS25Edge 
09505493184996338_5995557553,carousel,3/28/2025 1:00,126,3,#GalaxyS25Edge 
32096974980887751_3227471374,carousel,4/19/2025 23:00,0,11,#GalaxyS25Edge 
59024234238546320_0205423355,image,5/31/2025 19:00,1026,28,#GalaxyS25Edge 
60152075905367310_9947362071,image,6/9/2025 13:00,166,2,#GalaxyS25Edge 
59790750122472170_5864950148,reel,4/9/2025 16:00,112,4,#GalaxyS25Edge 
87270414012937184_2482160175,image,5/26/2025 21:00,491,14,#GalaxyS25Edge 
37782145276321663_9173772672,reel,4/30/2025 22:00,406,13,#GalaxyS25Edge 
73350833273192490_0163763996,reel,5/13/2025 3:00,57,0,#GalaxyS25Edge 
40035104811968874_4621067387,image,5/31/2025 1:00,275,13,#GalaxyS25Edge 
99132493210978882_8330107037,reel,3/15/2025 7:00,302,13,#GalaxyS25Edge 
17441853689095509_0095508815,carousel,3/24/2025 20:00,40,0,#GalaxyS25Edge 
54872501087415901_9068200423,carousel,3/18/2025 13:00,55,1,#GalaxyS25Edge 
71309263471249879_4774274044,image,5/27/2025 19:00,268,15,#GalaxyS25Edge 
75987736812841568_1149534180,image,5/22/2025 4:00,51,0,#GalaxyS25Edge 
32306127484660272_6799659073,carousel,4/24/2025 10:00,479,13,#GalaxyS25Edge 
53099955541075076_7367488993,carousel,5/8/2025 14:00,288,6,#GalaxyS25Edge 
16382956591059987_7448435253,image,5/17/2025 5:00,525,17,#GalaxyS25Edge 
75015011066753529_0171023314,image,3/20/2025 23:00,679,22,#GalaxyS25Edge 
76335217126079450_4580372114,image,3/17/2025 7:00,205,6,#GalaxyS25Edge 
97213753524529818_0516701629,image,3/15/2025 19:00,102,3,#GalaxyS25Edge 
54673499227363378_1372075084,carousel,3/22/2025 2:00,236,15,#GalaxyS25Edge 
31744850318170554_6677461933,reel,5/10/2025 4:00,586,11,#GalaxyS25Edge 
00942671693734435_8344386277,carousel,5/7/2025 3:00,127,13,#GalaxyS25Edge 
17527942932935964_8439648830,reel,4/14/2025 17:00,311,11,#GalaxyS25Edge 
25847953970933919_7003159705,image,3/18/2025 15:00,149,6,#GalaxyS25Edge 
87857347136312800_3641529853,reel,4/18/2025 11:00,150,7,#GalaxyS25Edge 
45883051949648094_7688639744,carousel,5/5/2025 14:00,210,3,#GalaxyS25Edge 
33167759397616141_2803035519,image,3/18/2025 10:00,139,3,#GalaxyS25Edge 
17806636751537987_1890067502,reel,3/17/2025 1:00,120,3,#GalaxyS25Edge 
70108235733907086_8722102800,image,4/11/2025 10:00,86,1,#GalaxyS25Edge 
56891148485301117_1634022761,carousel,6/12/2025 11:00,292,0,#GalaxyS25Edge 
19299358387481104_5959717510,reel,3/15/2025 2:00,115,4,#GalaxyS25Edge 
30787306706938698_8516684488,carousel,5/14/2025 7:00,138,2,#GalaxyS25Edge 
18441699149915581_4252653187,image,4/7/2025 17:00,121,1,#GalaxyS25Edge 
23397381567660550_3811993382,image,3/17/2025 7:00,263,8,#GalaxyS25Edge 
94871024865386560_3369862332,carousel,5/11/2025 18:00,660,28,#GalaxyS25Edge 
07812602490048624_6899027933,image,6/8/2025 13:00,128,0,#GalaxyS25Edge 
06936383095834363_6856265110,image,3/29/2025 16:00,333,19,#GalaxyS25Edge 
12738538232131418_8952063428,image,3/16/2025 23:00,183,18,#GalaxyS25Edge 
08994078507317888_1057122498,image,4/27/2025 19:00,205,0,#GalaxyS25Edge 
43403852833975471_7708837790,image,4/17/2025 2:00,129,2,#GalaxyS25Edge 
88295587761980259_1686082521,reel,6/7/2025 20:00,238,3,#GalaxyS25Edge 
14869766854564662_6055796604,reel,3/24/2025 13:00,391,17,#GalaxyS25Edge 
92883308227364302_1120339826,carousel,5/22/2025 20:00,306,8,#GalaxyS25Edge 
15411020335089900_9873062085,image,3/16/2025 18:00,709,21,#GalaxyS25Edge 
86162217823153207_8070631607,image,4/6/2025 18:00,245,8,#GalaxyS25Edge 
55769720623483882_3002449972,image,3/30/2025 7:00,321,11,#GalaxyS25Edge 
94311122043035997_4757028653,image,3/17/2025 12:00,47,4,#GalaxyS25Edge 
14001628586227468_1213827544,image,4/28/2025 4:00,548,10,#GalaxyS25Edge 
65344694509826592_1998825293,image,4/2/2025 6:00,118,5,#GalaxyS25Edge 
93131198515237108_8484905893,carousel,3/22/2025 9:00,208,7,#GalaxyS25Edge 
82292025108256740_9640544083,image,5/5/2025 21:00,252,5,#GalaxyS25Edge 
21535779618870937_9056858081,carousel,4/8/2025 7:00,269,11,#GalaxyS25Edge 
97869060670480983_5875520929,reel,6/3/2025 6:00,167,7,#GalaxyS25Edge 
60769383227135896_7692411444,image,4/16/2025 23:00,189,6,#GalaxyS25Edge 
01144515487765810_0941256599,image,6/2/2025 22:00,133,2,#GalaxyS25Edge 
14037714014805766_9820909355,image,5/13/2025 2:00,197,8,#GalaxyS25Edge 
10040918843511224_6471576360,image,4/1/2025 19:00,1007,33,#GalaxyS25Edge 
39035790534513814_3461131285,image,4/16/2025 8:00,368,13,#GalaxyS25Edge 
07519748918718982_6943985828,image,3/19/2025 1:00,268,12,#GalaxyS25Edge 
02631549512997885_7690448818,image,6/10/2025 17:00,108,3,#GalaxyS25Edge 
78577363570000555_3144524381,carousel,6/7/2025 16:00,115,3,#GalaxyS25Edge 
31688596471637331_7324227385,reel,5/22/2025 11:00,61,2,#GalaxyS25Edge 
92541080126759747_2073439681,reel,4/18/2025 19:00,127,1,#GalaxyS25Edge 
72133180480464504_2913584043,image,3/26/2025 3:00,164,5,#GalaxyS25Edge 
17394205498109447_6520758760,reel,4/5/2025 16:00,10,0,#GalaxyS25Edge 
11055468148413517_2503181404,reel,4/28/2025 1:00,438,0,#GalaxyS25Edge 
30353192133797439_1880829459,image,4/15/2025 13:00,663,12,#GalaxyS25Edge 
35243282845928147_8506085621,image,5/14/2025,208,4,#GalaxyS25Edge 
29782053883215030_8971978383,reel,5/29/2025 2:00,689,21,#GalaxyS25Edge 
62947575441925777_5615856605,image,6/12/2025 16:00,765,25,#GalaxyS25Edge 
74497481330253515_5326488868,carousel,5/6/2025 2:00,207,3,#GalaxyS25Edge 
88688903513222503_3622751341,carousel,4/3/2025 20:00,393,11,#GalaxyS25Edge 
65697670314780144_9938609232,reel,5/1/2025 13:00,694,22,#GalaxyS25Edge 
59545502646120258_8202448771,carousel,4/3/2025 6:00,280,13,#GalaxyS25Edge 
97130076095545339_0982236332,reel,6/3/2025 7:00,183,2,#GalaxyS25Edge 
48765658206866829_5395582412,image,4/26/2025 16:00,124,6,#GalaxyS25Edge 
61638876110244554_2407366130,carousel,4/20/2025 5:00,288,5,#GalaxyS25Edge 
26968954755856755_5182189200,image,5/18/2025 10:00,138,4,#GalaxyS25Edge 
04163821721408648_8715233767,image,6/6/2025 22:00,41,1,#GalaxyS25Edge 
79927447834448623_6306277120,carousel,5/9/2025 16:00,156,4,#GalaxyS25Edge 
09383937983686500_1657355531,image,3/19/2025,130,3,#GalaxyS25Edge 
79847056924248344_4638299818,reel,6/8/2025 10:00,37,0,#GalaxyS25Edge 
29659132249692884_4347890929,image,5/16/2025 7:00,116,4,#GalaxyS25Edge 
69838880175856496_7315219786,image,5/17/2025 1:00,137,3,#GalaxyS25Edge 
01368165646892205_1093228149,image,3/27/2025 21:00,659,13,#GalaxyS25Edge 
77951701783641188_3224969150,image,4/17/2025 5:00,186,4,#GalaxyS25Edge 
95783074416806802_0877703794,reel,3/23/2025 19:00,301,12,#GalaxyS25Edge 
40909494521017937_0856241792,carousel,5/6/2025 4:00,429,12,#GalaxyS25Edge 
61026150356471547_1136244371,image,3/31/2025 13:00,0,9,#GalaxyS25Edge 
76400499632924750_8460028916,image,4/15/2025 20:00,449,17,#GalaxyS25Edge 
26143828888420589_2753805461,carousel,4/16/2025 8:00,171,6,#GalaxyS25Edge 
08564499184377913_6796956476,carousel,5/18/2025 7:00,72,3,#GalaxyS25Edge 
97843484948836997_9764248927,carousel,4/15/2025 21:00,66,1,#GalaxyS25Edge 
98039290789747299_0434660287,reel,4/6/2025,354,13,#GalaxyS25Edge 
25881708771263440_9507826722,image,5/7/2025 11:00,698,19,#GalaxyS25Edge 
51970167232889624_6788842651,reel,4/5/2025 1:00,391,14,#GalaxyS25Edge 
65149214279749493_1206467244,carousel,3/15/2025 17:00,100,3,#GalaxyS25Edge 
47027500198450303_8967983061,carousel,3/21/2025 20:00,64,5,#GalaxyS25Edge 
16634189823003812_3940055420,reel,6/11/2025 10:00,381,11,#GalaxyS25Edge 
55702173650889290_6426870923,carousel,6/12/2025 12:00,363,16,#GalaxyS25Edge 
27983565769077987_8333746310,carousel,3/21/2025 18:00,106,4,#GalaxyS25Edge 
57703191349203112_8519284476,image,5/8/2025 23:00,204,4,#GalaxyS25Edge 
92321336047068006_6707586753,image,4/21/2025 22:00,295,5,#GalaxyS25Edge 
46686016669270498_7170075281,carousel,4/30/2025 3:00,618,22,#GalaxyS25Edge 
24946719214179584_4648571206,image,5/5/2025 7:00,144,3,#GalaxyS25Edge 
14333628318410883_8558002962,carousel,5/20/2025 15:00,44,0,#GalaxyS25Edge 
44776413232507386_2468512301,carousel,4/13/2025 1:00,71,2,#GalaxyS25Edge 
97351723919510173_5494432482,reel,5/15/2025 21:00,89,1,#GalaxyS25Edge 
35962309906510194_5305729684,image,5/25/2025 7:00,344,0,#GalaxyS25Edge 
37144753217098123_3478183790,image,4/1/2025 21:00,82,0,#GalaxyS25Edge 
31468719980932389_2622323299,reel,6/6/2025 2:00,233,0,#GalaxyS25Edge 
98370187120459019_7512294434,reel,4/25/2025 2:00,427,15,#GalaxyS25Edge 
85210715570322339_7944900395,image,4/7/2025 21:00,662,17,#GalaxyS25Edge 
80247368117456895_2738501774,reel,4/20/2025 22:00,513,24,#GalaxyS25Edge 
49079514703419086_7060449011,carousel,3/25/2025 1:00,155,2,#GalaxyS25Edge 
64148887283980444_5977288615,image,5/6/2025 10:00,240,13,#GalaxyS25Edge 
56243841346041956_7888625521,reel,3/15/2025 2:00,299,6,#GalaxyS25Edge 
16318937759547252_9597252795,image,4/15/2025 21:00,958,28,#GalaxyS25Edge 
40721649897405456_2366728290,carousel,5/4/2025 5:00,390,15,#GalaxyS25Edge 
23833779368531587_8505438023,reel,5/7/2025 9:00,210,8,#GalaxyS25Edge 
09075878486887504_9478333095,image,5/22/2025 5:00,671,16,#GalaxyS25Edge 
38251638090665421_9688413306,image,6/3/2025 13:00,246,2,#GalaxyS25Edge 
30086605772576429_4091045875,reel,3/17/2025 20:00,345,10,#GalaxyS25Edge 
88268664677221468_8581266886,carousel,5/2/2025 6:00,70,3,#GalaxyS25Edge 
48536758009591943_2510447407,image,3/18/2025 5:00,107,6,#GalaxyS25Edge 
63261563838459660_4062094704,carousel,3/19/2025 20:00,667,18,#GalaxyS25Edge 
99683273842799733_0487201935,reel,4/2/2025 14:00,27,0,#GalaxyS25Edge 
67874204636825060_2741413380,carousel,6/8/2025 19:00,175,3,#GalaxyS25Edge 
93831928074385210_6333892200,carousel,5/19/2025 1:00,145,2,#GalaxyS25Edge 
93719477231582404_9223046253,carousel,6/1/2025 7:00,63,2,#GalaxyS25Edge 
61088877460128344_9075702854,image,5/17/2025,149,4,#GalaxyS25Edge 
01073687576577419_8371341634,image,6/8/2025 16:00,224,9,#GalaxyS25Edge 
35506522711439493_4278902783,carousel,5/24/2025 22:00,597,10,#GalaxyS25Edge 
96099742795122680_9637743410,image,5/26/2025 10:00,204,6,#GalaxyS25Edge 
26202494924449891_2147065409,reel,3/18/2025 13:00,115,0,#GalaxyS25Edge 
32777818210249579_9207510270,image,4/9/2025 13:00,468,14,#GalaxyS25Edge 
69732062387737416_4571950444,reel,5/5/2025 16:00,643,15,#GalaxyS25Edge 
68042498754998469_0474935409,carousel,3/15/2025 4:00,230,6,#GalaxyS25Edge 
60273323918277993_9848999826,image,5/29/2025 8:00,168,11,#GalaxyS25Edge 
08280159450611028_8230717876,image,5/31/2025 13:00,636,30,#GalaxyS25Edge 
22032279977123853_9687509769,image,4/9/2025 16:00,764,26,#GalaxyS25Edge 
87510625655974996_7623701128,carousel,5/27/2025 4:00,168,7,#GalaxyS25Edge 
45326193799340828_1208279585,reel,5/6/2025 2:00,334,12,#GalaxyS25Edge 
93926450960162132_5382816349,image,6/12/2025 4:00,158,6,#GalaxyS25Edge 
29665249311748366_7904885292,reel,5/14/2025 13:00,50,1,#GalaxyS25Edge 
64743759434002675_6637421420,image,5/1/2025 18:00,338,8,#GalaxyS25Edge 
58800661297642002_5164577460,image,5/15/2025 17:00,273,8,#GalaxyS25Edge 
60013270713233651_3693935296,reel,5/25/2025 21:00,181,1,#GalaxyS25Edge 
12414583305636118_8108458412,image,5/27/2025 17:00,436,5,#GalaxyS25Edge 
23273355372364555_9761304117,image,4/12/2025 13:00,449,12,#GalaxyS25Edge 
40433652118670638_6795708274,image,4/30/2025 16:00,314,9,#GalaxyS25Edge 
76086522486214156_8102112996,carousel,3/30/2025 8:00,150,7,#GalaxyS25Edge 
27757438849504108_8982568378,image,4/12/2025 3:00,118,0,#GalaxyS25Edge 
09923208975480150_0273902186,carousel,6/12/2025 20:00,94,2,#GalaxyS25Edge 
43868561035577143_7970476104,image,5/3/2025 18:00,215,7,#GalaxyS25Edge 
47339618686999946_6648973989,carousel,6/3/2025 13:00,215,11,#GalaxyS25Edge 
95357469798852232_5666383306,reel,4/7/2025 9:00,281,7,#GalaxyS25Edge 
55615260932290233_1626148993,carousel,5/14/2025 11:00,264,11,#GalaxyS25Edge 
16961044921720110_6286114525,image,6/7/2025 22:00,222,4,#GalaxyS25Edge 
84872262475391703_7530183211,image,4/13/2025 15:00,453,13,#GalaxyS25Edge 
76686219539562073_7044315232,reel,3/17/2025 3:00,384,9,#GalaxyS25Edge 
01241186186275482_0384316719,carousel,3/20/2025 17:00,115,7,#GalaxyS25Edge 
78372163830538263_7148849701,reel,3/22/2025 12:00,391,10,#GalaxyS25Edge 
37494875338078965_9863491636,reel,6/9/2025 22:00,203,2,#GalaxyS25Edge 
59653941069902406_6858904343,carousel,4/30/2025 7:00,36,0,#GalaxyS25Edge 
08827296600392667_0859913708,image,5/5/2025 15:00,0,10,#GalaxyS25Edge 
47667555561844504_0607189071,image,4/5/2025 1:00,81,2,#GalaxyS25Edge 
25918031854146814_1523443936,image,4/20/2025 1:00,221,4,#GalaxyS25Edge 
03170749255115104_3125093047,reel,5/5/2025 6:00,230,8,#GalaxyS25Edge 
08530317424472940_6190304965,image,5/13/2025 9:00,1443,48,#GalaxyS25Edge 
09853776760057727_1497000813,image,5/1/2025 5:00,311,14,#GalaxyS25Edge 
23898699241537300_0091249627,reel,5/9/2025 8:00,217,6,#GalaxyS25Edge 
15927191926603606_6018154311,carousel,3/18/2025 20:00,282,7,#GalaxyS25Edge 
62943715697369276_3278806732,image,5/28/2025 12:00,129,2,#GalaxyS25Edge 
75612198694776972_1052188700,carousel,3/31/2025 7:00,684,19,#GalaxyS25Edge 
68175231935042838_0227041788,carousel,5/27/2025 1:00,91,5,#GalaxyS25Edge 
54622412437076692_6230282272,reel,5/3/2025 19:00,438,9,#GalaxyS25Edge 
15667443449563729_0461674777,image,6/6/2025 21:00,193,3,#GalaxyS25Edge 
22414626730799893_2823925609,image,3/23/2025 2:00,243,6,#GalaxyS25Edge 
45815646514398017_9712527187,carousel,4/17/2025,0,36,#GalaxyS25Edge 
86350480740751962_0307054637,carousel,3/19/2025 21:00,293,7,#GalaxyS25Edge 
44739191304152815_5712153783,image,6/1/2025 11:00,938,32,#GalaxyS25Edge 
28313180626226845_8832851569,reel,3/21/2025 5:00,181,6,#GalaxyS25Edge 
18094480978804087_9516184289,carousel,3/26/2025 11:00,297,12,#GalaxyS25Edge 
51406173443975508_8880364057,reel,6/4/2025 23:00,832,21,#GalaxyS25Edge 
57202024013290790_5117778702,image,4/20/2025 6:00,64,0,#GalaxyS25Edge 
69803481520368099_0994772005,image,4/21/2025 9:00,120,6,#GalaxyS25Edge 
64397932171415513_5159039790,carousel,4/15/2025 1:00,1120,43,#GalaxyS25Edge 
83110884503929813_8198501762,carousel,4/9/2025 8:00,119,4,#GalaxyS25Edge 
11888758574445699_5813414724,image,5/24/2025 11:00,128,3,#GalaxyS25Edge 
50488225266570440_8362724817,image,3/22/2025 18:00,114,2,#GalaxyS25Edge 
96760282257119120_6035847756,reel,4/8/2025 4:00,50,0,#GalaxyS25Edge 
81240241138653589_1429288511,carousel,3/21/2025 9:00,0,0,#GalaxyS25Edge 
01946576392634770_4569051254,reel,5/3/2025 14:00,0,9,#GalaxyS25Edge 
87026069526624122_1885109087,reel,4/8/2025 22:00,154,8,#GalaxyS25Edge 
64791004030756198_0621911953,carousel,6/10/2025 12:00,83,4,#GalaxyS25Edge 
71465516184595343_8088473251,carousel,6/5/2025 19:00,1773,60,#GalaxyS25Edge 
11284046061654041_1399849090,carousel,5/25/2025 7:00,443,12,#GalaxyS25Edge 
06413581402143499_0900067227,carousel,5/8/2025 18:00,168,7,#GalaxyS25Edge 
21669470412875099_1725042047,carousel,5/7/2025 7:00,701,22,#GalaxyS25Edge 
65510909309973780_7101992997,reel,4/21/2025 6:00,536,14,#GalaxyS25Edge 
39282372867996437_8045908431,reel,5/12/2025 16:00,62,3,#GalaxyS25Edge 
70748975440453665_8893905082,reel,5/15/2025 2:00,88,2,#GalaxyS25Edge 
41619881280334459_8406647922,image,5/5/2025 21:00,989,30,#GalaxyS25Edge 
76320501758995409_5592324328,carousel,4/16/2025 5:00,186,8,#GalaxyS25Edge 
79046428014149017_9593883700,reel,5/31/2025 14:00,212,4,#GalaxyS25Edge 
75088967155877232_4623629407,carousel,5/3/2025 15:00,241,0,#GalaxyS25Edge 
93672245269440925_4034165841,image,4/30/2025 2:00,352,15,#GalaxyS25Edge 
24520567433775373_3147789000,image,3/26/2025 13:00,138,4,#GalaxyS25Edge 
67259450978872401_7906913314,carousel,4/3/2025 13:00,64,2,#GalaxyS25Edge 
77516588172225654_9003910327,carousel,5/29/2025 5:00,77,5,#GalaxyS25Edge 
26258973421317939_3987583640,image,5/7/2025 9:00,432,16,#GalaxyS25Edge 
51063507219883879_1773956906,reel,4/9/2025 20:00,604,16,#GalaxyS25Edge 
16516859450364469_5096531693,image,4/1/2025 5:00,663,21,#GalaxyS25Edge 
53787807337711921_3035611189,reel,6/7/2025 4:00,97,5,#GalaxyS25Edge 
01916441483712309_1549865440,carousel,4/10/2025 1:00,165,9,#GalaxyS25Edge 
92576905482066984_8462027958,image,5/21/2025 12:00,44,5,#GalaxyS25Edge 
90043624249990047_3276973333,reel,6/6/2025 15:00,178,6,#GalaxyS25Edge 
18267488690072157_3051015792,image,4/15/2025 3:00,191,8,#GalaxyS25Edge 
88157088766561628_2184120421,image,4/14/2025 10:00,95,5,#GalaxyS25Edge 
36321060844040548_2056535568,image,3/26/2025 10:00,138,2,#GalaxyS25Edge 
82606201410761393_3619539189,carousel,4/20/2025 5:00,332,8,#GalaxyS25Edge 
16020244925878830_7897570318,image,6/1/2025 13:00,0,8,#GalaxyS25Edge 
27489351468434115_1876175976,carousel,5/21/2025 18:00,145,8,#GalaxyS25Edge 
07954350973533679_8529300153,reel,5/31/2025 18:00,119,0,#GalaxyS25Edge 
96646025894087610_9507791349,reel,5/13/2025 17:00,371,13,#GalaxyS25Edge 
14535443963232279_1910820876,carousel,4/11/2025 15:00,58,1,#GalaxyS25Edge 
87698338922802100_3730768451,carousel,6/1/2025 13:00,289,11,#GalaxyS25Edge 
22310955321367518_3461660309,carousel,4/28/2025 16:00,72,2,#GalaxyS25Edge 
42085751022324924_6779132094,image,3/21/2025 17:00,381,8,#GalaxyS25Edge 
21684889467456914_7162965998,image,5/4/2025 15:00,129,0,#GalaxyS25Edge 
96210714412839610_6323199743,image,4/19/2025 16:00,335,6,#GalaxyS25Edge 
13565393032983151_0759674374,image,6/1/2025 19:00,88,1,#GalaxyS25Edge 
04599646326966093_2261589227,carousel,3/25/2025 16:00,145,4,#GalaxyS25Edge 
39990849298605715_8740274178,reel,6/3/2025 20:00,228,12,#GalaxyS25Edge 
20705003767889729_2720092472,carousel,5/16/2025 8:00,851,26,#GalaxyS25Edge 
51911072814983316_9727219578,image,3/21/2025 19:00,566,20,#GalaxyS25Edge 
32462614512419481_5397710566,reel,3/25/2025 6:00,232,11,#GalaxyS25Edge 
45696982543023959_6645242543,image,6/2/2025 2:00,184,8,#GalaxyS25Edge 
55996386551211099_5238024761,image,5/3/2025 17:00,271,11,#GalaxyS25Edge 
18435590835717549_0740229363,carousel,5/5/2025 1:00,76,2,#GalaxyS25Edge 
49182930183478190_3587314432,reel,3/19/2025 22:00,148,6,#GalaxyS25Edge 
79794623083392320_3515408592,carousel,3/22/2025 8:00,233,7,#GalaxyS25Edge 
52014476334457920_3832298201,reel,5/9/2025 8:00,306,7,#GalaxyS25Edge 
57932086074948599_8882264247,carousel,4/27/2025 8:00,259,6,#GalaxyS25Edge 
22907341022623766_0404020139,image,5/31/2025 11:00,43,3,#GalaxyS25Edge 
66284664704848668_6948710254,carousel,5/20/2025 2:00,127,3,#GalaxyS25Edge 
04887908167107892_4134901928,reel,6/10/2025 3:00,112,3,#GalaxyS25Edge 
53348792101185165_5869926664,reel,4/23/2025 17:00,68,2,#GalaxyS25Edge 
82395657816160080_7770135722,reel,5/11/2025 18:00,87,4,#GalaxyS25Edge 
87257029599705329_5562065151,carousel,3/15/2025 1:00,308,9,#GalaxyS25Edge 
48812200147926383_5684514745,carousel,5/18/2025 7:00,63,3,#GalaxyS25Edge 
61358214482166718_7137241566,image,5/27/2025 18:00,542,16,#GalaxyS25Edge 
78671514327613886_1329710776,carousel,5/14/2025 22:00,749,33,#GalaxyS25Edge 
68337935168224932_5013979131,carousel,4/4/2025 23:00,257,7,#GalaxyS25Edge 
65952233566941287_8799023297,image,4/25/2025 17:00,1256,35,#GalaxyS25Edge 
96420943958083038_7232727384,reel,4/25/2025 1:00,32,3,#GalaxyS25Edge 
56724446187704700_1611518806,carousel,5/30/2025 10:00,479,18,#GalaxyS25Edge 
40720892810301884_5312350442,carousel,4/30/2025 9:00,716,13,#GalaxyS25Edge 
84331404666127764_4460511234,image,5/20/2025 5:00,99,1,#GalaxyS25Edge 
36375867530191794_5352259350,carousel,5/14/2025 23:00,47,2,#GalaxyS25Edge 
90924833056176505_5479053316,image,3/17/2025 21:00,644,23,#GalaxyS25Edge 
20850600853101100_4354729052,carousel,4/12/2025 19:00,138,6,#GalaxyS25Edge 
23581670947738754_6342267004,image,3/30/2025 18:00,424,14,#GalaxyS25Edge 
98791966703573433_7178126637,image,4/23/2025 17:00,93,2,#GalaxyS25Edge 
99160792835409289_3220914569,image,3/21/2025 20:00,105,1,#GalaxyS25Edge 
25022055119708992_5826235949,image,3/23/2025 20:00,305,12,#GalaxyS25Edge 
06627860161460535_8572163428,image,4/8/2025 5:00,201,3,#GalaxyS25Edge 
62130465540852767_6563740856,carousel,6/3/2025 9:00,440,17,#GalaxyS25Edge 
02411902288902487_2241212259,image,5/28/2025 20:00,101,2,#GalaxyS25Edge 
38963395792221248_4912010185,reel,5/21/2025 4:00,527,16,#GalaxyS25Edge 
68854651205881671_2402693003,carousel,6/2/2025 2:00,179,5,#GalaxyS25Edge 
34755074349820968_0047454878,carousel,5/16/2025 2:00,250,10,#GalaxyS25Edge 
61020571283170154_6454492459,carousel,5/26/2025 3:00,604,21,#GalaxyS25Edge 
01094833637033367_4218817379,reel,4/1/2025 15:00,108,3,#GalaxyS25Edge 
09347216366685901_5898443840,carousel,5/24/2025 11:00,292,9,#GalaxyS25Edge 
40944231742047913_2917825433,reel,4/5/2025 18:00,182,4,#GalaxyS25Edge 
35182254876990193_7539935098,reel,3/30/2025 19:00,94,5,#GalaxyS25Edge 
12994510829460150_2584658217,image,3/19/2025 15:00,467,20,#GalaxyS25Edge 
47912195249517609_0571445273,reel,3/29/2025 17:00,109,6,#GalaxyS25Edge 
10166948751952395_3606757790,reel,5/15/2025 10:00,82,2,#GalaxyS25Edge 
77523410353930156_9414279581,carousel,6/7/2025 20:00,313,17,#GalaxyS25Edge 
15453736647053325_6662828972,carousel,4/14/2025 12:00,154,4,#GalaxyS25Edge 
26643137451345464_5191658382,image,6/5/2025 7:00,366,19,#GalaxyS25Edge 
98275509863395074_0436514489,carousel,5/6/2025 2:00,236,3,#GalaxyS25Edge 
05671531269477302_9443256960,image,4/3/2025 7:00,560,18,#GalaxyS25Edge 
83571715071907527_1486076715,carousel,4/3/2025 22:00,919,0,#GalaxyS25Edge 
40186196430739072_7165611280,reel,3/30/2025 19:00,76,0,#GalaxyS25Edge 
78471576155164472_4366104020,reel,5/31/2025 4:00,222,11,#GalaxyS25Edge 
66818194377764743_1597625746,carousel,5/24/2025 9:00,603,13,#GalaxyS25Edge 
88213378054793138_6223239173,carousel,3/30/2025 22:00,145,3,#GalaxyS25Edge 
67214260851804235_6505233708,carousel,4/11/2025 2:00,658,0,#GalaxyS25Edge 
44409536417190488_1214146050,image,5/7/2025 13:00,314,17,#GalaxyS25Edge 
98866166679001537_7853289165,reel,6/12/2025 10:00,279,7,#GalaxyS25Edge 
83152362006851976_6304727541,carousel,5/7/2025 3:00,517,13,#GalaxyS25Edge 
44681495990839267_9414717835,carousel,3/24/2025 9:00,137,5,#GalaxyS25Edge 
90549367031408833_3000779748,reel,4/28/2025 6:00,336,9,#GalaxyS25Edge 
72548808894039064_5669509732,image,4/29/2025 8:00,0,11,#GalaxyS25Edge 
41783961757215925_4873394017,reel,4/5/2025 10:00,229,8,#GalaxyS25Edge 
39053103947048426_4770477358,carousel,3/28/2025 1:00,190,2,#GalaxyS25Edge 
11675074891667924_2443280639,image,6/12/2025 19:00,22,1,#GalaxyS25Edge 
96568468752376339_8488889450,image,4/1/2025 1:00,307,7,#GalaxyS25Edge 
95310286005700924_4276319937,image,3/16/2025 17:00,749,30,#GalaxyS25Edge 
91634673063665596_8935850963,reel,5/16/2025 21:00,1152,31,#GalaxyS25Edge 
30028701368254176_2905332682,image,6/2/2025 2:00,452,22,#GalaxyS25Edge 
35113125377953477_0670227402,image,6/4/2025 22:00,132,3,#GalaxyS25Edge 
35678402552701197_1083651084,reel,4/22/2025 3:00,320,11,#GalaxyS25Edge 
87911734885011762_1290085083,image,4/24/2025 11:00,63,3,#GalaxyS25Edge 
65178156773140809_6609004272,reel,3/22/2025 13:00,1029,25,#GalaxyS25Edge 
43193486554526567_0062024162,image,4/21/2025 7:00,132,2,#GalaxyS25Edge 
44724713120390937_3754901747,image,5/29/2025 15:00,430,8,#GalaxyS25Edge 
40072721655292218_3110641379,carousel,4/2/2025 16:00,217,2,#GalaxyS25Edge 
44336241561031545_1742624072,carousel,5/26/2025 3:00,673,20,#GalaxyS25Edge 
28583117490372409_0717075810,carousel,3/31/2025 8:00,285,7,#GalaxyS25Edge 
97836814859001454_6500846107,image,4/8/2025 16:00,265,9,#GalaxyS25Edge 
58559505766459846_8455350962,reel,4/13/2025 14:00,266,9,#GalaxyS25Edge 
73353437186668063_3185937939,carousel,6/11/2025 13:00,106,0,#GalaxyS25Edge 
68855389736967374_9875321814,image,4/25/2025 22:00,92,4,#GalaxyS25Edge 
47663411408394505_4259019400,carousel,5/10/2025 1:00,199,10,#GalaxyS25Edge 
46179759805474759_8319581433,reel,4/26/2025 8:00,643,18,#GalaxyS25Edge 
52637541692455812_8279328714,reel,5/2/2025 12:00,294,12,#GalaxyS25Edge 
91381957658927371_7246491333,carousel,6/12/2025 22:00,218,5,#GalaxyS25Edge 
31367752083738237_7240508226,image,3/20/2025 23:00,220,7,#GalaxyS25Edge 
17706286217357556_2509061080,carousel,5/25/2025 18:00,228,11,#GalaxyS25Edge 
83478142431847497_5179110972,reel,6/7/2025 2:00,262,9,#GalaxyS25Edge 
17818363549633000_6073382660,image,6/12/2025 6:00,117,2,#GalaxyS25Edge 
46048867200229989_6166001729,image,3/24/2025 6:00,220,4,#GalaxyS25Edge 
19582341227512731_8568199282,carousel,3/27/2025 11:00,726,11,#GalaxyS25Edge 
56154119836600159_1940073768,carousel,3/24/2025 8:00,367,10,#GalaxyS25Edge 
27562408384573256_3796811267,carousel,5/24/2025 10:00,100,1,#GalaxyS25Edge 
79957094876502821_6881977445,carousel,5/19/2025 21:00,215,6,#GalaxyS25Edge 
06185458232576920_4579850465,carousel,5/18/2025 21:00,67,0,#GalaxyS25Edge 
03013583601784429_0696061431,image,4/23/2025 15:00,64,1,#GalaxyS25Edge 
88225107081195797_4939723025,image,4/24/2025 15:00,42,1,#GalaxyS25Edge 
92838090592028128_4915224661,image,4/5/2025 19:00,53,3,#GalaxyS25Edge 
86341676278063685_3723030351,image,5/6/2025 9:00,335,5,#GalaxyS25Edge 
16905872213792357_3326892880,carousel,4/9/2025,355,14,#GalaxyS25Edge 
01421417250101109_7296724325,image,3/24/2025 12:00,290,10,#GalaxyS25Edge 
40593159171820000_1022703293,carousel,5/15/2025 13:00,101,1,#GalaxyS25Edge 
20908280812610510_7416933241,reel,5/10/2025 1:00,971,21,#GalaxyS25Edge 
36138038948868371_5574986841,carousel,4/20/2025 5:00,587,13,#GalaxyS25Edge 
47551009362399729_0920141527,carousel,4/8/2025,425,9,#GalaxyS25Edge 
57343143089316614_0555699096,carousel,4/13/2025 17:00,294,11,#GalaxyS25Edge 
46563241127497257_1479333910,reel,4/29/2025 8:00,164,6,#GalaxyS25Edge 
62776744872803715_4236892419,image,3/24/2025 11:00,23,2,#GalaxyS25Edge 
61120894295716326_5629981532,image,4/7/2025 3:00,131,4,#GalaxyS25Edge 
73363767803001875_7206368579,image,4/28/2025 7:00,777,17,#GalaxyS25Edge 
94307825958536306_4565591772,image,5/25/2025 19:00,348,16,#GalaxyS25Edge 
93791861167642511_1640127213,carousel,6/12/2025 20:00,135,1,#GalaxyS25Edge 
93757469560432934_5769895529,reel,5/30/2025 20:00,454,12,#GalaxyS25Edge 
51501268058654329_6317370167,carousel,6/10/2025 10:00,53,2,#GalaxyS25Edge 
27368345906902055_9533045209,image,3/21/2025 10:00,52,2,#GalaxyS25Edge 
94345364171968386_1351582192,image,4/5/2025 6:00,136,4,#GalaxyS25Edge 
57242066143530434_6247048826,image,5/17/2025,368,12,#GalaxyS25Edge 
91490372900286897_9069905581,carousel,5/21/2025 17:00,85,1,#GalaxyS25Edge 
90224961195578490_7315920207,reel,4/26/2025 4:00,119,5,#GalaxyS25Edge 
80380340467807255_0820524250,carousel,3/16/2025 2:00,158,7,#GalaxyS25Edge 
73684813906070954_0024735498,reel,3/25/2025 9:00,313,13,#GalaxyS25Edge 
01859070173978080_2262314871,image,3/28/2025 1:00,443,18,#GalaxyS25Edge 
76273458729254166_4568600733,reel,5/16/2025,29,0,#GalaxyS25Edge 
52641229178470809_7055270509,carousel,4/2/2025 10:00,52,0,#GalaxyS25Edge 
58711298586187590_3137435696,image,5/5/2025 6:00,903,22,#GalaxyS25Edge 
11610673092820644_7092710280,reel,5/30/2025,88,1,#GalaxyS25Edge 
26019527089430383_7787758181,carousel,5/16/2025 6:00,379,13,#GalaxyS25Edge 
63707414562890247_4604444703,image,4/2/2025 22:00,129,2,#GalaxyS25Edge 
81879464731277567_5248053635,reel,5/5/2025 8:00,94,2,#GalaxyS25Edge 
72523544672538041_2617770543,image,4/19/2025 5:00,490,10,#GalaxyS25Edge 
05530220128779707_7986326144,image,5/25/2025 10:00,1049,33,#GalaxyS25Edge 
18139798149921592_9985943696,image,6/6/2025 7:00,62,1,#GalaxyS25Edge 
52185662173366308_0531492962,reel,5/16/2025 9:00,218,3,#GalaxyS25Edge 
55143059211632371_0554696141,image,5/10/2025 2:00,30,2,#GalaxyS25Edge 
31032316540215363_5712830989,carousel,5/11/2025 19:00,532,25,#GalaxyS25Edge 
96346426216240767_4415866391,reel,6/6/2025 2:00,358,10,#GalaxyS25Edge 
95447491065637141_9068412352,image,4/6/2025 22:00,125,2,#GalaxyS25Edge 
53071013473386410_9721688916,image,3/23/2025 12:00,183,0,#GalaxyS25Edge 
74679096634229784_4784487865,reel,4/27/2025 21:00,1457,40,#GalaxyS25Edge 
39804815549288492_9284646312,image,5/26/2025 15:00,155,4,#GalaxyS25Edge 
25914853682402521_9461795355,carousel,5/22/2025 19:00,28,1,#GalaxyS25Edge 
64546429458537003_6675046398,carousel,4/25/2025 18:00,54,2,#GalaxyS25Edge 
91210434512217080_4061051395,image,4/16/2025 15:00,68,3,#GalaxyS25Edge 
30432265749467800_7351031164,image,5/14/2025 10:00,182,4,#GalaxyS25Edge 
31734151518659875_5364349358,carousel,6/10/2025 3:00,33,1,#GalaxyS25Edge 
15660145019667760_1959384686,image,5/30/2025 2:00,59,2,#GalaxyS25Edge 
96470302244180086_3835500751,image,5/5/2025 18:00,67,0,#GalaxyS25Edge 
41646849167663133_2674755661,reel,5/4/2025 7:00,68,2,#GalaxyS25Edge 
91232646664085394_4003398119,reel,5/2/2025 10:00,100,3,#GalaxyS25Edge 
96830981700821706_4276487864,image,4/5/2025 4:00,95,3,#GalaxyS25Edge 
12810647397764575_5104689906,carousel,5/11/2025 18:00,209,8,#GalaxyS25Edge 
47921720827486198_5912851435,reel,5/17/2025 16:00,139,3,#GalaxyS25Edge 
11059000426479030_9360183168,image,5/7/2025 9:00,158,4,#GalaxyS25Edge 
96002213919237463_4859157105,image,5/8/2025 14:00,348,17,#GalaxyS25Edge 
76408313036388401_1485409616,image,4/17/2025 22:00,129,4,#GalaxyS25Edge 
63093665467246460_3426594006,reel,6/3/2025 18:00,142,2,#GalaxyS25Edge 
94209418046048625_0434670807,carousel,3/22/2025 23:00,438,13,#GalaxyS25Edge 
33367011206529066_3104500827,carousel,3/30/2025 1:00,349,10,#GalaxyS25Edge 
92723086719940679_2550645033,image,3/18/2025 1:00,301,12,#GalaxyS25Edge 
30080402628385975_8068606389,carousel,6/6/2025 21:00,311,5,#GalaxyS25Edge 
96823649000131777_5061021390,image,4/19/2025 20:00,1296,34,#GalaxyS25Edge 
74493486053470272_2965287706,reel,5/5/2025 21:00,61,1,#GalaxyS25Edge 
55880657193351869_4775310690,reel,5/3/2025 12:00,18,0,#GalaxyS25Edge 
83221199428864049_4723858724,carousel,6/9/2025 15:00,274,13,#GalaxyS25Edge 
55452704349474344_7558678870,carousel,4/27/2025 12:00,2160,51,#GalaxyS25Edge 
67163800028358435_3635428978,image,5/26/2025 1:00,740,23,#GalaxyS25Edge 
90219764597762672_5619717218,image,4/6/2025 1:00,323,9,#GalaxyS25Edge 
17269210173842815_8648878293,image,4/3/2025 9:00,42,0,#GalaxyS25Edge 
09410567411496651_7457790408,image,5/3/2025 7:00,873,26,#GalaxyS25Edge 
71151383146330625_6143080311,reel,4/2/2025 1:00,57,1,#GalaxyS25Edge 
27474870984638431_6843591638,carousel,5/28/2025 13:00,203,6,#GalaxyS25Edge 
88362896067548999_6055784964,carousel,5/27/2025 7:00,1188,18,#GalaxyS25Edge 
91033676474320653_4785422296,carousel,4/12/2025 17:00,115,0,#GalaxyS25Edge 
80346216562796199_2095961229,reel,4/16/2025 3:00,197,2,#GalaxyS25Edge 
03254852972871077_9150436634,image,5/16/2025,168,3,#GalaxyS25Edge 
45737194939588380_7470831906,image,4/22/2025 12:00,1017,15,#GalaxyS25Edge 
46995008963878258_4104703726,reel,3/31/2025 4:00,383,14,#GalaxyS25Edge 
22381510266681224_9627598763,reel,3/19/2025 3:00,292,8,#GalaxyS25Edge 
81274396943965942_4437458462,carousel,4/5/2025 18:00,84,3,#GalaxyS25Edge 
51215998720116359_3759053423,image,3/27/2025 4:00,162,0,#GalaxyS25Edge 
34013412707989009_3015563082,image,5/10/2025 8:00,164,4,#GalaxyS25Edge 
99780596610946040_1202636070,carousel,3/18/2025 13:00,228,5,#GalaxyS25Edge 
06374068249813737_3503451581,carousel,4/7/2025 1:00,181,4,#GalaxyS25Edge 
79694064801277462_6683533635,carousel,3/20/2025 10:00,582,22,#GalaxyS25Edge 
51370445693406891_1673926929,reel,5/6/2025 23:00,386,6,#GalaxyS25Edge 
16807331739248356_4297512737,image,6/8/2025 8:00,875,19,#GalaxyS25Edge 
94882596053599579_0215332772,reel,4/18/2025 2:00,341,14,#GalaxyS25Edge 
72183536268659070_5930915938,image,4/1/2025 19:00,272,8,#GalaxyS25Edge 
60636385167030497_6395974810,image,6/10/2025 20:00,262,9,#GalaxyS25Edge 
78704174370552402_8036990727,image,5/11/2025 3:00,153,5,#GalaxyS25Edge 
13943761135395827_2816545086,carousel,3/16/2025 2:00,174,4,#GalaxyS25Edge 
19762237837258758_2724072176,carousel,3/26/2025 11:00,106,2,#GalaxyS25Edge 
73662455827130714_5756388516,image,4/6/2025 17:00,80,1,#GalaxyS25Edge 
69926919195574173_6808904826,carousel,3/22/2025 3:00,222,8,#GalaxyS25Edge 
52711568360185485_1004311962,carousel,5/19/2025 22:00,371,8,#GalaxyS25Edge 
77592460096224514_6768889978,reel,5/19/2025 8:00,693,13,#GalaxyS25Edge 
46616516173194251_4910948842,image,5/19/2025 3:00,803,0,#GalaxyS25Edge 
13650855090788394_3521421299,reel,5/8/2025,238,7,#GalaxyS25Edge 
79466836903925212_2444380735,image,4/12/2025 18:00,231,7,#GalaxyS25Edge 
06934701222264904_9480287633,carousel,6/8/2025 9:00,552,12,#GalaxyS25Edge 
46380737098861503_9414277887,carousel,5/15/2025 6:00,13,2,#GalaxyS25Edge 
77379714029665430_8471080636,image,5/11/2025,268,9,#GalaxyS25Edge 
18911152596056972_9307157431,carousel,4/15/2025 2:00,1694,46,#GalaxyS25Edge 
62791362080150529_3047427543,reel,5/19/2025 19:00,298,7,#GalaxyS25Edge 
18244924635065257_8162217785,image,6/9/2025 4:00,67,2,#GalaxyS25Edge 
25103082362719048_8409168881,image,4/28/2025 14:00,41,1,#GalaxyS25Edge 
14518255250126698_1245256456,image,4/25/2025,270,7,#GalaxyS25Edge 
27773643918198800_5826165008,image,5/23/2025 13:00,144,8,#GalaxyS25Edge 
45594632886598383_1437492349,image,3/21/2025 23:00,578,15,#GalaxyS25Edge 
19603201497828121_1248587811,image,4/17/2025 8:00,200,9,#GalaxyS25Edge 
53018839229673771_6797325136,carousel,5/17/2025 17:00,128,6,#GalaxyS25Edge 
11096464737370542_2759734800,carousel,4/28/2025 1:00,145,4,#GalaxyS25Edge 
55763381568207073_3270846208,reel,5/2/2025 9:00,156,4,#GalaxyS25Edge 
40891882998031354_7014702338,carousel,3/15/2025 12:00,0,7,#GalaxyS25Edge 
52912196011864614_1341689494,carousel,4/8/2025 5:00,143,5,#GalaxyS25Edge 
85747361052535998_8414414461,reel,5/5/2025 3:00,137,7,#GalaxyS25Edge 
57000201466126480_7298592737,image,5/26/2025 15:00,327,11,#GalaxyS25Edge 
89519992885874246_1081551463,reel,5/11/2025 19:00,119,2,#GalaxyS25Edge 
45894375810464324_7821591795,reel,4/1/2025 16:00,69,2,#GalaxyS25Edge 
50222272221418887_3168822988,carousel,4/29/2025 3:00,105,5,#GalaxyS25Edge 
05986680294688407_5795477525,carousel,5/4/2025 10:00,219,3,#GalaxyS25Edge 
13446207364988752_3468055975,image,3/19/2025 2:00,69,4,#GalaxyS25Edge 
57605040264424504_6501673573,carousel,5/31/2025 12:00,255,8,#GalaxyS25Edge 
20475538869525207_7453169705,carousel,5/19/2025 12:00,43,2,#GalaxyS25Edge 
34817724392859673_4683246525,carousel,4/5/2025 12:00,36,1,#GalaxyS25Edge 
02558640284000711_3286020526,carousel,3/17/2025 2:00,201,5,#GalaxyS25Edge 
53967434729952068_9024307700,reel,6/7/2025 13:00,113,5,#GalaxyS25Edge 
63660396226674534_6452206279,image,6/7/2025 22:00,141,5,#GalaxyS25Edge 
07337902718940641_8939647923,reel,5/30/2025 19:00,147,5,#GalaxyS25Edge 
72114148009191590_2884262494,image,3/16/2025 9:00,53,2,#GalaxyS25Edge 
46196921790125290_7711606158,carousel,3/28/2025 12:00,80,0,#GalaxyS25Edge 
48683625499679218_9256382956,reel,6/7/2025 23:00,192,9,#GalaxyS25Edge 
46056188696954633_4119785717,carousel,3/21/2025 2:00,142,4,#GalaxyS25Edge 
72976236888539418_4102631709,image,5/18/2025 13:00,17,0,#GalaxyS25Edge 
05795172399118286_0374416928,reel,6/5/2025 21:00,247,11,#GalaxyS25Edge 
24480498412739611_4634641438,reel,5/31/2025 3:00,364,12,#GalaxyS25Edge 
70524537788897867_0411806773,image,5/26/2025 22:00,0,4,#GalaxyS25Edge 
92980396860565330_1171137648,image,6/5/2025 21:00,523,11,#GalaxyS25Edge 
26478623112247095_6243086077,image,5/23/2025 5:00,234,6,#GalaxyS25Edge 
77621909333439256_8952494183,image,5/9/2025,158,5,#GalaxyS25Edge 
22822929924543111_0446303119,reel,4/13/2025 21:00,128,4,#GalaxyS25Edge 
44657357605108688_5959884493,image,4/18/2025 16:00,1075,35,#GalaxyS25Edge 
42618181359134430_8164145744,carousel,4/20/2025,134,4,#GalaxyS25Edge 
32609249276542147_0219062087,image,5/22/2025 20:00,1080,42,#GalaxyS25Edge 
22267470808080298_9244555310,carousel,3/15/2025 10:00,292,10,#GalaxyS25Edge 
35865194533198889_0734357200,reel,5/14/2025 11:00,513,13,#GalaxyS25Edge 
95250953473038277_3994383855,carousel,4/1/2025 7:00,222,3,#GalaxyS25Edge 
24436770921692945_7526285386,image,5/16/2025 8:00,217,4,#GalaxyS25Edge 
75512508403308285_2433030236,image,4/21/2025 7:00,185,5,#GalaxyS25Edge 
78636364523991608_3331841114,carousel,5/22/2025 22:00,544,18,#GalaxyS25Edge 
71302040338092009_0883675081,image,5/31/2025 1:00,165,5,#GalaxyS25Edge 
45823644587866672_9543983586,image,4/26/2025 11:00,1221,30,#GalaxyS25Edge 
70780137716142275_1583526436,image,4/26/2025 19:00,158,5,#GalaxyS25Edge 
16804641191078181_7816260672,carousel,4/15/2025 17:00,112,4,#GalaxyS25Edge 
98311242008075433_7494378113,image,4/20/2025 18:00,197,3,#GalaxyS25Edge 
85903016095942267_8583902299,image,5/22/2025 16:00,291,13,#GalaxyS25Edge 
30197180329584680_6246958248,image,6/7/2025 18:00,40,2,#GalaxyS25Edge 
48662282146851052_8047193336,carousel,4/10/2025 17:00,687,22,#GalaxyS25Edge 
73859933407216927_0944380043,reel,5/28/2025 7:00,824,23,#GalaxyS25Edge 
49469817099095626_3819264012,image,5/10/2025 6:00,232,9,#GalaxyS25Edge 
78708773753344454_2970371489,image,5/28/2025 20:00,329,11,#GalaxyS25Edge 
17207583344381602_9637745981,reel,5/30/2025 17:00,149,2,#GalaxyS25Edge 
06609997480053042_8303277612,carousel,3/28/2025 9:00,363,12,#GalaxyS25Edge 
19115180793557730_2799890405,carousel,6/3/2025 6:00,289,4,#GalaxyS25Edge 
38068349731936515_3739651052,reel,4/4/2025 9:00,727,19,#GalaxyS25Edge 
81446136189527112_4477231118,carousel,5/14/2025 20:00,206,6,#GalaxyS25Edge 
21602243022406034_0972786821,image,4/10/2025 21:00,231,6,#GalaxyS25Edge 
30376457886943472_2286347927,carousel,4/24/2025 14:00,101,3,#GalaxyS25Edge 
57233710500462154_2492364706,image,5/15/2025 22:00,261,8,#GalaxyS25Edge 
80821669158772100_6041155135,carousel,4/28/2025 8:00,412,12,#GalaxyS25Edge 
35228413571173663_1159427142,image,6/5/2025 14:00,195,7,#GalaxyS25Edge 
95704408813925928_8638450396,image,5/16/2025 11:00,321,6,#GalaxyS25Edge 
99686328283766630_2686793251,image,3/30/2025 5:00,387,9,#GalaxyS25Edge 
72031247276663260_1676840773,image,5/7/2025 13:00,199,6,#GalaxyS25Edge 
01701877053364413_0690307993,reel,5/31/2025 14:00,48,1,#GalaxyS25Edge 
43883815764021510_3101558405,image,5/31/2025 12:00,153,9,#GalaxyS25Edge 
91973839492976689_4519274545,carousel,4/8/2025 19:00,320,6,#GalaxyS25Edge 
03924596911073675_7761664878,image,3/25/2025 14:00,117,5,#GalaxyS25Edge 
47366579819571212_3068953107,image,4/26/2025 7:00,55,0,#GalaxyS25Edge 
08880290107816857_9875073620,carousel,3/18/2025 19:00,963,30,#GalaxyS25Edge 
62250314661049876_2681343588,reel,3/25/2025 1:00,93,2,#GalaxyS25Edge 
95200776238550027_6877230860,carousel,6/3/2025 13:00,298,8,#GalaxyS25Edge 
02683845346174617_3397480097,carousel,3/27/2025 6:00,167,4,#GalaxyS25Edge 
31279297552356776_7492638798,image,5/29/2025 2:00,164,2,#GalaxyS25Edge 
61312966064662701_8035092528,image,4/16/2025 15:00,219,4,#GalaxyS25Edge 
56480578932345715_2135424897,image,6/5/2025 9:00,18,2,#GalaxyS25Edge 
65365404832509657_6045456690,image,3/19/2025 22:00,126,8,#GalaxyS25Edge 
85406263196801252_7539933182,image,4/11/2025 20:00,76,2,#GalaxyS25Edge 
81410536516426538_7374903841,image,3/25/2025 1:00,59,3,#GalaxyS25Edge 
42674116725847482_4187836740,reel,5/31/2025 9:00,122,4,#GalaxyS25Edge 
18452170530305937_8676920349,carousel,5/15/2025 3:00,281,8,#GalaxyS25Edge 
29603212122162121_3199768843,carousel,4/23/2025 10:00,560,15,#GalaxyS25Edge 
76635736472487848_4644045273,image,4/4/2025 7:00,266,11,#GalaxyS25Edge 
33233381333791452_7539334745,reel,6/10/2025 23:00,103,3,#GalaxyS25Edge 
94194407282074544_5741777265,image,4/3/2025 23:00,152,4,#GalaxyS25Edge 
13673537050066161_3556818258,image,6/8/2025 11:00,132,4,#GalaxyS25Edge 
69423170108072074_9642948110,carousel,6/2/2025 17:00,209,3,#GalaxyS25Edge 
11002150748342501_6257190817,reel,5/29/2025,105,4,#GalaxyS25Edge 
36628595842652506_8725039546,carousel,5/14/2025 22:00,113,2,#GalaxyS25Edge 
91163576100696380_9598628845,reel,5/4/2025 12:00,114,6,#GalaxyS25Edge 
93072462598976335_4091078858,image,3/24/2025 10:00,360,14,#GalaxyS25Edge 
39874338130601892_8140971672,carousel,5/3/2025 15:00,286,9,#GalaxyS25Edge 
30043805204606877_1665441242,image,3/27/2025 14:00,130,3,#GalaxyS25Edge 
44092666567047127_3764345233,carousel,6/1/2025 16:00,232,9,#GalaxyS25Edge 
23649265178049989_4988814067,reel,4/8/2025 1:00,132,4,#GalaxyS25Edge 
46069047709596420_9360264155,carousel,5/15/2025,116,2,#GalaxyS25Edge 
89885749890432635_2858025658,image,5/1/2025 20:00,357,5,#GalaxyS25Edge 
49952752006132820_3680241235,carousel,3/17/2025 7:00,378,19,#GalaxyS25Edge 
32192584390778958_0205914053,reel,5/17/2025,919,20,#GalaxyS25Edge 
79930964112163185_8258541582,image,3/21/2025 18:00,407,14,#GalaxyS25Edge 
40037195074314341_9263498318,image,4/29/2025 15:00,0,10,#GalaxyS25Edge 
49722060925522475_6865131575,image,4/18/2025 13:00,190,6,#GalaxyS25Edge 
44694361350523225_3594170282,carousel,5/5/2025 23:00,484,14,#GalaxyS25Edge 
30288653144419313_1776159214,image,5/30/2025 1:00,84,3,#GalaxyS25Edge 
28877803424030230_6130314060,image,6/8/2025 15:00,194,6,#GalaxyS25Edge 
78798380642067996_5468305071,reel,5/6/2025 15:00,616,17,#GalaxyS25Edge 
65239230224410786_5427650919,image,3/25/2025 12:00,68,3,#GalaxyS25Edge 
10575012077464228_4792544098,reel,3/30/2025 19:00,183,6,#GalaxyS25Edge 
59922188737045836_8484348073,image,4/28/2025 9:00,123,5,#GalaxyS25Edge 
00789983635371576_8909124065,image,5/5/2025 17:00,84,2,#GalaxyS25Edge 
40891397915085149_3611877170,carousel,3/20/2025 16:00,145,6,#GalaxyS25Edge 
51310845589577984_6351394223,carousel,3/18/2025 3:00,73,1,#GalaxyS25Edge 
03313221659320749_7963866162,reel,5/7/2025 1:00,56,3,#GalaxyS25Edge 
39099731337522544_8650502799,carousel,5/6/2025 23:00,118,2,#GalaxyS25Edge 
55977975884943376_2168233360,image,5/2/2025 1:00,219,6,#GalaxyS25Edge 
28098373831258732_1535986825,image,6/3/2025 10:00,233,6,#GalaxyS25Edge 
08982385411614263_9396422405,image,3/19/2025 8:00,92,0,#GalaxyS25Edge 
68499612237292123_5614666389,image,5/17/2025 14:00,391,6,#GalaxyS25Edge 
76147719577556258_4508450140,carousel,3/23/2025 21:00,382,7,#GalaxyS25Edge 
51511685110862596_9607991222,image,4/1/2025 20:00,234,7,#GalaxyS25Edge 
50146821940886594_1423541386,reel,4/30/2025 1:00,153,5,#GalaxyS25Edge 
92759135955065645_4371552751,image,3/15/2025 11:00,79,2,#GalaxyS25Edge 
40811740337603575_6272992654,image,4/17/2025 9:00,124,0,#GalaxyS25Edge 
04550837445769183_6806742787,image,5/12/2025 13:00,150,4,#GalaxyS25Edge 
31559115731905481_9770698994,reel,5/19/2025 5:00,234,7,#GalaxyS25Edge 
71878932244481751_0203003235,image,4/21/2025 19:00,786,15,#GalaxyS25Edge 
02213208513992987_9803814569,image,4/13/2025 9:00,118,8,#GalaxyS25Edge 
81240364657538770_2303887930,image,4/1/2025 14:00,325,10,#GalaxyS25Edge 
04976982406854423_8452059761,carousel,3/31/2025 19:00,179,0,#GalaxyS25Edge 
10944151148838368_3641006138,carousel,3/29/2025 1:00,23,0,#GalaxyS25Edge 
08158908539891004_2084546597,carousel,6/10/2025 19:00,39,1,#GalaxyS25Edge 
73028180491084734_3232125194,image,5/2/2025 7:00,65,0,#GalaxyS25Edge 
50102760085088845_9060631876,image,5/14/2025 18:00,69,2,#GalaxyS25Edge 
23488184194608536_8686327143,reel,3/30/2025 6:00,609,15,#GalaxyS25Edge 
83065640402968989_9285498789,carousel,5/23/2025 18:00,228,4,#GalaxyS25Edge 
27805062526606970_9501303470,reel,6/1/2025 13:00,609,18,#GalaxyS25Edge 
20767257954686095_1850581261,image,6/4/2025 2:00,64,1,#GalaxyS25Edge 
30439223093811349_1173027992,image,4/20/2025 18:00,271,0,#GalaxyS25Edge 
24508962523363272_8446202156,image,3/25/2025 14:00,233,13,#GalaxyS25Edge 
90235551295947261_0676738118,carousel,5/20/2025 14:00,57,0,#GalaxyS25Edge 
50499703159391691_0848785906,image,4/5/2025 1:00,173,2,#GalaxyS25Edge 
09976804325288114_3256027370,carousel,6/3/2025 21:00,873,25,#GalaxyS25Edge 
64241720183577601_2914723942,reel,4/2/2025 14:00,67,5,#GalaxyS25Edge 
90358198701206750_3228230983,carousel,5/1/2025 8:00,101,1,#GalaxyS25Edge 
02034577464743408_3958312752,reel,4/11/2025 18:00,90,0,#GalaxyS25Edge 
70848185460857759_9479310174,carousel,5/7/2025 18:00,240,0,#GalaxyS25Edge 
54055561202605255_0022238325,carousel,5/1/2025 10:00,14,0,#GalaxyS25Edge 
39221136495613589_8558985035,carousel,4/4/2025 2:00,215,15,#GalaxyS25Edge 
23223075534924266_1052074955,carousel,5/26/2025 11:00,271,10,#GalaxyS25Edge 
42328035119548797_2859081206,carousel,5/18/2025 20:00,81,4,#GalaxyS25Edge 
84836869751274453_5595326210,reel,5/9/2025 22:00,319,12,#GalaxyS25Edge 
96258017674007948_0707157786,reel,6/12/2025 23:00,209,3,#GalaxyS25Edge 
94307870931703263_6125079044,carousel,5/28/2025 14:00,611,19,#GalaxyS25Edge 
11118505583249546_0410983051,reel,5/26/2025 12:00,140,3,#GalaxyS25Edge 
78251115106645308_8222799639,reel,6/1/2025 2:00,20,1,#GalaxyS25Edge 
61663947812175854_7567806770,image,5/1/2025 13:00,304,7,#GalaxyS25Edge 
43172065076772357_0089524798,image,5/1/2025 5:00,2113,65,#GalaxyS25Edge 
30155418954070047_0951007704,image,5/5/2025 9:00,182,6,#GalaxyS25Edge 
98642514948610112_8607859879,image,5/15/2025 20:00,178,6,#GalaxyS25Edge 
91352397380301682_0460745696,image,5/9/2025 19:00,573,21,#GalaxyS25Edge 
26372935287054644_7795053224,carousel,4/17/2025 16:00,199,9,#GalaxyS25Edge 
95834013238315077_4196155053,carousel,5/23/2025 20:00,588,20,#GalaxyS25Edge 
74539575575901234_6142319613,image,3/16/2025 16:00,2016,64,#GalaxyS25Edge 
89233350930150399_9213276049,reel,5/22/2025 17:00,99,1,#GalaxyS25Edge 
04065208420642239_5843456824,image,6/1/2025 2:00,558,16,#GalaxyS25Edge 
01855889493752999_7158824153,carousel,4/16/2025 13:00,185,9,#GalaxyS25Edge 
79336126059915155_6755270268,carousel,5/19/2025 10:00,1188,42,#GalaxyS25Edge 
53596722316648281_1523030960,carousel,3/24/2025 16:00,288,5,#GalaxyS25Edge 
13537152878192878_2257058593,carousel,5/13/2025 21:00,164,6,#GalaxyS25Edge 
37976627949486620_9819701877,carousel,3/18/2025 22:00,313,9,#GalaxyS25Edge 
44568020392522323_5870175534,reel,6/6/2025 12:00,821,34,#GalaxyS25Edge 
83824504024978202_4173695964,carousel,4/29/2025 6:00,0,10,#GalaxyS25Edge 
47741940227860652_5939781961,carousel,3/29/2025 16:00,116,6,#GalaxyS25Edge 
64059491165497875_8834286639,image,5/31/2025 19:00,157,1,#GalaxyS25Edge 
70724642749516379_5215802455,carousel,4/29/2025 3:00,54,0,#GalaxyS25Edge 
90224650179334443_2395406056,carousel,4/5/2025 18:00,383,12,#GalaxyS25Edge 
43349593707732280_2850391245,reel,4/13/2025 23:00,164,4,#GalaxyS25Edge 
10263750157425777_4287947622,image,5/16/2025 17:00,140,4,#GalaxyS25Edge 
93110161727230258_9345727987,reel,4/27/2025 5:00,410,8,#GalaxyS25Edge 
66818717275232868_4758475572,image,5/31/2025 10:00,439,16,#GalaxyS25Edge 
71218272075657573_5574521450,carousel,4/30/2025 18:00,62,2,#GalaxyS25Edge 
06086404305806288_6760933820,image,5/8/2025 3:00,85,2,#GalaxyS25Edge 
48561119251322132_8526231761,reel,4/14/2025 11:00,204,7,#GalaxyS25Edge 
41299401551485939_0212925926,image,3/30/2025 12:00,211,5,#GalaxyS25Edge 
72029061047987514_2136656637,image,5/29/2025 16:00,497,16,#GalaxyS25Edge 
17669085252540720_3204615397,carousel,4/11/2025 12:00,183,3,#GalaxyS25Edge 
07365202842731031_2169203721,carousel,5/18/2025 20:00,246,11,#GalaxyS25Edge 
11370038892773558_5984887267,image,3/29/2025 10:00,646,24,#GalaxyS25Edge 
91087748507411529_2542947154,carousel,6/4/2025 8:00,900,27,#GalaxyS25Edge 
63660928537742562_5945817730,image,5/31/2025 3:00,550,10,#GalaxyS25Edge 
26640371936833558_1319896785,reel,5/7/2025 18:00,22,1,#GalaxyS25Edge 
58896952047898235_0177636484,image,5/20/2025 11:00,472,11,#GalaxyS25Edge 
33670801845430519_8999979354,reel,5/19/2025 16:00,95,3,#GalaxyS25Edge 
84151254382949041_6027064641,reel,3/19/2025 22:00,144,2,#GalaxyS25Edge 
42332368547302894_0220207443,reel,4/5/2025 11:00,91,5,#GalaxyS25Edge 
26254816916023787_5185650135,carousel,3/24/2025 17:00,382,15,#GalaxyS25Edge 
38934762081218367_6018168173,carousel,5/24/2025 7:00,662,16,#GalaxyS25Edge 
49893565996601057_1089705436,carousel,4/16/2025 12:00,267,0,#GalaxyS25Edge 
48035123639481155_3570756600,image,6/9/2025 18:00,230,5,#GalaxyS25Edge 
88884115316382182_0783899073,carousel,6/3/2025 21:00,28,1,#GalaxyS25Edge 
05892818936522462_8707548427,reel,5/30/2025 12:00,314,8,#GalaxyS25Edge 
53113201710604560_9459420603,carousel,4/30/2025 6:00,83,0,#GalaxyS25Edge 
93721473768658711_8714984971,carousel,3/29/2025 5:00,341,6,#GalaxyS25Edge 
93505361778328436_5718539180,image,5/8/2025 18:00,252,2,#GalaxyS25Edge 
66219776576366807_2476858384,carousel,5/17/2025 9:00,190,6,#GalaxyS25Edge 
57359998301374257_0655525286,image,3/21/2025 2:00,45,4,#GalaxyS25Edge 
80139768228099593_1593815213,image,5/16/2025 18:00,447,15,#GalaxyS25Edge 
98476788611688717_5735688123,image,4/22/2025 14:00,336,8,#GalaxyS25Edge 
92251907897573130_8996551395,image,5/1/2025 18:00,113,5,#GalaxyS25Edge 
56066033860823465_2269577930,image,5/7/2025 9:00,537,13,#GalaxyS25Edge 
34452970029447767_0520674018,carousel,4/21/2025 18:00,94,0,#GalaxyS25Edge 
54549027020803882_1394976030,reel,3/19/2025 5:00,160,1,#GalaxyS25Edge 
91281112163445992_5324184255,reel,4/2/2025 2:00,213,4,#GalaxyS25Edge 
58659758731572315_5658757395,reel,5/3/2025 6:00,93,2,#GalaxyS25Edge 
41325615576617319_3313644145,carousel,5/27/2025 17:00,180,5,#GalaxyS25Edge 
96406490650593815_3988175237,reel,5/22/2025 18:00,30,0,#GalaxyS25Edge 
45402926031810635_5076000528,carousel,4/30/2025 4:00,115,6,#GalaxyS25Edge 
76351300933367254_8191639596,carousel,5/20/2025 20:00,251,6,#GalaxyS25Edge 
20187390999354775_1898271947,image,3/28/2025 15:00,100,4,#GalaxyS25Edge 
46543732220253870_7251820975,carousel,5/31/2025 18:00,243,5,#GalaxyS25Edge 
59331683522876249_9093639125,reel,5/21/2025 16:00,85,1,#GalaxyS25Edge 
02533681291279937_6587775323,image,4/26/2025 17:00,687,16,#GalaxyS25Edge 
80751931908656160_7735349441,image,4/27/2025 14:00,34,1,#GalaxyS25Edge 
82754430135855005_7791401086,image,4/3/2025 8:00,12,0,#GalaxyS25Edge 
18942223938185423_6931967630,reel,4/28/2025 22:00,439,15,#GalaxyS25Edge 
19057204323781370_8075373626,image,5/15/2025 23:00,89,4,#GalaxyS25Edge 
32065627483699744_3753916401,reel,4/5/2025 16:00,73,2,#GalaxyS25Edge 
15209239809559817_8023515155,image,3/19/2025 11:00,281,8,#GalaxyS25Edge 
74905611702641970_7740390932,carousel,6/11/2025 21:00,249,11,#GalaxyS25Edge 
96921349960196411_4383579226,reel,6/12/2025 3:00,85,2,#GalaxyS25Edge 
68225389611335309_2771032396,image,5/29/2025 14:00,135,6,#GalaxyS25Edge 
54198542561887323_8867893943,image,5/4/2025 10:00,199,0,#GalaxyS25Edge 
08995480021982614_5894582298,carousel,6/2/2025 8:00,158,3,#GalaxyS25Edge 
99860353576256606_4404362803,reel,5/11/2025 14:00,413,12,#GalaxyS25Edge 
94790382023319179_5464470101,image,6/10/2025 23:00,113,2,#GalaxyS25Edge 
37870478041381996_7738015156,image,5/2/2025 5:00,335,12,#GalaxyS25Edge 
45725158476161937_2101065893,reel,5/3/2025 4:00,164,7,#GalaxyS25Edge 
83502299299117952_4998051611,reel,4/2/2025 11:00,209,8,#GalaxyS25Edge 
65635495242814453_0806925400,image,5/8/2025 10:00,805,31,#GalaxyS25Edge 
08554164269610451_6579877133,image,6/9/2025 20:00,247,4,#GalaxyS25Edge 
44280806274204585_1091966000,reel,5/21/2025 22:00,115,2,#GalaxyS25Edge 
72836191209234286_9594712464,image,3/27/2025 9:00,273,7,#GalaxyS25Edge 
04612087975178559_3937572856,image,3/22/2025 22:00,229,4,#GalaxyS25Edge 
72492919012016627_8490011811,carousel,4/14/2025 20:00,57,2,#GalaxyS25Edge 
39869872335474882_5589817670,carousel,5/11/2025 17:00,101,2,#GalaxyS25Edge 
24750528486191550_4361252603,reel,6/4/2025 20:00,373,15,#GalaxyS25Edge 
27928136951752979_3160806434,reel,4/1/2025 21:00,407,16,#GalaxyS25Edge 
03619077888376499_3279571929,reel,3/24/2025 17:00,335,14,#GalaxyS25Edge 
16299810987453508_8844365390,carousel,5/8/2025 6:00,169,7,#GalaxyS25Edge 
99400324307342585_2279044229,image,4/1/2025,226,7,#GalaxyS25Edge 
77582232022020735_8397110060,image,3/20/2025 7:00,232,5,#GalaxyS25Edge 
30178874364485767_4461275121,carousel,4/3/2025 6:00,15,0,#GalaxyS25Edge 
59841226794325453_4250377458,reel,5/18/2025 15:00,240,5,#GalaxyS25Edge 
46047344363988980_6953147388,carousel,4/2/2025 20:00,334,13,#GalaxyS25Edge 
57101371153196485_0363167862,image,3/23/2025,585,15,#GalaxyS25Edge 
11751586905797024_3244535555,reel,4/27/2025 15:00,933,34,#GalaxyS25Edge 
20302181706362435_9800415292,reel,5/30/2025 5:00,117,4,#GalaxyS25Edge 
76582491712567337_7590935277,carousel,6/7/2025,589,18,#GalaxyS25Edge 
39380622110278826_0816940295,image,5/21/2025 23:00,230,6,#GalaxyS25Edge 
94995183288684556_8455665924,carousel,4/2/2025 23:00,346,11,#GalaxyS25Edge 
21579401894053898_7910779671,carousel,5/3/2025 19:00,64,2,#GalaxyS25Edge 
18105340166259073_2034371164,image,6/4/2025 15:00,66,1,#GalaxyS25Edge 
43252756272403301_7196475352,reel,3/20/2025 21:00,183,3,#GalaxyS25Edge 
54148135258120049_5971561596,image,6/7/2025 2:00,160,4,#GalaxyS25Edge 
25731435043208842_6111571676,reel,4/28/2025 7:00,373,6,#GalaxyS25Edge 
03578087070356998_3012335294,carousel,5/24/2025 21:00,541,22,#GalaxyS25Edge 
17787639246365911_0286090777,image,5/6/2025 12:00,259,9,#GalaxyS25Edge 
52923244404613719_0530021380,carousel,4/25/2025 21:00,249,6,#GalaxyS25Edge 
25972064759328940_2290943076,reel,3/16/2025 10:00,148,5,#GalaxyS25Edge 
82342724501004256_0396097924,image,6/8/2025 13:00,142,7,#GalaxyS25Edge 
83215819841398388_4998955208,image,5/25/2025 7:00,565,26,#GalaxyS25Edge 
62163676477933720_9742020204,image,3/28/2025 4:00,116,5,#GalaxyS25Edge 
99087724714518156_8885048135,carousel,4/14/2025 17:00,589,13,#GalaxyS25Edge 
73060876654178134_8924763417,image,5/29/2025 1:00,117,1,#GalaxyS25Edge 
19488750601322569_8128849383,image,4/17/2025 19:00,172,4,#GalaxyS25Edge 
89140610457850985_4171713451,image,5/5/2025,82,1,#GalaxyS25Edge 
54401078456442882_8673943144,carousel,6/4/2025,528,12,#GalaxyS25Edge 
11257652826470287_0973330602,image,5/30/2025 9:00,173,5,#GalaxyS25Edge 
65596510033020016_3247335242,reel,5/3/2025 8:00,25,2,#GalaxyS25Edge 
95077667004316647_1775275069,image,4/21/2025 20:00,133,3,#GalaxyS25Edge 
59397653503845483_2935833123,image,5/20/2025 13:00,180,2,#GalaxyS25Edge 
54164508968820791_9888289790,reel,5/1/2025 18:00,371,9,#GalaxyS25Edge 
34987075025009493_1932629315,carousel,4/14/2025 19:00,48,1,#GalaxyS25Edge 
67480039871349082_1037327959,carousel,5/1/2025 18:00,79,5,#GalaxyS25Edge 
17521060336226355_5576078100,image,6/8/2025 11:00,72,4,#GalaxyS25Edge 
20171361361000653_9323919950,carousel,5/16/2025 3:00,86,3,#GalaxyS25Edge 
74370243770653420_5851016665,image,5/13/2025,0,1,#GalaxyS25Edge 
59113944646361084_8924680259,image,5/5/2025 23:00,26,2,#GalaxyS25Edge 
98401042018366247_6100865400,reel,6/4/2025 20:00,1892,66,#GalaxyS25Edge 
00355951039777404_8358718428,reel,5/30/2025 4:00,59,1,#GalaxyS25Edge 
81993930719193325_3160517239,reel,3/20/2025 11:00,47,1,#GalaxyS25Edge 
87754176249310927_6812694612,carousel,5/7/2025 14:00,244,7,#GalaxyS25Edge 
97703687768782957_1317576879,carousel,5/13/2025 19:00,590,15,#GalaxyS25Edge 
05611025112310857_3709327773,reel,6/3/2025 13:00,250,6,#GalaxyS25Edge 
96286499518109619_1228858034,image,5/11/2025 5:00,248,11,#GalaxyS25Edge 
24956288446907909_0335323706,image,5/31/2025 1:00,43,1,#GalaxyS25Edge 
67572704134821241_2724731337,image,6/8/2025 19:00,41,0,#GalaxyS25Edge 
18970307050036202_0245526342,carousel,3/18/2025 23:00,445,16,#GalaxyS25Edge 
13146756470816858_2806802760,image,4/10/2025 20:00,92,3,#GalaxyS25Edge 
17151159074771052_2395298548,image,6/11/2025 10:00,127,3,#GalaxyS25Edge 
50040397886463566_2770536678,reel,5/17/2025 22:00,256,9,#GalaxyS25Edge 
40540766252947541_3448014378,carousel,5/7/2025 22:00,89,1,#GalaxyS25Edge 
77014896480446279_7615824933,image,5/29/2025 7:00,348,6,#GalaxyS25Edge 
59736687160884062_8842922674,carousel,5/8/2025 4:00,92,1,#GalaxyS25Edge 
69990380329223093_7655296738,image,6/1/2025 14:00,69,2,#GalaxyS25Edge 
47930479900580338_6191574313,carousel,5/18/2025 19:00,292,10,#GalaxyS25Edge 
84612130356734381_1145333763,reel,4/2/2025 6:00,151,5,#GalaxyS25Edge 
78877199655035077_0483671695,reel,4/15/2025,312,9,#GalaxyS25Edge 
53442624040885610_2004657238,image,4/25/2025 18:00,93,3,#GalaxyS25Edge 
96730327145576161_2323009029,carousel,6/12/2025 13:00,174,0,#GalaxyS25Edge 
97762235331069700_7962358587,carousel,5/12/2025 17:00,503,11,#GalaxyS25Edge 
85705836801714815_0770163203,image,4/1/2025 12:00,94,7,#GalaxyS25Edge 
49750426222420924_7711458753,carousel,4/17/2025 6:00,151,3,#GalaxyS25Edge 
56408528472244368_1498283740,reel,5/30/2025 15:00,134,7,#GalaxyS25Edge 
91393294599702840_2178646014,reel,4/23/2025 17:00,249,11,#GalaxyS25Edge 
48607276271774215_5262537481,carousel,5/8/2025 9:00,264,7,#GalaxyS25Edge 
79076502437182559_5471543960,image,4/22/2025 16:00,242,8,#GalaxyS25Edge 
72543095584532180_0248116338,reel,5/28/2025 20:00,291,9,#GalaxyS25Edge 
39295419204804333_8631549123,carousel,5/18/2025 15:00,831,24,#GalaxyS25Edge 
99424839097373505_8684747029,image,4/2/2025 1:00,336,9,#GalaxyS25Edge 
17183465993186688_2653064683,carousel,3/21/2025 5:00,142,3,#GalaxyS25Edge 
11745837255258415_5649703269,carousel,4/22/2025 23:00,975,35,#GalaxyS25Edge 
96952690440237446_6659799167,carousel,5/10/2025 5:00,168,2,#GalaxyS25Edge 
30847739348644226_6603287865,reel,4/5/2025 20:00,430,10,#GalaxyS25Edge 
95851213981621788_2309743515,carousel,4/28/2025 20:00,109,2,#GalaxyS25Edge 
76196978037430783_8278511490,image,4/24/2025 19:00,558,21,#GalaxyS25Edge 
03298471668735462_7078126810,carousel,5/7/2025 17:00,111,4,#GalaxyS25Edge 
75246547586303769_7839196245,carousel,4/23/2025 13:00,210,2,#GalaxyS25Edge 
31393777473425793_7136147596,image,3/17/2025 22:00,255,13,#GalaxyS25Edge 
28922735402247155_8245276679,image,5/24/2025 19:00,134,2,#GalaxyS25Edge 
63202236792512584_0457442916,image,4/30/2025 3:00,168,5,#GalaxyS25Edge 
28080145173425159_5702951191,image,6/2/2025 1:00,541,15,#GalaxyS25Edge 
27621032472304283_8932727595,carousel,3/19/2025 4:00,253,7,#GalaxyS25Edge 
53937044937944243_4095785243,image,4/30/2025 14:00,0,2,#GalaxyS25Edge 
61946950812010399_4821586964,carousel,5/1/2025 2:00,293,5,#GalaxyS25Edge 
78593490985943737_6489534940,reel,4/26/2025 16:00,123,5,#GalaxyS25Edge 
46144838010077773_5374463607,reel,5/17/2025 8:00,136,3,#GalaxyS25Edge 
13396470362532427_7576676548,carousel,4/23/2025 20:00,220,6,#GalaxyS25Edge 
34370942844117488_9986518814,reel,4/9/2025 11:00,203,8,#GalaxyS25Edge 
86497718457258742_0549153841,carousel,5/6/2025 22:00,197,8,#GalaxyS25Edge 
66977486601347421_6511465095,reel,3/31/2025 10:00,174,4,#GalaxyS25Edge 
48067938919275377_8880685952,carousel,4/10/2025 18:00,150,6,#GalaxyS25Edge 
13927587870897428_6502080515,reel,5/15/2025 17:00,148,4,#GalaxyS25Edge 
59375490117917189_4846431851,reel,5/13/2025 9:00,604,15,#GalaxyS25Edge 
32912829908494633_5763079127,reel,5/13/2025 20:00,757,18,#GalaxyS25Edge 
27719986741325115_1904712194,reel,5/26/2025 7:00,370,10,#GalaxyS25Edge 
62580893841172699_2322448634,image,6/9/2025 11:00,364,4,#GalaxyS25Edge 
46790819020972211_8023698254,carousel,4/12/2025 19:00,220,6,#GalaxyS25Edge 
05580557066406506_3375557015,carousel,4/12/2025 3:00,435,19,#GalaxyS25Edge 
46138562316845911_4562915399,image,6/11/2025 8:00,2240,52,#GalaxyS25Edge 
19655213736936632_2328798681,image,4/8/2025 1:00,272,7,#GalaxyS25Edge 
41384180665719563_7500777856,carousel,5/26/2025 18:00,852,24,#GalaxyS25Edge 
61052927413640313_9831762134,carousel,5/15/2025 23:00,67,0,#GalaxyS25Edge 
84976575953180326_0327569133,reel,5/25/2025 17:00,1043,36,#GalaxyS25Edge 
81053975532669841_1542711726,reel,5/17/2025 3:00,289,8,#GalaxyS25Edge 
14502981311962580_6416818767,image,5/28/2025 21:00,255,3,#GalaxyS25Edge 
38817252127047860_2177987423,image,3/18/2025 13:00,930,19,#GalaxyS25Edge 
23725861090782401_1936409721,image,3/23/2025 20:00,366,8,#GalaxyS25Edge 
94493335175301606_7349934285,carousel,5/27/2025 10:00,164,5,#GalaxyS25Edge 
98637362802996219_2490248585,reel,5/29/2025 20:00,272,11,#GalaxyS25Edge 
01050760462400012_3039913338,carousel,5/23/2025 2:00,172,6,#GalaxyS25Edge 
61663796123859858_8451845279,reel,4/21/2025 11:00,1504,40,#GalaxyS25Edge 
99229275260985647_3942501833,carousel,5/29/2025 15:00,296,12,#GalaxyS25Edge 
30043556224415191_2040909435,carousel,4/20/2025 6:00,376,10,#GalaxyS25Edge 
51749407061883998_8719313393,image,5/10/2025 7:00,140,1,#GalaxyS25Edge 
97060915207879451_7804194510,reel,3/30/2025 19:00,348,14,#GalaxyS25Edge 
36431416910670290_6598604057,image,4/12/2025 11:00,0,5,#GalaxyS25Edge 
96465272047783163_7874841440,carousel,6/4/2025 13:00,126,3,#GalaxyS25Edge 
54591176014123664_1185613814,reel,4/4/2025 9:00,104,3,#GalaxyS25Edge 
19020436453895539_8528429205,image,3/20/2025 15:00,113,3,#GalaxyS25Edge 
70248632739366754_6026993732,image,3/16/2025 3:00,359,17,#GalaxyS25Edge 
29828812329314166_3264674815,reel,4/18/2025 21:00,0,3,#GalaxyS25Edge 
28386485329065836_2438972529,carousel,4/7/2025 6:00,317,6,#GalaxyS25Edge 
46355719135901910_6918992897,carousel,5/13/2025 22:00,96,2,#GalaxyS25Edge 
25484664974173060_5169219933,carousel,4/24/2025 2:00,152,2,#GalaxyS25Edge 
91131017701174836_2700026099,image,5/8/2025 4:00,162,1,#GalaxyS25Edge 
16541269007940382_1176447002,reel,3/17/2025 23:00,545,18,#GalaxyS25Edge 
05389042890503096_1628728799,image,5/16/2025 16:00,934,25,#GalaxyS25Edge 
89188228417911669_3720037901,reel,6/11/2025 23:00,391,13,#GalaxyS25Edge 
31399597360924957_9146404183,reel,4/27/2025 15:00,275,11,#GalaxyS25Edge 
06122044047701898_3103990001,reel,4/26/2025 5:00,132,1,#GalaxyS25Edge 
61851972086777082_3397529613,reel,6/5/2025 4:00,191,3,#GalaxyS25Edge 
73187054137784005_3436531297,carousel,4/22/2025 10:00,570,11,#GalaxyS25Edge 
87913513527255191_0667194930,carousel,3/16/2025 9:00,261,6,#GalaxyS25Edge 
97223033579090324_3894948804,image,6/8/2025 5:00,0,4,#GalaxyS25Edge 
03277296583449174_2608592389,image,4/26/2025 6:00,429,13,#GalaxyS25Edge 
95056025050652520_5356837266,carousel,5/27/2025 18:00,267,0,#GalaxyS25Edge 
87540064424051230_2514417971,reel,4/14/2025 15:00,67,1,#GalaxyS25Edge 
29792973761939354_8579934367,carousel,3/17/2025 22:00,216,9,#GalaxyS25Edge 
65185244179009427_3640653327,image,4/8/2025 23:00,25,0,#GalaxyS25Edge 
90828217450625236_2142619796,reel,5/24/2025 12:00,28,2,#GalaxyS25Edge 
45706943519767808_8441539041,carousel,5/31/2025,150,4,#GalaxyS25Edge 
92156604179766541_6973178027,image,6/12/2025 20:00,888,32,#GalaxyS25Edge 
12867126831813012_7276935329,image,5/28/2025 14:00,67,2,#GalaxyS25Edge 
39999178144535001_1302292424,carousel,3/29/2025 15:00,915,37,#GalaxyS25Edge 
27861219816223993_7050664255,carousel,5/5/2025 3:00,126,3,#GalaxyS25Edge 
53703306327669303_6631719186,image,4/18/2025 15:00,224,15,#GalaxyS25Edge 
63953450429680058_6085593785,carousel,6/1/2025 5:00,601,14,#GalaxyS25Edge 
06917878132376823_1886142546,carousel,4/12/2025 5:00,32,0,#GalaxyS25Edge 
72875852428763799_6251205199,reel,5/13/2025 2:00,163,5,#GalaxyS25Edge 
27368308300034478_9779293599,image,5/19/2025 19:00,1497,39,#GalaxyS25Edge 
03143627636243198_5755563559,image,3/30/2025 10:00,124,4,#GalaxyS25Edge 
22913705654266655_2569266589,reel,4/22/2025 18:00,284,6,#GalaxyS25Edge 
90159871114619394_0679520094,carousel,3/28/2025 1:00,205,4,#GalaxyS25Edge 
10311009567258899_4098913142,reel,6/12/2025 16:00,404,14,#GalaxyS25Edge 
56253588333693169_0442629841,carousel,3/30/2025 13:00,63,5,#GalaxyS25Edge 
16532374456862411_1281631513,reel,5/4/2025 5:00,270,13,#GalaxyS25Edge 
90851257984398527_2637102528,reel,5/29/2025 6:00,1972,55,#GalaxyS25Edge 
96647213820214744_1368172043,carousel,5/7/2025 17:00,1217,45,#GalaxyS25Edge 
44200893994937815_9520192539,image,3/18/2025 7:00,219,7,#GalaxyS25Edge 
48546768739639481_0345474407,reel,4/23/2025 18:00,68,1,#GalaxyS25Edge 
62573589035672667_9391022714,carousel,3/28/2025 18:00,105,3,#GalaxyS25Edge 
80232674925609172_0297032041,image,5/23/2025 16:00,247,6,#GalaxyS25Edge 
89675189310096455_7163893646,image,4/5/2025 5:00,140,3,#GalaxyS25Edge 
52660816103092852_0874354046,reel,6/9/2025 8:00,142,5,#GalaxyS25Edge 
40633226237667965_2025017943,image,3/19/2025 17:00,471,15,#GalaxyS25Edge 
94691658926375483_4655296811,carousel,5/20/2025 15:00,86,2,#GalaxyS25Edge 
92262018118724280_1723185305,image,4/18/2025 14:00,187,6,#GalaxyS25Edge 
82665744762324018_7567760533,image,5/2/2025 20:00,0,2,#GalaxyS25Edge 
46210801108660875_6267471851,image,5/23/2025 9:00,77,1,#GalaxyS25Edge 
78751153834252505_9341671037,carousel,5/5/2025 9:00,60,6,#GalaxyS25Edge 
26135951455427831_4551332577,image,5/28/2025 19:00,370,10,#GalaxyS25Edge 
53726897113896773_9448436887,carousel,5/29/2025 6:00,653,16,#GalaxyS25Edge 
85669881860099803_3901187959,carousel,4/10/2025 4:00,288,14,#GalaxyS25Edge 
24262435002134683_8319285419,reel,5/24/2025 6:00,150,2,#GalaxyS25Edge 
55353394521812270_9417590477,carousel,4/11/2025 17:00,217,4,#GalaxyS25Edge 
69789729550174837_3767679747,reel,6/3/2025 21:00,51,0,#GalaxyS25Edge 
85761221851400821_3166333930,image,4/2/2025 10:00,188,5,#GalaxyS25Edge 
94651067453837178_5786455190,carousel,5/4/2025 11:00,827,11,#GalaxyS25Edge 
02300191852400561_0157643722,image,4/22/2025 9:00,117,0,#GalaxyS25Edge 
85479729909235458_3713348388,carousel,4/29/2025 22:00,217,7,#GalaxyS25Edge 
57275344963870837_5599265010,reel,5/30/2025 7:00,177,5,#GalaxyS25Edge 
53757378930569194_8039707773,carousel,4/5/2025 8:00,705,25,#GalaxyS25Edge 
22055820668690203_0523801248,image,4/13/2025 21:00,649,25,#GalaxyS25Edge 
24886124973520981_0816732351,image,4/5/2025 19:00,386,12,#GalaxyS25Edge 
13947470031824377_6576548736,carousel,5/18/2025 10:00,183,2,#GalaxyS25Edge 
51331352180631169_4998933725,image,5/4/2025 4:00,86,6,#GalaxyS25Edge 
53986166352983010_2685245027,reel,4/1/2025 1:00,112,6,#GalaxyS25Edge 
10656616360448749_5323906513,image,5/16/2025 12:00,529,21,#GalaxyS25Edge 
01780618263745287_3264041071,image,4/23/2025,120,1,#GalaxyS25Edge 
30593517222326686_5715564822,carousel,5/7/2025 18:00,204,3,#GalaxyS25Edge 
82938965843730386_8803021033,image,5/17/2025 3:00,354,12,#GalaxyS25Edge 
36482920028491499_6652063119,carousel,5/9/2025 18:00,174,2,#GalaxyS25Edge 
50375571070227580_1009873307,carousel,3/19/2025 4:00,780,30,#GalaxyS25Edge 
46913922120360945_5225490559,image,4/18/2025,248,7,#GalaxyS25Edge 
19077532764932045_0309759863,carousel,4/7/2025,143,0,#GalaxyS25Edge 
21660251153922540_4420989398,reel,4/16/2025,184,9,#GalaxyS25Edge 
28004508344877049_9454763899,image,5/29/2025 18:00,252,4,#GalaxyS25Edge 
18713659623945708_7018923227,carousel,5/23/2025 1:00,562,16,#GalaxyS25Edge 
15675656701222747_4736636978,carousel,5/22/2025,750,19,#GalaxyS25Edge 
65071684567483331_6785545716,image,5/7/2025 6:00,126,3,#GalaxyS25Edge 
91742415804887776_4318920286,image,3/28/2025 23:00,201,8,#GalaxyS25Edge 
52456586282929717_7556146560,image,5/4/2025 6:00,182,2,#GalaxyS25Edge 
12894504467583397_4542125145,image,6/1/2025 17:00,1650,48,#GalaxyS25Edge 
35071619820632354_2709929086,reel,4/11/2025,87,2,#GalaxyS25Edge 
71361554793256407_7713693291,carousel,5/6/2025 16:00,148,7,#GalaxyS25Edge 
10009065858903456_9352285633,image,4/5/2025,435,18,#GalaxyS25Edge 
62225540263979242_7231270954,image,5/29/2025 4:00,532,13,#GalaxyS25Edge 
55060996074081911_8117140341,image,3/27/2025 16:00,49,1,#GalaxyS25Edge 
18274720144854998_4435334629,carousel,4/8/2025 7:00,87,2,#GalaxyS25Edge 
43704655521303187_0538443409,image,5/11/2025 2:00,873,25,#GalaxyS25Edge 
19715917357931114_7727874215,carousel,5/23/2025 20:00,306,12,#GalaxyS25Edge 
41209801923189541_6487894952,image,4/22/2025 23:00,375,12,#GalaxyS25Edge 
01368795203041744_3252782769,image,5/20/2025 17:00,210,4,#GalaxyS25Edge 
45726634028910839_7157937869,image,4/2/2025 4:00,169,5,#GalaxyS25Edge 
30479034717014974_8331376293,carousel,5/15/2025 4:00,126,5,#GalaxyS25Edge 
17746579775253355_8664242748,image,5/18/2025 7:00,38,0,#GalaxyS25Edge 
85241191179224962_2940819895,image,4/2/2025 11:00,100,1,#GalaxyS25Edge 
52705430198172637_9934203525,reel,3/16/2025,406,13,#GalaxyS25Edge 
00986289656793334_9243790736,reel,4/18/2025 8:00,1022,32,#GalaxyS25Edge 
25393614615761626_8765176200,image,3/23/2025 23:00,379,15,#GalaxyS25Edge 
43269393420536109_3612467153,carousel,6/6/2025 11:00,194,6,#GalaxyS25Edge 
38625328310431087_4918305312,carousel,5/18/2025 13:00,265,6,#GalaxyS25Edge 
45880139494418106_0829416669,carousel,4/27/2025 6:00,934,26,#GalaxyS25Edge 
58099276229599283_6434523089,carousel,6/2/2025 8:00,98,2,#GalaxyS25Edge 
02925643818115937_3305320018,carousel,4/19/2025,665,27,#GalaxyS25Edge 
29869095095260874_8847183325,image,5/19/2025 4:00,459,14,#GalaxyS25Edge 
66163554488240405_4852161845,carousel,4/9/2025 8:00,143,6,#GalaxyS25Edge 
75893711804109522_1870244870,image,4/12/2025 18:00,379,5,#GalaxyS25Edge 
44779173862615278_7051965029,carousel,3/31/2025 3:00,160,8,#GalaxyS25Edge 
90395043518485287_9657597317,image,6/10/2025 15:00,122,5,#GalaxyS25Edge 
00848220526372662_5389061656,carousel,3/28/2025 18:00,234,11,#GalaxyS25Edge 
86797831342492849_6226688500,image,3/23/2025 13:00,312,14,#GalaxyS25Edge 
64200057665438779_0374638294,image,5/11/2025 23:00,496,18,#GalaxyS25Edge 
58648764837531112_0868774098,image,3/29/2025 4:00,115,3,#GalaxyS25Edge 
10320785199151442_5348400262,carousel,6/3/2025 12:00,128,2,#GalaxyS25Edge 
11158102289969808_9946098162,image,6/9/2025 17:00,0,4,#GalaxyS25Edge 
47272275383166031_2776306292,reel,3/24/2025 1:00,253,9,#GalaxyS25Edge 
17482109606919041_3892036301,carousel,4/2/2025 9:00,441,12,#GalaxyS25Edge 
28856806084982097_9030880024,reel,5/9/2025 20:00,409,19,#GalaxyS25Edge 
57948301390337152_0207654381,image,3/24/2025 11:00,38,2,#GalaxyS25Edge 
56688435872838725_0668512971,reel,3/24/2025 3:00,193,10,#GalaxyS25Edge 
39974490135747648_2837605079,image,3/27/2025 4:00,385,13,#GalaxyS25Edge 
04548331590094272_4110372022,carousel,3/18/2025 5:00,218,4,#GalaxyS25Edge 
35236475681857992_5982977992,image,4/10/2025 12:00,414,12,#GalaxyS25Edge 
57577109478122783_0692723178,image,6/11/2025 7:00,35,0,#GalaxyS25Edge 
75830130352385561_2511406326,image,5/5/2025 7:00,23,0,#GalaxyS25Edge 
12611366058298953_5209913104,reel,4/5/2025 4:00,472,17,#GalaxyS25Edge 
34155425380746699_0397849451,carousel,3/16/2025 11:00,63,1,#GalaxyS25Edge 
73910438923341303_9878739621,reel,5/27/2025 21:00,230,5,#GalaxyS25Edge 
65438597443716163_4638505185,reel,4/19/2025 20:00,855,29,#GalaxyS25Edge 
63581536533965016_9820804408,carousel,5/6/2025 13:00,84,1,#GalaxyS25Edge 
55410439448428649_5758092048,carousel,5/10/2025 16:00,294,7,#GalaxyS25Edge 
03354584199687118_9278104591,image,6/2/2025 17:00,294,14,#GalaxyS25Edge 
11717689346308063_0351590189,carousel,4/15/2025 10:00,120,6,#GalaxyS25Edge 
26466292361120251_8193265174,image,4/29/2025 15:00,959,33,#GalaxyS25Edge 
94666974963940189_7241357841,image,5/27/2025 7:00,367,8,#GalaxyS25Edge 
56443832142344845_3971674747,carousel,4/15/2025 10:00,184,2,#GalaxyS25Edge 
05064188619192039_2228073713,carousel,4/15/2025 21:00,149,1,#GalaxyS25Edge 
26335866338190055_9536354868,reel,4/3/2025 23:00,135,3,#GalaxyS25Edge 
70924952750786042_1228250789,carousel,4/1/2025 14:00,243,6,#GalaxyS25Edge 
55964019392206727_7558422161,reel,4/16/2025 13:00,85,3,#GalaxyS25Edge 
43724154106980997_7864851205,image,6/7/2025 4:00,297,0,#GalaxyS25Edge 
23402246757513475_1189976560,image,5/22/2025 20:00,599,20,#GalaxyS25Edge 
91369803853860438_5214865975,carousel,5/15/2025 4:00,115,5,#GalaxyS25Edge 
60405358745539053_3494972631,reel,5/4/2025 17:00,112,1,#GalaxyS25Edge 
78538522722745690_1597372038,carousel,5/12/2025 21:00,256,8,#GalaxyS25Edge 
03490165908170460_0028855445,image,4/27/2025 17:00,28,0,#GalaxyS25Edge 
68868014911578873_0659710001,image,4/19/2025 12:00,79,0,#GalaxyS25Edge 
49199389921348161_1535020574,carousel,5/9/2025 16:00,201,4,#GalaxyS25Edge 
02385327971773481_0846998008,reel,3/20/2025 18:00,835,31,#GalaxyS25Edge 
75728835688876438_1293663558,carousel,4/15/2025 18:00,1002,25,#GalaxyS25Edge 
27047136090862796_8486802442,carousel,3/18/2025 12:00,93,3,#GalaxyS25Edge 
25647929104161724_6604455367,carousel,3/18/2025 20:00,34,2,#GalaxyS25Edge 
24689233155876950_6444670484,carousel,3/22/2025 11:00,358,8,#GalaxyS25Edge 
61830617460103472_7267313209,reel,3/31/2025,173,8,#GalaxyS25Edge 
80387670456553483_9494955438,image,5/10/2025 12:00,337,11,#GalaxyS25Edge 
09253041486193029_2656963327,carousel,5/7/2025 3:00,3715,117,#GalaxyS25Edge 
29134821116783838_1304323029,image,4/10/2025 5:00,339,9,#GalaxyS25Edge 
43028613401754529_2301722467,image,3/19/2025 21:00,202,5,#GalaxyS25Edge 
25684977092550833_0489407345,carousel,3/24/2025 23:00,192,6,#GalaxyS25Edge 
99787464352427087_8542553875,reel,5/13/2025 9:00,141,2,#GalaxyS25Edge 
47175166485967061_2153771083,carousel,4/12/2025 4:00,54,0,#GalaxyS25Edge 
42015081148666179_1921124416,image,4/6/2025 18:00,282,9,#GalaxyS25Edge 
78806376089554083_2312108284,image,5/26/2025 19:00,230,11,#GalaxyS25Edge 
18974146149890790_4057924177,image,4/16/2025 21:00,429,21,#GalaxyS25Edge 
83690740123566973_8775258783,reel,5/6/2025 15:00,188,3,#GalaxyS25Edge 
10835448993782494_0478307973,reel,4/13/2025 16:00,114,6,#GalaxyS25Edge 
01092725391911944_7938789197,reel,6/11/2025 2:00,592,12,#GalaxyS25Edge 
42944911731828652_9157542440,reel,4/30/2025 20:00,64,2,#GalaxyS25Edge 
39283237285076108_3492198152,image,3/16/2025 18:00,986,27,#GalaxyS25Edge 
75707173307635802_7198025328,image,4/29/2025 17:00,35,0,#GalaxyS25Edge 
74801319348680198_1962889041,reel,4/12/2025 2:00,686,20,#GalaxyS25Edge 
73823375158120645_4905049935,carousel,5/12/2025 1:00,269,7,#GalaxyS25Edge 
97742909674100650_0765308907,reel,4/24/2025 18:00,180,5,#GalaxyS25Edge 
99677556145192913_2200723877,carousel,5/14/2025 23:00,115,3,#GalaxyS25Edge 
15909030510091674_2909141447,reel,4/21/2025 6:00,167,7,#GalaxyS25Edge 
22147668715236827_2551379749,reel,5/3/2025 5:00,25,1,#GalaxyS25Edge 
09165956608293593_8783844903,carousel,5/8/2025 3:00,35,0,#GalaxyS25Edge 
48725518471531391_3967311272,carousel,6/11/2025,220,4,#GalaxyS25Edge 
24711252065283990_8594107589,reel,3/30/2025 7:00,153,0,#GalaxyS25Edge 
74665880788751842_9742289481,image,3/18/2025 10:00,45,2,#GalaxyS25Edge 
38006379668516608_7607077908,reel,6/10/2025 15:00,311,7,#GalaxyS25Edge 
86650952041978005_2676755096,reel,3/28/2025 10:00,232,5,#GalaxyS25Edge 
18960137995478116_3911655782,carousel,6/1/2025 16:00,282,9,#GalaxyS25Edge 
04697487518799558_9953086371,carousel,4/16/2025 10:00,80,3,#GalaxyS25Edge 
42732758782303129_2272303819,reel,3/17/2025 12:00,152,6,#GalaxyS25Edge 
97692275034665826_5413291044,image,6/5/2025,47,1,#GalaxyS25Edge 
24650101518082287_4954917910,carousel,5/10/2025 19:00,11,0,#GalaxyS25Edge 
47515230822219051_0025036722,carousel,5/4/2025 6:00,255,7,#GalaxyS25Edge 
11518053943767367_3241566468,image,4/22/2025 16:00,423,13,#GalaxyS25Edge 
27486137684225088_5918895361,carousel,6/7/2025 21:00,474,12,#GalaxyS25Edge 
17805306788284504_9684368213,image,4/16/2025 12:00,76,1,#GalaxyS25Edge 
23082246232845883_2976945791,image,3/15/2025 13:00,251,11,#GalaxyS25Edge 
97694133199782905_8959307139,image,5/3/2025 5:00,398,11,#GalaxyS25Edge 
88610524078575370_0512592622,carousel,6/11/2025 18:00,668,20,#GalaxyS25Edge 
47251173951599227_5995850424,reel,4/6/2025 3:00,477,15,#GalaxyS25Edge 
68003179879868222_4135072390,image,3/27/2025 16:00,253,5,#GalaxyS25Edge 
84739869775869614_9705423824,reel,3/30/2025 3:00,82,0,#GalaxyS25Edge 
40321224741926360_0514770908,image,6/5/2025 19:00,95,2,#GalaxyS25Edge 
36079258588068035_7437347984,reel,6/4/2025 14:00,439,9,#GalaxyS25Edge 
86392091969137073_6691055149,image,5/25/2025 6:00,852,27,#GalaxyS25Edge 
67654877386881354_8360263527,carousel,4/29/2025 7:00,265,9,#GalaxyS25Edge 
62301356790623907_4293545594,image,5/24/2025 15:00,225,3,#GalaxyS25Edge 
62105903860241032_2412260453,image,4/20/2025 11:00,303,14,#GalaxyS25Edge 
60242041777856745_1316668487,image,5/29/2025 22:00,24,0,#GalaxyS25Edge 
50289227259755329_2009120761,carousel,4/13/2025 3:00,221,6,#GalaxyS25Edge 
06392643193189468_0936600916,image,5/31/2025 9:00,207,7,#GalaxyS25Edge 
55934017862455334_9074569080,carousel,4/16/2025,406,9,#GalaxyS25Edge 
27152088780571556_3730956324,image,4/16/2025 11:00,764,27,#GalaxyS25Edge 
19664767263564122_2494136158,reel,4/14/2025 20:00,264,15,#GalaxyS25Edge 
60751870744752632_0837658502,carousel,6/1/2025 10:00,179,4,#GalaxyS25Edge 
16001121234598159_0573381807,reel,4/4/2025 6:00,316,10,#GalaxyS25Edge 
73851316657523126_4994001046,carousel,3/28/2025 9:00,205,7,#GalaxyS25Edge 
89767770605643875_0835849460,reel,3/24/2025 18:00,182,6,#GalaxyS25Edge 
47535755544002834_4690400621,image,6/11/2025 8:00,100,7,#GalaxyS25Edge 
47718403837021799_0897630056,reel,4/25/2025 23:00,57,2,#GalaxyS25Edge 
75014465667598030_1935247359,reel,6/12/2025 12:00,426,10,#GalaxyS25Edge 
69396661519064908_9338712101,carousel,4/2/2025 12:00,371,14,#GalaxyS25Edge 
02341168237202912_5328053844,reel,3/24/2025 4:00,53,3,#GalaxyS25Edge 
10401086704545628_7002006977,image,4/16/2025 12:00,161,2,#GalaxyS25Edge 
94856764007159901_4203574646,reel,3/16/2025 9:00,237,4,#GalaxyS25Edge 
60209654851869066_7804779284,carousel,3/19/2025 20:00,760,30,#GalaxyS25Edge 
25185754575731739_4189049507,carousel,4/5/2025,468,14,#GalaxyS25Edge 
10156906888627498_9224678151,reel,4/4/2025 9:00,220,3,#GalaxyS25Edge 
03803401917942573_2685249482,image,4/30/2025 14:00,205,6,#GalaxyS25Edge 
83470679711119259_1801384742,carousel,3/23/2025,45,1,#GalaxyS25Edge 
58405552619457472_1576911004,carousel,3/15/2025 10:00,71,0,#GalaxyS25Edge 
00419417683175599_3209125627,image,3/16/2025 23:00,294,10,#GalaxyS25Edge 
46394839002185720_8530253080,image,5/24/2025 10:00,395,8,#GalaxyS25Edge 
03098030792787514_0331398900,carousel,6/4/2025,109,5,#GalaxyS25Edge 
15144971881092139_9461907295,carousel,5/1/2025 9:00,363,12,#GalaxyS25Edge 
66882925725600490_8462712118,image,4/3/2025 1:00,147,2,#GalaxyS25Edge 
52087315950291668_2668750337,image,5/22/2025 8:00,187,5,#GalaxyS25Edge 
90745509095214348_1641404183,image,4/4/2025 6:00,215,6,#GalaxyS25Edge 
75077022630114146_0355162856,reel,6/10/2025 13:00,44,0,#GalaxyS25Edge 
76233762313354516_9237509453,image,5/13/2025 9:00,107,2,#GalaxyS25Edge 
54166587367483954_9033131819,image,6/2/2025 18:00,318,14,#GalaxyS25Edge 
92342926082881518_4586350435,image,4/3/2025 15:00,126,4,#GalaxyS25Edge 
98955125588211271_9144864927,image,5/19/2025 22:00,354,12,#GalaxyS25Edge 
80986231454407518_8633278551,image,5/14/2025 21:00,933,22,#GalaxyS25Edge 
86202022637406762_9058401343,carousel,3/20/2025 3:00,401,21,#GalaxyS25Edge 
30777298007794133_6090623224,carousel,4/20/2025 15:00,365,9,#GalaxyS25Edge 
50557053118737091_1310099583,carousel,5/19/2025 14:00,142,2,#GalaxyS25Edge 
07296812211140264_7081882704,image,5/13/2025 7:00,153,4,#GalaxyS25Edge 
17719124428181320_9753444982,image,6/4/2025 9:00,147,7,#GalaxyS25Edge 
69290624637007919_6172684172,image,4/28/2025 18:00,1042,0,#GalaxyS25Edge 
02126928045168670_3923247446,carousel,5/17/2025 3:00,261,8,#GalaxyS25Edge 
27656885504242871_0836015854,reel,3/30/2025 3:00,60,5,#GalaxyS25Edge 
03493834095541386_0031283393,carousel,4/7/2025,74,3,#GalaxyS25Edge 
35469252375469669_0248955948,carousel,5/21/2025 8:00,87,1,#GalaxyS25Edge 
33801993083223016_0899204259,carousel,5/4/2025 22:00,417,14,#GalaxyS25Edge 
47340844648355184_6729285616,image,5/30/2025 17:00,76,5,#GalaxyS25Edge 
69234357048630886_4186873037,carousel,5/13/2025 15:00,77,4,#GalaxyS25Edge 
65031766268334954_8982619014,carousel,4/14/2025 22:00,92,5,#GalaxyS25Edge 
70629129510768729_6246394438,image,4/4/2025 16:00,0,19,#GalaxyS25Edge 
55165649980610448_0548979643,image,5/19/2025 8:00,100,8,#GalaxyS25Edge 
77869030134508251_0481106236,image,6/12/2025 12:00,459,14,#GalaxyS25Edge 
06924874898964883_2904122823,reel,6/5/2025 14:00,158,4,#GalaxyS25Edge 
76588427323540463_9477524708,carousel,5/14/2025 11:00,333,5,#GalaxyS25Edge 
58405531551311207_3534473455,carousel,3/15/2025 2:00,137,4,#GalaxyS25Edge 
31464870383316658_8183093335,carousel,3/29/2025 14:00,210,7,#GalaxyS25Edge 
97704648594048796_3274371594,image,5/19/2025 14:00,238,7,#GalaxyS25Edge 
95343128613730203_9320961052,image,5/1/2025 9:00,229,8,#GalaxyS25Edge 
77476162514626355_2505887665,carousel,5/23/2025 21:00,107,1,#GalaxyS25Edge 
20339746065198340_7295450047,carousel,4/4/2025 7:00,106,5,#GalaxyS25Edge 
15780946341081071_6645518178,image,5/13/2025 7:00,188,3,#GalaxyS25Edge 
22767959305841671_7818754348,carousel,4/16/2025 8:00,574,0,#GalaxyS25Edge 
93905079295234403_9520527284,image,3/31/2025 2:00,119,4,#GalaxyS25Edge 
24585534259020304_7227734720,carousel,5/15/2025 10:00,149,6,#GalaxyS25Edge 
44675534572016812_1216151352,carousel,4/16/2025 3:00,206,5,#GalaxyS25Edge 
23781254464451516_8541674359,image,5/14/2025 9:00,107,5,#GalaxyS25Edge 
62517005751694088_4071966804,carousel,4/13/2025 12:00,183,8,#GalaxyS25Edge 
84059211903213510_0861852039,carousel,6/7/2025 7:00,104,2,#GalaxyS25Edge 
19753743037052060_3050710065,image,4/14/2025 19:00,1155,35,#GalaxyS25Edge 
44540299182188223_6928354836,carousel,3/26/2025 4:00,190,5,#GalaxyS25Edge 
90475583072649305_1914321172,reel,5/13/2025 6:00,427,12,#GalaxyS25Edge 
13013212184916336_2090816135,reel,3/18/2025 21:00,105,6,#GalaxyS25Edge 
41320775251250517_0525107832,reel,4/26/2025 22:00,105,4,#GalaxyS25Edge 
55641916612584334_2115652915,carousel,5/7/2025 23:00,0,5,#GalaxyS25Edge 
18687384894905125_7467674996,image,5/11/2025 8:00,202,8,#GalaxyS25Edge 
53972796213074035_2261250455,carousel,4/15/2025 5:00,941,21,#GalaxyS25Edge 
98110165772054756_7699217167,reel,4/10/2025 14:00,114,2,#GalaxyS25Edge 
70813938576572814_8962663443,image,4/25/2025 4:00,273,11,#GalaxyS25Edge 
95509388036428515_8474811823,carousel,6/7/2025 6:00,372,13,#GalaxyS25Edge 
72252634832042603_3247118584,carousel,3/23/2025 22:00,0,3,#GalaxyS25Edge 
30792781113555602_4386791574,carousel,5/31/2025 22:00,277,7,#GalaxyS25Edge 
08468169421051671_4026016792,reel,5/7/2025 21:00,162,6,#GalaxyS25Edge 
66380241584840038_7462414845,carousel,5/27/2025,267,8,#GalaxyS25Edge 
51785106054039316_7616396906,reel,5/21/2025 22:00,228,9,#GalaxyS25Edge 
50009247313632171_3773265863,reel,4/29/2025 10:00,133,3,#GalaxyS25Edge 
99438259589401589_6091487773,reel,4/21/2025 22:00,42,0,#GalaxyS25Edge 
16424770147357525_5576588504,image,5/26/2025 21:00,100,2,#GalaxyS25Edge 
46376562440786544_3581800902,image,3/29/2025 13:00,106,3,#GalaxyS25Edge 
38598127504261082_3031298382,reel,4/24/2025 16:00,671,19,#GalaxyS25Edge 
89120496552332578_4437331896,carousel,4/29/2025 4:00,195,9,#GalaxyS25Edge 
81605976135484668_1279606302,reel,6/12/2025 21:00,397,12,#GalaxyS25Edge 
14520462441879940_1059660473,carousel,5/14/2025 11:00,307,10,#GalaxyS25Edge 
10745282831283635_0464215762,carousel,6/9/2025 19:00,265,8,#GalaxyS25Edge 
67470852405903015_5688051282,reel,4/23/2025 9:00,616,14,#GalaxyS25Edge 
39018346199687507_5462578052,image,4/19/2025 9:00,582,19,#GalaxyS25Edge 
97275230620001633_3871894531,carousel,3/17/2025 19:00,36,0,#GalaxyS25Edge 
90316960964132816_0288115998,carousel,4/1/2025 23:00,38,0,#GalaxyS25Edge 
20866339746478885_9311743251,reel,3/23/2025 11:00,139,5,#GalaxyS25Edge 
91420020369631397_4435342051,image,5/25/2025 17:00,520,16,#GalaxyS25Edge 
27468107601092059_6669352472,image,3/18/2025 16:00,343,8,#GalaxyS25Edge 
75173407084063012_3450470277,carousel,3/24/2025 5:00,1569,52,#GalaxyS25Edge 
82823317758566789_2555430258,reel,5/10/2025 8:00,0,23,#GalaxyS25Edge 
14533299636241123_6209704157,carousel,5/24/2025 2:00,214,8,#GalaxyS25Edge 
83945224187064182_1981159730,reel,4/17/2025 7:00,174,3,#GalaxyS25Edge 
97945073482744269_1587143654,carousel,5/31/2025 7:00,486,13,#GalaxyS25Edge 
13342359752287459_8983646332,reel,5/6/2025 20:00,223,6,#GalaxyS25Edge 
93170660494004486_2458155825,reel,4/12/2025 11:00,148,7,#GalaxyS25Edge 
93221900371406303_9155338707,carousel,3/31/2025 13:00,62,5,#GalaxyS25Edge 
33027058266910024_3783144339,image,5/13/2025 9:00,42,2,#GalaxyS25Edge 
06916658788742632_6976914275,carousel,4/18/2025 18:00,340,10,#GalaxyS25Edge 
94192973187443815_6623197976,image,4/20/2025,156,4,#GalaxyS25Edge 
89574657770683694_0990984527,carousel,3/31/2025 5:00,307,11,#GalaxyS25Edge 
61316386308810886_8226102145,carousel,4/27/2025 12:00,318,6,#GalaxyS25Edge 
25239623603096871_6426157805,image,3/15/2025 10:00,424,13,#GalaxyS25Edge 
53536767329362995_5950264799,image,4/28/2025 14:00,405,9,#GalaxyS25Edge 
93800890693748176_5324772977,image,6/2/2025 22:00,341,16,#GalaxyS25Edge 
54631176535054254_7523179980,reel,4/23/2025 9:00,404,13,#GalaxyS25Edge 
26339348965764437_2639413727,image,3/28/2025 7:00,104,3,#GalaxyS25Edge 
84326295823782683_4536815289,image,6/8/2025 17:00,71,1,#GalaxyS25Edge 
54873183771344598_9231320111,image,3/29/2025 23:00,10,0,#GalaxyS25Edge 
94761122383033707_6891004596,image,6/6/2025 23:00,1005,33,#GalaxyS25Edge 
28804256372498372_8842253675,image,5/21/2025 3:00,193,8,#GalaxyS25Edge 
99780814592189359_7875338785,image,5/3/2025 13:00,232,0,#GalaxyS25Edge 
40720442828038269_9375030571,image,4/30/2025 8:00,487,17,#GalaxyS25Edge 
03646224635938188_5261164291,carousel,4/24/2025 17:00,0,2,#GalaxyS25Edge 
30723368168965295_5120681618,carousel,3/18/2025 17:00,91,4,#GalaxyS25Edge 
06206249791612556_0610139581,carousel,4/30/2025 6:00,368,6,#GalaxyS25Edge 
45819764134280774_6653534931,image,4/6/2025 17:00,229,7,#GalaxyS25Edge 
54282647716164329_2151678310,reel,3/17/2025 9:00,1293,36,#GalaxyS25Edge 
22421322553598669_5233277810,carousel,4/4/2025 22:00,95,7,#GalaxyS25Edge 
61222729381162268_6834137413,image,3/20/2025 1:00,240,7,#GalaxyS25Edge 
40543258680558520_2659007317,image,6/9/2025 20:00,36,3,#GalaxyS25Edge 
68348087141625349_9893971336,image,3/26/2025 15:00,54,2,#GalaxyS25Edge 
32935854334083190_7058396616,reel,4/22/2025 5:00,154,5,#GalaxyS25Edge 
19561244531502860_5230913137,image,4/1/2025 19:00,382,8,#GalaxyS25Edge 
28280561222293102_3869185873,image,3/25/2025 22:00,170,4,#GalaxyS25Edge 
50344678772813403_1254015415,image,5/7/2025 2:00,190,6,#GalaxyS25Edge 
60436489569745532_3072187689,image,5/24/2025 14:00,104,5,#GalaxyS25Edge 
58553841424625911_5490795001,reel,4/8/2025 16:00,154,8,#GalaxyS25Edge 
29491341209401708_4186071610,carousel,4/10/2025 7:00,25,0,#GalaxyS25Edge 
41421202949315315_1621881035,carousel,5/21/2025 15:00,110,5,#GalaxyS25Edge 
75856230014979978_6868350484,image,4/11/2025 4:00,573,18,#GalaxyS25Edge 
24463505003622247_2901986687,carousel,3/29/2025 7:00,416,13,#GalaxyS25Edge 
11503091482881098_3483822606,image,3/24/2025 19:00,55,2,#GalaxyS25Edge 
47619828233480730_1068816252,reel,5/5/2025 17:00,353,8,#GalaxyS25Edge 
44713153086085022_7112212470,carousel,6/4/2025 22:00,375,5,#GalaxyS25Edge 
27647265150633796_0222265036,reel,4/29/2025 7:00,264,7,#GalaxyS25Edge 
79321865494227892_0350319524,carousel,5/26/2025 10:00,1104,31,#GalaxyS25Edge 
63866596912408503_3115539223,reel,4/27/2025 21:00,330,8,#GalaxyS25Edge 
68979059122728221_5232850842,carousel,3/21/2025 5:00,51,1,#GalaxyS25Edge 
64251462194415832_3930153505,image,4/29/2025 2:00,403,10,#GalaxyS25Edge 
67293666898104342_7313809033,reel,5/9/2025 2:00,1771,63,#GalaxyS25Edge 
92241754769592380_0584968384,carousel,4/7/2025 9:00,101,0,#GalaxyS25Edge 
25550253853736141_7564233555,image,4/24/2025 9:00,189,8,#GalaxyS25Edge 
07519001440847614_0825673562,image,5/28/2025 22:00,225,8,#GalaxyS25Edge 
56997574347769995_5530904398,carousel,4/14/2025 11:00,562,12,#GalaxyS25Edge 
85761848113669500_0672179545,reel,3/28/2025 10:00,239,11,#GalaxyS25Edge 
27895314364419935_3664427028,reel,5/3/2025 20:00,24,0,#GalaxyS25Edge 
93059095060311638_0946862459,reel,4/16/2025,285,12,#GalaxyS25Edge 
83236738958908014_1077341317,image,5/29/2025 10:00,135,0,#GalaxyS25Edge 
47522102850043111_0433124094,carousel,4/12/2025 13:00,37,0,#GalaxyS25Edge 
74947903095005027_7880340231,reel,3/29/2025 1:00,114,4,#GalaxyS25Edge 
97838273831388679_5919683846,reel,4/3/2025 5:00,93,3,#GalaxyS25Edge 
41463331311809600_4515391439,image,3/19/2025,107,2,#GalaxyS25Edge 
05418325965696806_9949693521,carousel,5/28/2025 9:00,370,20,#GalaxyS25Edge 
91434255747415852_5904982936,image,4/16/2025,951,29,#GalaxyS25Edge 
70248212480926843_9084282897,image,5/26/2025 21:00,86,5,#GalaxyS25Edge 
78938628315295385_1935934231,image,5/18/2025 14:00,72,4,#GalaxyS25Edge 
32875521776807181_8705222877,reel,3/18/2025 1:00,284,7,#GalaxyS25Edge 
33080073329607538_3272004105,reel,6/4/2025,638,14,#GalaxyS25Edge 
34532732732106440_2195720710,image,6/7/2025 21:00,38,1,#GalaxyS25Edge 
57100644137230317_6430991106,reel,3/15/2025 7:00,492,16,#GalaxyS25Edge 
99413202031773700_0667151358,image,6/12/2025 5:00,204,4,#GalaxyS25Edge 
57487451166677856_0513360785,image,6/10/2025 23:00,296,4,#GalaxyS25Edge 
96026760423716522_7697005202,image,6/4/2025 22:00,89,4,#GalaxyS25Edge 
84653875047827319_4985269593,carousel,5/15/2025 19:00,303,9,#GalaxyS25Edge 
32094256222603636_6651220892,image,6/4/2025 2:00,257,7,#GalaxyS25Edge 
43148277697373815_7885395379,image,5/13/2025 12:00,145,3,#GalaxyS25Edge 
93717256865425257_9569734694,reel,4/22/2025 16:00,13,1,#GalaxyS25Edge 
95043878911711207_9092808166,image,5/15/2025 21:00,137,3,#GalaxyS25Edge 
91843748586400849_4002271931,carousel,4/23/2025 8:00,336,9,#GalaxyS25Edge 
84598459125029010_5351057301,image,3/29/2025 13:00,129,4,#GalaxyS25Edge 
78475173337900444_7460071124,image,6/10/2025 17:00,0,0,#GalaxyS25Edge 
95606887143464804_1898275512,carousel,6/3/2025 2:00,354,13,#GalaxyS25Edge 
90829130564276816_7997481923,carousel,5/29/2025 16:00,264,9,#GalaxyS25Edge 
81346045696314167_2210001931,image,6/10/2025 11:00,677,34,#GalaxyS25Edge 
14319201533657070_9325147049,reel,6/12/2025 18:00,378,12,#GalaxyS25Edge 
94015587207182588_5420945871,carousel,4/7/2025 16:00,444,15,#GalaxyS25Edge 
54157645919186073_1787325083,carousel,4/25/2025,260,10,#GalaxyS25Edge 
73893161981755746_6513804406,reel,3/19/2025 13:00,142,6,#GalaxyS25Edge 
76861653562634549_1058073961,reel,3/31/2025 10:00,496,18,#GalaxyS25Edge 
92837644456010061_6790020641,reel,6/1/2025 17:00,324,6,#GalaxyS25Edge 
08933210126932766_6104673919,image,5/2/2025 21:00,0,1,#GalaxyS25Edge 
20606761991754299_8492060279,image,5/11/2025 4:00,53,0,#GalaxyS25Edge 
84979089203737339_9519475438,image,5/6/2025 16:00,202,6,#GalaxyS25Edge 
43545070432714243_8198845956,carousel,3/18/2025 11:00,221,5,#GalaxyS25Edge 
07780010226902797_3963393776,carousel,5/13/2025 16:00,170,6,#GalaxyS25Edge 
81152497070426648_2026033777,carousel,5/25/2025 12:00,364,8,#GalaxyS25Edge 
46244925299436702_4295203642,reel,3/26/2025 9:00,195,4,#GalaxyS25Edge 
04746722874203937_9805375917,reel,5/13/2025,80,3,#GalaxyS25Edge 
66227258816775508_1942505735,reel,5/5/2025 14:00,369,15,#GalaxyS25Edge 
17122924822375783_4933633501,reel,5/14/2025 23:00,297,8,#GalaxyS25Edge 
86863661045266952_6857227375,carousel,4/10/2025 16:00,394,5,#GalaxyS25Edge 
77510979445879439_2868197697,carousel,5/11/2025 8:00,311,9,#GalaxyS25Edge 
89048137648219360_9115292101,carousel,3/28/2025 11:00,377,9,#GalaxyS25Edge 
91273506128454117_6724999868,reel,6/7/2025 12:00,1257,52,#GalaxyS25Edge 
95254393322730016_1328883287,carousel,5/26/2025 19:00,244,8,#GalaxyS25Edge 
49739745576296582_1725504246,image,4/15/2025,201,6,#GalaxyS25Edge 
07807101289277118_9779961834,image,4/12/2025 15:00,78,5,#GalaxyS25Edge 
40144644611847085_8433265296,reel,5/2/2025 5:00,252,3,#GalaxyS25Edge 
02061312019782803_9462144628,carousel,4/20/2025 21:00,0,23,#GalaxyS25Edge 
22420836795410278_9785215797,carousel,5/4/2025 2:00,453,12,#GalaxyS25Edge 
52455591659404449_7070427390,reel,5/15/2025 2:00,174,3,#GalaxyS25Edge 
46248407568592259_1463510513,reel,4/14/2025 5:00,157,6,#GalaxyS25Edge 
55372877044909948_0769421553,image,4/17/2025 12:00,301,10,#GalaxyS25Edge 
08658151504067998_7996734836,carousel,4/14/2025 9:00,162,3,#GalaxyS25Edge 
17031493801451636_2961995427,carousel,4/16/2025 16:00,36,0,#GalaxyS25Edge 
21881165934902183_5711502209,image,5/21/2025 17:00,498,17,#GalaxyS25Edge 
31173914907362583_8004220283,carousel,5/29/2025 14:00,265,6,#GalaxyS25Edge 
21583544694551068_4382463396,carousel,5/3/2025 16:00,73,2,#GalaxyS25Edge 
23459415157839694_5782750397,carousel,4/2/2025 19:00,317,14,#GalaxyS25Edge 
02842822012055461_0153932338,image,4/17/2025 20:00,501,17,#GalaxyS25Edge 
29834435574577669_2395334874,image,3/15/2025 3:00,70,1,#GalaxyS25Edge 
52748727056388772_5888627560,carousel,5/21/2025 18:00,231,5,#GalaxyS25Edge 
11653417102095545_6604981022,image,6/1/2025 20:00,178,6,#GalaxyS25Edge 
66300797820780836_0071837261,carousel,5/19/2025 22:00,313,8,#GalaxyS25Edge 
72402206820803133_4898629371,image,5/16/2025 22:00,536,9,#GalaxyS25Edge 
57930134355472695_5768157471,reel,3/21/2025 3:00,217,6,#GalaxyS25Edge 
83096708521178251_8257766391,carousel,4/16/2025 4:00,100,4,#GalaxyS25Edge 
93278045948555396_4871812361,image,3/19/2025 17:00,182,7,#GalaxyS25Edge 
79447355636274668_3807412262,reel,4/13/2025 10:00,56,3,#GalaxyS25Edge 
46280416842473199_4449379147,reel,6/11/2025 12:00,354,12,#GalaxyS25Edge 
12633350409136771_8698439763,carousel,5/20/2025 1:00,112,1,#GalaxyS25Edge 
46373000184664265_8817458715,image,6/4/2025 18:00,530,13,#GalaxyS25Edge 
66269835585031920_4663662681,image,4/20/2025 13:00,0,2,#GalaxyS25Edge 
64902896946053190_4866224503,carousel,3/19/2025 9:00,310,3,#GalaxyS25Edge 
43240965348721569_1129297171,image,4/23/2025 12:00,535,20,#GalaxyS25Edge 
17330220819809158_2179354149,carousel,5/22/2025 8:00,599,21,#GalaxyS25Edge 
54062077729066109_3287828475,image,6/5/2025 1:00,656,12,#GalaxyS25Edge 
46240585897908002_8125075703,reel,4/8/2025 12:00,443,0,#GalaxyS25Edge 
37449460739369683_7181899385,carousel,4/11/2025 9:00,162,5,#GalaxyS25Edge 
60817032965559996_1681691563,reel,4/5/2025 6:00,428,15,#GalaxyS25Edge 
34799142019060789_1584158527,image,5/11/2025 19:00,348,12,#GalaxyS25Edge 
85405581953284399_1672796012,image,4/1/2025 21:00,0,4,#GalaxyS25Edge 
98487918866644114_2981925555,reel,4/28/2025 4:00,104,1,#GalaxyS25Edge 
32398401579148403_0075878898,carousel,5/10/2025 13:00,323,13,#GalaxyS25Edge 
98350281788719386_3273673977,carousel,6/5/2025 16:00,342,5,#GalaxyS25Edge 
30851487971843638_1247818248,image,3/29/2025 13:00,1284,32,#GalaxyS25Edge 
97517896000207209_6713172237,image,3/22/2025 7:00,432,15,#GalaxyS25Edge 
84945184191217890_5677940129,carousel,4/6/2025 20:00,145,2,#GalaxyS25Edge 
82598652876176714_2370903092,carousel,4/18/2025 11:00,452,13,#GalaxyS25Edge 
30130433834358079_3413038515,reel,3/27/2025 7:00,481,15,#GalaxyS25Edge 
31470837129635275_8122249007,carousel,3/23/2025 9:00,0,1,#GalaxyS25Edge 
66144824004072707_7901603003,image,3/15/2025,144,9,#GalaxyS25Edge 
31862759194816696_0861096047,carousel,3/15/2025 7:00,257,4,#GalaxyS25Edge 
73677466139471382_3031553816,reel,4/5/2025 3:00,426,11,#GalaxyS25Edge 
01437327853200477_9868420548,image,3/24/2025 14:00,37,1,#GalaxyS25Edge 
72938694296921112_2942070934,carousel,6/2/2025 18:00,378,12,#GalaxyS25Edge 
93821097898064471_6412432947,carousel,6/4/2025 21:00,149,3,#GalaxyS25Edge 
71543749658318732_4538834681,image,4/8/2025 20:00,147,2,#GalaxyS25Edge 
65063422586432122_2595567224,reel,5/13/2025 19:00,159,6,#GalaxyS25Edge 
60077473391084521_3522327805,image,5/20/2025 13:00,104,3,#GalaxyS25Edge 
94941607186281814_4728455803,carousel,6/4/2025 3:00,402,13,#GalaxyS25Edge 
11323329635318409_8511076292,carousel,4/29/2025 19:00,107,4,#GalaxyS25Edge 
94800859863946679_5358139088,image,5/30/2025,563,13,#GalaxyS25Edge 
43945313284158045_4540144501,reel,5/27/2025 20:00,548,18,#GalaxyS25Edge 
69032537800920623_5255144314,image,5/24/2025 10:00,459,22,#GalaxyS25Edge 
10172920256911404_4468976194,reel,5/13/2025 15:00,140,6,#GalaxyS25Edge 
48418419009095863_1737268027,image,4/29/2025 9:00,1772,54,#GalaxyS25Edge 
12008277048825642_6812062909,image,5/1/2025 11:00,156,5,#GalaxyS25Edge 
55570097251062492_6396523591,image,4/2/2025 8:00,302,7,#GalaxyS25Edge 
11117138258878918_7787171910,carousel,5/25/2025 5:00,101,3,#GalaxyS25Edge 
04973394645010554_6676275545,carousel,5/31/2025 21:00,645,18,#GalaxyS25Edge 
11918828926227951_4054144129,carousel,5/2/2025 21:00,428,11,#GalaxyS25Edge 
39995871356906735_2808225467,carousel,3/31/2025 23:00,167,2,#GalaxyS25Edge 
09322411438501844_4483121970,image,4/27/2025 20:00,65,1,#GalaxyS25Edge 
32893294885611106_5183965475,image,5/24/2025 21:00,230,9,#GalaxyS25Edge 
69105476629392250_5617147357,carousel,5/29/2025 5:00,526,17,#GalaxyS25Edge 
42131950065794042_2050896418,image,3/27/2025 23:00,127,6,#GalaxyS25Edge 
00629213729588823_9465205191,reel,5/14/2025 3:00,157,3,#GalaxyS25Edge 
20245214829117320_3610163942,reel,3/21/2025 2:00,466,16,#GalaxyS25Edge 
77978770895274264_9146935627,carousel,4/14/2025 8:00,359,16,#GalaxyS25Edge 
02849234985689555_6902569967,image,3/27/2025 14:00,86,1,#GalaxyS25Edge 
23417993883108825_8622235605,image,4/25/2025 16:00,97,2,#GalaxyS25Edge 
80821770464227045_7174332110,image,5/25/2025 16:00,558,16,#GalaxyS25Edge 
86217149387500381_4951645919,image,6/2/2025 5:00,153,0,#GalaxyS25Edge 
29816686704650988_2028426593,carousel,5/9/2025 9:00,312,10,#GalaxyS25Edge 
87083104785331310_1866573983,image,4/11/2025,62,2,#GalaxyS25Edge 
68012591682752107_5626143839,image,5/20/2025 12:00,383,10,#GalaxyS25Edge 
93912977865341400_6122313496,carousel,3/29/2025 15:00,58,1,#GalaxyS25Edge 
54512652559540951_8039219577,reel,5/24/2025 1:00,343,6,#GalaxyS25Edge 
98152115778131883_3400457147,image,3/29/2025 19:00,57,2,#GalaxyS25Edge 
73843507537884879_6101528521,image,6/11/2025 4:00,167,5,#GalaxyS25Edge 
15302774282575443_9572402383,reel,5/25/2025 17:00,618,14,#GalaxyS25Edge 
10931854278388653_6004428634,reel,4/2/2025 18:00,160,6,#GalaxyS25Edge 
49880024450522927_8985051596,carousel,5/29/2025 8:00,138,2,#GalaxyS25Edge 
42023728009018562_0369409943,carousel,5/26/2025 22:00,100,4,#GalaxyS25Edge 
26097424238622988_4293332335,carousel,6/9/2025 13:00,1040,33,#GalaxyS25Edge 
75578034605694879_6571668618,image,6/4/2025 23:00,0,4,#GalaxyS25Edge 
98150288183236433_9801767579,reel,6/9/2025 1:00,74,1,#GalaxyS25Edge 
57859556319383688_2352639200,carousel,4/24/2025,63,0,#GalaxyS25Edge 
93922213656972510_6249878277,image,4/23/2025 21:00,77,3,#GalaxyS25Edge 
26555680400597076_8621893485,image,4/23/2025,872,29,#GalaxyS25Edge 
62873669424427744_0099552286,reel,4/6/2025 15:00,98,2,#GalaxyS25Edge 
21554906632135383_5636435022,image,3/28/2025 13:00,263,9,#GalaxyS25Edge 
93536462041344258_5943513915,carousel,5/14/2025,456,13,#GalaxyS25Edge 
98991147322843833_0145953055,carousel,4/5/2025,319,8,#GalaxyS25Edge 
46306108721024293_5185554984,reel,5/6/2025 8:00,178,4,#GalaxyS25Edge 
64728838852800766_1676372292,image,6/5/2025 2:00,261,5,#GalaxyS25Edge 
99687223065826412_2345000385,carousel,5/16/2025 18:00,234,7,#GalaxyS25Edge 
84554798719099934_7337416252,image,5/17/2025 19:00,147,3,#GalaxyS25Edge 
90315807876936566_1981850692,image,4/14/2025 21:00,92,1,#GalaxyS25Edge 
79463276887931711_3850027213,carousel,3/25/2025 13:00,146,3,#GalaxyS25Edge 
22322933273689847_6888194447,reel,5/24/2025 19:00,314,15,#GalaxyS25Edge 
91211193206852215_7056201985,image,5/10/2025 7:00,135,4,#GalaxyS25Edge 
86786267278445533_0296137094,image,6/2/2025 3:00,1186,43,#GalaxyS25Edge 
19228869848008049_7203394431,reel,5/23/2025 21:00,406,11,#GalaxyS25Edge 
38355557723477542_9217335691,image,5/7/2025 3:00,244,0,#GalaxyS25Edge 
40760248631213024_7353727720,image,6/3/2025 4:00,889,27,#GalaxyS25Edge 
59665641661964884_0908062961,image,5/21/2025 6:00,117,3,#GalaxyS25Edge 
46212813996576700_0507065188,reel,5/26/2025 5:00,848,23,#GalaxyS25Edge 
96329013257844598_9668162772,reel,4/19/2025 11:00,347,12,#GalaxyS25Edge 
87594464124104977_7579798812,image,6/7/2025 1:00,104,4,#GalaxyS25Edge 
92264117839131060_4018549514,image,5/11/2025 15:00,146,3,#GalaxyS25Edge 
51610650491488660_0956549992,image,4/25/2025 5:00,117,6,#GalaxyS25Edge 
59462182891539226_7040508399,carousel,4/10/2025 9:00,393,7,#GalaxyS25Edge 
67373628906839268_9193863651,image,4/14/2025 4:00,84,4,#GalaxyS25Edge 
82048340825416925_3894856400,reel,3/30/2025 22:00,113,3,#GalaxyS25Edge 
49401443680768770_5506887113,image,5/15/2025 8:00,1034,31,#GalaxyS25Edge 
09541340351044641_3792521691,carousel,5/25/2025 12:00,120,5,#GalaxyS25Edge 
88949291181870371_0505449609,image,6/8/2025 5:00,153,0,#GalaxyS25Edge 
14665901244224044_8229751114,image,5/3/2025 2:00,294,9,#GalaxyS25Edge 
16323380266033704_0844448884,image,4/18/2025 14:00,22,1,#GalaxyS25Edge 
24721790870600656_0609936465,carousel,6/7/2025 3:00,458,10,#GalaxyS25Edge 
62567095429306633_0739217277,carousel,3/15/2025 1:00,215,5,#GalaxyS25Edge 
05857778890478440_9943403735,image,6/6/2025 6:00,114,1,#GalaxyS25Edge 
77515532004991231_8368314825,carousel,5/10/2025 6:00,362,0,#GalaxyS25Edge 
94639788077262330_5233231517,image,5/5/2025 6:00,80,0,#GalaxyS25Edge 
07628784350000924_3005609327,carousel,4/14/2025 9:00,172,8,#GalaxyS25Edge 
72846057740911011_3875131861,image,4/18/2025 21:00,150,4,#GalaxyS25Edge 
00642838270898890_2060665708,reel,3/19/2025 2:00,132,5,#GalaxyS25Edge 
11602315947140662_3234195900,carousel,4/9/2025 8:00,168,3,#GalaxyS25Edge 
23838294653564354_5532112269,image,3/17/2025 8:00,290,9,#GalaxyS25Edge 
63104541886083993_1012777774,carousel,4/14/2025 8:00,354,12,#GalaxyS25Edge 
27404359150280178_4718552140,image,5/14/2025 16:00,505,21,#GalaxyS25Edge 
00910754585379416_0432683605,carousel,6/2/2025 14:00,130,11,#GalaxyS25Edge 
18683982229208873_4016827886,reel,4/2/2025 23:00,325,9,#GalaxyS25Edge 
06072512711754744_0337000887,image,4/13/2025 11:00,591,10,#GalaxyS25Edge 
68448620226451192_4604845921,carousel,5/19/2025 9:00,506,12,#GalaxyS25Edge 
25018688784638034_9022146805,image,5/1/2025 16:00,153,10,#GalaxyS25Edge 
33932654120050417_2768340649,carousel,6/12/2025 8:00,414,11,#GalaxyS25Edge 
73978316024604131_4033408863,carousel,5/9/2025 11:00,423,12,#GalaxyS25Edge 
64623558602720983_2402105823,image,4/22/2025 7:00,102,4,#GalaxyS25Edge 
32199332555159732_2801152160,reel,5/24/2025 13:00,498,15,#GalaxyS25Edge 
89712562172535724_0953706380,carousel,5/8/2025 12:00,155,5,#GalaxyS25Edge 
32764703962029769_7971864702,image,5/2/2025 17:00,627,24,#GalaxyS25Edge 
61406557318413261_1465177613,reel,4/1/2025 13:00,109,8,#GalaxyS25Edge 
01079841621294973_4092927415,image,3/25/2025,316,16,#GalaxyS25Edge 
31047180080390086_1466187583,reel,4/30/2025 15:00,65,1,#GalaxyS25Edge 
63085609844425031_6991120847,image,5/7/2025 1:00,275,10,#GalaxyS25Edge 
84090315245138219_1216789201,image,4/8/2025 14:00,156,4,#GalaxyS25Edge 
31539997650114848_9853813473,reel,4/26/2025 6:00,120,3,#GalaxyS25Edge 
15495934576261739_1488838400,image,3/28/2025 7:00,382,8,#GalaxyS25Edge 
51680352591526194_2842349164,carousel,5/12/2025 6:00,526,13,#GalaxyS25Edge 
23937529910202575_7422111665,image,4/19/2025 22:00,40,0,#GalaxyS25Edge 
37939343383912166_8407554421,carousel,5/16/2025 8:00,308,6,#GalaxyS25Edge 
48655855205266038_5928896054,reel,3/27/2025 17:00,608,14,#GalaxyS25Edge 
26484156638157478_4742555524,carousel,5/31/2025 3:00,557,15,#GalaxyS25Edge 
35284658157496648_3002516034,image,5/28/2025 13:00,153,7,#GalaxyS25Edge 
16049509744417121_9050107997,image,6/10/2025 14:00,183,3,#GalaxyS25Edge 
01400112963933873_4200688962,image,4/9/2025 16:00,181,5,#GalaxyS25Edge 
56808615413319051_3383888836,image,4/28/2025 5:00,844,23,#GalaxyS25Edge 
75768890705097589_7963730592,image,6/4/2025 20:00,155,0,#GalaxyS25Edge 
72977291674968662_0940849744,image,5/16/2025 13:00,198,8,#GalaxyS25Edge 
90021259544429476_2130626673,reel,4/8/2025 2:00,179,7,#GalaxyS25Edge 
04343890594926317_7857972690,carousel,5/27/2025 3:00,148,5,#GalaxyS25Edge 
55442382208997038_7708481753,carousel,3/26/2025 19:00,61,2,#GalaxyS25Edge 
74922194269755901_1232587414,reel,5/13/2025 19:00,2619,69,#GalaxyS25Edge 
08298106027793357_1701412596,image,5/2/2025 3:00,89,1,#GalaxyS25Edge 
09571797490785200_6761788705,image,4/27/2025 23:00,123,3,#GalaxyS25Edge 
98931867178760645_5010080222,image,5/5/2025 16:00,133,6,#GalaxyS25Edge 
79567111669496258_0798693602,carousel,3/29/2025 23:00,224,13,#GalaxyS25Edge 
00250251513301503_7061533747,image,5/25/2025 14:00,234,6,#GalaxyS25Edge 
59617792564055950_0032452349,carousel,6/2/2025 21:00,37,0,#GalaxyS25Edge 
30658820797386326_1599494963,image,4/14/2025 14:00,93,1,#GalaxyS25Edge 
78181299966886515_1234600954,carousel,3/22/2025 16:00,795,20,#GalaxyS25Edge 
00541063426579016_0216900130,reel,4/4/2025 20:00,412,17,#GalaxyS25Edge 
31787043284931802_0995791556,reel,4/1/2025,209,0,#GalaxyS25Edge 
90733864314236336_0011255591,carousel,5/23/2025 16:00,382,12,#GalaxyS25Edge 
56707228057213376_9389045257,image,5/26/2025 12:00,194,8,#GalaxyS25Edge 
95904638092676693_9270297693,image,4/15/2025 7:00,43,1,#GalaxyS25Edge 
33144140202230931_5722662130,carousel,3/25/2025 8:00,402,7,#GalaxyS25Edge 
50417810619287148_9173341157,carousel,6/8/2025 16:00,278,7,#GalaxyS25Edge 
00357454793588802_4416702994,image,5/11/2025 19:00,198,6,#GalaxyS25Edge 
93934713122578692_0471264581,image,3/18/2025 15:00,253,9,#GalaxyS25Edge 
84229786000932427_5881691131,reel,6/2/2025 20:00,278,8,#GalaxyS25Edge 
77881218407758368_4714428614,carousel,6/1/2025 4:00,242,10,#GalaxyS25Edge 
00961890157403031_5977180991,carousel,4/25/2025 11:00,47,2,#GalaxyS25Edge 
77271192775734953_5922404442,carousel,4/30/2025 19:00,710,31,#GalaxyS25Edge 
83649349669141475_9597351620,reel,3/18/2025 7:00,889,19,#GalaxyS25Edge 
73855266996629817_5812342057,carousel,3/16/2025 12:00,143,4,#GalaxyS25Edge 
15093058074779794_6187449242,carousel,4/25/2025 22:00,62,5,#GalaxyS25Edge 
09300207669471106_7022202773,reel,5/8/2025 19:00,125,3,#GalaxyS25Edge 
79638119025087011_3310800393,image,4/11/2025 18:00,335,14,#GalaxyS25Edge 
04615254081960468_9426048019,reel,5/7/2025 23:00,196,9,#GalaxyS25Edge 
66812396145545142_7901157090,carousel,5/9/2025 1:00,18,1,#GalaxyS25Edge 
29425876649614667_3668625501,carousel,3/16/2025 17:00,0,9,#GalaxyS25Edge 
20673704550799523_8055655884,carousel,5/31/2025 15:00,260,8,#GalaxyS25Edge 
03270591396422278_9754650090,image,4/30/2025 20:00,277,8,#GalaxyS25Edge 
33772598859830655_2195240696,image,6/4/2025 13:00,200,7,#GalaxyS25Edge 
03096590396512388_0118716942,carousel,6/9/2025 19:00,277,9,#GalaxyS25Edge 
93756370263537801_3654632854,image,4/27/2025 3:00,155,11,#GalaxyS25Edge 
30789447858225784_1025675459,reel,3/19/2025 20:00,162,6,#GalaxyS25Edge 
73009516428663999_2650294575,carousel,6/5/2025 7:00,130,4,#GalaxyS25Edge 
75001834622139356_9847138431,reel,5/8/2025,1683,46,#GalaxyS25Edge 
79765298494765741_0663320009,reel,5/13/2025 17:00,110,5,#GalaxyS25Edge 
90520990830159502_2034669936,reel,4/10/2025 1:00,121,0,#GalaxyS25Edge 
50398529447034804_6179476513,image,3/22/2025 7:00,522,12,#GalaxyS25Edge 
22455406536567854_3786705035,carousel,4/18/2025 8:00,188,6,#GalaxyS25Edge 
16369895917514630_8999424403,image,6/4/2025 19:00,90,4,#GalaxyS25Edge 
24975706162765521_4269336745,image,3/21/2025 7:00,131,7,#GalaxyS25Edge 
90522687413394675_7666369968,image,4/28/2025 1:00,134,3,#GalaxyS25Edge 
71486498896586600_4413002339,image,3/26/2025 7:00,417,12,#GalaxyS25Edge 
19368636482687079_2920983365,image,6/6/2025 3:00,425,9,#GalaxyS25Edge 
59878852841110876_0851615879,image,5/26/2025 9:00,488,15,#GalaxyS25Edge 
52310488107340997_3365411010,image,5/25/2025 12:00,535,16,#GalaxyS25Edge 
03647693080244118_8687433015,reel,6/4/2025 6:00,301,7,#GalaxyS25Edge 
74331264024469317_6152858886,image,3/31/2025 3:00,144,5,#GalaxyS25Edge 
69030492335252106_3783618128,carousel,6/12/2025 13:00,83,2,#GalaxyS25Edge 
31130478683455373_5903935639,reel,5/31/2025 2:00,589,19,#GalaxyS25Edge 
20074700689138089_8231081176,reel,6/2/2025 12:00,0,9,#GalaxyS25Edge 
37555192289847306_3857444085,carousel,4/2/2025 9:00,214,8,#GalaxyS25Edge 
30006500661757575_4346936095,image,5/12/2025 3:00,310,12,#GalaxyS25Edge 
86328860408236242_1200587864,carousel,4/6/2025 5:00,622,18,#GalaxyS25Edge 
62940499366235642_3524042742,image,4/1/2025 23:00,112,1,#GalaxyS25Edge 
92180924400918273_2343539645,carousel,5/21/2025 2:00,603,30,#GalaxyS25Edge 
93644905487727094_5115977126,image,3/31/2025 15:00,27,0,#GalaxyS25Edge 
69212601828526983_4524422423,image,4/10/2025 13:00,95,3,#GalaxyS25Edge 
47221492264620892_9832125178,carousel,5/7/2025 17:00,169,5,#GalaxyS25Edge 
99515111180759301_3676980977,reel,5/13/2025 17:00,201,9,#GalaxyS25Edge 
32244185863253477_9514677675,image,6/12/2025 18:00,54,1,#GalaxyS25Edge 
35096003493784761_0430116841,carousel,3/26/2025 8:00,245,9,#GalaxyS25Edge 
54491271332548236_0927851915,carousel,4/2/2025,250,0,#GalaxyS25Edge 
04556298747215707_5519588672,reel,4/16/2025 7:00,380,16,#GalaxyS25Edge 
48315916008951431_5903523166,image,3/30/2025 9:00,854,32,#GalaxyS25Edge 
56969799506489645_9061717215,carousel,6/2/2025 4:00,1185,48,#GalaxyS25Edge 
10051228396735299_9039841015,carousel,5/24/2025 21:00,245,8,#GalaxyS25Edge 
98284129179054984_0703128974,image,4/2/2025 1:00,78,1,#GalaxyS25Edge 
79236001539812067_1738799456,carousel,3/15/2025 3:00,215,12,#GalaxyS25Edge 
74359162151682987_3748088647,image,3/29/2025 10:00,0,6,#GalaxyS25Edge 
68096465069745230_4277104984,carousel,4/3/2025 4:00,70,2,#GalaxyS25Edge 
91002588184753633_4957343987,reel,6/10/2025 5:00,265,8,#GalaxyS25Edge 
76382799485984011_5547323217,carousel,4/22/2025 18:00,532,13,#GalaxyS25Edge 
97482246944975141_6595076235,image,4/12/2025 1:00,471,12,#GalaxyS25Edge 
44412228026579036_4951092450,reel,4/25/2025 12:00,1119,38,#GalaxyS25Edge 
23189914025642880_8699202142,reel,4/23/2025 9:00,602,10,#GalaxyS25Edge 
14011371266547512_8965252315,carousel,5/21/2025 21:00,179,9,#GalaxyS25Edge 
68175912662377458_1772845309,image,5/5/2025 15:00,125,6,#GalaxyS25Edge 
03335465432964965_6407365940,carousel,5/14/2025 1:00,186,3,#GalaxyS25Edge 
73062409864327965_0342430034,image,4/20/2025 21:00,251,12,#GalaxyS25Edge 
56254955655440402_7892699040,carousel,4/10/2025 15:00,310,13,#GalaxyS25Edge 
16599923755733407_3714784023,carousel,5/31/2025 20:00,95,4,#GalaxyS25Edge 
74381361754107468_2680443955,image,4/6/2025 3:00,349,7,#GalaxyS25Edge 
49054116862506589_4539400968,image,6/9/2025 8:00,628,13,#GalaxyS25Edge 
62942358698485691_0504589952,carousel,3/17/2025 12:00,186,6,#GalaxyS25Edge 
14849859714411658_9810311418,carousel,5/29/2025 7:00,292,0,#GalaxyS25Edge 
31524093010773961_7212413467,carousel,4/24/2025 3:00,177,10,#GalaxyS25Edge 
61222130866216454_7468026080,image,6/9/2025 13:00,66,0,#GalaxyS25Edge 
60501596487960559_9092075868,reel,5/10/2025 15:00,587,17,#GalaxyS25Edge 
48874661138632865_2622524836,image,4/7/2025 15:00,96,5,#GalaxyS25Edge 
44276187215265031_1660921546,image,5/8/2025 3:00,393,12,#GalaxyS25Edge 
32962079464106368_2904864882,reel,5/11/2025 16:00,144,5,#GalaxyS25Edge 
51444204299780455_5448310558,image,4/19/2025 16:00,673,28,#GalaxyS25Edge 
56311014722224670_4235388465,image,4/11/2025 22:00,1153,42,#GalaxyS25Edge 
24897266489446319_3537243450,image,4/2/2025 5:00,140,10,#GalaxyS25Edge 
10911399559777429_3911360430,reel,4/28/2025 23:00,202,6,#GalaxyS25Edge 
57550465764906921_3501597833,carousel,5/15/2025 21:00,114,5,#GalaxyS25Edge 
71636085799667180_5687022482,carousel,6/11/2025 21:00,227,3,#GalaxyS25Edge 
75989620929037936_1431526275,image,4/3/2025 13:00,347,9,#GalaxyS25Edge 
18843074597753439_7296926377,carousel,4/17/2025 19:00,308,12,#GalaxyS25Edge 
67922043040203168_4847186926,image,5/9/2025 7:00,532,12,#GalaxyS25Edge 
86713448083572320_6879757757,carousel,6/3/2025 19:00,65,1,#GalaxyS25Edge 
70904584552422566_7472554363,reel,3/28/2025 7:00,250,1,#GalaxyS25Edge 
02234486005131229_5339738443,image,4/19/2025 22:00,168,9,#GalaxyS25Edge 
68000770183101352_8257566893,carousel,5/15/2025 19:00,251,7,#GalaxyS25Edge 
99792366166583854_6769522249,image,3/28/2025 20:00,117,2,#GalaxyS25Edge 
33940794122470751_5965969924,image,4/20/2025 2:00,321,8,#GalaxyS25Edge 
19186698253254665_9891797611,carousel,4/26/2025 13:00,408,16,#GalaxyS25Edge 
83116564458815882_0579306458,carousel,5/6/2025 22:00,267,11,#GalaxyS25Edge 
98826408372242326_4858077917,carousel,5/4/2025 17:00,50,3,#GalaxyS25Edge 
03460394573243465_4125694198,carousel,6/9/2025 5:00,59,4,#GalaxyS25Edge 
29736489311658193_2764448731,reel,5/31/2025 19:00,521,9,#GalaxyS25Edge 
56124528759625215_1305219936,image,4/5/2025 12:00,37,4,#GalaxyS25Edge 
34873359520089423_6270653021,carousel,5/18/2025 12:00,0,5,#GalaxyS25Edge 
30149364464397496_3889793842,image,5/29/2025 2:00,204,7,#GalaxyS25Edge 
15112513474091146_3118387227,reel,4/24/2025 22:00,70,0,#GalaxyS25Edge 
49399935390071787_2951746669,image,3/25/2025 7:00,745,20,#GalaxyS25Edge 
50991820734620160_7638023622,image,6/6/2025 9:00,211,4,#GalaxyS25Edge 
99768132569066025_3522300611,carousel,6/7/2025 17:00,0,6,#GalaxyS25Edge 
97422755979688863_3392012121,image,5/12/2025 4:00,591,19,#GalaxyS25Edge 
56402855919444652_2339934900,image,5/16/2025 16:00,239,5,#GalaxyS25Edge 
29641656003840207_4186564991,reel,4/28/2025 2:00,187,10,#GalaxyS25Edge 
27298904615478887_7001554396,reel,6/6/2025 12:00,448,10,#GalaxyS25Edge 
34975743426146942_3425035475,reel,6/2/2025 3:00,224,12,#GalaxyS25Edge 
19661648496844749_7608181153,image,4/28/2025 7:00,257,11,#GalaxyS25Edge 
10879456091048323_3855960493,reel,4/20/2025,49,1,#GalaxyS25Edge 
73358468359429907_3854057406,image,5/16/2025 3:00,197,7,#GalaxyS25Edge 
73645758866519356_5848088720,image,4/17/2025 20:00,55,2,#GalaxyS25Edge 
85068858694548482_7223566713,reel,5/23/2025 20:00,49,2,#GalaxyS25Edge 
58301232355969570_8320629223,image,3/19/2025 14:00,61,3,#GalaxyS25Edge 
20263969118635487_7738112655,reel,4/21/2025 8:00,75,0,#GalaxyS25Edge 
52958648924990736_8429042136,carousel,3/19/2025 12:00,85,0,#GalaxyS25Edge 
62533051604352083_2055530187,image,5/25/2025 22:00,115,4,#GalaxyS25Edge 
61448170688636584_6739091369,image,3/22/2025 8:00,90,2,#GalaxyS25Edge 
62511593214178308_5525900088,carousel,5/8/2025 14:00,184,5,#GalaxyS25Edge 
56117946707656795_2919945132,reel,3/22/2025 17:00,183,5,#GalaxyS25Edge 
46088331101348587_0671471266,carousel,6/12/2025 13:00,183,6,#GalaxyS25Edge 
02942368844058600_9805582019,image,5/30/2025 22:00,131,1,#GalaxyS25Edge 
54303818326378831_7269120476,carousel,4/10/2025 11:00,131,6,#GalaxyS25Edge 
92322904245511046_7460460899,image,5/10/2025 5:00,149,6,#GalaxyS25Edge 
64524876698317614_7126932703,carousel,4/17/2025 3:00,327,12,#GalaxyS25Edge 
92709916128420922_8454070232,reel,4/22/2025 14:00,386,8,#GalaxyS25Edge 
07856034931008652_7336273845,image,5/28/2025 23:00,206,6,#GalaxyS25Edge 
76210337630779009_7138367047,carousel,5/26/2025 15:00,354,7,#GalaxyS25Edge 
60456097052445741_0015602596,image,4/19/2025 18:00,60,3,#GalaxyS25Edge 
78198720300423492_8727370136,carousel,4/23/2025 5:00,1375,44,#GalaxyS25Edge 
13469368378697839_3205672952,carousel,5/10/2025 20:00,105,3,#GalaxyS25Edge 
32371947868725853_7519313959,carousel,6/11/2025 10:00,275,10,#GalaxyS25Edge 
81271838643883873_0933159058,image,5/13/2025 4:00,116,5,#GalaxyS25Edge 
48318560208480834_3461952211,carousel,5/27/2025 3:00,285,8,#GalaxyS25Edge 
39834602957191899_8411835954,reel,5/4/2025 3:00,172,5,#GalaxyS25Edge 
20904613012401042_5091023145,reel,4/10/2025 11:00,586,27,#GalaxyS25Edge 
06534675927701400_8320744234,carousel,5/9/2025,98,6,#GalaxyS25Edge 
00643835508276393_7779661183,reel,5/31/2025 13:00,118,5,#GalaxyS25Edge 
52848143691169274_8883457110,reel,4/9/2025 13:00,274,8,#GalaxyS25Edge 
28200809861303948_2835831693,reel,5/23/2025 12:00,151,6,#GalaxyS25Edge 
28212823348568565_9204388059,image,5/4/2025 3:00,435,0,#GalaxyS25Edge 
58781112777303759_9651213682,carousel,5/13/2025 20:00,90,4,#GalaxyS25Edge 
75980993988397871_8990246420,image,3/27/2025 23:00,562,14,#GalaxyS25Edge 
36008252676292503_5999623989,image,4/30/2025 4:00,57,0,#GalaxyS25Edge 
80159988879009059_4648416395,reel,6/6/2025 19:00,166,7,#GalaxyS25Edge 
86896312255778287_8548394156,carousel,5/27/2025 4:00,566,26,#GalaxyS25Edge 
66594943939492296_2221979230,carousel,4/14/2025 10:00,396,11,#GalaxyS25Edge 
31865374166639515_7313479110,image,5/28/2025 15:00,479,0,#GalaxyS25Edge 
76464624660629116_6469735790,carousel,5/5/2025 11:00,132,2,#GalaxyS25Edge 
76909046677724334_3216722807,reel,3/25/2025 17:00,125,5,#GalaxyS25Edge 
05848620628116835_7883835376,reel,4/13/2025 9:00,192,3,#GalaxyS25Edge 
94913078547254650_6543587245,carousel,6/12/2025 2:00,56,2,#GalaxyS25Edge 
01232411800344510_6887391800,reel,5/14/2025 1:00,294,10,#GalaxyS25Edge 
19663180159404529_7551600415,image,4/10/2025 10:00,452,13,#GalaxyS25Edge 
98617371441194064_4559341148,carousel,5/15/2025 2:00,170,0,#GalaxyS25Edge 
07957398500081790_0821016826,carousel,3/28/2025 11:00,1857,42,#GalaxyS25Edge 
65573647584757588_9013675933,carousel,3/25/2025 19:00,87,6,#GalaxyS25Edge 
90420127103705289_5765256452,reel,4/24/2025 19:00,274,12,#GalaxyS25Edge 
18800890437861580_5537989440,carousel,5/4/2025 6:00,96,4,#GalaxyS25Edge 
82043457846894597_2389361428,carousel,4/11/2025 11:00,616,17,#GalaxyS25Edge 
03358078018475057_3155562454,image,4/22/2025 23:00,807,21,#GalaxyS25Edge 
95702537790156120_2571533099,reel,3/30/2025 1:00,211,5,#GalaxyS25Edge 
06594580827060622_0467887519,carousel,3/17/2025 8:00,225,3,#GalaxyS25Edge 
55773897168531485_0063442571,carousel,3/15/2025 15:00,194,0,#GalaxyS25Edge 
95401958201517988_3891850556,carousel,5/12/2025 9:00,185,4,#GalaxyS25Edge 
29099299551536118_9110856132,image,4/26/2025 5:00,239,10,#GalaxyS25Edge 
15508297979271497_2273712162,image,4/8/2025 13:00,527,20,#GalaxyS25Edge 
21794989721093450_4747567989,reel,5/11/2025 18:00,601,20,#GalaxyS25Edge 
92687136468690991_9613034151,reel,5/1/2025 22:00,289,7,#GalaxyS25Edge 
90538731467803423_3498420631,image,4/13/2025 1:00,202,4,#GalaxyS25Edge 
88994345335680397_3611566997,reel,3/17/2025 11:00,151,3,#GalaxyS25Edge 
78052133048147776_0313997315,image,6/7/2025,566,14,#GalaxyS25Edge 
68956691364157987_0250415068,reel,4/27/2025 21:00,226,8,#GalaxyS25Edge 
58139624717149561_3589920767,carousel,3/19/2025 14:00,122,2,#GalaxyS25Edge 
11489064228594142_7368387557,carousel,4/21/2025,292,11,#GalaxyS25Edge 
04143633550293585_3191133172,carousel,5/26/2025 18:00,777,24,#GalaxyS25Edge 
77886567739232778_6758716989,carousel,3/23/2025 15:00,244,10,#GalaxyS25Edge 
14469384861918662_8882468116,image,5/8/2025 13:00,144,2,#GalaxyS25Edge 
27885849866313975_0686185656,image,5/31/2025 8:00,90,2,#GalaxyS25Edge 
13822397766150636_1919890157,image,5/1/2025 17:00,53,0,#GalaxyS25Edge 
68664541806752377_2306128207,carousel,3/18/2025,254,14,#GalaxyS25Edge 
34827991762000485_7174053751,reel,6/2/2025 9:00,262,13,#GalaxyS25Edge 
74443229770975614_6671834599,image,4/28/2025 1:00,108,3,#GalaxyS25Edge 
84891153468121947_9542949266,carousel,4/1/2025 13:00,173,3,#GalaxyS25Edge 
29665032880544692_5453528698,carousel,3/28/2025 7:00,57,0,#GalaxyS25Edge 
10104668696321099_6463616996,image,5/31/2025 9:00,44,0,#GalaxyS25Edge 
40374908710156476_2724672358,image,3/30/2025 14:00,124,7,#GalaxyS25Edge 
22296373916094083_1122792907,reel,5/14/2025 14:00,26,0,#GalaxyS25Edge 
03485951686029192_5254390232,image,5/27/2025 16:00,140,3,#GalaxyS25Edge 
42066262217041751_1106776307,reel,6/9/2025 1:00,149,2,#GalaxyS25Edge 
02365473297686296_9505278753,carousel,4/19/2025 21:00,304,10,#GalaxyS25Edge 
84466310860575310_9591332507,image,6/11/2025 8:00,407,13,#GalaxyS25Edge 
60785154380153812_8540948157,reel,5/28/2025,207,4,#GalaxyS25Edge 
84003436967318036_0803397508,carousel,3/27/2025 20:00,400,10,#GalaxyS25Edge 
97460831238760347_5496951452,carousel,6/8/2025 23:00,38,1,#GalaxyS25Edge 
80711701528586865_7359156143,carousel,5/10/2025 16:00,47,2,#GalaxyS25Edge 
38983935524955422_7199156976,image,4/22/2025 21:00,163,8,#GalaxyS25Edge 
40975814963911388_5543539671,reel,4/27/2025 15:00,408,19,#GalaxyS25Edge 
07696094823953678_2210757401,reel,5/6/2025 20:00,197,12,#GalaxyS25Edge 
86090016701851877_2182147526,reel,6/4/2025 14:00,212,5,#GalaxyS25Edge 
25006583144648703_5395808536,reel,4/21/2025 14:00,300,6,#GalaxyS25Edge 
62519909396368866_6753125516,reel,5/8/2025 17:00,396,14,#GalaxyS25Edge 
48987278958636911_2082414991,carousel,4/5/2025 22:00,306,0,#GalaxyS25Edge 
80388905627258151_5800714184,carousel,4/12/2025 18:00,111,3,#GalaxyS25Edge 
40711407358073576_7175857363,reel,6/5/2025 22:00,522,33,#GalaxyS25Edge 
18435399437200706_2161328026,carousel,4/15/2025 10:00,198,5,#GalaxyS25Edge 
36368633218108258_2138429637,reel,6/5/2025 11:00,776,26,#GalaxyS25Edge 
90849646186507720_9582148334,carousel,4/20/2025 2:00,310,6,#GalaxyS25Edge 
63675205207334989_7790846310,carousel,5/19/2025 9:00,1110,39,#GalaxyS25Edge 
81258005099246525_6801054485,reel,3/20/2025 22:00,1387,51,#GalaxyS25Edge 
16637409455021798_3560878956,carousel,3/21/2025 9:00,331,9,#GalaxyS25Edge 
51549011449567514_5940072809,carousel,5/10/2025 3:00,44,2,#GalaxyS25Edge 
24385921816971070_5380226325,carousel,6/5/2025 21:00,250,5,#GalaxyS25Edge 
81654755680421817_3237010492,carousel,5/18/2025 19:00,297,10,#GalaxyS25Edge 
43302280951953357_5363751738,image,4/26/2025 1:00,506,11,#GalaxyS25Edge 
33698064318417066_9832291974,reel,4/8/2025,153,0,#GalaxyS25Edge 
71133852302748196_3722467368,reel,3/15/2025 18:00,38,0,#GalaxyS25Edge 
36690065647112134_0726181145,image,3/28/2025 20:00,423,11,#GalaxyS25Edge 
67317066544426348_1213233083,reel,5/9/2025 21:00,758,19,#GalaxyS25Edge 
47912976132941167_4013724811,image,5/19/2025 12:00,98,0,#GalaxyS25Edge 
51984354522252102_7891119704,carousel,3/23/2025 20:00,833,31,#GalaxyS25Edge 
33963409603012315_4275769170,image,4/11/2025 23:00,316,10,#GalaxyS25Edge 
70555352333904601_9753155160,image,4/24/2025 16:00,174,4,#GalaxyS25Edge 
69593893680251959_6279970589,carousel,6/1/2025 21:00,521,16,#GalaxyS25Edge 
94918833513499192_3435314678,image,5/9/2025 19:00,81,2,#GalaxyS25Edge 
26786460319320257_4008087406,carousel,5/25/2025 4:00,238,4,#GalaxyS25Edge 
88134632319243936_3119169511,carousel,5/19/2025 10:00,183,6,#GalaxyS25Edge 
75496575019266236_7757236702,image,4/27/2025 18:00,735,21,#GalaxyS25Edge 
43710661623113474_3994121731,reel,5/12/2025 14:00,164,4,#GalaxyS25Edge 
03069409618463541_7287563926,image,3/21/2025 23:00,321,9,#GalaxyS25Edge 
39097757410027399_2722303477,carousel,3/29/2025 9:00,50,1,#GalaxyS25Edge 
27781952895124691_5210218885,image,5/21/2025 5:00,136,3,#GalaxyS25Edge 
22295098515026182_2556626308,image,5/4/2025 17:00,397,10,#GalaxyS25Edge 
47338319639234060_5632260694,carousel,5/22/2025 13:00,56,3,#GalaxyS25Edge 
48686924362144363_8655859299,image,5/3/2025 11:00,267,6,#GalaxyS25Edge 
89085143603587519_9780556836,image,4/18/2025 10:00,258,0,#GalaxyS25Edge 
63237944338052471_3849055552,carousel,4/17/2025 14:00,239,9,#GalaxyS25Edge 
14107950038738540_4315788811,image,5/8/2025 11:00,95,0,#GalaxyS25Edge 
38746109902802345_1082181610,carousel,3/29/2025 8:00,649,13,#GalaxyS25Edge 
91307745161145747_0352220111,reel,5/13/2025 10:00,652,22,#GalaxyS25Edge 
88853334293037008_7719769775,carousel,6/6/2025 1:00,165,5,#GalaxyS25Edge 
99572918803480729_9477722824,image,5/30/2025 10:00,131,10,#GalaxyS25Edge 
53359397962139890_1951501017,reel,3/27/2025 4:00,59,3,#GalaxyS25Edge 
98435207748826945_1058191832,carousel,5/19/2025 15:00,154,6,#GalaxyS25Edge 
34155814312253152_2197332773,carousel,4/6/2025 22:00,16,1,#GalaxyS25Edge 
38184473207008370_3135475001,image,3/28/2025 18:00,54,0,#GalaxyS25Edge 
50853328451775463_9711536981,reel,4/7/2025 9:00,384,8,#GalaxyS25Edge 
95186996196868884_5038546704,reel,4/17/2025 9:00,263,5,#GalaxyS25Edge 
44751232513828928_9828519785,carousel,4/29/2025 10:00,216,6,#GalaxyS25Edge 
04398158937009130_5826506519,image,5/20/2025 6:00,94,5,#GalaxyS25Edge 
66200802957693146_9560248051,image,5/23/2025,122,1,#GalaxyS25Edge 
39028433600837202_0628527091,image,4/28/2025 6:00,357,16,#GalaxyS25Edge 
65746947703349713_8144101424,image,4/7/2025 1:00,585,10,#GalaxyS25Edge 
64087294860064180_1409175191,reel,5/30/2025 4:00,53,2,#GalaxyS25Edge 
65962931466918673_3191277442,carousel,5/5/2025 3:00,305,9,#GalaxyS25Edge 
55502792029353827_7411106634,carousel,3/16/2025 2:00,401,8,#GalaxyS25Edge 
14197353773018689_5706971714,image,5/1/2025 1:00,0,14,#GalaxyS25Edge 
18126573523617148_4542168261,image,5/31/2025 16:00,512,20,#GalaxyS25Edge 
81286037402613992_7540302855,reel,5/5/2025 9:00,280,10,#GalaxyS25Edge 
03722376498673689_9946523511,carousel,5/6/2025 7:00,76,1,#GalaxyS25Edge 
72665183158897941_8570426933,reel,3/19/2025 14:00,327,11,#GalaxyS25Edge 
78678529347917323_4844427689,carousel,5/24/2025 6:00,172,8,#GalaxyS25Edge 
36834929676525566_1163327162,carousel,4/14/2025 16:00,959,34,#GalaxyS25Edge 
07102230574921855_4462595936,image,4/19/2025 2:00,145,8,#GalaxyS25Edge 
15839186248209270_0768455052,image,4/30/2025 3:00,549,15,#GalaxyS25Edge 
29528386040950137_1653463784,image,5/8/2025 14:00,806,0,#GalaxyS25Edge 
77634870092557870_8259585178,reel,3/18/2025 17:00,456,8,#GalaxyS25Edge 
88315030682638371_5470561419,image,3/21/2025 11:00,403,20,#GalaxyS25Edge 
56896398326990066_9384958756,image,6/7/2025 3:00,103,0,#GalaxyS25Edge 
78514220836876008_6882986832,image,6/3/2025 7:00,85,0,#GalaxyS25Edge 
61626094423979647_5475176150,image,3/23/2025 12:00,119,6,#GalaxyS25Edge 
96654908464853414_0261354300,carousel,5/13/2025 7:00,199,7,#GalaxyS25Edge 
98316120726556162_1358959149,reel,5/30/2025 5:00,468,14,#GalaxyS25Edge 
03922541856179060_0429650517,reel,4/8/2025 4:00,114,3,#GalaxyS25Edge 
22719174802803898_5483976363,reel,5/8/2025 14:00,94,3,#GalaxyS25Edge 
85519027096871477_0590231758,reel,3/29/2025 11:00,88,4,#GalaxyS25Edge 
21026729282205555_8660307670,carousel,5/2/2025 2:00,162,9,#GalaxyS25Edge 
41426936345559713_8853872877,carousel,5/13/2025 10:00,471,15,#GalaxyS25Edge 
72386273146149799_9463538408,carousel,4/29/2025 11:00,575,21,#GalaxyS25Edge 
25596973530545481_6652348472,image,5/21/2025 20:00,27,1,#GalaxyS25Edge 
05375683098237546_6175166232,image,4/11/2025 3:00,219,4,#GalaxyS25Edge 
73818838031594756_2130331298,carousel,4/5/2025 17:00,279,12,#GalaxyS25Edge 
58956056246895228_0940573490,carousel,5/22/2025 16:00,125,4,#GalaxyS25Edge 
20608712426272135_3440806568,image,3/31/2025 8:00,650,29,#GalaxyS25Edge 
52760610717049713_0729939360,reel,5/3/2025 17:00,61,0,#GalaxyS25Edge 
00007270739717652_6362330990,carousel,3/22/2025 4:00,175,5,#GalaxyS25Edge 
36351321870321246_3509205497,carousel,4/1/2025 20:00,152,3,#GalaxyS25Edge 
73775889697431767_6521426203,image,6/9/2025 9:00,742,18,#GalaxyS25Edge 
68285551367499533_7030393090,carousel,4/10/2025 19:00,492,14,#GalaxyS25Edge 
30743884901242461_7650766827,reel,3/18/2025 2:00,2307,27,#GalaxyS25Edge 
44474286942507162_0145949911,image,6/5/2025 12:00,168,3,#GalaxyS25Edge 
23546429136303556_1125145941,reel,4/9/2025 16:00,209,7,#GalaxyS25Edge 
56467172443144386_1155124609,image,3/27/2025 19:00,103,2,#GalaxyS25Edge 
76532082965902357_8184918187,carousel,4/21/2025 23:00,438,20,#GalaxyS25Edge 
07333726310100635_4720243575,image,4/21/2025 9:00,1349,39,#GalaxyS25Edge 
15873468869728694_9988944523,image,5/19/2025 20:00,122,3,#GalaxyS25Edge 
97021123956639869_7690504648,carousel,5/1/2025 4:00,81,7,#GalaxyS25Edge 
44323968075482685_5425352424,reel,3/20/2025 3:00,96,0,#GalaxyS25Edge 
20662042316125155_6415439560,reel,5/15/2025 18:00,142,4,#GalaxyS25Edge 
81700535618860976_4119170572,carousel,4/22/2025 19:00,45,1,#GalaxyS25Edge 
10528709252587246_5661298028,reel,4/29/2025 12:00,215,9,#GalaxyS25Edge 
30461478998119674_5765576322,reel,3/16/2025 20:00,379,21,#GalaxyS25Edge 
72227396666863025_6633859094,image,6/8/2025 20:00,137,5,#GalaxyS25Edge 
66297403673389501_6586829793,image,5/14/2025 18:00,301,7,#GalaxyS25Edge 
12686878063253742_7012073678,reel,5/16/2025 19:00,969,32,#GalaxyS25Edge 
40422560823039137_1089924660,carousel,6/4/2025 16:00,277,5,#GalaxyS25Edge 
16397851161786203_1496898390,image,4/23/2025 21:00,0,7,#GalaxyS25Edge 
32092406273729995_5413641761,carousel,4/13/2025 15:00,45,1,#GalaxyS25Edge 
58644047515038634_4940208607,carousel,6/2/2025 16:00,43,2,#GalaxyS25Edge 
66745493996486666_8598766803,carousel,5/13/2025 22:00,1390,43,#GalaxyS25Edge 
79182721499974492_1371976198,reel,5/5/2025 1:00,281,10,#GalaxyS25Edge 
27733883105722168_3742023402,image,6/12/2025 11:00,306,8,#GalaxyS25Edge 
45846116712007660_7557922541,image,4/21/2025 9:00,464,11,#GalaxyS25Edge 
29816466084163744_3242201407,carousel,4/6/2025 5:00,52,1,#GalaxyS25Edge 
93667531738740640_5585458521,reel,3/22/2025 7:00,229,5,#GalaxyS25Edge 
47558006202839945_9542052800,image,4/1/2025 18:00,498,9,#GalaxyS25Edge 
73629315062120904_8454114709,carousel,5/23/2025 2:00,205,4,#GalaxyS25Edge 
41801202651928879_6723495477,carousel,4/7/2025 21:00,266,7,#GalaxyS25Edge 
11397422149840313_4077542791,reel,4/14/2025 20:00,77,0,#GalaxyS25Edge 
85855117095248652_0272004966,image,5/19/2025 15:00,222,4,#GalaxyS25Edge 
80393390246457945_3647640021,carousel,5/4/2025 14:00,46,1,#GalaxyS25Edge 
17486107588014985_8147215890,image,3/17/2025 17:00,31,0,#GalaxyS25Edge 
21714448881000217_8415723367,carousel,6/9/2025 20:00,75,1,#GalaxyS25Edge 
51096033903120668_2905903383,image,5/8/2025 6:00,261,8,#GalaxyS25Edge 
23123483143439903_5532674067,image,3/29/2025 12:00,236,0,#GalaxyS25Edge 
71194841009671577_7576949730,carousel,6/1/2025 16:00,221,11,#GalaxyS25Edge 
52727160796061007_6580114657,reel,3/21/2025 15:00,53,2,#GalaxyS25Edge 
56849643549761950_5113616608,image,6/6/2025 22:00,163,8,#GalaxyS25Edge 
28733150938028722_5090873818,reel,3/20/2025 2:00,145,5,#GalaxyS25Edge 
26124798455745591_0533460416,carousel,5/30/2025 23:00,424,21,#GalaxyS25Edge 
77390193173852266_5438369027,carousel,4/22/2025 22:00,23,1,#GalaxyS25Edge 
64483856048392968_9724279783,carousel,5/19/2025 23:00,98,2,#GalaxyS25Edge 
92129572978978456_0895689207,image,4/17/2025 21:00,73,3,#GalaxyS25Edge 
24577784298032802_0199949267,carousel,5/16/2025 8:00,1155,39,#GalaxyS25Edge 
12987865406072776_0892934488,image,3/16/2025 19:00,399,17,#GalaxyS25Edge 
52727458970924170_4564845763,image,3/21/2025 7:00,284,11,#GalaxyS25Edge 
36562202690129545_3418917592,carousel,5/10/2025 9:00,141,5,#GalaxyS25Edge 
40728751736166975_5859480445,carousel,3/16/2025 1:00,31,2,#GalaxyS25Edge 
57037171027711739_0453782940,image,6/6/2025 14:00,624,25,#GalaxyS25Edge 
26510509843165405_7012026252,reel,4/22/2025 1:00,89,2,#GalaxyS25Edge 
75772743988213445_1397430865,carousel,4/10/2025 5:00,411,13,#GalaxyS25Edge 
80460150299980846_9364266931,image,5/6/2025 14:00,529,16,#GalaxyS25Edge 
26696110176004607_6085134131,carousel,5/19/2025 3:00,116,8,#GalaxyS25Edge 
17157910451448468_5704337976,image,5/8/2025 16:00,112,2,#GalaxyS25Edge 
70400187165192263_5295420728,image,4/6/2025 22:00,287,10,#GalaxyS25Edge 
21559836468841595_6984913974,carousel,5/18/2025 16:00,311,10,#GalaxyS25Edge 
82383794409777965_5406915444,carousel,3/25/2025 10:00,404,15,#GalaxyS25Edge 
47863247043982082_3018266130,reel,6/8/2025 23:00,64,1,#GalaxyS25Edge 
93066644108396161_5055301380,carousel,5/6/2025 19:00,382,16,#GalaxyS25Edge 
76472266502603627_3907501893,image,4/11/2025 7:00,111,6,#GalaxyS25Edge 
02662231696320060_6263089413,image,5/17/2025 21:00,56,0,#GalaxyS25Edge 
81039084298159675_3147038114,image,6/7/2025 20:00,249,10,#GalaxyS25Edge 
79672308230902354_7311194227,reel,4/27/2025 16:00,119,3,#GalaxyS25Edge 
30830861979616741_5435065088,carousel,3/28/2025 20:00,60,0,#GalaxyS25Edge 
00516232061587131_5892338626,image,3/30/2025 21:00,149,4,#GalaxyS25Edge 
59066770960052203_8259624992,carousel,3/19/2025 20:00,73,4,#GalaxyS25Edge 
04273607620746534_9848332854,image,6/3/2025,193,6,#GalaxyS25Edge 
25951527033458100_9972139936,image,4/16/2025 18:00,439,13,#GalaxyS25Edge 
80042609381673847_6872272615,image,5/10/2025 17:00,268,11,#GalaxyS25Edge 
24980552851341321_3771326415,image,5/6/2025 6:00,74,2,#GalaxyS25Edge 
34804024329738446_0985381604,image,3/28/2025 3:00,252,12,#GalaxyS25Edge 
23794530033437936_8619928020,image,3/24/2025 8:00,64,2,#GalaxyS25Edge 
30762805993600958_7107422427,image,3/24/2025 15:00,732,16,#GalaxyS25Edge 
45183853113983675_8208768341,carousel,6/1/2025 17:00,112,2,#GalaxyS25Edge 
19107107584242302_4707271396,carousel,5/26/2025 22:00,40,0,#GalaxyS25Edge 
25690623383379475_5464860904,reel,4/2/2025 18:00,308,11,#GalaxyS25Edge 
44126376797798393_7079277245,image,4/10/2025 18:00,311,4,#GalaxyS25Edge 
82354185752569781_4583969554,image,4/7/2025 17:00,424,18,#GalaxyS25Edge 
31456591644013154_3077541428,carousel,5/31/2025 7:00,0,15,#GalaxyS25Edge 
70812519345408445_0400041069,image,5/23/2025 12:00,688,15,#GalaxyS25Edge 
15628295734751009_1228164207,reel,5/3/2025,251,6,#GalaxyS25Edge 
94916731047605922_9825401211,image,5/4/2025 23:00,1391,40,#GalaxyS25Edge 
66614815310293909_0108271741,reel,5/16/2025 21:00,557,11,#GalaxyS25Edge 
82452585765707086_5579395898,image,3/25/2025 23:00,73,2,#GalaxyS25Edge 
64283496350744952_0036135037,reel,4/4/2025 2:00,169,3,#GalaxyS25Edge 
33641326576313460_7739240141,image,3/28/2025 23:00,103,7,#GalaxyS25Edge 
80715856593394619_1993284721,carousel,6/6/2025 11:00,105,9,#GalaxyS25Edge 
77966879762204113_8270147383,reel,4/11/2025 7:00,198,4,#GalaxyS25Edge 
82799162469388154_3674075811,image,4/1/2025 5:00,243,6,#GalaxyS25Edge 
71656177062769040_9018813639,carousel,4/17/2025 7:00,262,3,#GalaxyS25Edge 
61662200217100350_8512778057,image,5/21/2025 13:00,35,4,#GalaxyS25Edge 
99535941718900359_3334364979,carousel,5/1/2025 12:00,323,9,#GalaxyS25Edge 
77556870005596973_5231764529,image,4/9/2025 21:00,597,11,#GalaxyS25Edge 
27953551151221658_6266506177,image,5/27/2025 8:00,816,18,#GalaxyS25Edge 
85054279948110825_7821493184,image,3/24/2025 18:00,150,6,#GalaxyS25Edge 
59088734867978163_6062127975,reel,5/26/2025 10:00,533,15,#GalaxyS25Edge 
07218660874969254_7230211284,carousel,3/26/2025 1:00,59,2,#GalaxyS25Edge 
63549245936908691_0297045569,image,4/9/2025 11:00,51,2,#GalaxyS25Edge 
24541963915248271_2537035905,image,5/31/2025 12:00,139,4,#GalaxyS25Edge 
81272948598162556_1663591205,carousel,3/24/2025 9:00,428,15,#GalaxyS25Edge 
70705378328860808_1791257472,reel,3/16/2025 7:00,597,12,#GalaxyS25Edge 
10601697443158101_4667864337,image,6/10/2025 9:00,43,0,#GalaxyS25Edge 
15178305366146163_0616992878,carousel,5/2/2025 5:00,47,2,#GalaxyS25Edge 
17516954952330706_3167231952,image,4/15/2025 7:00,47,0,#GalaxyS25Edge 
42865518483810463_9869893187,carousel,5/19/2025 11:00,89,4,#GalaxyS25Edge 
62098642651467654_6241501955,carousel,6/8/2025 2:00,113,1,#GalaxyS25Edge 
23154781557699992_9919359624,reel,5/22/2025 16:00,295,12,#GalaxyS25Edge 
37902720821823019_4625750522,image,6/2/2025 8:00,487,22,#GalaxyS25Edge 
74482494053229493_3804537106,carousel,6/10/2025 3:00,312,11,#GalaxyS25Edge 
12539931312076622_8906894676,image,3/25/2025 6:00,505,8,#GalaxyS25Edge 
27553640906993488_5926198366,image,6/1/2025 17:00,94,0,#GalaxyS25Edge 
85106910186010987_1074872150,carousel,4/13/2025 19:00,179,11,#GalaxyS25Edge 
01447095341657789_9212639448,carousel,6/2/2025 4:00,754,24,#GalaxyS25Edge 
04925726540256837_0148241277,carousel,6/3/2025 19:00,43,0,#GalaxyS25Edge 
33285373846817886_9067076390,image,4/8/2025 8:00,574,21,#GalaxyS25Edge 
89087058052873711_5847019997,carousel,5/4/2025 14:00,320,8,#GalaxyS25Edge 
91340753078894010_3867820745,carousel,5/2/2025 6:00,201,10,#GalaxyS25Edge 
25968145126988507_9817859036,carousel,5/3/2025 16:00,243,7,#GalaxyS25Edge 
26558452863683516_7109075212,carousel,4/3/2025 10:00,294,9,#GalaxyS25Edge 
47641374372583209_5300072128,image,6/6/2025 23:00,168,4,#GalaxyS25Edge 
00868251803525715_7106741188,carousel,5/16/2025 13:00,139,7,#GalaxyS25Edge 
30025512509561255_0919969925,carousel,5/16/2025 10:00,173,3,#GalaxyS25Edge 
27247206055666901_3467050258,image,4/4/2025 1:00,187,3,#GalaxyS25Edge 
12383719657389226_4758532805,image,5/25/2025 9:00,329,9,#GalaxyS25Edge 
18989800585559369_5286457466,image,6/9/2025 3:00,400,12,#GalaxyS25Edge 
49749625542064560_0528613179,reel,3/19/2025 20:00,84,1,#GalaxyS25Edge 
81107525856785409_6822955558,image,4/7/2025 11:00,114,4,#GalaxyS25Edge 
74054618037639234_6798124193,image,4/19/2025 20:00,300,15,#GalaxyS25Edge 
40275300610785676_6372271697,image,4/23/2025 16:00,336,5,#GalaxyS25Edge 
37295950889259160_3177488512,carousel,3/29/2025,81,3,#GalaxyS25Edge 
40882138838294754_6752607615,image,4/7/2025 17:00,877,29,#GalaxyS25Edge 
63234929015324688_3500910874,carousel,3/21/2025 15:00,184,5,#GalaxyS25Edge 
70696236970518731_1162226079,image,5/14/2025 7:00,32,0,#GalaxyS25Edge 
45948897620992208_5435950489,reel,6/2/2025 18:00,178,3,#GalaxyS25Edge 
22950915866940452_9223287451,image,4/27/2025 19:00,330,9,#GalaxyS25Edge 
23694712113577277_3124960063,image,4/27/2025 22:00,30,1,#GalaxyS25Edge 
35093751722717650_3516528110,carousel,5/27/2025 15:00,249,6,#GalaxyS25Edge 
79182319076956372_7960792038,reel,5/8/2025 1:00,67,1,#GalaxyS25Edge 
18387928413141448_3312183777,reel,4/7/2025 11:00,75,2,#GalaxyS25Edge 
01078413998235413_2212270748,reel,5/13/2025 7:00,281,11,#GalaxyS25Edge 
91010482897027087_5804629097,image,4/18/2025 21:00,574,14,#GalaxyS25Edge 
04080103512954215_1374794603,image,5/28/2025 16:00,81,2,#GalaxyS25Edge 
33072302500946798_0997010890,carousel,5/25/2025 6:00,540,15,#GalaxyS25Edge 
43680836866012596_6586319974,carousel,4/13/2025 21:00,125,2,#GalaxyS25Edge 
51376548594713710_0792775861,reel,6/4/2025 10:00,204,3,#GalaxyS25Edge 
45003676150941058_4259821497,image,3/16/2025 16:00,170,7,#GalaxyS25Edge 
21729183862577018_0629196959,carousel,4/28/2025 17:00,961,29,#GalaxyS25Edge 
35901460102459822_7495632015,carousel,6/11/2025 22:00,389,11,#GalaxyS25Edge 
31362702577768684_3278613303,carousel,4/22/2025 23:00,86,1,#GalaxyS25Edge 
07172116486489430_4981165462,image,5/17/2025 20:00,43,1,#GalaxyS25Edge 
62014650114703816_3984212087,image,5/11/2025,602,27,#GalaxyS25Edge 
81255087927417110_2110327299,reel,4/29/2025 11:00,302,11,#GalaxyS25Edge 
85315233662529547_4707774165,reel,4/12/2025 3:00,101,5,#GalaxyS25Edge 
79179552878823032_8419277451,carousel,4/14/2025 12:00,131,5,#GalaxyS25Edge 
44943616902629037_7823107792,image,4/5/2025 1:00,150,3,#GalaxyS25Edge 
48039160906090380_3104162821,carousel,4/3/2025 6:00,240,8,#GalaxyS25Edge 
36735694023161169_8532113827,image,4/26/2025 20:00,165,1,#GalaxyS25Edge 
37395384270840968_0332952293,carousel,3/29/2025 18:00,333,9,#GalaxyS25Edge 
44499524881418902_2675033529,image,4/10/2025 23:00,307,9,#GalaxyS25Edge 
21121742889840218_6201654281,image,4/21/2025 10:00,0,4,#GalaxyS25Edge 
24659714753656622_0378058259,carousel,5/9/2025 14:00,56,1,#GalaxyS25Edge 
43808129140928027_8246530677,carousel,5/25/2025 2:00,167,6,#GalaxyS25Edge 
05025315602192112_2456989796,reel,5/25/2025 13:00,212,4,#GalaxyS25Edge 
67706133404096517_8225518809,image,4/7/2025 19:00,183,3,#GalaxyS25Edge 
19660684476032359_3028136936,image,5/29/2025 12:00,204,6,#GalaxyS25Edge 
32189643156492213_3085377978,image,3/28/2025 22:00,254,4,#GalaxyS25Edge 
57735704855701127_6661087797,carousel,5/24/2025 21:00,105,3,#GalaxyS25Edge 
48982207179583062_1579652055,carousel,3/27/2025 8:00,365,14,#GalaxyS25Edge 
32743163955752330_8895458293,carousel,6/6/2025 16:00,630,28,#GalaxyS25Edge 
54785873320288076_9903865848,carousel,3/18/2025 3:00,660,19,#GalaxyS25Edge 
45474454020167439_2839519236,reel,4/21/2025 14:00,103,3,#GalaxyS25Edge 
31761728923231702_0006557817,carousel,5/16/2025 4:00,557,18,#GalaxyS25Edge 
22681429622332778_6280548912,image,4/7/2025 7:00,64,3,#GalaxyS25Edge 
59752504412004026_5624368418,image,6/12/2025 18:00,733,22,#GalaxyS25Edge 
58228207584022257_3958179659,reel,5/8/2025 15:00,513,14,#GalaxyS25Edge 
63708886631466392_8047489078,image,4/20/2025,174,8,#GalaxyS25Edge 
38663637732661518_5781059380,image,3/23/2025 11:00,254,10,#GalaxyS25Edge 
06931101929751155_6223781962,image,4/1/2025 13:00,253,5,#GalaxyS25Edge 
90111263071149682_3466026103,reel,5/10/2025 22:00,143,4,#GalaxyS25Edge 
33569518981594087_0336922845,reel,5/26/2025 12:00,65,1,#GalaxyS25Edge 
93740854737949780_7486425119,image,4/22/2025 14:00,762,29,#GalaxyS25Edge 
01546228800671411_9586506256,reel,5/14/2025 20:00,121,2,#GalaxyS25Edge 
39651551683378571_7109354992,carousel,4/17/2025 17:00,238,0,#GalaxyS25Edge 
01834108766764752_8843917742,carousel,4/20/2025 13:00,365,9,#GalaxyS25Edge 
51000229160220229_9819819407,carousel,5/19/2025,42,1,#GalaxyS25Edge 
31535347973917624_7508854000,carousel,5/4/2025 5:00,419,7,#GalaxyS25Edge 
67562498468535904_9631361492,reel,3/31/2025 23:00,200,7,#GalaxyS25Edge 
54362291719746118_3594730712,carousel,4/24/2025 5:00,136,5,#GalaxyS25Edge 
39248611294883028_0866576791,carousel,5/24/2025 14:00,116,5,#GalaxyS25Edge 
53735941678265597_4215523979,image,6/7/2025 7:00,204,12,#GalaxyS25Edge 
69046926805806217_5449286801,image,4/1/2025 15:00,249,4,#GalaxyS25Edge 
33602486763700171_9350061390,image,4/22/2025 14:00,54,2,#GalaxyS25Edge 
62959514474016694_0709687325,image,6/1/2025 4:00,96,4,#GalaxyS25Edge 
30311943287476042_0889996896,image,5/18/2025,20,0,#GalaxyS25Edge 
59899647460913321_0538181250,carousel,5/4/2025 3:00,187,6,#GalaxyS25Edge 
95076003975536191_2894682090,image,5/20/2025 17:00,232,5,#GalaxyS25Edge 
48774464776848029_4062375323,reel,3/21/2025 9:00,53,3,#GalaxyS25Edge 
45112271517901962_4544800717,image,4/4/2025 2:00,52,0,#GalaxyS25Edge 
74355335300604941_5409826831,reel,5/8/2025 14:00,227,6,#GalaxyS25Edge 
62762016340339890_7786406026,reel,5/5/2025 3:00,72,1,#GalaxyS25Edge 
31269497807177807_5025812523,reel,4/6/2025 22:00,61,1,#GalaxyS25Edge 
61490545067048098_7942520647,reel,6/12/2025 1:00,126,4,#GalaxyS25Edge 
71308679482696293_7931519983,carousel,5/22/2025 4:00,147,3,#GalaxyS25Edge 
16062654779266847_3573087801,reel,4/5/2025 15:00,169,6,#GalaxyS25Edge 
45860941611185962_7933070757,carousel,4/14/2025 22:00,25,0,#GalaxyS25Edge 
98967590943849453_2947251426,reel,3/24/2025 19:00,195,4,#GalaxyS25Edge 
74542048201878116_7411943796,image,4/12/2025 4:00,346,12,#GalaxyS25Edge 
39196351126910756_6337383236,carousel,5/14/2025 9:00,240,7,#GalaxyS25Edge 
23603683572349930_9179899685,image,3/20/2025 12:00,19,1,#GalaxyS25Edge 
02563419376677853_4976919542,image,6/10/2025 5:00,579,18,#GalaxyS25Edge 
51800335524434753_2993346394,reel,5/5/2025 21:00,96,3,#GalaxyS25Edge 
90435916073570915_0393237612,carousel,4/20/2025 3:00,138,3,#GalaxyS25Edge 
10523004921637756_1694387410,carousel,4/22/2025 18:00,400,9,#GalaxyS25Edge 
80165025136928931_1298275193,carousel,3/19/2025 20:00,94,1,#GalaxyS25Edge 
44107228548483643_1327585229,reel,3/21/2025 16:00,90,3,#GalaxyS25Edge 
91369119249723370_8898919802,carousel,4/23/2025 10:00,413,14,#GalaxyS25Edge 
99319621200307880_0831002598,image,5/11/2025 22:00,73,4,#GalaxyS25Edge 
16778898288299884_9564294980,reel,4/6/2025 7:00,56,2,#GalaxyS25Edge 
37633305900088717_9912162055,carousel,3/26/2025 15:00,130,0,#GalaxyS25Edge 
82389855779608057_6265836472,image,3/17/2025 14:00,93,1,#GalaxyS25Edge 
56305954472474183_7683267905,reel,4/27/2025,203,8,#GalaxyS25Edge 
27255408796796185_2242132142,carousel,3/20/2025 7:00,390,13,#GalaxyS25Edge 
56536347645096659_4846949940,reel,4/22/2025 18:00,440,8,#GalaxyS25Edge 
78750645596000045_7320598170,image,5/25/2025 12:00,31,3,#GalaxyS25Edge 
20537696429637281_7252866775,image,5/16/2025 7:00,23,3,#GalaxyS25Edge 
55654074517987239_4030989923,image,4/16/2025 5:00,428,21,#GalaxyS25Edge 
97593993922961718_1327369628,image,4/21/2025 3:00,297,6,#GalaxyS25Edge 
60780912057339360_0783756232,carousel,5/25/2025 5:00,197,7,#GalaxyS25Edge 
23672236395219968_5100318743,image,6/9/2025 15:00,39,3,#GalaxyS25Edge 
42069447244999543_9019953420,carousel,4/7/2025 16:00,201,6,#GalaxyS25Edge 
60882458211771055_5372120623,image,5/6/2025 15:00,187,4,#GalaxyS25Edge 
88677753438556391_2703285655,reel,3/16/2025 13:00,435,17,#GalaxyS25Edge 
03754010132283986_0331390168,image,5/8/2025 20:00,123,3,#GalaxyS25Edge 
51190913697321547_6413423966,image,3/29/2025 20:00,24,0,#GalaxyS25Edge 
46304003946696666_3968779502,image,3/18/2025 3:00,304,5,#GalaxyS25Edge 
40215801876416383_6812269195,reel,5/24/2025 5:00,295,8,#GalaxyS25Edge 
32468869777351914_1933285433,carousel,6/6/2025 23:00,17,0,#GalaxyS25Edge 
70133905395566149_7609687412,reel,4/6/2025 4:00,37,2,#GalaxyS25Edge 
56966206172164207_3564557066,image,5/5/2025 19:00,0,3,#GalaxyS25Edge 
58202351252406080_7482919408,image,3/26/2025 19:00,320,13,#GalaxyS25Edge 
54081283026613591_0585388658,carousel,3/31/2025 3:00,273,9,#GalaxyS25Edge 
26311256684530073_3728769609,image,3/22/2025 18:00,109,7,#GalaxyS25Edge 
46693469449432226_3929303873,image,3/19/2025 8:00,82,1,#GalaxyS25Edge 
12029328807383576_0489168666,image,4/11/2025 10:00,219,12,#GalaxyS25Edge 
95252109791347644_2512137250,carousel,5/25/2025 8:00,99,4,#GalaxyS25Edge 
15061272825253166_1738051502,carousel,3/27/2025 20:00,549,8,#GalaxyS25Edge 
06118170797623021_7319809233,carousel,4/24/2025 12:00,251,11,#GalaxyS25Edge 
49598984967725693_7277332005,carousel,5/10/2025 12:00,41,3,#GalaxyS25Edge 
76668701251130100_3860682154,image,5/15/2025 12:00,1408,37,#GalaxyS25Edge 
50851073393948649_4918522326,carousel,5/8/2025 20:00,64,0,#GalaxyS25Edge 
28598976605936745_7115825982,reel,5/18/2025 9:00,489,12,#GalaxyS25Edge 
69301065066522756_0021392223,carousel,5/23/2025,108,2,#GalaxyS25Edge 
35691502249432135_6212682023,carousel,3/17/2025 11:00,282,8,#GalaxyS25Edge 
29614710576012464_1434654321,image,5/18/2025 23:00,366,5,#GalaxyS25Edge 
93798100550111143_5731391101,carousel,4/3/2025 19:00,178,6,#GalaxyS25Edge 
82339644509288499_4607181730,carousel,5/3/2025 13:00,147,4,#GalaxyS25Edge 
94939917675376122_5889283258,carousel,6/4/2025 14:00,346,15,#GalaxyS25Edge 
29813566807512692_8695398581,carousel,4/29/2025 4:00,155,5,#GalaxyS25Edge 
06214041150657276_1170978517,image,4/15/2025,354,8,#GalaxyS25Edge 
73371359322412005_4788079127,reel,4/15/2025 5:00,70,1,#GalaxyS25Edge 
52724744370678882_6648369535,image,3/26/2025 14:00,60,1,#GalaxyS25Edge 
79373620261255879_9712361192,carousel,4/3/2025 22:00,52,0,#GalaxyS25Edge 
00848806938159117_8970593504,carousel,6/2/2025 20:00,254,7,#GalaxyS25Edge 
07137218897053297_0752597871,image,5/12/2025 2:00,77,2,#GalaxyS25Edge 
32849610458782100_5630193651,carousel,5/30/2025 6:00,176,3,#GalaxyS25Edge 
79170548725786196_3831683110,carousel,4/5/2025 18:00,211,6,#GalaxyS25Edge 
59487507089088574_1083210365,carousel,5/4/2025 1:00,143,8,#GalaxyS25Edge 
64605083354490713_8494098645,reel,4/8/2025 23:00,139,3,#GalaxyS25Edge 
18299524119882355_1874602004,image,3/29/2025 9:00,227,8,#GalaxyS25Edge 
65945728805152904_8580796246,image,6/8/2025 5:00,475,11,#GalaxyS25Edge 
80797758874843545_1136708596,carousel,5/17/2025 4:00,532,11,#GalaxyS25Edge 
47523161536174093_3359847335,image,5/4/2025 21:00,452,14,#GalaxyS25Edge 
89268702669067259_7746845500,carousel,4/8/2025 20:00,312,10,#GalaxyS25Edge 
92495273927893755_3001375819,reel,5/8/2025 2:00,76,2,#GalaxyS25Edge 
64447473700985450_2327575767,carousel,4/19/2025 7:00,315,11,#GalaxyS25Edge 
89859150733675540_8780367272,image,6/11/2025,86,2,#GalaxyS25Edge 
31264426257597147_0709990377,reel,3/18/2025 23:00,704,18,#GalaxyS25Edge 
89301883463956091_6838267439,reel,3/30/2025 3:00,104,3,#GalaxyS25Edge 
25048738050174750_8190405540,carousel,4/26/2025 18:00,104,4,#GalaxyS25Edge 
64194955404976987_0005798847,image,4/21/2025,431,16,#GalaxyS25Edge 
70674171107507215_7211815266,image,4/13/2025 6:00,114,3,#GalaxyS25Edge 
96823056923730680_5021838407,carousel,4/24/2025 12:00,20,2,#GalaxyS25Edge 
31115405594506574_4771713427,reel,3/22/2025 3:00,146,6,#GalaxyS25Edge 
21103117020278234_6272346122,reel,4/1/2025 20:00,53,2,#GalaxyS25Edge 
88115037772829300_3332517766,carousel,4/16/2025 6:00,0,3,#GalaxyS25Edge 
74132115664371484_5192705087,image,4/28/2025 8:00,284,12,#GalaxyS25Edge 
73215058756265526_3783177497,carousel,4/26/2025 6:00,679,22,#GalaxyS25Edge 
97092916495224489_7322096881,carousel,4/20/2025 5:00,274,11,#GalaxyS25Edge 
24695569644313234_2314005241,carousel,4/5/2025 21:00,31,3,#GalaxyS25Edge 
39746386061057370_9165712643,carousel,5/16/2025 19:00,194,5,#GalaxyS25Edge 
26246999537200085_7198447947,carousel,6/2/2025 1:00,147,4,#GalaxyS25Edge 
92895574436998683_5018226849,carousel,5/9/2025,955,29,#GalaxyS25Edge 
49669362541779351_7672508031,image,6/12/2025 10:00,325,13,#GalaxyS25Edge 
93192854108293822_9543658954,image,3/23/2025 11:00,455,16,#GalaxyS25Edge 
60511961114778326_5024023451,reel,4/24/2025,0,1,#GalaxyS25Edge 
48393205581764535_1999451094,reel,5/8/2025 20:00,396,9,#GalaxyS25Edge 
47581582695708106_5391497937,reel,4/28/2025 5:00,247,5,#GalaxyS25Edge 
04895894986936564_0455804506,carousel,3/16/2025 3:00,73,0,#GalaxyS25Edge 
16137107644712516_0362935034,carousel,6/7/2025 20:00,201,13,#GalaxyS25Edge 
36042176307615326_1395055841,reel,5/10/2025 14:00,258,7,#GalaxyS25Edge 
38558998026509157_1578796861,image,4/17/2025 16:00,593,19,#GalaxyS25Edge 
58082425671187858_0291475503,reel,3/16/2025 17:00,178,3,#GalaxyS25Edge 
24324780780168982_9629015453,image,5/30/2025 9:00,492,14,#GalaxyS25Edge 
88037594587133122_6386128307,image,6/10/2025 19:00,56,3,#GalaxyS25Edge 
75286238057020677_5354685101,image,3/28/2025 7:00,65,2,#GalaxyS25Edge 
80731438269667513_5072456683,reel,4/3/2025 3:00,138,9,#GalaxyS25Edge 
17469996981175699_5245197549,reel,4/21/2025 5:00,383,9,#GalaxyS25Edge 
77276426923415566_2502713057,image,4/12/2025,0,3,#GalaxyS25Edge 
62908094570880279_7543559406,reel,4/4/2025 7:00,137,3,#GalaxyS25Edge 
83670782070109827_4544082012,carousel,4/24/2025 18:00,34,0,#GalaxyS25Edge 
04948311008974675_7339369820,carousel,5/7/2025 22:00,0,2,#GalaxyS25Edge 
45543922776676421_1302401307,image,5/13/2025,432,15,#GalaxyS25Edge 
21511839307233153_0353820953,carousel,4/12/2025 5:00,56,2,#GalaxyS25Edge 
99300296328816177_9356666373,reel,3/28/2025 15:00,125,8,#GalaxyS25Edge 
02774442412671650_0408225973,carousel,5/21/2025,197,8,#GalaxyS25Edge 
52813607975121783_8755786975,image,3/16/2025 18:00,646,22,#GalaxyS25Edge 
60051448843453573_5195869781,image,4/12/2025 14:00,424,13,#GalaxyS25Edge 
84290290924330469_8610394705,reel,3/19/2025 18:00,280,6,#GalaxyS25Edge 
74648196789161813_6053685392,image,4/24/2025 14:00,386,15,#GalaxyS25Edge 
70863340595973620_2382997480,image,5/27/2025 1:00,93,3,#GalaxyS25Edge 
14990553160093006_8914819226,image,3/22/2025 21:00,93,1,#GalaxyS25Edge 
73944502036453438_0596998209,image,5/24/2025 8:00,215,9,#GalaxyS25Edge 
24378686009334951_0160913069,image,6/7/2025 6:00,125,1,#GalaxyS25Edge 
69592323803965682_1601657407,image,5/4/2025,77,1,#GalaxyS25Edge 
97933556980328032_5537260905,carousel,4/18/2025 1:00,292,6,#GalaxyS25Edge 
87074688633653727_6154542314,reel,3/18/2025,197,5,#GalaxyS25Edge 
04057191424977755_9328376955,reel,6/8/2025 17:00,62,1,#GalaxyS25Edge 
53385536009035016_4730346932,image,3/16/2025 13:00,735,15,#GalaxyS25Edge 
23583547378083560_5930415858,image,6/6/2025 9:00,114,5,#GalaxyS25Edge 
64186074578460303_3241768955,reel,5/13/2025 2:00,89,1,#GalaxyS25Edge 
77437770817888077_9645342509,carousel,5/16/2025 21:00,335,11,#GalaxyS25Edge 
67851396467548524_7255459351,carousel,6/6/2025 3:00,95,0,#GalaxyS25Edge 
37656090251231336_0142720871,carousel,4/30/2025 20:00,214,2,#GalaxyS25Edge 
33075854074602515_9394804761,carousel,4/26/2025 18:00,391,12,#GalaxyS25Edge 
03418954359978474_4068433811,carousel,3/21/2025 17:00,266,7,#GalaxyS25Edge 
20727596740408249_0302417694,image,4/22/2025 2:00,92,4,#GalaxyS25Edge 
00802813153337546_3602670957,image,5/1/2025 8:00,309,9,#GalaxyS25Edge 
84707129286167589_0053148867,reel,3/22/2025 20:00,66,5,#GalaxyS25Edge 
47561358521037374_6810958173,carousel,3/16/2025 3:00,78,0,#GalaxyS25Edge 
91937890581884270_1744852776,carousel,6/3/2025 18:00,903,25,#GalaxyS25Edge 
96872751049513625_7831290477,reel,3/30/2025 23:00,1026,26,#GalaxyS25Edge 
41612879059701151_6208291123,carousel,3/27/2025 9:00,453,17,#GalaxyS25Edge 
12568096925634788_4778283770,carousel,3/30/2025 1:00,384,13,#GalaxyS25Edge 
46534869026026226_3189524379,carousel,5/26/2025 16:00,92,3,#GalaxyS25Edge 
43410258328838669_0753145100,image,5/16/2025 20:00,528,19,#GalaxyS25Edge 
12248693745667926_2741309604,reel,5/8/2025 17:00,819,42,#GalaxyS25Edge 
90867237774593836_6871858659,reel,5/28/2025 5:00,65,3,#GalaxyS25Edge 
58542032926191812_4114430621,reel,3/16/2025 2:00,202,3,#GalaxyS25Edge 
73912915803391327_0601060856,image,5/24/2025 18:00,67,1,#GalaxyS25Edge 
67229875694846421_6410800639,image,4/16/2025 21:00,217,3,#GalaxyS25Edge 
47265132434569239_6919711821,image,3/18/2025 20:00,244,10,#GalaxyS25Edge 
46208139997514347_2315821210,reel,5/19/2025 20:00,192,8,#GalaxyS25Edge 
38470122471863990_4724551488,carousel,3/25/2025,540,14,#GalaxyS25Edge 
49402829930300394_0523863183,reel,6/9/2025 6:00,138,4,#GalaxyS25Edge 
65683666016091462_2177905515,carousel,4/5/2025 17:00,84,2,#GalaxyS25Edge 
22356632936998184_9962551086,reel,4/3/2025 14:00,51,1,#GalaxyS25Edge 
81853849403081462_7584862089,carousel,6/12/2025 11:00,215,7,#GalaxyS25Edge 
28544541595393491_4765166041,image,3/22/2025 9:00,111,6,#GalaxyS25Edge 
05331728493725764_2059813625,reel,4/4/2025 6:00,178,8,#GalaxyS25Edge 
25215517525198747_3023188343,image,3/29/2025 19:00,60,1,#GalaxyS25Edge 
52757507562365775_3371586449,reel,5/25/2025 13:00,237,4,#GalaxyS25Edge 
46292902216062819_9380327397,image,3/25/2025 22:00,458,0,#GalaxyS25Edge 
28554652923826852_6312317151,reel,3/19/2025 22:00,245,6,#GalaxyS25Edge 
90461204486653371_3336816320,carousel,5/28/2025 20:00,151,12,#GalaxyS25Edge 
59485530383525363_3256477820,reel,6/5/2025 4:00,418,14,#GalaxyS25Edge 
20574499791093242_8551608524,image,3/18/2025,336,8,#GalaxyS25Edge 
47438584953988074_5971460770,image,4/22/2025 19:00,106,3,#GalaxyS25Edge 
06792872320658458_5689326288,image,4/4/2025 2:00,193,6,#GalaxyS25Edge 
04901180066392697_1950687984,reel,5/3/2025 14:00,122,6,#GalaxyS25Edge 
13036099187426534_9292657704,carousel,4/17/2025 5:00,33,0,#GalaxyS25Edge 
38689627415608973_1575101481,carousel,6/8/2025 21:00,48,2,#GalaxyS25Edge 
16770540870819107_0936685504,carousel,6/2/2025 15:00,0,9,#GalaxyS25Edge 
91860299657692635_8742253980,reel,5/9/2025 1:00,687,21,#GalaxyS25Edge 
16235484495780399_1646043361,carousel,5/26/2025 9:00,222,7,#GalaxyS25Edge 
88124799604763654_1290528484,reel,4/1/2025 12:00,1243,39,#GalaxyS25Edge 
88571372754545175_2704570824,reel,5/19/2025 18:00,99,3,#GalaxyS25Edge 
33640453942336591_5125625319,carousel,5/23/2025 15:00,137,0,#GalaxyS25Edge 
15217876985243842_9745267447,carousel,5/12/2025 13:00,131,4,#GalaxyS25Edge 
57104397509135607_3833152007,carousel,5/23/2025 7:00,52,4,#GalaxyS25Edge 
12227857675872388_5633381216,image,5/15/2025 2:00,63,1,#GalaxyS25Edge 
74751718786051678_1264714752,reel,5/18/2025 15:00,126,3,#GalaxyS25Edge 
72085397004744860_9157048023,reel,3/15/2025 11:00,1117,31,#GalaxyS25Edge 
44590146798807393_9043349747,reel,5/17/2025 4:00,388,7,#GalaxyS25Edge 
20223267025310045_8675015897,reel,5/27/2025 7:00,462,0,#GalaxyS25Edge 
46399892662675002_5248535118,image,3/31/2025 16:00,346,10,#GalaxyS25Edge 
45333103915071987_2932538023,reel,5/21/2025 14:00,93,0,#GalaxyS25Edge 
33639406970098179_8717482318,image,4/11/2025 10:00,211,3,#GalaxyS25Edge 
29883052569112051_8653023865,carousel,4/3/2025 7:00,248,7,#GalaxyS25Edge 
22360656058482524_0292747884,carousel,4/25/2025 13:00,376,7,#GalaxyS25Edge 
57039173566468998_7711554541,carousel,5/13/2025 21:00,25,0,#GalaxyS25Edge 
50136640482596738_7601380024,reel,4/13/2025 7:00,216,8,#GalaxyS25Edge 
58518046902057949_2944377302,image,6/12/2025 4:00,674,29,#GalaxyS25Edge 
61335665025352229_1320149505,image,5/10/2025 14:00,278,11,#GalaxyS25Edge 
40102695666957614_7015652727,reel,6/5/2025,253,9,#GalaxyS25Edge 
31742567053978483_7586609228,carousel,3/19/2025 8:00,46,1,#GalaxyS25Edge 
31668961490467311_5472543565,reel,6/11/2025 8:00,1188,35,#GalaxyS25Edge 
87994941727565072_1084091385,image,3/26/2025 7:00,117,5,#GalaxyS25Edge 
16514424878030761_5544371400,reel,4/13/2025 14:00,86,0,#GalaxyS25Edge 
82812746984619135_4061584847,image,5/31/2025 1:00,54,0,#GalaxyS25Edge 
91483969414493865_9893115307,carousel,4/23/2025 16:00,146,8,#GalaxyS25Edge 
00388279055895033_9676070639,image,4/4/2025 22:00,153,9,#GalaxyS25Edge 
13913066002893186_3983769000,carousel,4/11/2025 1:00,116,3,#GalaxyS25Edge 
42403726707873398_4783762701,carousel,5/10/2025 8:00,271,7,#GalaxyS25Edge 
43517386092806663_0363187737,reel,4/4/2025 6:00,396,5,#GalaxyS25Edge 
45646748039366480_5516102198,carousel,4/12/2025 16:00,198,8,#GalaxyS25Edge 
71063398780942275_2154196167,image,5/20/2025 2:00,200,3,#GalaxyS25Edge 
30492634856893456_2667414771,carousel,5/23/2025 23:00,330,12,#GalaxyS25Edge 
18433717596321239_0939951434,carousel,3/29/2025 5:00,118,0,#GalaxyS25Edge 
84222232054216662_0501083951,carousel,4/18/2025 12:00,146,7,#GalaxyS25Edge 
67582178617555786_0333609462,image,6/11/2025 19:00,19,1,#GalaxyS25Edge 
32079637787482460_0749665868,reel,5/24/2025 22:00,291,13,#GalaxyS25Edge 
35699942674907241_6246792323,image,5/18/2025,56,1,#GalaxyS25Edge 
74773649747739318_1149520916,image,3/29/2025 10:00,97,4,#GalaxyS25Edge 
12222413800059418_0275204516,image,5/2/2025 8:00,155,6,#GalaxyS25Edge 
12215224332667476_8637767172,image,4/7/2025 2:00,257,5,#GalaxyS25Edge 
85278438783126056_1993844057,reel,5/29/2025 12:00,231,15,#GalaxyS25Edge 
57641176192068373_6981923277,carousel,6/9/2025 4:00,162,4,#GalaxyS25Edge 
37187561413506814_8820147238,reel,3/24/2025 2:00,1229,32,#GalaxyS25Edge 
67927899037830826_5165471064,reel,4/22/2025 11:00,280,19,#GalaxyS25Edge 
35703279788706162_9811722103,image,6/8/2025 22:00,775,0,#GalaxyS25Edge 
96173994729452204_9495938713,reel,6/2/2025 8:00,205,7,#GalaxyS25Edge 
94019852763869517_4235114787,carousel,4/18/2025 14:00,125,5,#GalaxyS25Edge 
67355236452141934_0621677834,reel,5/3/2025 11:00,170,4,#GalaxyS25Edge 
31456005897193332_5511202616,carousel,6/5/2025 6:00,226,11,#GalaxyS25Edge 
72031843132679728_2048709863,reel,6/10/2025 16:00,26,1,#GalaxyS25Edge 
00095358954342861_3939490345,image,4/20/2025,211,9,#GalaxyS25Edge 
09868396141749850_1146716786,carousel,3/18/2025 14:00,132,2,#GalaxyS25Edge 
01368472696979306_0990977700,image,6/4/2025 7:00,187,5,#GalaxyS25Edge 
97306199828091193_1499347530,image,3/27/2025 11:00,276,11,#GalaxyS25Edge 
84138283628426880_4579418477,reel,6/9/2025 12:00,77,1,#GalaxyS25Edge 
56059307220913495_6052126279,reel,5/20/2025,313,11,#GalaxyS25Edge 
98038853307119548_9914713725,image,4/22/2025 17:00,108,1,#GalaxyS25Edge 
90849972561251046_7432794364,reel,5/5/2025 16:00,116,4,#GalaxyS25Edge 
25809623191119224_7368128958,image,4/27/2025 17:00,96,5,#GalaxyS25Edge 
39727887544999715_1429193479,image,3/19/2025,274,8,#GalaxyS25Edge 
20768766833172893_3566876041,carousel,5/7/2025 23:00,86,4,#GalaxyS25Edge 
55048076252204105_0083990438,image,5/28/2025 8:00,151,5,#GalaxyS25Edge 
46482101219058436_2445514575,reel,5/10/2025 22:00,112,2,#GalaxyS25Edge 
50629421376594093_2918096872,image,3/15/2025 22:00,310,16,#GalaxyS25Edge 
10962474566626865_4298203702,image,5/19/2025 13:00,86,2,#GalaxyS25Edge 
61392017866055410_8697915110,carousel,5/13/2025 9:00,64,3,#GalaxyS25Edge 
26806290242147374_6432304671,image,4/2/2025 8:00,216,9,#GalaxyS25Edge 
50440016839894325_1183357959,carousel,4/26/2025,228,8,#GalaxyS25Edge 
91862030814339374_5678689643,reel,6/12/2025 10:00,480,17,#GalaxyS25Edge 
52453014423483204_8656222515,image,5/8/2025 22:00,107,6,#GalaxyS25Edge 
24067941052477747_4352747599,carousel,5/3/2025 10:00,78,1,#GalaxyS25Edge 
40569589069919122_1300481597,image,4/27/2025,40,1,#GalaxyS25Edge 
54106887221330529_0615111172,reel,4/13/2025 5:00,395,10,#GalaxyS25Edge 
28687121159524192_2963735490,reel,5/19/2025 22:00,272,16,#GalaxyS25Edge 
84197974519158398_4786723262,carousel,4/28/2025,199,8,#GalaxyS25Edge 
46811929478487579_8363376041,image,6/11/2025 18:00,325,3,#GalaxyS25Edge 
60096018520903891_0161602438,image,5/1/2025 15:00,0,3,#GalaxyS25Edge 
95709739379866276_5695531376,carousel,5/18/2025 8:00,2016,66,#GalaxyS25Edge 
68487502801378844_4804605377,image,5/7/2025 14:00,96,2,#GalaxyS25Edge 
22857802435680608_8258536498,reel,4/4/2025 2:00,76,1,#GalaxyS25Edge 
23504857873443853_9541156863,image,4/15/2025 2:00,176,3,#GalaxyS25Edge 
00750003137524046_6857201257,image,5/13/2025 16:00,220,10,#GalaxyS25Edge 
28244714719126916_1529189826,image,6/12/2025 4:00,368,10,#GalaxyS25Edge 
31501899232360165_4207105771,reel,5/21/2025 7:00,153,5,#GalaxyS25Edge 
89979006786650417_7340475801,reel,4/23/2025 20:00,97,3,#GalaxyS25Edge 
88902839030660197_1968368712,carousel,3/22/2025 19:00,75,1,#GalaxyS25Edge 
12284517182358337_4544293384,image,4/16/2025 12:00,291,13,#GalaxyS25Edge 
57545579473200536_9919554367,carousel,3/24/2025 18:00,27,1,#GalaxyS25Edge 
23585861805528429_7683729714,image,5/6/2025 5:00,901,34,#GalaxyS25Edge 
12989897252702150_0096882988,image,3/21/2025 7:00,29,2,#GalaxyS25Edge 
74100495387673802_0110230466,carousel,3/30/2025 18:00,448,7,#GalaxyS25Edge 
62107983063802470_1345496938,carousel,6/11/2025 4:00,171,4,#GalaxyS25Edge 
30141357358078249_5288566001,reel,3/22/2025 19:00,211,10,#GalaxyS25Edge 
29370311670102444_8155208347,image,5/12/2025 7:00,15,1,#GalaxyS25Edge 
21595776987636745_8865959200,carousel,6/1/2025,162,7,#GalaxyS25Edge 
84077451942731103_8674848775,carousel,4/29/2025 3:00,683,21,#GalaxyS25Edge 
03110185933846656_4151559728,image,5/2/2025 8:00,167,8,#GalaxyS25Edge 
02863186728358593_0249181699,reel,4/1/2025 13:00,94,2,#GalaxyS25Edge 
44115031968134945_6666613048,carousel,3/22/2025,368,12,#GalaxyS25Edge 
81156959182380967_7999586284,image,3/21/2025 5:00,155,4,#GalaxyS25Edge 
59692540669589339_8896589409,image,4/7/2025 12:00,333,12,#GalaxyS25Edge 
49208982643741825_4791199954,image,3/23/2025 3:00,491,0,#GalaxyS25Edge 
45436720377905732_5905391548,image,4/13/2025 9:00,154,1,#GalaxyS25Edge 
32203971213908931_1838690073,image,5/1/2025 22:00,85,4,#GalaxyS25Edge 
51966362363957011_7236329920,carousel,3/19/2025 11:00,210,9,#GalaxyS25Edge 
29608039421526908_5906742050,reel,5/2/2025 1:00,271,0,#GalaxyS25Edge 
06163496791215864_1985115343,reel,4/8/2025 3:00,239,7,#GalaxyS25Edge 
13622622234537866_0308308797,carousel,5/26/2025 8:00,218,6,#GalaxyS25Edge 
82281793469190372_2262795450,image,3/27/2025 16:00,233,5,#GalaxyS25Edge 
56853843252154985_9024268083,reel,5/11/2025,141,4,#GalaxyS25Edge 
72985354013565067_4563005856,carousel,4/10/2025 14:00,50,0,#GalaxyS25Edge 
40263681894217928_0255115325,image,5/21/2025 13:00,610,21,#GalaxyS25Edge 
81152025087435125_8065839808,carousel,6/9/2025 5:00,401,4,#GalaxyS25Edge 
50823951289484381_4967557079,reel,3/25/2025 5:00,353,7,#GalaxyS25Edge 
65756920804971066_9125916252,image,4/22/2025 20:00,72,2,#GalaxyS25Edge 
82947468769706384_1382025344,reel,6/2/2025 11:00,197,5,#GalaxyS25Edge 
99147150052401580_6863434713,reel,4/9/2025 2:00,248,0,#GalaxyS25Edge 
04082967561895075_0679497512,carousel,5/16/2025 20:00,37,2,#GalaxyS25Edge 
72510257117514492_6413399341,reel,5/15/2025 23:00,113,3,#GalaxyS25Edge 
89813070481425699_9862698827,image,5/7/2025 7:00,386,13,#GalaxyS25Edge 
61803044068925993_3502443548,carousel,5/22/2025 13:00,214,5,#GalaxyS25Edge 
61518556403758159_3028761810,image,3/19/2025 17:00,985,23,#GalaxyS25Edge 
69920133417090663_0589764025,carousel,4/10/2025 5:00,886,28,#GalaxyS25Edge 
09730729062451956_6167018645,image,3/24/2025 4:00,150,4,#GalaxyS25Edge 
59498838291920713_5789010290,reel,5/3/2025 8:00,174,3,#GalaxyS25Edge 
01249055482160402_2254286596,image,3/28/2025 20:00,407,14,#GalaxyS25Edge 
89134285164018805_5507556153,image,6/2/2025 18:00,255,8,#GalaxyS25Edge 
08967269249736690_5438576363,carousel,6/10/2025 15:00,999,29,#GalaxyS25Edge 
85872516225674052_0629705843,image,4/24/2025 20:00,691,19,#GalaxyS25Edge 
44965844739906640_4062771394,carousel,5/27/2025 7:00,284,9,#GalaxyS25Edge 
34808832908864950_4593816770,carousel,3/18/2025 18:00,154,5,#GalaxyS25Edge 
58896393243778694_4746697126,image,5/1/2025 17:00,259,6,#GalaxyS25Edge 
16934870784252588_1590839963,reel,3/29/2025 10:00,200,7,#GalaxyS25Edge 
61170126852413825_6457484465,image,6/5/2025 2:00,301,5,#GalaxyS25Edge 
88539159327400296_9905165240,reel,6/6/2025 3:00,171,3,#GalaxyS25Edge 
28608513848099838_9112021535,image,6/3/2025 6:00,86,5,#GalaxyS25Edge 
04193061035623237_6682990953,image,3/23/2025 5:00,69,0,#GalaxyS25Edge 
47709549601638386_1401105230,image,6/11/2025 12:00,49,3,#GalaxyS25Edge 
03801852378996848_3914338388,reel,4/14/2025 2:00,67,2,#GalaxyS25Edge 
37227507028181408_8551572301,reel,5/8/2025 1:00,382,10,#GalaxyS25Edge 
30405765940151929_0661920829,image,4/12/2025 3:00,211,4,#GalaxyS25Edge 
71920864446807381_5543247078,image,5/17/2025 20:00,227,7,#GalaxyS25Edge 
52300894417631452_7338778069,image,5/4/2025 22:00,68,5,#GalaxyS25Edge 
31119085327237023_7879337879,image,4/9/2025 12:00,309,7,#GalaxyS25Edge 
33257750626541711_4461066708,carousel,6/5/2025,180,6,#GalaxyS25Edge 
08950474041587299_6824070189,carousel,5/6/2025 17:00,228,8,#GalaxyS25Edge 
05757113157587766_1935712099,image,4/17/2025 5:00,295,12,#GalaxyS25Edge 
71016811188710173_3994343179,image,4/2/2025 1:00,170,7,#GalaxyS25Edge 
34351723082436797_0148574765,carousel,5/27/2025 6:00,212,3,#GalaxyS25Edge 
91133075138117713_7855613986,reel,4/15/2025 11:00,149,3,#GalaxyS25Edge 
43863177487508588_6793457803,carousel,5/24/2025 1:00,140,8,#GalaxyS25Edge 
60898276435344842_6495494335,carousel,5/25/2025 20:00,156,8,#GalaxyS25Edge 
25830456378308698_7264015457,carousel,5/10/2025 13:00,134,4,#GalaxyS25Edge 
57918499915552853_4322903375,reel,6/11/2025 7:00,223,14,#GalaxyS25Edge 
52380779150651759_8243079729,image,3/22/2025 5:00,313,10,#GalaxyS25Edge 
97371831311849708_4038913437,carousel,3/28/2025 12:00,219,1,#GalaxyS25Edge 
05717802517710906_5485152522,reel,3/29/2025 20:00,584,9,#GalaxyS25Edge 
99962206814304105_4201196524,carousel,5/19/2025 3:00,588,19,#GalaxyS25Edge 
68789311023269966_7993548685,image,5/18/2025 4:00,42,1,#GalaxyS25Edge 
80280042500917925_0122377702,carousel,5/28/2025 7:00,62,2,#GalaxyS25Edge 
29038097824853789_5308096057,carousel,4/10/2025 4:00,255,8,#GalaxyS25Edge 
89694358792214377_2159276269,image,5/18/2025 9:00,498,14,#GalaxyS25Edge 
14396318085659394_4295708188,reel,5/3/2025 7:00,1505,53,#GalaxyS25Edge 
10661446167228037_5404910099,reel,3/23/2025 7:00,96,2,#GalaxyS25Edge 
00619182462958232_9135906528,image,6/2/2025 14:00,124,3,#GalaxyS25Edge 
12462903365606263_6539095931,image,4/30/2025 16:00,176,5,#GalaxyS25Edge 
32663754178567903_7680683984,reel,4/28/2025 4:00,33,1,#GalaxyS25Edge 
42142035577539048_0721462108,carousel,4/1/2025 7:00,363,10,#GalaxyS25Edge 
10854090247393527_5426752584,reel,6/7/2025 14:00,441,10,#GalaxyS25Edge 
84261536350215746_5682496456,carousel,5/21/2025 2:00,891,25,#GalaxyS25Edge 
28659847546714902_6361293530,carousel,6/5/2025 14:00,290,14,#GalaxyS25Edge 
26703245804005682_9927895774,carousel,5/26/2025 6:00,0,3,#GalaxyS25Edge 
63568586431351396_9473200914,image,5/24/2025 21:00,444,8,#GalaxyS25Edge 
12155555481385045_1533293754,reel,5/2/2025 16:00,0,9,#GalaxyS25Edge 
65799769456582922_3571868920,image,4/4/2025 17:00,355,9,#GalaxyS25Edge 
50638249336262261_4873760338,carousel,6/10/2025 7:00,472,11,#GalaxyS25Edge 
11395367958867956_5766294689,reel,5/1/2025 4:00,447,15,#GalaxyS25Edge 
71024584065279655_5657283497,image,6/5/2025 21:00,435,13,#GalaxyS25Edge 
21872192904038256_4931404716,image,3/26/2025 5:00,73,0,#GalaxyS25Edge 
03812045589390969_4685445366,reel,6/5/2025 18:00,287,8,#GalaxyS25Edge 
63504609220452941_2811885096,carousel,5/13/2025 1:00,315,8,#GalaxyS25Edge 
85922104883505407_0986887690,carousel,5/19/2025 10:00,195,6,#GalaxyS25Edge 
51873070746028510_8670529657,image,4/5/2025 13:00,165,7,#GalaxyS25Edge 
65843990820978682_1544724163,image,5/27/2025 6:00,193,4,#GalaxyS25Edge 
67693315694098365_5447531228,carousel,4/9/2025 18:00,56,1,#GalaxyS25Edge 
73199377140341792_6368721739,image,4/15/2025 15:00,0,6,#GalaxyS25Edge 
86557352253328467_3369458771,reel,4/3/2025 20:00,128,2,#GalaxyS25Edge 
61534166631967743_5313689455,carousel,4/26/2025 14:00,123,5,#GalaxyS25Edge 
75845711629044844_3315676544,image,6/2/2025 12:00,760,0,#GalaxyS25Edge 
57277866427447421_9879782200,image,6/10/2025 22:00,260,9,#GalaxyS25Edge 
16489636913521370_2998571788,carousel,5/28/2025 7:00,23,0,#GalaxyS25Edge 
74792728125106273_1057511980,image,4/16/2025 1:00,482,16,#GalaxyS25Edge 
47597632252638698_4791036752,reel,5/5/2025 16:00,625,16,#GalaxyS25Edge 
72189415414269940_7987981861,reel,3/17/2025 19:00,158,8,#GalaxyS25Edge 
69774126912763237_0210793913,image,5/24/2025 3:00,174,6,#GalaxyS25Edge 
97112789768950482_6048421734,image,3/28/2025 1:00,70,1,#GalaxyS25Edge 
43440990088935720_3361740675,carousel,4/25/2025 20:00,182,3,#GalaxyS25Edge 
26161605809850690_7002293004,image,3/28/2025 12:00,1511,32,#GalaxyS25Edge 
94259703697544930_9989208655,image,6/12/2025 11:00,309,3,#GalaxyS25Edge 
68694201258100913_4978281837,image,5/24/2025 22:00,92,2,#GalaxyS25Edge 
82107318274994727_7832201709,image,6/11/2025 1:00,110,2,#GalaxyS25Edge 
40281498913852680_9047123070,image,4/1/2025 6:00,721,21,#GalaxyS25Edge 
17573153163473150_7067683103,image,5/31/2025 1:00,289,7,#GalaxyS25Edge 
42740742918756507_0006111571,image,4/6/2025 22:00,303,7,#GalaxyS25Edge 
12216772073787372_3338796350,image,5/4/2025,90,3,#GalaxyS25Edge 
40056438043846849_9792078224,image,5/22/2025 3:00,335,0,#GalaxyS25Edge 
26301833970597774_2480652874,reel,5/30/2025 14:00,590,15,#GalaxyS25Edge 
15958576203976229_9128251554,carousel,6/7/2025 17:00,33,0,#GalaxyS25Edge 
94699044544407006_2048587296,carousel,4/8/2025 2:00,813,25,#GalaxyS25Edge 
01791812996514483_1301142744,carousel,6/3/2025 13:00,92,1,#GalaxyS25Edge 
42023363374278272_8206015350,carousel,4/5/2025 16:00,0,12,#GalaxyS25Edge 
59791577679274057_9654561502,image,3/15/2025 7:00,71,3,#GalaxyS25Edge 
59382058160281548_3113058626,image,4/23/2025 1:00,119,1,#GalaxyS25Edge 
32833764117443059_3139042785,carousel,5/26/2025 12:00,41,1,#GalaxyS25Edge 
56049701041966726_3955680018,carousel,5/2/2025 7:00,415,12,#GalaxyS25Edge 
99420957959378493_0724179528,reel,5/27/2025 23:00,466,22,#GalaxyS25Edge 
75299939293134844_4740619080,image,5/30/2025 9:00,119,1,#GalaxyS25Edge 
47469623218321792_4086331977,reel,3/29/2025 16:00,306,8,#GalaxyS25Edge 
21428610129094357_1077998447,carousel,5/26/2025 4:00,136,0,#GalaxyS25Edge 
83320351618349003_6949120746,carousel,5/26/2025,181,3,#GalaxyS25Edge 
11183938376804844_4530589965,image,6/12/2025 1:00,908,22,#GalaxyS25Edge 
38947173749686661_5163215990,reel,3/17/2025 6:00,591,11,#GalaxyS25Edge 
03232041804356007_1613163915,reel,4/30/2025 16:00,342,10,#GalaxyS25Edge 
11336248761551999_1412966634,image,4/11/2025 22:00,71,2,#GalaxyS25Edge 
38332401321346321_4297042217,reel,4/19/2025 2:00,80,0,#GalaxyS25Edge 
73767093250570761_3084512059,image,4/23/2025 4:00,200,3,#GalaxyS25Edge 
13728104999205382_9683981504,image,6/12/2025 2:00,696,18,#GalaxyS25Edge 
43486601162871844_3401545238,carousel,6/3/2025 12:00,97,4,#GalaxyS25Edge 
51509605808593656_1200181612,image,5/15/2025 23:00,497,0,#GalaxyS25Edge 
03030528156600989_8061145750,image,4/30/2025 20:00,417,10,#GalaxyS25Edge 
38738738924688889_3310151699,image,4/5/2025 17:00,292,12,#GalaxyS25Edge 
07147751409187677_2863039775,reel,5/19/2025 10:00,214,7,#GalaxyS25Edge 
37791440492228266_2339516524,image,4/5/2025 23:00,533,22,#GalaxyS25Edge 
84200459008141500_8611535756,image,5/21/2025,133,3,#GalaxyS25Edge 
92002556817810690_7650723103,image,4/21/2025 16:00,93,2,#GalaxyS25Edge 
86395386983684866_2109002595,carousel,4/2/2025 15:00,72,3,#GalaxyS25Edge 
61050125179120556_9373867077,carousel,4/9/2025 17:00,101,3,#GalaxyS25Edge 
71626541343505393_8788059267,reel,5/4/2025 6:00,113,1,#GalaxyS25Edge 
16569716066738649_9328666580,image,5/14/2025 20:00,117,3,#GalaxyS25Edge 
25953883960792246_0586116087,carousel,3/21/2025 16:00,199,7,#GalaxyS25Edge 
92993501487331309_8142219910,carousel,5/22/2025 19:00,202,4,#GalaxyS25Edge 
38475617582319033_1443965195,image,5/25/2025 22:00,116,3,#GalaxyS25Edge 
59520379134689428_7539726763,image,6/9/2025 11:00,91,3,#GalaxyS25Edge 
95677331411894957_9191428798,carousel,4/12/2025 22:00,327,9,#GalaxyS25Edge 
34076811562123708_3854183071,image,5/23/2025 17:00,359,13,#GalaxyS25Edge 
38608337516061825_0580832024,carousel,3/18/2025 20:00,193,7,#GalaxyS25Edge 
33889167990767418_0058885105,image,5/20/2025 4:00,88,3,#GalaxyS25Edge 
83293147542577234_7163726449,carousel,3/16/2025 5:00,41,1,#GalaxyS25Edge 
87581053107378988_6140673631,image,5/5/2025 21:00,585,24,#GalaxyS25Edge 
35378953185525122_9888139973,carousel,4/18/2025 16:00,41,1,#GalaxyS25Edge 
29542344565891124_0903433540,image,4/13/2025 22:00,520,18,#GalaxyS25Edge 
66713206584935040_8981917715,reel,4/6/2025 14:00,28,1,#GalaxyS25Edge 
25302032699768377_9646214048,carousel,5/11/2025 21:00,271,7,#GalaxyS25Edge 
54717688199748207_8769453318,carousel,3/20/2025 19:00,50,2,#GalaxyS25Edge 
88773729813572877_7439390967,reel,4/30/2025 9:00,119,3,#GalaxyS25Edge 
55901137251642898_0060813901,reel,5/15/2025 18:00,229,2,#GalaxyS25Edge 
30989055694277665_4444728705,image,6/3/2025 10:00,140,4,#GalaxyS25Edge 
65089633282188465_5071120847,carousel,3/29/2025 8:00,212,5,#GalaxyS25Edge 
90542408377812960_6970312948,image,4/30/2025 10:00,313,8,#GalaxyS25Edge 
13862468920369285_5211762613,reel,3/24/2025 1:00,182,7,#GalaxyS25Edge 
50500658920482448_4775198566,image,5/22/2025 3:00,409,6,#GalaxyS25Edge 
74157461597157773_1498805506,reel,4/13/2025 11:00,108,2,#GalaxyS25Edge 
92129133789492413_2481558555,image,3/27/2025 8:00,76,2,#GalaxyS25Edge 
96110667327655126_9775692854,carousel,4/18/2025 20:00,200,9,#GalaxyS25Edge 
99237356013029176_1843348290,reel,4/13/2025 11:00,603,21,#GalaxyS25Edge 
96084730162532357_9817690732,image,3/23/2025 20:00,129,3,#GalaxyS25Edge 
82315394439692529_8707783557,image,6/4/2025 8:00,459,11,#GalaxyS25Edge 
06684204133490554_7333097208,carousel,3/15/2025 8:00,21,0,#GalaxyS25Edge 
36815290380941447_3925478787,reel,4/18/2025 2:00,126,1,#GalaxyS25Edge 
40838161728168009_7956972159,image,5/1/2025 11:00,887,26,#GalaxyS25Edge 
24266627133626274_1813350375,image,4/4/2025 19:00,235,9,#GalaxyS25Edge 
39605077190946878_0802895149,carousel,5/15/2025 7:00,101,3,#GalaxyS25Edge 
37779752205569489_1515893033,carousel,6/6/2025,727,21,#GalaxyS25Edge 
91983670208030093_3024102322,image,4/10/2025 23:00,150,6,#GalaxyS25Edge 
85291905216573235_1711800359,image,4/8/2025 13:00,311,14,#GalaxyS25Edge 
06785156695593503_6752617582,carousel,3/23/2025 19:00,342,8,#GalaxyS25Edge 
48888219403364517_6473121723,reel,5/19/2025 3:00,676,25,#GalaxyS25Edge 
44021569655605944_6703261358,reel,4/18/2025 10:00,129,5,#GalaxyS25Edge 
12916003485726332_3677335453,image,6/2/2025,194,5,#GalaxyS25Edge 
73178296822968193_7755508681,carousel,6/3/2025 9:00,130,6,#GalaxyS25Edge 
06325668768711214_7176632814,image,4/26/2025 7:00,284,7,#GalaxyS25Edge 
68859759010650233_4264756788,image,6/9/2025 19:00,208,7,#GalaxyS25Edge 
02557303804394568_0401175074,image,5/5/2025 5:00,92,1,#GalaxyS25Edge 
15623416316781117_0238834914,carousel,4/18/2025,60,0,#GalaxyS25Edge 
08254489927821968_5749478107,carousel,6/7/2025 5:00,186,3,#GalaxyS25Edge 
86486668708109348_8377790332,image,6/9/2025 9:00,115,6,#GalaxyS25Edge 
64638711086630386_3107234981,image,4/20/2025 9:00,184,1,#GalaxyS25Edge 
90554220661643259_1353486255,image,4/1/2025 4:00,154,0,#GalaxyS25Edge 
61402154818291170_2173605568,carousel,3/19/2025 11:00,784,20,#GalaxyS25Edge 
63313817961274113_0657447423,carousel,4/21/2025 23:00,60,2,#GalaxyS25Edge 
89504705091050957_8791682664,carousel,4/9/2025 8:00,286,6,#GalaxyS25Edge 
55102941309841164_5864708029,carousel,3/19/2025 1:00,222,7,#GalaxyS25Edge 
67544218865914135_0196694410,image,3/25/2025 23:00,250,9,#GalaxyS25Edge 
36259677344440182_9148593929,reel,4/18/2025 22:00,120,2,#GalaxyS25Edge 
55145703070584076_4051158233,reel,3/20/2025 2:00,62,2,#GalaxyS25Edge 
72521833797697159_9506302102,reel,3/26/2025 10:00,157,3,#GalaxyS25Edge 
08883563204107477_2541525303,carousel,5/7/2025 2:00,353,11,#GalaxyS25Edge 
00822152459896026_8105453011,image,4/22/2025 10:00,141,2,#GalaxyS25Edge 
75003441573598809_2660638808,carousel,6/10/2025 12:00,168,9,#GalaxyS25Edge 
55680180495133530_3893537311,reel,4/19/2025 19:00,116,1,#GalaxyS25Edge 
31818934671774645_1633225895,carousel,4/27/2025 16:00,635,14,#GalaxyS25Edge 
86845674621034025_9133353341,image,5/26/2025 7:00,271,8,#GalaxyS25Edge 
25967754246099247_4635535017,reel,3/26/2025 8:00,93,1,#GalaxyS25Edge 
50473553408211398_7031348697,image,4/1/2025,54,2,#GalaxyS25Edge 
12315270449807242_8739757272,carousel,5/17/2025 15:00,24,0,#GalaxyS25Edge 
71752469346789521_6144902285,reel,3/22/2025 13:00,102,2,#GalaxyS25Edge 
37705258287394345_3454757310,reel,3/24/2025 14:00,358,8,#GalaxyS25Edge 
62888285039098684_5711677761,image,3/28/2025 10:00,92,3,#GalaxyS25Edge 
78818132314443735_0980250720,carousel,5/23/2025 1:00,404,21,#GalaxyS25Edge 
92569849593508509_1458948178,image,4/6/2025 12:00,727,19,#GalaxyS25Edge 
90417307811350428_0450995459,carousel,3/17/2025 5:00,35,0,#GalaxyS25Edge 
79779034332102908_8572207704,carousel,3/29/2025 14:00,61,4,#GalaxyS25Edge 
17075998389610379_8255464858,reel,5/29/2025 19:00,774,14,#GalaxyS25Edge 
26904134575961632_3449175023,reel,3/26/2025 23:00,260,3,#GalaxyS25Edge 
22393275802001717_2077548211,image,4/19/2025 20:00,31,0,#GalaxyS25Edge 
34589115606077184_6653606149,reel,5/1/2025 18:00,406,8,#GalaxyS25Edge 
27757600111531076_5823226592,reel,4/5/2025 18:00,172,7,#GalaxyS25Edge 
46049569546265423_9509358990,reel,4/24/2025 1:00,156,4,#GalaxyS25Edge 
18347269802502164_2344334352,carousel,5/28/2025 4:00,107,0,#GalaxyS25Edge 
13168484136226526_9169069440,image,5/28/2025 4:00,89,3,#GalaxyS25Edge 
30281625277049051_4921151212,image,4/2/2025 6:00,291,14,#GalaxyS25Edge 
18056842256011821_3804794248,reel,4/7/2025 10:00,325,8,#GalaxyS25Edge 
23048904622699644_1381398676,carousel,4/30/2025 9:00,162,0,#GalaxyS25Edge 
27253469880844860_4236494131,carousel,4/12/2025 1:00,740,31,#GalaxyS25Edge 
23458861322514182_8929469922,image,3/15/2025 5:00,207,3,#GalaxyS25Edge 
81112874589438658_2636227987,carousel,4/13/2025 16:00,378,17,#GalaxyS25Edge 
52420952799776519_5601709576,carousel,5/24/2025,289,10,#GalaxyS25Edge 
92413311595295273_2998745491,carousel,5/2/2025 8:00,188,8,#GalaxyS25Edge 
31600497560200611_8410026938,image,5/17/2025,94,1,#GalaxyS25Edge 
23845558221238381_0150550950,image,3/23/2025 1:00,58,5,#GalaxyS25Edge 
92700509739283459_7209093555,image,4/22/2025 4:00,69,3,#GalaxyS25Edge 
99489932267352184_2135126092,carousel,3/27/2025 23:00,854,24,#GalaxyS25Edge 
90035230486651489_7403995973,reel,6/1/2025 17:00,327,10,#GalaxyS25Edge 
84155054061451434_4035021631,image,4/5/2025 7:00,561,18,#GalaxyS25Edge 
30952288080291316_5621173267,carousel,4/28/2025,537,18,#GalaxyS25Edge 
00873661354551962_9190961218,image,3/21/2025 8:00,279,6,#GalaxyS25Edge 
09696872740300650_3626605195,image,5/25/2025 9:00,243,8,#GalaxyS25Edge 
89125341224344180_5192014122,image,4/20/2025 21:00,307,11,#GalaxyS25Edge 
22825001899156124_5045352976,carousel,4/29/2025 19:00,641,25,#GalaxyS25Edge 
07652072830490775_8148469291,image,4/21/2025 11:00,0,5,#GalaxyS25Edge 
27737551249975523_6589144646,carousel,4/12/2025 10:00,230,12,#GalaxyS25Edge 
52863209489454818_6196178843,image,5/3/2025 20:00,212,6,#GalaxyS25Edge 
92266006061639846_9027756228,image,5/10/2025 22:00,76,4,#GalaxyS25Edge 
25555286457760687_7818591658,image,4/17/2025 21:00,304,9,#GalaxyS25Edge 
39994529842553063_8718662049,carousel,3/31/2025 13:00,259,9,#GalaxyS25Edge 
69298120943546030_7825752386,image,5/14/2025 6:00,292,7,#GalaxyS25Edge 
19371089222277872_1545392797,carousel,5/26/2025 7:00,58,2,#GalaxyS25Edge 
44735896026907834_8794440015,carousel,3/27/2025 19:00,262,4,#GalaxyS25Edge 
83323207855990966_0769574498,carousel,4/26/2025 5:00,212,9,#GalaxyS25Edge 
83022175829729119_0486289878,reel,5/19/2025 22:00,526,8,#GalaxyS25Edge 
65147882838124781_6389515424,carousel,4/20/2025,123,3,#GalaxyS25Edge 
96962156422003106_7087651361,reel,5/8/2025 4:00,26,2,#GalaxyS25Edge 
86051478782615272_9962919949,reel,4/25/2025 13:00,25,0,#GalaxyS25Edge 
28278697565763280_2685743606,image,4/26/2025 17:00,790,19,#GalaxyS25Edge 
34495255152512660_3432827167,image,4/17/2025 9:00,1130,36,#GalaxyS25Edge 
28401375545598336_2221359613,carousel,4/24/2025 20:00,29,1,#GalaxyS25Edge 
82697933650382494_2358079473,image,5/28/2025 20:00,369,11,#GalaxyS25Edge 
28274212280714459_4362865732,carousel,4/2/2025 9:00,278,13,#GalaxyS25Edge 
25441547931418071_1350950239,image,4/14/2025 7:00,292,9,#GalaxyS25Edge 
22375224376848913_2198569464,reel,4/4/2025 3:00,451,14,#GalaxyS25Edge 
48059144546675740_5357933777,carousel,5/2/2025 14:00,359,5,#GalaxyS25Edge 
72215653072669290_9183430851,image,4/15/2025 19:00,241,3,#GalaxyS25Edge 
71608215561536684_8523058631,carousel,4/20/2025 17:00,184,4,#GalaxyS25Edge 
36337962645761980_2699892648,carousel,4/3/2025 21:00,80,3,#GalaxyS25Edge 
14892239212775033_8936621290,carousel,3/19/2025 16:00,348,9,#GalaxyS25Edge 
75180834696128621_8952460543,carousel,6/12/2025 18:00,132,2,#GalaxyS25Edge 
00701697161464531_0948289604,carousel,5/21/2025 5:00,138,4,#GalaxyS25Edge 
40247679664738821_0142690348,image,4/23/2025 11:00,577,14,#GalaxyS25Edge 
28894384598966558_2666906617,reel,6/2/2025 7:00,871,24,#GalaxyS25Edge 
19332064405362772_7571725304,image,4/9/2025 17:00,79,0,#GalaxyS25Edge 
77814650633799739_7563115217,reel,5/30/2025 19:00,435,17,#GalaxyS25Edge 
77122114594415307_9974544526,carousel,5/20/2025 16:00,162,4,#GalaxyS25Edge 
29697095344951109_2330118055,reel,4/6/2025 12:00,156,5,#GalaxyS25Edge 
51213154268993948_0201164845,carousel,6/9/2025 20:00,111,4,#GalaxyS25Edge 
04734698831624328_1889042004,image,4/25/2025 17:00,67,1,#GalaxyS25Edge 
64511644840598486_5934594000,reel,4/17/2025 3:00,256,7,#GalaxyS25Edge 
15536633834928488_8351419092,reel,6/5/2025 19:00,581,16,#GalaxyS25Edge 
46925695605001012_3981781590,image,4/23/2025 16:00,218,7,#GalaxyS25Edge 
65557931500858690_2225254999,image,4/3/2025 12:00,435,11,#GalaxyS25Edge 
97239823682007428_2773006118,carousel,4/3/2025 10:00,199,4,#GalaxyS25Edge 
32967897037562907_0344418993,reel,3/24/2025 11:00,353,15,#GalaxyS25Edge 
17433980234792647_2597517674,carousel,5/24/2025 14:00,436,10,#GalaxyS25Edge 
44342079507327166_1843697919,reel,3/21/2025 15:00,297,7,#GalaxyS25Edge 
19958567766087288_1346540244,carousel,5/17/2025 1:00,355,4,#GalaxyS25Edge 
76389178402798392_8622903844,image,4/14/2025 17:00,196,2,#GalaxyS25Edge 
07665203170156251_9886188642,image,6/10/2025 22:00,120,2,#GalaxyS25Edge 
82023105773991416_4051401739,reel,6/8/2025 22:00,218,6,#GalaxyS25Edge 
38450918541072180_7525784358,image,4/26/2025 11:00,136,4,#GalaxyS25Edge 
19896354406696849_1240641511,image,3/20/2025 5:00,237,3,#GalaxyS25Edge 
43577382752937473_6948661362,image,5/20/2025 1:00,292,10,#GalaxyS25Edge 
78065183456455452_8413033288,carousel,4/13/2025 15:00,281,2,#GalaxyS25Edge 
28803923840042719_4684755496,image,4/23/2025 8:00,266,6,#GalaxyS25Edge 
63645889177306692_8386506866,carousel,5/24/2025 22:00,108,5,#GalaxyS25Edge 
02346861434851966_5014535954,carousel,4/28/2025 12:00,102,2,#GalaxyS25Edge 
17425312443626996_6308355021,carousel,4/7/2025 23:00,175,6,#GalaxyS25Edge 
30566131329317209_4926326129,image,6/6/2025 8:00,125,6,#GalaxyS25Edge 
25808209331797331_3627942984,carousel,5/1/2025 6:00,28,0,#GalaxyS25Edge 
00187291397415834_1172856954,image,5/7/2025 12:00,247,3,#GalaxyS25Edge 
69339771188836718_0772243538,image,4/10/2025 2:00,246,9,#GalaxyS25Edge 
23693472842567921_6866139509,reel,5/27/2025 7:00,228,7,#GalaxyS25Edge 
03898003118831386_9023913458,carousel,5/15/2025 1:00,191,3,#GalaxyS25Edge 
88398221352337377_4987890928,image,4/26/2025 21:00,707,27,#GalaxyS25Edge 
61105564560832548_6973772701,reel,6/10/2025 14:00,27,1,#GalaxyS25Edge 
44898946986301898_3218758557,carousel,4/4/2025 21:00,575,16,#GalaxyS25Edge 
76329947350912303_4617659228,carousel,3/15/2025 22:00,686,27,#GalaxyS25Edge 
44782376943760121_7653556512,reel,6/8/2025 13:00,164,6,#GalaxyS25Edge 
08657515625652745_4902394567,carousel,5/26/2025 4:00,18,0,#GalaxyS25Edge 
48102321722538658_3712464526,carousel,5/2/2025 13:00,286,17,#GalaxyS25Edge 
62456323224844847_6710953908,image,5/8/2025 10:00,122,6,#GalaxyS25Edge 
61988485513012412_8975226359,reel,4/26/2025 10:00,1663,55,#GalaxyS25Edge 
20961581257038137_6207506085,image,3/18/2025 23:00,222,6,#GalaxyS25Edge 
09637021205020243_9119570024,carousel,4/9/2025 23:00,287,3,#GalaxyS25Edge 
04958567102832300_3105612706,carousel,3/25/2025 4:00,224,9,#GalaxyS25Edge 
22113211258147210_3114674968,reel,6/4/2025 9:00,157,7,#GalaxyS25Edge 
99399754872017652_8945640138,carousel,5/4/2025 9:00,0,16,#GalaxyS25Edge 
36385640904874464_7704010799,reel,5/13/2025 11:00,188,7,#GalaxyS25Edge 
68800602394105205_0404783603,carousel,4/6/2025 6:00,374,12,#GalaxyS25Edge 
31151229881721087_4014157495,image,5/19/2025 11:00,49,3,#GalaxyS25Edge 
09112412005658327_5050594768,image,5/6/2025,92,1,#GalaxyS25Edge 
30558768339908614_6998908985,carousel,4/3/2025 18:00,259,8,#GalaxyS25Edge 
67178459230978249_6019399638,image,3/25/2025 13:00,114,4,#GalaxyS25Edge 
98405466580611164_0233543637,image,5/3/2025 6:00,38,3,#GalaxyS25Edge 
71850582388304412_3017495898,carousel,3/17/2025 1:00,150,4,#GalaxyS25Edge 
60059630395945755_0158274866,image,6/11/2025 18:00,54,4,#GalaxyS25Edge 
81362037036947506_3630934965,image,5/3/2025 3:00,623,11,#GalaxyS25Edge 
41574185227634939_5047160023,image,5/4/2025 19:00,128,4,#GalaxyS25Edge 
48598794182014705_7173436079,reel,4/27/2025 4:00,146,6,#GalaxyS25Edge 
86036078556603698_7594369131,reel,5/4/2025 5:00,60,3,#GalaxyS25Edge 
49535121661243938_3260225599,reel,5/13/2025 13:00,0,12,#GalaxyS25Edge 
60406896181681001_8642762792,image,4/7/2025 5:00,66,3,#GalaxyS25Edge 
56305596397653183_5365962347,image,4/18/2025 12:00,138,5,#GalaxyS25Edge 
13227688244691303_8875167828,image,4/14/2025 18:00,234,5,#GalaxyS25Edge 
82650152516560722_4702457759,image,6/9/2025 6:00,106,2,#GalaxyS25Edge 
32481375484375025_6549479914,image,6/11/2025 19:00,441,9,#GalaxyS25Edge 
99355332156699316_6441639323,carousel,4/25/2025 7:00,95,3,#GalaxyS25Edge 
85072258474559070_4640421388,carousel,4/2/2025,126,7,#GalaxyS25Edge 
75972771232793585_9177706550,image,3/23/2025 22:00,322,15,#GalaxyS25Edge 
66580492366291522_1504871354,carousel,6/6/2025 22:00,175,0,#GalaxyS25Edge 
92187283097832333_3331411312,carousel,3/19/2025 22:00,6,0,#GalaxyS25Edge 
55803148310196379_8139727605,reel,5/17/2025 6:00,350,11,#GalaxyS25Edge 
59138133112941498_2519200414,reel,4/3/2025 12:00,220,10,#GalaxyS25Edge 
85059640970572965_4037623778,carousel,5/29/2025 16:00,119,4,#GalaxyS25Edge 
78139359478306096_6415973354,carousel,4/2/2025 12:00,0,5,#GalaxyS25Edge 
92255423214625484_9844359939,carousel,5/9/2025 1:00,138,5,#GalaxyS25Edge 
10287186039948200_7794023725,carousel,4/21/2025 14:00,116,0,#GalaxyS25Edge 
01038858267813411_6953078863,reel,5/16/2025 5:00,122,3,#GalaxyS25Edge 
49670961717545555_3837338070,reel,5/21/2025 23:00,141,6,#GalaxyS25Edge 
30469186723669366_9831815571,image,5/8/2025 13:00,73,2,#GalaxyS25Edge 
24975886394580750_8359461018,image,4/8/2025 11:00,119,4,#GalaxyS25Edge 
77293484554459482_5722197972,image,4/17/2025 22:00,910,30,#GalaxyS25Edge 
78001620235115462_9301182531,image,5/29/2025 14:00,163,6,#GalaxyS25Edge 
24422021457412342_9555499267,carousel,6/1/2025 23:00,413,17,#GalaxyS25Edge 
40579924298623116_3206451431,carousel,4/27/2025 3:00,206,3,#GalaxyS25Edge 
56450966729150126_3265635337,reel,5/24/2025 16:00,429,13,#GalaxyS25Edge 
57873675957514633_1881573094,image,5/11/2025 19:00,126,4,#GalaxyS25Edge 
04496517181054588_4784896279,reel,3/24/2025 17:00,273,7,#GalaxyS25Edge 
15570018881781488_0414529694,image,5/1/2025 20:00,308,11,#GalaxyS25Edge 
18630280998275219_3165940822,carousel,4/13/2025 13:00,489,16,#GalaxyS25Edge 
84247352192711700_1141814992,carousel,3/27/2025 19:00,137,3,#GalaxyS25Edge 
98379042138243411_7989037907,carousel,3/28/2025 10:00,107,5,#GalaxyS25Edge 
98416323214201936_1269794466,image,3/29/2025 13:00,374,9,#GalaxyS25Edge 
34736216344044398_8745920543,reel,3/27/2025 16:00,71,4,#GalaxyS25Edge 
64801518314518067_0230430972,image,5/25/2025 7:00,186,4,#GalaxyS25Edge 
87077001546986046_7043592658,image,5/18/2025 13:00,209,5,#GalaxyS25Edge 
70209657782592795_6164231097,carousel,5/18/2025 2:00,405,7,#GalaxyS25Edge 
52011189916026408_2824352838,carousel,5/9/2025 3:00,1245,32,#GalaxyS25Edge 
59146948515246374_0874297186,image,4/4/2025 18:00,25,3,#GalaxyS25Edge 
05239007996230815_7877434866,carousel,4/15/2025 6:00,69,1,#GalaxyS25Edge 
10101496991982791_9605388881,carousel,4/5/2025 21:00,66,0,#GalaxyS25Edge 
44289416016903268_1465406536,carousel,5/18/2025 11:00,349,10,#GalaxyS25Edge 
36589595329156313_4029847298,carousel,4/5/2025 15:00,85,1,#GalaxyS25Edge 
09529256328606814_2605102889,carousel,5/2/2025 13:00,206,5,#GalaxyS25Edge 
70531671770034720_8568811507,image,6/2/2025 1:00,793,22,#GalaxyS25Edge 
16215332493852806_4832632517,image,5/29/2025 2:00,433,13,#GalaxyS25Edge 
86479466230349978_7197053039,carousel,5/5/2025 8:00,38,1,#GalaxyS25Edge 
84382850882535080_6258752357,carousel,5/26/2025 16:00,79,3,#GalaxyS25Edge 
15490136523769690_5008329686,image,5/30/2025 20:00,42,1,#GalaxyS25Edge 
21691732039195928_2466221630,image,4/2/2025 14:00,350,9,#GalaxyS25Edge 
56332723814667746_5883754182,image,6/1/2025,265,8,#GalaxyS25Edge 
24481142050140118_0121979576,carousel,4/7/2025 11:00,527,18,#GalaxyS25Edge 
19317446156146480_7745550206,image,6/11/2025 21:00,84,6,#GalaxyS25Edge 
10111620699240324_0633740774,image,3/15/2025 1:00,218,8,#GalaxyS25Edge 
30052752016485309_9593072752,carousel,3/25/2025 4:00,380,13,#GalaxyS25Edge 
08925537214490476_4313850718,reel,3/22/2025 3:00,799,30,#GalaxyS25Edge 
43587746682537691_2611130940,carousel,4/3/2025 12:00,155,5,#GalaxyS25Edge 
28411688386786059_6611393409,image,3/31/2025 10:00,321,9,#GalaxyS25Edge 
79396928003905768_6082458786,carousel,5/27/2025 2:00,65,3,#GalaxyS25Edge 
76570014749313318_3548640331,image,3/18/2025 20:00,87,0,#GalaxyS25Edge 
00454570959684190_7314911429,reel,4/1/2025 8:00,116,0,#GalaxyS25Edge 
19867720401735102_5608877787,image,5/17/2025 14:00,201,3,#GalaxyS25Edge 
08504429405686699_7820785917,image,4/8/2025 11:00,1131,42,#GalaxyS25Edge 
54090164834794842_5115635541,image,4/16/2025 2:00,303,9,#GalaxyS25Edge 
58124807116503933_7498863795,carousel,5/24/2025 9:00,81,2,#GalaxyS25Edge 
09946691151533108_6639960966,carousel,4/30/2025 18:00,107,6,#GalaxyS25Edge 
13146680929725832_7295772859,image,3/25/2025 6:00,766,22,#GalaxyS25Edge 
62741811135112702_5826637192,carousel,4/25/2025 8:00,122,5,#GalaxyS25Edge 
44119939301401721_4680044796,reel,4/3/2025 11:00,80,5,#GalaxyS25Edge 
01121809237263982_9396697564,reel,5/5/2025 2:00,254,6,#GalaxyS25Edge 
75972765589955529_9501124859,image,5/6/2025 13:00,244,5,#GalaxyS25Edge 
15204828596825673_8022038117,carousel,3/24/2025 22:00,60,3,#GalaxyS25Edge 
74296181509646113_9775797699,image,5/7/2025 6:00,67,3,#GalaxyS25Edge 
27027619980923158_2218858115,carousel,4/3/2025 14:00,177,6,#GalaxyS25Edge 
60411973291016788_5153774803,reel,6/10/2025 23:00,179,1,#GalaxyS25Edge 
76653600075422310_2513139849,image,3/30/2025 19:00,58,0,#GalaxyS25Edge 
54931813555755893_0469178658,image,4/11/2025 6:00,76,0,#GalaxyS25Edge 
21710683205339277_3616025090,image,4/20/2025 17:00,171,5,#GalaxyS25Edge 
71184634402726209_1606089461,carousel,5/13/2025 8:00,67,2,#GalaxyS25Edge 
80659129166942330_2330802499,image,3/26/2025 20:00,192,10,#GalaxyS25Edge 
97979899021365887_9044679345,carousel,5/25/2025,40,0,#GalaxyS25Edge 
70325260519444908_2717515959,reel,3/22/2025 6:00,1041,26,#GalaxyS25Edge 
74267959497621499_7767090734,carousel,3/19/2025 15:00,406,16,#GalaxyS25Edge 
25976666121216580_7381375554,reel,3/26/2025 21:00,588,20,#GalaxyS25Edge 
58411470972339205_2761284271,image,5/25/2025 3:00,125,4,#GalaxyS25Edge 
19371914825601077_5364139357,carousel,5/30/2025,204,7,#GalaxyS25Edge 
21623911760715330_8503760403,image,5/8/2025 17:00,66,0,#GalaxyS25Edge 
07535669491868940_0989790796,carousel,3/16/2025 22:00,427,17,#GalaxyS25Edge 
18362389375405344_5607659035,image,5/26/2025 10:00,335,10,#GalaxyS25Edge 
82732864039926355_1979066661,image,4/15/2025 20:00,50,1,#GalaxyS25Edge 
