id,media_type,timestamp,like_count,comments_count,hashtag
90909464983510483_2801390448,reel,12/6/2024 18:00,271,8,#GalaxyS25  
48959952326216286_8315986402,carousel,1/8/2025 11:00,261,5,#GalaxyS25  
14028152281059799_3533876901,image,2/11/2025 14:00,303,0,#GalaxyS25  
63829618535117748_6267940657,carousel,11/29/2024 19:00,843,24,#GalaxyS25  
19796650304991672_1528685784,reel,12/1/2024 1:00,0,6,#GalaxyS25  
06759066207900113_9948266114,image,1/24/2025 6:00,162,2,#GalaxyS25  
77048058997766098_7275032461,carousel,12/8/2024 14:00,133,2,#GalaxyS25  
64066228086507498_4205378876,image,2/15/2025 11:00,88,3,#GalaxyS25  
37400423219294704_2510607219,reel,2/11/2025 13:00,89,0,#GalaxyS25  
24701364937046590_9619421512,image,12/20/2024 8:00,387,8,#GalaxyS25  
91527057037205240_5407844733,image,12/31/2024 1:00,112,3,#GalaxyS25  
34359307449201239_3390804306,carousel,2/8/2025 22:00,222,11,#GalaxyS25  
76207768070514929_3758400198,reel,1/23/2025 5:00,283,8,#GalaxyS25  
59620194460091140_2982108218,carousel,12/14/2024 13:00,442,14,#GalaxyS25  
25627085822588246_1574294336,image,2/21/2025 3:00,304,10,#GalaxyS25  
71112188649510119_4721788614,carousel,2/1/2025 3:00,96,3,#GalaxyS25  
82984715759530785_5187292856,reel,12/18/2024 17:00,49,0,#GalaxyS25  
96484396222645135_5943265186,carousel,2/18/2025 14:00,58,1,#GalaxyS25  
77548849091265510_2819778330,image,12/19/2024 6:00,270,0,#GalaxyS25  
16784459094540947_7062936665,reel,1/26/2025 7:00,78,1,#GalaxyS25  
64954498043608569_6683928603,reel,2/5/2025 12:00,118,5,#GalaxyS25  
95296797313561401_6969749267,image,12/13/2024 10:00,196,11,#GalaxyS25  
04252983923556173_0751998821,carousel,2/4/2025 15:00,164,3,#GalaxyS25  
99057716779743987_5739240152,reel,12/7/2024 23:00,77,2,#GalaxyS25  
67667258171079938_4283085953,image,12/6/2024 20:00,0,13,#GalaxyS25  
02662913407982479_2001978290,image,12/17/2024 21:00,344,11,#GalaxyS25  
04353836447216312_2443115256,carousel,12/23/2024 18:00,217,8,#GalaxyS25  
57789192762121810_2392543736,reel,1/2/2025 18:00,61,2,#GalaxyS25  
01724382038054168_6339908375,carousel,2/19/2025 12:00,94,1,#GalaxyS25  
06025717130537699_1413705725,carousel,12/26/2024 13:00,95,4,#GalaxyS25  
30104780099183803_8108652673,reel,12/31/2024 8:00,121,5,#GalaxyS25  
74290031487419311_3813196396,reel,11/29/2024 20:00,173,8,#GalaxyS25  
33061567320737204_6941937313,reel,1/18/2025 12:00,75,1,#GalaxyS25  
06546161304671021_0929013619,image,12/11/2024 18:00,77,3,#GalaxyS25  
00727609675658943_5469280190,carousel,1/25/2025 5:00,108,3,#GalaxyS25  
93158365758258729_1316558982,image,1/9/2025 15:00,306,8,#GalaxyS25  
17446103931456666_6259500340,image,1/10/2025,199,6,#GalaxyS25  
02180818931936382_5625650824,reel,1/27/2025 19:00,50,2,#GalaxyS25  
95422173998642453_2687517311,carousel,2/4/2025 3:00,574,17,#GalaxyS25  
52921541674940862_9003895114,carousel,12/19/2024 10:00,512,13,#GalaxyS25  
42561372035102730_0447576654,image,2/3/2025 20:00,304,13,#GalaxyS25  
39842468758227119_2851211507,reel,12/8/2024 19:00,380,3,#GalaxyS25  
57183389493312347_2012622693,carousel,2/21/2025 2:00,429,17,#GalaxyS25  
67315052284324262_2035496179,reel,1/30/2025,172,7,#GalaxyS25  
59170974379151907_3261070461,image,12/13/2024 18:00,462,11,#GalaxyS25  
03917345434669991_1914055976,image,12/1/2024 12:00,46,1,#GalaxyS25  
36195047500437432_0286151086,image,1/31/2025 15:00,53,1,#GalaxyS25  
86532770080975867_1857687314,image,11/24/2024 19:00,716,21,#GalaxyS25  
62644335917954547_0977606976,reel,1/20/2025 3:00,62,2,#GalaxyS25  
91206494684187990_9365330540,image,2/3/2025 21:00,153,4,#GalaxyS25  
40458790643256554_3718616957,carousel,1/17/2025 13:00,62,4,#GalaxyS25  
58884567841781779_4906364560,image,11/28/2024,468,16,#GalaxyS25  
66526628792228131_0179651575,image,1/5/2025 22:00,910,32,#GalaxyS25  
11208744273323848_0109390942,image,1/23/2025 13:00,60,2,#GalaxyS25  
16258960611477959_9441834507,carousel,12/9/2024 6:00,246,7,#GalaxyS25  
03634182351086606_6989658447,carousel,11/30/2024 22:00,589,17,#GalaxyS25  
24016072580246196_5033313728,image,2/7/2025 18:00,13,0,#GalaxyS25  
01226130167055825_1426665894,carousel,12/9/2024 11:00,62,4,#GalaxyS25  
96148382088989041_3251171361,carousel,12/22/2024,208,9,#GalaxyS25  
41002269730073829_1984749122,image,12/26/2024 6:00,380,14,#GalaxyS25  
74115166648522247_6384843058,carousel,12/16/2024 3:00,188,5,#GalaxyS25  
07795140270873341_1602712403,reel,12/30/2024 7:00,1582,46,#GalaxyS25  
45029015941452922_2046070068,reel,12/20/2024 15:00,440,16,#GalaxyS25  
79131877602725663_3304702414,image,2/5/2025 10:00,321,6,#GalaxyS25  
01602309487294321_1171424652,image,12/16/2024 7:00,334,8,#GalaxyS25  
19510795562447441_1568803678,image,2/10/2025 5:00,275,7,#GalaxyS25  
00680470185880917_2405025738,image,1/24/2025 15:00,109,4,#GalaxyS25  
65628798901944914_7435481109,image,11/25/2024 13:00,191,4,#GalaxyS25  
11095098279448847_7641572558,image,1/8/2025 16:00,303,10,#GalaxyS25  
00991273877660935_6256720403,carousel,11/28/2024 11:00,249,6,#GalaxyS25  
11180539464394925_5706000157,carousel,12/3/2024 8:00,1334,45,#GalaxyS25  
46521352085842420_6187936836,reel,1/17/2025 10:00,350,8,#GalaxyS25  
58390658603480193_7215051846,image,12/4/2024 1:00,583,25,#GalaxyS25  
03173237323150094_8124507520,image,12/2/2024 8:00,311,14,#GalaxyS25  
05470541895964059_3855493899,image,2/3/2025 11:00,267,7,#GalaxyS25  
23339229832923104_9554417886,reel,1/9/2025 4:00,0,5,#GalaxyS25  
73318921849772371_2510922576,reel,12/30/2024,265,12,#GalaxyS25  
89051248321815341_3709239202,reel,12/7/2024 17:00,227,9,#GalaxyS25  
52727870879494446_5922395856,image,12/31/2024 2:00,538,18,#GalaxyS25  
63511356940224447_2793247096,carousel,12/29/2024 6:00,144,6,#GalaxyS25  
48882108431088064_9848443636,image,1/29/2025 12:00,87,2,#GalaxyS25  
77311879062098701_1621673246,image,11/28/2024 16:00,260,13,#GalaxyS25  
28184915388656755_5273428659,image,1/16/2025 23:00,302,10,#GalaxyS25  
77503049996364887_9945205090,carousel,2/1/2025 20:00,103,1,#GalaxyS25  
49351264962962961_1009923612,carousel,1/14/2025 16:00,302,8,#GalaxyS25  
74608823601459149_0516070486,reel,2/4/2025,256,5,#GalaxyS25  
69928830828189428_5543719049,carousel,1/25/2025 16:00,365,9,#GalaxyS25  
99581330714064046_5478280564,carousel,2/20/2025 4:00,134,4,#GalaxyS25  
15887764706466284_7500923369,reel,12/8/2024 1:00,58,0,#GalaxyS25  
37460970161357632_3354903526,carousel,1/26/2025 21:00,61,1,#GalaxyS25  
01702050328756464_0108088175,carousel,1/13/2025 3:00,159,1,#GalaxyS25  
82328309620912572_0956118904,reel,1/9/2025 8:00,477,19,#GalaxyS25  
28207610650614807_0758702137,carousel,1/8/2025 19:00,136,3,#GalaxyS25  
14149225181439418_9250406661,image,12/6/2024 2:00,32,2,#GalaxyS25  
03406545790323150_2364096184,carousel,12/26/2024 8:00,183,4,#GalaxyS25  
28755614208470980_5150492412,carousel,12/22/2024 20:00,190,5,#GalaxyS25  
74421783876325475_2755237192,image,1/18/2025 17:00,489,15,#GalaxyS25  
28080315850827514_0909956708,image,1/1/2025 23:00,436,9,#GalaxyS25  
57557925423832332_5769969181,reel,11/25/2024,131,7,#GalaxyS25  
94335780236222818_3877229876,carousel,1/29/2025 23:00,94,6,#GalaxyS25  
72319725371418571_9633735315,carousel,1/28/2025 6:00,142,6,#GalaxyS25  
58652011129501591_1515027192,reel,12/22/2024 15:00,103,2,#GalaxyS25  
93635790892649280_9042467673,image,2/15/2025,429,8,#GalaxyS25  
36426198351872239_8252171071,carousel,1/12/2025,137,3,#GalaxyS25  
68311446494356073_7431845271,carousel,2/6/2025 3:00,216,6,#GalaxyS25  
33312208940878493_5681215421,carousel,1/2/2025 5:00,616,16,#GalaxyS25  
13320690058772015_1648381714,reel,2/2/2025,114,1,#GalaxyS25  
31456985807834884_7777035957,carousel,1/4/2025 4:00,198,6,#GalaxyS25  
32549135051676951_6457810705,image,1/31/2025 20:00,227,3,#GalaxyS25  
92230069227084106_7107121087,image,12/7/2024 4:00,108,5,#GalaxyS25  
81937235761720587_3391255419,carousel,2/20/2025 10:00,133,3,#GalaxyS25  
93555207144730923_7641210151,carousel,12/29/2024 11:00,105,4,#GalaxyS25  
96186199263705826_4387315659,carousel,2/14/2025 22:00,196,3,#GalaxyS25  
98667988659477344_9198476796,reel,2/1/2025 17:00,148,5,#GalaxyS25  
24646466164641441_0549545509,reel,11/29/2024 18:00,706,22,#GalaxyS25  
91248380778585772_2401299336,carousel,12/8/2024 3:00,73,2,#GalaxyS25  
95505654879922250_7790979038,reel,2/18/2025 13:00,735,19,#GalaxyS25  
89044188418763612_5178297462,image,12/4/2024 17:00,78,4,#GalaxyS25  
32859200762748305_7447865373,carousel,11/28/2024 23:00,653,25,#GalaxyS25  
43983997556776133_2275369540,carousel,12/11/2024 1:00,359,13,#GalaxyS25  
57133866882616955_2445808209,carousel,12/25/2024 10:00,314,10,#GalaxyS25  
10862822856780372_1516540332,carousel,2/4/2025 1:00,373,8,#GalaxyS25  
55425878973993373_5419113984,reel,12/4/2024,247,4,#GalaxyS25  
71124792645970872_2890930003,carousel,1/29/2025 22:00,378,8,#GalaxyS25  
00685943721622174_8595275275,image,2/8/2025 17:00,169,8,#GalaxyS25  
95955739960893128_2656077939,image,1/23/2025 21:00,173,8,#GalaxyS25  
05813854091171726_4562134834,reel,12/7/2024 5:00,45,2,#GalaxyS25  
64754196279295032_5742043939,carousel,11/24/2024 15:00,63,1,#GalaxyS25  
92267267484050791_2327510239,image,12/21/2024 3:00,291,0,#GalaxyS25  
18204916269909940_3178481855,image,2/15/2025 15:00,411,15,#GalaxyS25  
32781210999712511_3187296927,reel,12/16/2024 2:00,102,2,#GalaxyS25  
76535900285473608_8478550435,image,11/30/2024 13:00,47,1,#GalaxyS25  
25857220372158063_8629143527,image,1/25/2025 2:00,149,3,#GalaxyS25  
66600599066488142_2433534367,image,1/17/2025 22:00,572,16,#GalaxyS25  
42908212821474274_7156655807,reel,1/11/2025 5:00,54,4,#GalaxyS25  
15818769438906135_6232550736,image,1/4/2025 15:00,145,3,#GalaxyS25  
44664045919183944_5528421057,reel,12/18/2024 4:00,171,8,#GalaxyS25  
03334029018999325_8642596443,carousel,12/9/2024 17:00,357,15,#GalaxyS25  
03243599047764352_7528858888,image,1/14/2025 6:00,100,2,#GalaxyS25  
36433723394080105_7605292625,carousel,12/29/2024 6:00,124,0,#GalaxyS25  
82458296625916058_8220585220,carousel,2/2/2025 14:00,264,5,#GalaxyS25  
49936749492501436_1328586127,carousel,12/10/2024 20:00,401,9,#GalaxyS25  
83982507242070272_1611458395,reel,1/5/2025,0,5,#GalaxyS25  
15053559791318588_2834515557,carousel,12/15/2024 12:00,538,13,#GalaxyS25  
83563207091777537_7257586178,image,12/16/2024 5:00,68,2,#GalaxyS25  
55165584216976516_8509623084,image,1/27/2025,268,8,#GalaxyS25  
88700013786051496_9839161563,image,1/27/2025 16:00,277,6,#GalaxyS25  
68411949450033611_9083629790,reel,12/21/2024 23:00,182,9,#GalaxyS25  
91978106937594934_1795083629,carousel,1/12/2025 3:00,108,0,#GalaxyS25  
08096073269978420_3189304771,image,12/28/2024 21:00,0,24,#GalaxyS25  
79783321206449728_8951665344,carousel,1/14/2025 15:00,500,17,#GalaxyS25  
11698985581171787_3538465534,image,12/28/2024 21:00,262,10,#GalaxyS25  
03387863100763630_3455030095,carousel,2/16/2025 13:00,579,18,#GalaxyS25  
62405778187974373_4478151077,carousel,12/6/2024 6:00,457,19,#GalaxyS25  
78848119032921620_6407037693,reel,12/6/2024 1:00,162,10,#GalaxyS25  
26568932749435370_4653878094,image,12/6/2024 9:00,615,26,#GalaxyS25  
36936489446303846_8818600759,image,12/20/2024 18:00,201,2,#GalaxyS25  
09167132312379256_2820193765,image,12/25/2024,91,1,#GalaxyS25  
06734624023140199_6335968488,carousel,1/12/2025 11:00,37,1,#GalaxyS25  
33491888929685909_8683247631,carousel,12/14/2024 1:00,351,7,#GalaxyS25  
30843677161447437_1625937519,image,12/24/2024 9:00,187,6,#GalaxyS25  
46915039767691246_9396885224,image,1/23/2025 19:00,126,2,#GalaxyS25  
83047717685626129_9772536665,reel,12/26/2024 7:00,460,0,#GalaxyS25  
19693640928036047_2277541375,carousel,12/21/2024 12:00,225,6,#GalaxyS25  
67274619903892971_8444831780,reel,1/5/2025 3:00,100,4,#GalaxyS25  
68569681721372092_3168364399,reel,1/24/2025 8:00,355,3,#GalaxyS25  
57615881389523884_2232868667,image,1/5/2025 20:00,807,16,#GalaxyS25  
77702848333274327_4312567999,reel,1/22/2025 7:00,72,6,#GalaxyS25  
30267830185588665_2407179558,carousel,12/13/2024,388,15,#GalaxyS25  
17728857052345758_2436680284,image,12/2/2024 12:00,150,2,#GalaxyS25  
59973597321031456_4041692935,carousel,1/9/2025 1:00,458,16,#GalaxyS25  
00626662816963030_3394030050,image,1/16/2025 1:00,53,3,#GalaxyS25  
43208928645403320_3977243154,reel,2/10/2025 15:00,95,2,#GalaxyS25  
70728445124568278_6637171138,carousel,2/16/2025 22:00,177,4,#GalaxyS25  
20269259340905100_4063928677,carousel,1/7/2025 23:00,80,1,#GalaxyS25  
22195306681820893_3258526134,reel,2/7/2025 5:00,159,0,#GalaxyS25  
29129420804068795_4639489070,reel,12/11/2024 13:00,642,16,#GalaxyS25  
49900689515242018_8128429986,carousel,2/17/2025 19:00,328,10,#GalaxyS25  
87847866454541968_7191803834,image,2/8/2025 14:00,52,1,#GalaxyS25  
73170800426813794_1756666410,reel,1/5/2025 22:00,300,10,#GalaxyS25  
25268399227862879_8893707524,image,2/20/2025 1:00,288,13,#GalaxyS25  
23969896451405564_9998979567,image,12/17/2024 6:00,278,5,#GalaxyS25  
15914182173406820_8305959653,carousel,2/8/2025 6:00,27,1,#GalaxyS25  
00486970856133874_0305611030,image,12/28/2024 4:00,392,14,#GalaxyS25  
90192649101137764_5964505621,carousel,12/26/2024 17:00,158,5,#GalaxyS25  
57725733173179719_2430159952,image,12/1/2024 1:00,248,11,#GalaxyS25  
97322782424891468_7630922457,reel,2/3/2025 14:00,72,1,#GalaxyS25  
99257571078173866_6801817066,image,1/14/2025 6:00,871,25,#GalaxyS25  
30618651125938170_0564191871,image,12/4/2024 11:00,79,2,#GalaxyS25  
24307386665080915_0273027840,carousel,1/31/2025 13:00,317,11,#GalaxyS25  
87018961487940974_5344798628,carousel,11/27/2024 12:00,387,27,#GalaxyS25  
07184879058527508_1803203762,image,12/17/2024 12:00,753,25,#GalaxyS25  
96041412345675264_2554595567,image,12/16/2024 9:00,50,3,#GalaxyS25  
18870608403779601_2701574243,image,1/25/2025 22:00,305,8,#GalaxyS25  
17073760554441513_8050974358,reel,12/17/2024 8:00,86,3,#GalaxyS25  
98434648986834996_4672883740,carousel,12/28/2024,391,11,#GalaxyS25  
17167739879795444_1239449776,reel,2/21/2025,79,0,#GalaxyS25  
81867326418390524_6538062487,reel,12/21/2024 23:00,94,2,#GalaxyS25  
77212259541838910_3318530962,carousel,1/20/2025 2:00,179,3,#GalaxyS25  
58730774327717235_8616949170,carousel,11/24/2024 13:00,114,6,#GalaxyS25  
40344100101493163_1839705636,image,2/6/2025 12:00,65,0,#GalaxyS25  
18494323213665692_6498403387,carousel,1/26/2025 4:00,530,19,#GalaxyS25  
90988997421750904_9159375864,image,12/11/2024 15:00,222,6,#GalaxyS25  
46490136913282504_8704117923,carousel,11/29/2024 21:00,68,0,#GalaxyS25  
64648455536967306_7506115597,carousel,12/5/2024 14:00,106,3,#GalaxyS25  
48876569556803738_7857427027,reel,11/25/2024 12:00,280,5,#GalaxyS25  
73114727275513117_7820057027,image,12/15/2024 1:00,294,7,#GalaxyS25  
83536252028215414_9186922131,carousel,12/25/2024 4:00,616,0,#GalaxyS25  
79300688773396209_2312846940,carousel,12/22/2024 14:00,324,10,#GalaxyS25  
25966272812633265_7337396675,reel,1/3/2025 12:00,276,10,#GalaxyS25  
78201286074975310_3853138326,reel,12/1/2024 10:00,312,8,#GalaxyS25  
54959013909858545_7771590495,image,1/7/2025,107,1,#GalaxyS25  
20249813947661385_2518229199,image,1/6/2025 17:00,167,3,#GalaxyS25  
47962032619944942_4134969543,reel,11/26/2024 17:00,168,1,#GalaxyS25  
70961174389542524_2180517281,reel,1/16/2025 16:00,89,2,#GalaxyS25  
12830026534898102_8909323393,carousel,12/30/2024 3:00,226,1,#GalaxyS25  
87142337671574667_7765257744,carousel,2/11/2025 2:00,22,2,#GalaxyS25  
63310239730875072_3319375629,image,1/8/2025 10:00,374,12,#GalaxyS25  
29773566655283430_1438022580,reel,12/5/2024,459,17,#GalaxyS25  
47991369729119479_6419074798,reel,2/10/2025 6:00,1133,45,#GalaxyS25  
26261512589350933_3870321276,carousel,12/15/2024 8:00,1485,36,#GalaxyS25  
54785168739600252_4616184871,reel,11/24/2024 13:00,93,3,#GalaxyS25  
74471321498739933_9104590060,reel,2/4/2025 12:00,145,6,#GalaxyS25  
00229881378622902_0833517312,carousel,11/30/2024 22:00,141,5,#GalaxyS25  
97813275838718218_9519225757,image,1/21/2025 18:00,381,7,#GalaxyS25  
46915481434669758_5983614081,reel,1/9/2025 19:00,292,12,#GalaxyS25  
94039864130308731_5298029328,image,11/28/2024 8:00,141,3,#GalaxyS25  
36945749952979804_8707311258,reel,12/16/2024 17:00,255,12,#GalaxyS25  
10563521896751651_8179998526,image,12/24/2024 14:00,399,11,#GalaxyS25  
64825766625111140_5197323408,carousel,1/30/2025,264,12,#GalaxyS25  
09877293892621229_8458799913,image,12/26/2024 13:00,187,2,#GalaxyS25  
39197735867125470_3938297590,carousel,12/9/2024 6:00,539,12,#GalaxyS25  
56954957925538323_0453807748,carousel,12/22/2024 4:00,48,1,#GalaxyS25  
52717159794417984_7632543001,image,11/30/2024 15:00,264,6,#GalaxyS25  
20410598457983187_5176645402,reel,12/28/2024 6:00,88,1,#GalaxyS25  
03402665506208636_7809860230,reel,11/30/2024 11:00,48,1,#GalaxyS25  
23138925211267870_4838593984,reel,12/20/2024 22:00,102,3,#GalaxyS25  
13368336711192809_2085804824,image,12/30/2024 23:00,257,5,#GalaxyS25  
96689657200111020_4874202542,image,2/21/2025 1:00,273,7,#GalaxyS25  
34386644488636772_2874102832,carousel,2/20/2025 15:00,680,18,#GalaxyS25  
05145636499793537_9456120390,image,12/1/2024 7:00,73,1,#GalaxyS25  
08178077318426761_5718652893,image,1/14/2025 5:00,106,0,#GalaxyS25  
81819843052526603_0871061113,reel,12/14/2024 18:00,234,2,#GalaxyS25  
33980479582401945_0143144533,carousel,1/23/2025 6:00,240,10,#GalaxyS25  
08737580017523376_2873023559,image,1/31/2025 17:00,132,2,#GalaxyS25  
13362718641720399_3297093124,image,1/12/2025 11:00,298,6,#GalaxyS25  
13964188179987980_4081035819,image,1/5/2025 5:00,161,4,#GalaxyS25  
26261426006581575_4697531337,carousel,2/3/2025,144,3,#GalaxyS25  
30725835065005328_7370540980,carousel,1/14/2025 20:00,96,4,#GalaxyS25  
35662848084457896_1300556602,image,2/7/2025 4:00,216,3,#GalaxyS25  
97779448704591858_7022585544,image,1/9/2025 14:00,73,2,#GalaxyS25  
43318991030593772_7415496925,image,1/5/2025 4:00,350,6,#GalaxyS25  
62538594246920825_9631247338,image,1/26/2025 5:00,91,2,#GalaxyS25  
82082232057955110_2590941510,image,1/11/2025 1:00,160,5,#GalaxyS25  
94608325928058547_2304135965,image,1/2/2025 2:00,439,17,#GalaxyS25  
04536219979400569_0458707925,image,1/10/2025 13:00,94,7,#GalaxyS25  
10593081819958313_7866727945,image,12/23/2024 8:00,281,5,#GalaxyS25  
85143477308507824_8450686748,reel,12/7/2024 5:00,147,5,#GalaxyS25  
07485301437456933_1013575446,reel,2/17/2025 17:00,118,3,#GalaxyS25  
90160726606650137_6512242910,image,2/4/2025 12:00,108,4,#GalaxyS25  
67671777810831950_0885061531,carousel,2/10/2025 18:00,91,5,#GalaxyS25  
25695520399795676_1117917753,carousel,12/3/2024 10:00,186,2,#GalaxyS25  
51524412268739308_5172518997,image,12/1/2024 16:00,55,1,#GalaxyS25  
56182174322059289_1563986176,image,12/9/2024 11:00,0,3,#GalaxyS25  
72965995217665109_7490145713,image,12/20/2024 4:00,179,2,#GalaxyS25  
70366464044381728_0129674793,carousel,2/13/2025 20:00,223,7,#GalaxyS25  
09177097454228750_2218203334,image,1/18/2025 7:00,100,1,#GalaxyS25  
99982095762432943_5844285212,image,2/9/2025 1:00,70,2,#GalaxyS25  
67607881347120206_6656522981,image,12/22/2024 4:00,661,26,#GalaxyS25  
20814217823475838_3359610455,carousel,2/13/2025 23:00,173,6,#GalaxyS25  
22182615853745242_4668512063,image,12/26/2024 13:00,55,3,#GalaxyS25  
75450569622773729_9873440189,image,12/3/2024,111,2,#GalaxyS25  
78034072012708079_7699151578,image,11/24/2024 2:00,268,7,#GalaxyS25  
51755840094189600_9436759696,carousel,12/5/2024 13:00,148,3,#GalaxyS25  
67878807374524380_4380745136,image,1/13/2025 4:00,134,5,#GalaxyS25  
73761276646684722_8476251817,image,2/11/2025 5:00,296,11,#GalaxyS25  
66146311065472409_4329452610,image,2/14/2025 21:00,361,9,#GalaxyS25  
12471286206564585_9088771867,reel,1/10/2025 12:00,215,7,#GalaxyS25  
13731159477168134_6869754440,image,2/5/2025 19:00,67,1,#GalaxyS25  
96402074193256024_5456537602,carousel,2/3/2025 5:00,46,3,#GalaxyS25  
11431660658789896_1632046443,carousel,12/18/2024 20:00,205,5,#GalaxyS25  
81119193900517041_5716538458,image,1/4/2025 22:00,140,4,#GalaxyS25  
23644065950494855_1556047519,image,2/19/2025 8:00,233,5,#GalaxyS25  
00958402777077386_4529874899,image,1/31/2025 16:00,65,0,#GalaxyS25  
75429731483015667_1543781948,carousel,11/27/2024 20:00,229,9,#GalaxyS25  
05321807444996451_9411306112,reel,2/8/2025 11:00,155,5,#GalaxyS25  
87491802090314716_2874047015,carousel,12/24/2024 18:00,610,18,#GalaxyS25  
81919175248762294_9543386164,image,2/10/2025 5:00,279,14,#GalaxyS25  
91405241543461537_9543535094,image,1/11/2025 17:00,89,3,#GalaxyS25  
75473391886875988_9601095620,carousel,11/25/2024,48,0,#GalaxyS25  
09486424031774379_9375638636,reel,11/27/2024 18:00,1327,41,#GalaxyS25  
81562229660851103_4734330315,reel,2/8/2025 19:00,84,2,#GalaxyS25  
34602069357274979_5642058261,reel,1/2/2025 23:00,556,14,#GalaxyS25  
82191035437162011_0322084224,reel,11/28/2024 15:00,616,18,#GalaxyS25  
35868928199652691_4406769478,carousel,1/17/2025 4:00,136,4,#GalaxyS25  
31154703309328246_6122889525,carousel,1/6/2025 11:00,51,3,#GalaxyS25  
25192125505572880_4046335779,carousel,12/12/2024 14:00,108,3,#GalaxyS25  
14290323696269300_8688468034,reel,1/6/2025 10:00,209,12,#GalaxyS25  
64380797990479003_3819258032,image,2/20/2025 1:00,412,9,#GalaxyS25  
14428392661264147_3492299890,reel,12/21/2024,76,4,#GalaxyS25  
98909843708837988_7363927163,carousel,1/24/2025 10:00,84,2,#GalaxyS25  
22151427665044868_9406500183,carousel,11/28/2024 18:00,69,1,#GalaxyS25  
92711493395661168_8537995762,image,1/30/2025 1:00,79,2,#GalaxyS25  
83815644500759033_1765478954,carousel,12/2/2024 9:00,51,0,#GalaxyS25  
82629229424132899_5897485529,image,12/10/2024 11:00,45,3,#GalaxyS25  
93108853262039067_5719882257,reel,12/5/2024 6:00,58,2,#GalaxyS25  
58637354080918243_9290133658,image,1/6/2025 17:00,184,12,#GalaxyS25  
49142409213233142_9228095380,reel,2/12/2025 9:00,67,4,#GalaxyS25  
82201879974712771_4128704810,image,12/19/2024 13:00,347,10,#GalaxyS25  
80032760044283253_2229300338,image,2/12/2025 10:00,192,6,#GalaxyS25  
38805835462479605_5749825807,reel,1/27/2025,1216,35,#GalaxyS25  
06566065413403172_9301713286,carousel,12/5/2024 7:00,374,14,#GalaxyS25  
04872857168477841_5824240705,carousel,2/2/2025 5:00,538,11,#GalaxyS25  
80487586682802244_2833421958,image,12/23/2024 17:00,212,7,#GalaxyS25  
38176564392370803_8036499296,reel,1/28/2025 5:00,248,6,#GalaxyS25  
39851162596620195_8871604125,image,1/26/2025 7:00,310,14,#GalaxyS25  
78242237799090053_0140161840,image,1/24/2025 15:00,166,2,#GalaxyS25  
90126995377732689_1577343521,reel,2/17/2025 14:00,137,2,#GalaxyS25  
96552001378473096_6937666894,image,2/17/2025 1:00,379,11,#GalaxyS25  
01440017488774414_4277226609,reel,12/27/2024 21:00,362,11,#GalaxyS25  
69405511612799669_9127122198,image,2/17/2025 18:00,286,7,#GalaxyS25  
24384342414216327_6755271388,carousel,12/12/2024 5:00,237,3,#GalaxyS25  
77088741369550181_4669163792,image,1/11/2025 13:00,158,7,#GalaxyS25  
09846666593829085_2257405346,image,2/7/2025 8:00,819,20,#GalaxyS25  
71783789061103415_0665485653,image,1/14/2025 6:00,147,3,#GalaxyS25  
02403428194453626_6476289815,carousel,12/1/2024 22:00,78,3,#GalaxyS25  
25324632524199175_7432483513,reel,12/28/2024 9:00,442,16,#GalaxyS25  
25993997982999533_0718768491,carousel,1/24/2025 9:00,330,5,#GalaxyS25  
74392074525018783_8679001202,carousel,2/5/2025 3:00,123,2,#GalaxyS25  
68990584290604572_0248392628,image,12/7/2024 9:00,453,17,#GalaxyS25  
00756867935814207_4817707843,reel,1/12/2025 19:00,271,8,#GalaxyS25  
35203815256633231_9569331673,carousel,12/15/2024 21:00,424,9,#GalaxyS25  
96915283592777135_8088793290,carousel,12/1/2024 17:00,247,9,#GalaxyS25  
76531135943490223_4695078910,carousel,1/22/2025 6:00,673,26,#GalaxyS25  
68142591339717140_2937121143,reel,1/27/2025 6:00,70,5,#GalaxyS25  
99566082730568245_6077995334,reel,12/2/2024 22:00,0,19,#GalaxyS25  
37254566979623197_4737806106,image,12/2/2024 9:00,142,2,#GalaxyS25  
89832023242649091_7192603338,reel,12/6/2024 23:00,56,1,#GalaxyS25  
67527160675286239_1361019099,image,1/19/2025 4:00,97,1,#GalaxyS25  
30433270017287761_5661280098,reel,1/20/2025 7:00,172,5,#GalaxyS25  
59065669998206832_9478289100,reel,2/19/2025 19:00,97,4,#GalaxyS25  
04323715626283731_6525992975,reel,2/4/2025 3:00,0,15,#GalaxyS25  
04834355223707629_1400016885,reel,2/2/2025 6:00,149,8,#GalaxyS25  
02689206446255298_8352168920,carousel,1/26/2025 21:00,153,5,#GalaxyS25  
00985173339407603_9295925371,carousel,1/1/2025 6:00,316,6,#GalaxyS25  
28095058882559261_1953609032,image,12/13/2024 21:00,206,9,#GalaxyS25  
43677276374340789_3578509569,image,1/31/2025 18:00,98,3,#GalaxyS25  
96072913351594806_3125781832,image,2/12/2025 11:00,360,11,#GalaxyS25  
11669076418304719_8101821024,carousel,12/20/2024 15:00,76,4,#GalaxyS25  
44703750736366202_1760934766,reel,11/28/2024 3:00,123,3,#GalaxyS25  
22189849694806447_2999488255,carousel,2/18/2025 16:00,94,3,#GalaxyS25  
74326280742858384_7855271706,carousel,12/11/2024 11:00,236,6,#GalaxyS25  
96762543121409628_7104872150,image,1/4/2025 19:00,50,2,#GalaxyS25  
79440497933963965_6275166874,carousel,2/20/2025 11:00,65,0,#GalaxyS25  
88234198666931501_1604645895,carousel,12/26/2024 21:00,66,2,#GalaxyS25  
70623250190681231_0700920128,reel,11/28/2024 9:00,156,9,#GalaxyS25  
90160004295625135_5553529475,reel,12/31/2024 14:00,129,2,#GalaxyS25  
36114206352033428_7982151700,image,1/5/2025 2:00,684,22,#GalaxyS25  
12683918584366298_8203591978,image,1/5/2025 12:00,186,3,#GalaxyS25  
55473574370047934_2798561538,reel,1/19/2025 22:00,247,9,#GalaxyS25  
89908438855316619_1192053014,reel,12/8/2024 21:00,66,3,#GalaxyS25  
88824157553752919_1669866393,image,12/2/2024 19:00,395,14,#GalaxyS25  
74948661998388851_8757857513,reel,1/27/2025 7:00,196,2,#GalaxyS25  
38349103925429227_5838586855,image,1/10/2025 2:00,253,16,#GalaxyS25  
37954637906615049_7956138472,reel,12/14/2024 12:00,15,0,#GalaxyS25  
61339340628731016_4797055823,reel,1/20/2025 20:00,48,2,#GalaxyS25  
75533464726294114_3954540171,image,12/24/2024 5:00,454,16,#GalaxyS25  
82223000701198134_0429962620,image,12/21/2024 18:00,648,22,#GalaxyS25  
94685035115983165_9559451183,image,12/5/2024 18:00,263,5,#GalaxyS25  
94466063980661706_8140465571,reel,1/1/2025 21:00,61,4,#GalaxyS25  
20252204483534755_5449598718,carousel,2/6/2025 12:00,532,25,#GalaxyS25  
99384975409550857_7172177841,reel,12/20/2024 7:00,552,15,#GalaxyS25  
15250612215217212_2442599123,image,12/21/2024 11:00,306,6,#GalaxyS25  
04661107233492477_8261844304,reel,2/20/2025 4:00,350,11,#GalaxyS25  
11339146213714303_7799114985,image,11/29/2024 22:00,109,4,#GalaxyS25  
12380559326748829_3050261279,carousel,12/17/2024 14:00,120,3,#GalaxyS25  
90222400575627490_5668265470,image,2/4/2025 5:00,124,3,#GalaxyS25  
46112551017663776_3393631258,reel,2/15/2025 15:00,274,8,#GalaxyS25  
91483250102811164_3511642899,image,12/28/2024,86,6,#GalaxyS25  
21814789136479625_9556881043,image,1/30/2025 22:00,185,4,#GalaxyS25  
34396119236423836_7213280398,carousel,11/26/2024 13:00,632,16,#GalaxyS25  
83257443157943089_9056344696,image,1/31/2025 9:00,159,13,#GalaxyS25  
98829142374212482_9275679528,carousel,12/11/2024 8:00,155,3,#GalaxyS25  
40883074687767437_8445355688,carousel,1/28/2025 22:00,367,14,#GalaxyS25  
35526428420800141_9174123997,image,12/26/2024 14:00,162,5,#GalaxyS25  
57741196951834338_9412413981,carousel,2/12/2025 5:00,114,1,#GalaxyS25  
95250357181982464_6715812494,image,2/18/2025 5:00,106,4,#GalaxyS25  
34562150279608787_1904428433,reel,12/21/2024 16:00,435,3,#GalaxyS25  
08569891524754167_1246603224,image,12/27/2024 17:00,461,13,#GalaxyS25  
60123705108440088_3109008636,carousel,1/16/2025 4:00,313,6,#GalaxyS25  
09206889933238574_7177148961,carousel,11/29/2024 23:00,33,4,#GalaxyS25  
42405853037474268_4036612881,reel,12/8/2024 23:00,213,7,#GalaxyS25  
29091064830729803_5364231818,carousel,12/6/2024 16:00,80,1,#GalaxyS25  
23301785254525728_5703142859,carousel,1/3/2025 9:00,0,2,#GalaxyS25  
53792901634659613_2014282463,reel,11/30/2024 21:00,115,5,#GalaxyS25  
94217114452387683_4724794564,carousel,12/2/2024 14:00,547,16,#GalaxyS25  
06469805666996415_5791155707,reel,1/26/2025 21:00,1236,38,#GalaxyS25  
64778030197045464_1646303955,carousel,12/25/2024 10:00,236,6,#GalaxyS25  
73859005896276323_1292351388,image,1/31/2025 15:00,466,13,#GalaxyS25  
53507411595242712_2853190103,carousel,12/18/2024 18:00,222,8,#GalaxyS25  
96634554119085259_6256627387,carousel,1/15/2025 1:00,247,10,#GalaxyS25  
60491834197852576_4976462390,carousel,12/23/2024 12:00,311,11,#GalaxyS25  
15262677669200209_6248491164,image,1/27/2025,192,3,#GalaxyS25  
73919811064098994_3109867608,carousel,12/14/2024 1:00,584,21,#GalaxyS25  
44834057111948223_6491850629,image,1/10/2025 4:00,252,6,#GalaxyS25  
69558885920921056_7647359878,reel,1/5/2025 13:00,60,1,#GalaxyS25  
45166075236674385_8354170914,image,2/14/2025 7:00,54,0,#GalaxyS25  
98827017656473244_1577830962,carousel,12/4/2024 6:00,83,1,#GalaxyS25  
61145605142419029_7413626003,image,1/31/2025 10:00,194,5,#GalaxyS25  
78178324564260363_7480201558,image,2/14/2025 8:00,403,12,#GalaxyS25  
41603597654843210_0503329497,image,1/6/2025 11:00,47,1,#GalaxyS25  
12007949290158943_5113767286,carousel,2/21/2025 3:00,258,15,#GalaxyS25  
33092856413995600_3500681980,image,2/15/2025 12:00,69,0,#GalaxyS25  
26876703134540549_6826955439,image,2/12/2025 10:00,40,1,#GalaxyS25  
57071761359261159_6609411557,image,2/16/2025 2:00,258,10,#GalaxyS25  
24153028698831243_2301288509,image,2/11/2025,102,1,#GalaxyS25  
71760374773936560_2167262259,image,11/26/2024 10:00,904,28,#GalaxyS25  
27245181314536584_8486968867,image,12/15/2024 4:00,79,2,#GalaxyS25  
78949779083599370_7929650942,carousel,12/29/2024 3:00,106,2,#GalaxyS25  
81488989537887346_7221965074,image,2/18/2025 12:00,185,7,#GalaxyS25  
40007928041920502_9403577975,image,1/24/2025 15:00,73,3,#GalaxyS25  
38067083655981737_2394193773,image,12/10/2024 16:00,528,13,#GalaxyS25  
64290942737974440_8780795196,carousel,1/11/2025 20:00,325,13,#GalaxyS25  
60758393606292069_9300055436,carousel,1/7/2025 23:00,164,4,#GalaxyS25  
17381649336207930_5835551058,image,2/5/2025 12:00,106,4,#GalaxyS25  
97903992067121144_8968676315,carousel,1/9/2025 20:00,182,5,#GalaxyS25  
67452247262029564_3354984503,carousel,12/13/2024 6:00,159,5,#GalaxyS25  
97452683139527342_1207317970,carousel,12/31/2024 16:00,128,6,#GalaxyS25  
43790346737544114_1319633713,image,2/1/2025 10:00,1054,23,#GalaxyS25  
66547677836411215_8866935613,image,11/30/2024 23:00,154,2,#GalaxyS25  
25132682305579346_4576461583,carousel,11/26/2024 12:00,310,3,#GalaxyS25  
01872885332327879_4362890436,reel,12/14/2024 12:00,198,5,#GalaxyS25  
48360581119929373_0711728730,image,2/13/2025 20:00,224,6,#GalaxyS25  
73984265598382035_0911254756,carousel,1/24/2025 2:00,144,5,#GalaxyS25  
45212743595498052_9996531843,carousel,12/24/2024 18:00,75,1,#GalaxyS25  
35253666780968127_4268804562,image,2/17/2025 2:00,160,4,#GalaxyS25  
91485074518993712_4459166968,carousel,12/23/2024 3:00,2059,57,#GalaxyS25  
36436937500194323_0641718747,carousel,2/2/2025 16:00,239,7,#GalaxyS25  
70273277811934991_6966702527,carousel,1/2/2025 9:00,118,4,#GalaxyS25  
11001928474650402_7214204136,image,12/16/2024 9:00,923,36,#GalaxyS25  
27647997378080980_4682353222,image,1/19/2025 3:00,411,12,#GalaxyS25  
44401552544072765_4781610104,carousel,1/27/2025 14:00,341,6,#GalaxyS25  
28447186177980375_3548525658,image,1/28/2025 14:00,123,4,#GalaxyS25  
16851563381675782_8368359738,reel,12/15/2024 12:00,602,24,#GalaxyS25  
53465980240716358_4338701575,carousel,2/13/2025 14:00,98,1,#GalaxyS25  
23830970273971112_8568847985,carousel,1/26/2025 20:00,35,2,#GalaxyS25  
92040973296066259_2738255424,image,12/25/2024 15:00,690,0,#GalaxyS25  
26840677432644431_3060291143,reel,1/2/2025 8:00,181,2,#GalaxyS25  
26134879305897091_1764230185,carousel,2/19/2025 12:00,55,0,#GalaxyS25  
59601725753294516_0611126570,image,1/10/2025 23:00,337,14,#GalaxyS25  
17057288952023262_6579773721,image,2/4/2025 1:00,39,3,#GalaxyS25  
64510050477560097_4315978109,image,2/7/2025 11:00,237,7,#GalaxyS25  
13135013327338863_4214345426,image,1/4/2025 10:00,259,14,#GalaxyS25  
17643005698332263_2996982758,reel,2/1/2025 21:00,167,1,#GalaxyS25  
01020642764624083_4777643674,carousel,12/4/2024 11:00,160,5,#GalaxyS25  
28130998387260049_5444337070,reel,1/14/2025 13:00,130,6,#GalaxyS25  
81843527595610255_9581615284,reel,2/10/2025 17:00,570,33,#GalaxyS25  
35959446051699164_9004682831,carousel,12/19/2024 13:00,706,22,#GalaxyS25  
18031960685681833_8629566026,carousel,12/8/2024 12:00,237,7,#GalaxyS25  
88343819123776646_6976349103,carousel,11/29/2024 7:00,133,6,#GalaxyS25  
79051621719631866_7059748013,carousel,2/5/2025 23:00,1004,26,#GalaxyS25  
12294871157848329_7262545593,image,2/13/2025 1:00,355,16,#GalaxyS25  
90542545166102719_2730759751,image,1/9/2025 21:00,66,0,#GalaxyS25  
11694188258474862_1810879206,carousel,12/2/2024 20:00,115,3,#GalaxyS25  
16683550430537606_5036617104,carousel,12/12/2024 3:00,83,2,#GalaxyS25  
90905839280185836_6571719631,image,11/25/2024 20:00,211,11,#GalaxyS25  
50913355455806963_3146041948,image,2/15/2025 15:00,52,5,#GalaxyS25  
55832557129054497_7101041368,carousel,12/27/2024 7:00,201,8,#GalaxyS25  
04300143806114301_0909340310,carousel,12/31/2024 1:00,641,24,#GalaxyS25  
91352467118782637_2240554655,image,2/5/2025 2:00,34,2,#GalaxyS25  
69879794267388753_6384617865,reel,12/7/2024 15:00,67,0,#GalaxyS25  
59991559051599083_2268979318,image,11/24/2024 5:00,470,20,#GalaxyS25  
26424639521186809_4107345042,carousel,12/3/2024 21:00,108,1,#GalaxyS25  
94517961613142159_6444749399,carousel,1/29/2025 7:00,102,5,#GalaxyS25  
49543276420636815_3791486014,reel,1/10/2025 2:00,319,11,#GalaxyS25  
86872130942009608_3435740422,image,1/3/2025 17:00,520,0,#GalaxyS25  
53390105363195275_8025787747,carousel,1/10/2025 17:00,328,15,#GalaxyS25  
64475530848406048_4843100743,image,12/13/2024 8:00,758,20,#GalaxyS25  
94121894990954479_5716816514,reel,1/30/2025 18:00,404,11,#GalaxyS25  
14799071209866889_7552922127,carousel,1/9/2025 16:00,250,9,#GalaxyS25  
90822800696754843_1722041798,image,1/22/2025 16:00,203,5,#GalaxyS25  
26370283137157659_1461592330,carousel,1/12/2025 20:00,309,9,#GalaxyS25  
40123837347771561_4932769551,image,2/20/2025 17:00,160,5,#GalaxyS25  
23208891008140162_5953821877,image,12/4/2024 3:00,176,0,#GalaxyS25  
21807523938694413_8348031799,reel,12/8/2024 9:00,594,11,#GalaxyS25  
26002029306156906_6273215135,image,11/29/2024 11:00,500,12,#GalaxyS25  
55998985290905464_4905381247,reel,11/24/2024,32,1,#GalaxyS25  
06620416895292787_5219833267,image,12/10/2024 17:00,281,8,#GalaxyS25  
24585048595087857_8977337147,carousel,12/24/2024 8:00,1225,36,#GalaxyS25  
52919397422743327_9271378268,image,12/29/2024 16:00,206,6,#GalaxyS25  
11623960684097223_2595797619,carousel,12/26/2024 6:00,596,19,#GalaxyS25  
37529096098497680_7928955158,carousel,1/7/2025 5:00,760,30,#GalaxyS25  
05079705868278637_2819409573,image,1/16/2025 6:00,34,0,#GalaxyS25  
06189009539745987_8638353276,carousel,2/11/2025 2:00,218,8,#GalaxyS25  
28782434334981634_0969981734,image,1/12/2025 17:00,0,10,#GalaxyS25  
75981319306894520_9693745150,carousel,12/5/2024 15:00,676,19,#GalaxyS25  
23468976160510481_3315009378,reel,1/17/2025 13:00,297,11,#GalaxyS25  
30359068353651323_2961700413,reel,1/16/2025 17:00,244,10,#GalaxyS25  
89379048192057370_1442847290,image,11/25/2024 12:00,200,5,#GalaxyS25  
27550249752892124_9035545578,reel,2/9/2025 8:00,115,0,#GalaxyS25  
46424450527865010_3493330119,image,12/11/2024 9:00,62,0,#GalaxyS25  
54336614705352550_1661038484,image,12/25/2024 20:00,63,2,#GalaxyS25  
10017742725754335_4930387046,image,2/10/2025 11:00,103,2,#GalaxyS25  
84146791460603272_3457695952,reel,1/17/2025 9:00,279,7,#GalaxyS25  
84548860586616097_9030223185,image,1/22/2025 16:00,103,2,#GalaxyS25  
81068044177413361_2037283350,carousel,1/3/2025 3:00,1275,51,#GalaxyS25  
60805278938228820_9896294520,image,12/21/2024 2:00,161,3,#GalaxyS25  
29471198594028097_5399394123,carousel,2/18/2025,939,30,#GalaxyS25  
48629989844667971_1084130893,carousel,2/15/2025 20:00,29,1,#GalaxyS25  
36079121101326778_9476616390,carousel,12/22/2024 17:00,608,19,#GalaxyS25  
77046060632661397_0755891431,image,2/6/2025 11:00,258,8,#GalaxyS25  
37987165793562895_3967590979,image,1/7/2025 13:00,115,8,#GalaxyS25  
95686982179257053_4417903832,image,2/20/2025 6:00,110,4,#GalaxyS25  
43996659881491538_0230265077,carousel,12/10/2024 21:00,147,8,#GalaxyS25  
12246072994804691_7226110314,carousel,12/23/2024 17:00,350,11,#GalaxyS25  
71745437845251857_3291711840,image,12/22/2024 7:00,72,1,#GalaxyS25  
40413674155887214_5320761570,reel,12/1/2024 4:00,69,3,#GalaxyS25  
42315316829383307_8415470129,reel,1/28/2025 20:00,266,5,#GalaxyS25  
85500905376768517_9403095793,carousel,1/31/2025,117,2,#GalaxyS25  
01133802275292407_0121362394,reel,12/4/2024 12:00,129,0,#GalaxyS25  
77621590506965522_6519078219,carousel,2/2/2025 9:00,99,2,#GalaxyS25  
39037422598409356_5835060499,reel,1/3/2025 18:00,133,4,#GalaxyS25  
84862191700974790_3247415705,image,12/5/2024 13:00,132,4,#GalaxyS25  
44473259700484937_7639740979,reel,2/7/2025 17:00,155,3,#GalaxyS25  
32145947733033364_1556927140,carousel,2/19/2025 8:00,616,20,#GalaxyS25  
81603024833374862_3007791323,carousel,2/1/2025 11:00,71,3,#GalaxyS25  
04948107846450267_9759535122,reel,1/21/2025 12:00,159,4,#GalaxyS25  
79734292863683197_0066725951,carousel,1/24/2025 13:00,859,26,#GalaxyS25  
22284438167823810_3183693048,reel,2/5/2025 20:00,115,7,#GalaxyS25  
33200301126740353_4783088963,image,1/17/2025 14:00,159,4,#GalaxyS25  
82532128473687611_6658942567,image,2/16/2025 16:00,600,21,#GalaxyS25  
53667486495422246_2811388871,carousel,2/17/2025 14:00,49,2,#GalaxyS25  
36561325556749600_4772610988,image,12/5/2024 1:00,498,3,#GalaxyS25  
96832034355634281_6930054908,reel,1/24/2025 22:00,135,7,#GalaxyS25  
75286020051568534_2189716211,image,12/1/2024 7:00,565,25,#GalaxyS25  
45059783313300053_6852194927,reel,2/14/2025 22:00,215,5,#GalaxyS25  
04324203854068081_4617514155,image,11/24/2024 17:00,132,6,#GalaxyS25  
62226217986149214_7587137309,image,1/4/2025 23:00,71,0,#GalaxyS25  
66754496810584874_9533001598,reel,12/5/2024 5:00,132,5,#GalaxyS25  
09871682627407221_9905587994,carousel,12/21/2024 20:00,455,16,#GalaxyS25  
67728251548113909_5569786031,reel,2/10/2025 4:00,353,10,#GalaxyS25  
92283414415182666_1100924095,image,1/20/2025 6:00,12,0,#GalaxyS25  
69219367229748665_7704976647,reel,1/9/2025 21:00,384,19,#GalaxyS25  
08352384863021312_5374956746,carousel,12/19/2024 18:00,2853,72,#GalaxyS25  
37244122286921016_3701884397,image,12/1/2024 8:00,100,3,#GalaxyS25  
20006995738985686_2051893379,image,2/15/2025 21:00,351,9,#GalaxyS25  
17768834892614896_4772420944,image,1/18/2025 23:00,131,3,#GalaxyS25  
20141370654960270_3995390400,reel,2/15/2025 12:00,282,6,#GalaxyS25  
38584650811913843_1297053340,reel,1/21/2025 4:00,63,2,#GalaxyS25  
63630247075391222_7178389513,image,2/2/2025 6:00,317,9,#GalaxyS25  
75477170571955640_3580552416,reel,12/31/2024 20:00,614,21,#GalaxyS25  
88205565871515408_7408501795,carousel,12/18/2024 1:00,1054,39,#GalaxyS25  
19609036664686374_4585274251,image,12/11/2024 17:00,50,2,#GalaxyS25  
60639645016835693_9914680053,reel,12/14/2024 11:00,119,3,#GalaxyS25  
63211619800406018_1762566247,image,12/19/2024 7:00,65,0,#GalaxyS25  
00727277818706009_7907923770,carousel,2/15/2025 13:00,273,5,#GalaxyS25  
76402436341639461_4798755748,carousel,12/4/2024 14:00,286,12,#GalaxyS25  
86407101569466451_9704855362,reel,1/20/2025 18:00,315,14,#GalaxyS25  
16727105436972834_8469751707,image,12/20/2024 3:00,252,10,#GalaxyS25  
39833142552667771_0994882593,reel,12/17/2024 14:00,171,5,#GalaxyS25  
79614802688046512_2336866915,reel,12/11/2024,261,7,#GalaxyS25  
27111271683025376_6441562947,reel,11/25/2024 14:00,373,13,#GalaxyS25  
45492960974280975_3264029088,reel,2/8/2025 2:00,193,2,#GalaxyS25  
25201499828539337_4360928276,image,12/20/2024 2:00,193,2,#GalaxyS25  
44284660370787783_4441287316,carousel,1/2/2025 22:00,420,12,#GalaxyS25  
13501140051811967_3779413090,image,1/18/2025 16:00,219,10,#GalaxyS25  
28488437209400066_6566514932,image,2/10/2025 7:00,191,7,#GalaxyS25  
46596812099506167_6682899034,carousel,2/8/2025 14:00,266,9,#GalaxyS25  
68365467866974522_6611984667,image,1/12/2025 5:00,172,4,#GalaxyS25  
61145799859030025_0361021936,carousel,12/17/2024 17:00,316,12,#GalaxyS25  
03213079115040420_8666468031,reel,12/5/2024 23:00,37,1,#GalaxyS25  
26979708384770045_2893662937,carousel,12/14/2024 22:00,168,4,#GalaxyS25  
32283655500359629_3398920602,carousel,12/23/2024 23:00,116,3,#GalaxyS25  
23194420356317619_1110569876,carousel,12/20/2024 5:00,104,1,#GalaxyS25  
97435318996111439_3161940875,reel,12/26/2024 23:00,819,23,#GalaxyS25  
04498159994155261_0529276702,image,1/2/2025 9:00,494,11,#GalaxyS25  
52111922190794278_1087118216,image,2/19/2025 15:00,90,2,#GalaxyS25  
68953914766627654_9833972931,carousel,1/30/2025 15:00,461,20,#GalaxyS25  
45625781133009000_7013996141,image,2/14/2025 19:00,351,8,#GalaxyS25  
16807478601826339_9060118626,image,12/7/2024 21:00,220,8,#GalaxyS25  
27976296937434450_0585455907,carousel,1/14/2025,92,3,#GalaxyS25  
73857611527923908_1702256804,carousel,1/9/2025 7:00,492,15,#GalaxyS25  
97373343418066381_3926696224,carousel,11/29/2024 18:00,107,9,#GalaxyS25  
22865862904105129_2159269585,reel,2/21/2025 2:00,297,13,#GalaxyS25  
89144327660920957_4575509096,image,12/23/2024 16:00,416,11,#GalaxyS25  
16196587346228965_7835054610,carousel,12/11/2024 4:00,563,19,#GalaxyS25  
55921840712574065_7245621244,carousel,11/27/2024 5:00,68,4,#GalaxyS25  
61992494834320053_7664177211,image,12/9/2024 15:00,609,18,#GalaxyS25  
39600484703158890_6799108316,image,12/6/2024 11:00,239,9,#GalaxyS25  
26482377456094321_1166188645,image,1/21/2025 23:00,149,1,#GalaxyS25  
76553765885389464_0374044160,carousel,1/27/2025 22:00,363,9,#GalaxyS25  
22689530910094492_3947369996,image,2/9/2025 9:00,43,3,#GalaxyS25  
93459885546759390_1822354273,image,2/19/2025 14:00,32,3,#GalaxyS25  
74013418768088597_1104269488,carousel,12/7/2024 1:00,207,8,#GalaxyS25  
31765844609994985_5956884410,image,12/7/2024 4:00,937,38,#GalaxyS25  
04679153735095350_0310503736,image,1/5/2025 10:00,575,13,#GalaxyS25  
47178311476256607_3562965838,carousel,1/24/2025 10:00,635,21,#GalaxyS25  
71818402279020806_2275683979,carousel,12/13/2024 7:00,108,1,#GalaxyS25  
92735050507935868_5766386181,image,1/16/2025 23:00,528,13,#GalaxyS25  
16633392153549124_9557573201,reel,1/30/2025 18:00,221,9,#GalaxyS25  
64894934641843482_4560194221,carousel,12/27/2024 12:00,93,4,#GalaxyS25  
44451657070513007_5116962217,reel,2/3/2025 13:00,139,3,#GalaxyS25  
57681382040919962_2714843665,carousel,1/25/2025 12:00,98,1,#GalaxyS25  
97638621141963666_4901931177,reel,2/18/2025 8:00,266,4,#GalaxyS25  
47604572078496096_3903915144,reel,2/6/2025 11:00,186,9,#GalaxyS25  
44998874745873924_4188046645,reel,1/26/2025 7:00,233,3,#GalaxyS25  
15925765126618336_1356723323,carousel,2/18/2025 5:00,453,12,#GalaxyS25  
34802513951414338_4881867126,image,12/9/2024 10:00,459,11,#GalaxyS25  
97433685023321669_5916739977,carousel,1/12/2025 7:00,77,3,#GalaxyS25  
68347300613094679_9961012205,reel,1/20/2025 2:00,220,4,#GalaxyS25  
15728071985260749_0091645629,reel,1/21/2025 15:00,943,28,#GalaxyS25  
03165488217548485_9860462712,image,2/9/2025 3:00,131,1,#GalaxyS25  
56908926204753578_1344065918,reel,2/14/2025 19:00,69,4,#GalaxyS25  
16673671533231842_3288079374,reel,12/29/2024 12:00,212,4,#GalaxyS25  
78894931721552916_3800935818,carousel,1/24/2025 19:00,506,18,#GalaxyS25  
20374549175723931_2439709084,reel,1/30/2025 16:00,27,0,#GalaxyS25  
94688905926083743_8227863379,image,1/4/2025 23:00,127,6,#GalaxyS25  
68770197275717459_2394370860,carousel,2/2/2025 17:00,118,3,#GalaxyS25  
94251112219226134_5538922736,reel,1/2/2025 10:00,868,32,#GalaxyS25  
18523977091592271_9867583008,image,2/5/2025 15:00,416,16,#GalaxyS25  
84452594539351196_1268786159,carousel,12/28/2024 3:00,68,1,#GalaxyS25  
22721594559142712_1217375020,carousel,12/1/2024 21:00,768,21,#GalaxyS25  
85561531696610636_6082160473,image,1/1/2025 20:00,43,0,#GalaxyS25  
68982001915029715_7201901890,carousel,12/7/2024 23:00,218,5,#GalaxyS25  
56208190804671471_1686864219,carousel,12/7/2024 23:00,168,6,#GalaxyS25  
84146456394611791_7392764739,image,12/19/2024 9:00,112,4,#GalaxyS25  
08518555019389840_3411871789,carousel,12/23/2024 8:00,345,14,#GalaxyS25  
80910742939103737_1708858892,image,1/31/2025 3:00,212,9,#GalaxyS25  
01016569127454525_9552052558,carousel,1/27/2025 10:00,135,4,#GalaxyS25  
40902772175379853_3516176851,carousel,2/15/2025 17:00,249,9,#GalaxyS25  
90792643480549284_9323522268,carousel,1/19/2025 13:00,151,9,#GalaxyS25  
99199852433564250_2784834519,image,12/3/2024 7:00,672,15,#GalaxyS25  
08980803711194843_4185030323,image,2/9/2025 23:00,204,3,#GalaxyS25  
58765402716897362_4696792870,image,1/11/2025 6:00,344,14,#GalaxyS25  
63806547222518892_5151091055,carousel,12/10/2024 2:00,92,1,#GalaxyS25  
73170931885218998_0779833849,reel,12/20/2024,286,6,#GalaxyS25  
54097875963036828_4549571724,image,1/21/2025 19:00,122,6,#GalaxyS25  
81306971463824760_7771911079,image,2/18/2025 10:00,56,0,#GalaxyS25  
91902997529481486_4179485171,reel,11/26/2024 14:00,366,8,#GalaxyS25  
64522735472584901_1853018429,reel,12/6/2024 7:00,299,13,#GalaxyS25  
06257023916796455_7053864098,carousel,1/1/2025 20:00,149,3,#GalaxyS25  
26832780085819311_0704734767,reel,2/1/2025 13:00,158,4,#GalaxyS25  
27497759308603009_9208547092,carousel,2/9/2025 3:00,575,21,#GalaxyS25  
72535829437395738_5663973619,carousel,12/28/2024 15:00,78,1,#GalaxyS25  
24692936695452737_7383331633,reel,1/3/2025 4:00,112,2,#GalaxyS25  
88828895477518955_3554169765,carousel,1/17/2025 14:00,173,3,#GalaxyS25  
05279003517561582_6032499049,carousel,1/19/2025 21:00,334,10,#GalaxyS25  
23691987060022718_5621995838,reel,2/3/2025 4:00,288,9,#GalaxyS25  
87999216485076118_0790180325,carousel,12/28/2024 5:00,71,3,#GalaxyS25  
62224959832467039_1604548960,image,11/25/2024 11:00,204,6,#GalaxyS25  
12681472237995531_8822183927,carousel,12/1/2024 12:00,410,12,#GalaxyS25  
74731749911465272_1715225095,image,12/3/2024 5:00,217,3,#GalaxyS25  
01053289175259047_0051035986,carousel,1/12/2025 12:00,238,5,#GalaxyS25  
74070138123280317_8170758103,carousel,12/14/2024 6:00,434,15,#GalaxyS25  
11127458601706514_3048770761,image,2/1/2025 22:00,174,2,#GalaxyS25  
63947045402394092_0080179328,image,1/24/2025,261,12,#GalaxyS25  
92347055198401611_1881376837,image,1/23/2025 6:00,162,8,#GalaxyS25  
78746967504744629_6003953884,reel,1/10/2025 9:00,65,4,#GalaxyS25  
18478108084557159_3022274921,image,12/19/2024 11:00,469,11,#GalaxyS25  
90668462541503389_9038894249,image,1/14/2025 18:00,886,23,#GalaxyS25  
00145801892300803_3997116981,carousel,2/7/2025 16:00,48,2,#GalaxyS25  
61599858763271325_1877294405,image,1/16/2025 9:00,54,0,#GalaxyS25  
62187401241424110_9855933861,reel,1/3/2025 11:00,152,1,#GalaxyS25  
12718454832823302_7548148435,image,2/3/2025 3:00,803,24,#GalaxyS25  
13605168817768182_0074548244,image,11/30/2024 13:00,426,19,#GalaxyS25  
43499412598271766_3986237362,image,11/29/2024 3:00,130,1,#GalaxyS25  
29719074066353101_3869597641,image,1/29/2025 9:00,137,4,#GalaxyS25  
76255166171783231_4184673755,carousel,1/17/2025 7:00,417,12,#GalaxyS25  
56828291083347717_8574319457,carousel,1/15/2025,200,5,#GalaxyS25  
19067113543802700_4014163624,carousel,1/22/2025 5:00,50,2,#GalaxyS25  
59874889598123942_7121026203,image,1/4/2025 4:00,161,4,#GalaxyS25  
69347628696161991_8951005197,image,2/13/2025 12:00,47,0,#GalaxyS25  
85217051389463849_7649959641,reel,1/21/2025 23:00,48,1,#GalaxyS25  
59173009837167626_6941895379,image,2/15/2025 8:00,75,4,#GalaxyS25  
78248019428040208_1491676978,image,1/1/2025 23:00,154,4,#GalaxyS25  
09192080488297609_0487182640,carousel,2/14/2025 12:00,178,4,#GalaxyS25  
24539755813050066_9127479661,carousel,12/14/2024 1:00,189,5,#GalaxyS25  
33236035807164859_5091957999,carousel,1/18/2025 18:00,192,8,#GalaxyS25  
91206316371112413_7680648122,carousel,12/7/2024 21:00,29,0,#GalaxyS25  
37008462202522504_3473447622,image,1/5/2025 12:00,30,1,#GalaxyS25  
53205370270393026_8396960432,image,1/22/2025 10:00,271,9,#GalaxyS25  
33327889258778724_7815883058,carousel,1/24/2025 18:00,428,11,#GalaxyS25  
86365117428026041_5857484717,image,1/20/2025 15:00,683,19,#GalaxyS25  
03388804707155616_2570264148,carousel,12/24/2024 21:00,48,2,#GalaxyS25  
74142232678138671_4148260770,image,2/4/2025 14:00,37,0,#GalaxyS25  
39856643518071434_4751788216,image,1/30/2025 17:00,110,2,#GalaxyS25  
79661972549834643_7813094633,reel,1/17/2025 8:00,360,9,#GalaxyS25  
07200356889157613_1441720615,image,2/5/2025 20:00,222,12,#GalaxyS25  
03665455021903355_4822854820,carousel,11/27/2024 22:00,489,17,#GalaxyS25  
95266628498204531_1888470550,reel,1/16/2025 18:00,132,2,#GalaxyS25  
51744761021891084_3650549581,image,12/18/2024 16:00,970,21,#GalaxyS25  
34023597734282066_9406621422,carousel,2/5/2025 14:00,1172,33,#GalaxyS25  
42048188052880693_3368210647,carousel,1/7/2025 12:00,61,3,#GalaxyS25  
88353921817776702_2032703257,reel,2/10/2025 9:00,382,9,#GalaxyS25  
48557848516977174_6907092651,carousel,2/9/2025 11:00,292,6,#GalaxyS25  
20317810157216460_1054473506,carousel,2/19/2025 5:00,115,4,#GalaxyS25  
13064080077953539_8231074229,reel,12/4/2024 21:00,66,2,#GalaxyS25  
34478824557663938_0678001405,carousel,11/28/2024 16:00,336,10,#GalaxyS25  
34503531268913577_2441321036,carousel,12/12/2024 18:00,231,5,#GalaxyS25  
07825939571334149_6232369649,image,12/9/2024 22:00,105,4,#GalaxyS25  
96877670599822968_8836946461,carousel,1/6/2025 4:00,236,7,#GalaxyS25  
78689356034865077_7352465598,reel,12/22/2024 12:00,61,6,#GalaxyS25  
55979404040921221_8151115732,reel,12/25/2024 6:00,90,3,#GalaxyS25  
78897296349248576_8849538116,carousel,1/4/2025 11:00,670,15,#GalaxyS25  
70536098159369927_5469077350,reel,2/11/2025 11:00,249,8,#GalaxyS25  
66744413088439253_2715418683,carousel,1/16/2025 23:00,165,5,#GalaxyS25  
79746843612512719_8607663648,image,1/6/2025 2:00,162,2,#GalaxyS25  
70038011335295080_9860864565,reel,2/2/2025 7:00,383,12,#GalaxyS25  
10584237132246356_7209478434,carousel,1/12/2025 10:00,155,2,#GalaxyS25  
52117168521899618_0954238893,carousel,1/7/2025 10:00,1365,39,#GalaxyS25  
29724430665462574_6524419176,image,12/4/2024 18:00,256,7,#GalaxyS25  
85038747871562252_8321571089,carousel,1/16/2025 22:00,0,4,#GalaxyS25  
96243493904497909_2717796824,carousel,1/12/2025 15:00,459,9,#GalaxyS25  
71484061559298382_3021441148,carousel,1/31/2025 20:00,216,6,#GalaxyS25  
84026404305781632_3561706818,image,1/31/2025 20:00,417,17,#GalaxyS25  
87221147004527090_6359129839,image,12/27/2024 9:00,260,10,#GalaxyS25  
36054853102296450_1764967706,image,11/26/2024 23:00,194,4,#GalaxyS25  
30250578703934060_6290955091,reel,1/8/2025 6:00,46,1,#GalaxyS25  
94015410879349443_1287148378,image,12/24/2024 23:00,568,16,#GalaxyS25  
09430876897017491_1918808222,carousel,12/24/2024 9:00,297,7,#GalaxyS25  
82327723550337848_0836689688,image,12/4/2024 9:00,145,5,#GalaxyS25  
65272852293427916_3112299162,carousel,1/1/2025 4:00,0,2,#GalaxyS25  
92111527520849431_0816666386,image,12/13/2024 18:00,99,4,#GalaxyS25  
96025343404209708_8186705025,reel,1/1/2025 16:00,340,10,#GalaxyS25  
78890101432485042_2762293655,reel,12/5/2024 6:00,369,9,#GalaxyS25  
74459137083887519_0634441418,carousel,2/19/2025 3:00,33,1,#GalaxyS25  
07739482948962134_2899437038,carousel,1/6/2025 7:00,1746,43,#GalaxyS25  
68628929834450075_6727636592,carousel,2/13/2025 5:00,346,11,#GalaxyS25  
24413788255144932_2012504393,image,1/2/2025 20:00,140,5,#GalaxyS25  
52689871374786517_4977753237,image,2/8/2025 12:00,318,7,#GalaxyS25  
37721385755389967_6666032566,image,2/7/2025 7:00,250,6,#GalaxyS25  
77476119075178877_9571792877,reel,1/4/2025 9:00,460,15,#GalaxyS25  
05080010481429469_2048880849,carousel,2/9/2025 14:00,52,3,#GalaxyS25  
08494210543477634_1958217082,carousel,12/3/2024 8:00,229,8,#GalaxyS25  
65113213883797920_1500887210,image,2/5/2025,684,21,#GalaxyS25  
08498060877780700_4647913889,reel,1/15/2025 11:00,308,6,#GalaxyS25  
68347798523717737_7071628756,image,12/17/2024 8:00,137,4,#GalaxyS25  
17417489463973063_5455550275,carousel,2/16/2025 13:00,109,4,#GalaxyS25  
09318305347830907_1029456690,image,12/26/2024 9:00,103,1,#GalaxyS25  
79082324835672505_8624175904,reel,2/3/2025 10:00,287,6,#GalaxyS25  
81876277906139262_5111711019,image,1/22/2025 13:00,533,22,#GalaxyS25  
31530185203773089_2173790205,carousel,12/10/2024 9:00,371,10,#GalaxyS25  
73403040255916239_0581448958,image,1/25/2025 21:00,126,5,#GalaxyS25  
95844611401917827_1024703519,image,12/9/2024 1:00,179,10,#GalaxyS25  
14737840164023631_0578833463,reel,12/6/2024 10:00,213,7,#GalaxyS25  
26939356195211037_6424862448,image,12/11/2024 13:00,56,2,#GalaxyS25  
82754789054109706_7387398487,carousel,12/29/2024 20:00,83,6,#GalaxyS25  
32755883479045068_6847664568,image,1/29/2025 6:00,165,5,#GalaxyS25  
76815450793469315_1864974573,image,11/28/2024 14:00,122,0,#GalaxyS25  
24844666778224907_5910696488,image,1/2/2025 7:00,214,5,#GalaxyS25  
89445302366971590_1047080262,carousel,1/14/2025 9:00,135,4,#GalaxyS25  
57764607768346111_5770827224,image,11/24/2024 2:00,153,10,#GalaxyS25  
36292380518236308_3719338105,reel,12/4/2024 10:00,98,2,#GalaxyS25  
65759678633692824_5129700583,carousel,1/28/2025 14:00,369,13,#GalaxyS25  
66723890947598595_8587850225,reel,1/16/2025 14:00,178,9,#GalaxyS25  
22166528736705261_5071109534,reel,12/19/2024 9:00,56,3,#GalaxyS25  
45588256742172843_2450872687,image,1/31/2025 7:00,43,1,#GalaxyS25  
07712944109560921_9518065528,reel,2/19/2025 11:00,77,3,#GalaxyS25  
20185566973784865_3264575309,image,12/28/2024 17:00,112,3,#GalaxyS25  
91994204238838579_7912390111,image,12/3/2024 18:00,242,3,#GalaxyS25  
07655730150257490_4251453990,carousel,11/26/2024 19:00,0,1,#GalaxyS25  
11453651384271856_8975668834,image,2/20/2025 18:00,110,2,#GalaxyS25  
38539805351816003_5367474064,carousel,1/11/2025 17:00,153,3,#GalaxyS25  
74178013080749541_0744028310,image,12/31/2024 23:00,142,5,#GalaxyS25  
19684819548099569_5233749911,image,11/30/2024 10:00,354,5,#GalaxyS25  
34103567781248905_5909972638,carousel,12/23/2024 12:00,329,13,#GalaxyS25  
92411222589943456_3688625702,reel,1/6/2025 19:00,1306,37,#GalaxyS25  
35492004804747457_9393216424,image,12/14/2024 2:00,154,3,#GalaxyS25  
55167472243193394_2721674512,image,12/22/2024 12:00,63,4,#GalaxyS25  
54628550339384669_5130514557,reel,12/30/2024 18:00,151,1,#GalaxyS25  
03403591563781013_7423876910,image,1/14/2025 3:00,95,2,#GalaxyS25  
96127571826068793_9890591909,carousel,11/26/2024 9:00,119,2,#GalaxyS25  
27717963689849878_7886973197,image,2/18/2025 6:00,78,0,#GalaxyS25  
58286686199048731_9745607926,carousel,12/16/2024 13:00,365,13,#GalaxyS25  
48117479983958498_7465550847,carousel,12/9/2024 10:00,289,10,#GalaxyS25  
17475820467592114_6176517518,reel,2/1/2025 6:00,55,3,#GalaxyS25  
53336703812818859_8083973130,carousel,12/24/2024 7:00,425,15,#GalaxyS25  
15183198825714160_6002572161,reel,12/2/2024 10:00,59,2,#GalaxyS25  
40813134378482279_9603514106,image,2/6/2025 10:00,289,8,#GalaxyS25  
07439553902467991_9124456844,reel,12/30/2024 9:00,312,7,#GalaxyS25  
44502434861247718_1201787642,reel,1/24/2025 11:00,147,6,#GalaxyS25  
11978002534862311_8014098418,carousel,1/23/2025 20:00,152,5,#GalaxyS25  
19692269483801856_8191394475,reel,1/26/2025 10:00,165,4,#GalaxyS25  
00786509417877772_1732773160,carousel,12/25/2024 17:00,682,0,#GalaxyS25  
45888314895318018_2133341897,image,12/24/2024 23:00,88,6,#GalaxyS25  
38532359367954030_2047596894,carousel,1/17/2025 4:00,330,10,#GalaxyS25  
15043874756663483_2778479153,carousel,1/11/2025,310,9,#GalaxyS25  
46978671481498824_9060512120,image,11/29/2024 22:00,710,14,#GalaxyS25  
64235067965548414_1626705075,image,1/10/2025 12:00,221,6,#GalaxyS25  
26575635520338057_6301508237,image,12/7/2024 9:00,436,10,#GalaxyS25  
45799263900052861_1111274940,reel,12/17/2024 18:00,11,1,#GalaxyS25  
80950186609055190_9975164382,image,1/2/2025 13:00,67,1,#GalaxyS25  
35084365255372466_5845309201,image,2/18/2025,567,16,#GalaxyS25  
59202247603730495_5370661684,reel,11/28/2024 4:00,729,0,#GalaxyS25  
89752715951093114_5512963135,image,12/29/2024 8:00,0,5,#GalaxyS25  
32356421922231218_2473041519,reel,2/14/2025 14:00,63,2,#GalaxyS25  
65198455971563743_9166024554,image,12/20/2024 20:00,268,6,#GalaxyS25  
46148182085662914_9957509747,reel,1/15/2025 22:00,409,16,#GalaxyS25  
58842852430114342_9119038275,image,1/25/2025 18:00,320,13,#GalaxyS25  
50548335293131449_5393821850,image,2/14/2025 15:00,63,0,#GalaxyS25  
74839370585582020_6125112435,image,11/25/2024 16:00,208,5,#GalaxyS25  
61614665953844185_9935056257,image,12/16/2024 21:00,176,5,#GalaxyS25  
92208985207623673_9659063276,image,2/17/2025,1079,23,#GalaxyS25  
84598890654900000_5051594217,image,2/10/2025 19:00,394,14,#GalaxyS25  
80512112647739909_2754718315,image,1/12/2025 8:00,140,2,#GalaxyS25  
99106671783152227_7725293733,carousel,2/3/2025 9:00,78,1,#GalaxyS25  
84921158130117707_8266193536,carousel,12/16/2024 23:00,51,0,#GalaxyS25  
41605526570019362_0806443228,carousel,1/26/2025 22:00,707,15,#GalaxyS25  
00264042198948472_6559115013,carousel,2/2/2025 21:00,83,3,#GalaxyS25  
20769860267062171_1218847264,image,1/28/2025 8:00,511,15,#GalaxyS25  
95694601088575582_7945812941,image,12/19/2024 16:00,355,0,#GalaxyS25  
17011617687067731_9841968948,carousel,1/13/2025 19:00,176,3,#GalaxyS25  
15506556916992743_5574551179,image,12/14/2024,154,6,#GalaxyS25  
09341726374449285_3734529557,carousel,1/26/2025 10:00,81,1,#GalaxyS25  
00452387401013919_1642643898,image,2/17/2025 22:00,59,2,#GalaxyS25  
71619147276097207_7218809361,carousel,2/12/2025 7:00,99,1,#GalaxyS25  
65520525738819325_0725033261,image,2/6/2025 14:00,352,11,#GalaxyS25  
61093623568719561_3723670365,carousel,12/26/2024 20:00,423,7,#GalaxyS25  
29686326993979335_0938110920,reel,1/31/2025 13:00,112,7,#GalaxyS25  
38832543957266042_3601576048,image,12/18/2024 19:00,396,12,#GalaxyS25  
64445410773907398_1936215230,image,2/6/2025 21:00,204,7,#GalaxyS25  
08852217249757938_9154473318,carousel,12/24/2024 9:00,273,9,#GalaxyS25  
50897681355480878_1145415538,image,1/9/2025 3:00,123,2,#GalaxyS25  
83463334991647826_1790244854,reel,12/30/2024 14:00,148,0,#GalaxyS25  
23152000486313046_7148035925,reel,2/7/2025 4:00,0,1,#GalaxyS25  
30648163133187690_4011867790,reel,2/21/2025,446,17,#GalaxyS25  
54033424398691121_8591069186,carousel,2/13/2025 13:00,48,0,#GalaxyS25  
53191801955064205_2410469822,carousel,12/15/2024 4:00,177,3,#GalaxyS25  
98014460648942859_8045454857,image,2/3/2025 23:00,243,5,#GalaxyS25  
12082195903076464_1722517411,reel,1/27/2025 18:00,350,22,#GalaxyS25  
92657645304725753_2428070514,image,1/29/2025 8:00,384,9,#GalaxyS25  
35896107870626612_8925187175,carousel,2/3/2025 16:00,330,8,#GalaxyS25  
07736319666383049_9086407627,image,1/8/2025 5:00,75,3,#GalaxyS25  
47825379061680868_8374009473,reel,1/3/2025 13:00,57,2,#GalaxyS25  
64796112854417682_4063739118,carousel,12/19/2024 13:00,424,10,#GalaxyS25  
90664616690619882_9063018661,image,2/16/2025 13:00,1050,35,#GalaxyS25  
41308615326861988_0233419087,carousel,2/21/2025 17:00,90,2,#GalaxyS25  
68142797045749998_1714846415,reel,11/25/2024 22:00,282,8,#GalaxyS25  
72635663570982997_1772723788,carousel,12/7/2024 3:00,457,15,#GalaxyS25  
47387342513536630_0838384564,image,1/20/2025 7:00,63,0,#GalaxyS25  
50636384203434821_3006530217,reel,11/24/2024 12:00,402,16,#GalaxyS25  
63427334269612764_9051553866,image,12/11/2024 7:00,332,10,#GalaxyS25  
87496368279426821_5724455041,carousel,12/21/2024 8:00,76,2,#GalaxyS25  
71732562582250024_0754428453,carousel,2/4/2025 13:00,98,2,#GalaxyS25  
20050686011515145_3357016115,reel,11/30/2024 12:00,69,0,#GalaxyS25  
64899979143836642_8128786293,carousel,12/19/2024 22:00,1071,18,#GalaxyS25  
02929541068950471_5417585603,reel,2/12/2025 13:00,202,0,#GalaxyS25  
68042037078872166_4650531137,image,1/3/2025 12:00,219,11,#GalaxyS25  
50434157909492798_3503597158,image,12/26/2024 9:00,110,1,#GalaxyS25  
51033361342334724_3416419814,image,12/23/2024 4:00,206,7,#GalaxyS25  
51559252942634314_7471988841,image,2/11/2025 13:00,30,1,#GalaxyS25  
00990364299953993_6096433981,image,2/20/2025 8:00,114,7,#GalaxyS25  
36690273896596124_3742707950,image,12/13/2024,584,19,#GalaxyS25  
73715430975035239_0574650197,reel,1/8/2025 16:00,66,0,#GalaxyS25  
86951487597533877_1290781678,carousel,12/11/2024 12:00,150,5,#GalaxyS25  
76974126217757562_9777127022,carousel,2/7/2025 21:00,335,8,#GalaxyS25  
75854887277915456_8157048032,image,1/23/2025 19:00,307,12,#GalaxyS25  
29696526162885836_7142486478,image,12/28/2024 19:00,282,5,#GalaxyS25  
73795948304741809_6200195876,carousel,1/10/2025 8:00,143,6,#GalaxyS25  
71227890149674111_8621437910,image,1/22/2025,285,9,#GalaxyS25  
73944589815781687_9778546867,image,1/11/2025 6:00,49,2,#GalaxyS25  
17322675228830996_8780843816,carousel,1/31/2025 22:00,89,4,#GalaxyS25  
68667525795164003_3869844951,image,2/20/2025 12:00,180,11,#GalaxyS25  
53733586316926906_9213873069,reel,2/16/2025 14:00,485,13,#GalaxyS25  
02366318035519270_7959528763,carousel,1/24/2025 16:00,61,0,#GalaxyS25  
41091794044738792_3715971165,carousel,1/23/2025 3:00,177,7,#GalaxyS25  
96402308650493795_8502024200,image,11/27/2024 7:00,248,6,#GalaxyS25  
63716364067045722_6792861111,reel,1/11/2025 19:00,19,0,#GalaxyS25  
83419165665007197_6666615432,reel,12/6/2024 23:00,106,4,#GalaxyS25  
06477069684736496_9967894219,image,11/25/2024 19:00,413,14,#GalaxyS25  
18374007913304486_9323085645,image,12/21/2024 13:00,281,7,#GalaxyS25  
62380726643757779_4318438605,image,1/14/2025 8:00,584,23,#GalaxyS25  
01786427783955133_8546484851,carousel,1/11/2025 20:00,155,3,#GalaxyS25  
34282619934582806_3903425415,reel,1/15/2025 2:00,190,7,#GalaxyS25  
65730803336767959_8141926774,carousel,12/11/2024 23:00,143,5,#GalaxyS25  
22649689388646001_4321844361,image,2/18/2025 16:00,26,0,#GalaxyS25  
87016149130787632_1716414747,reel,1/8/2025 13:00,241,5,#GalaxyS25  
69085270193169028_5369166906,image,2/5/2025 19:00,225,5,#GalaxyS25  
61399127173722928_9755972796,reel,2/11/2025,361,0,#GalaxyS25  
90202205710269395_0184780479,carousel,1/6/2025 4:00,156,5,#GalaxyS25  
32391880927661319_7631854628,carousel,12/5/2024 15:00,0,1,#GalaxyS25  
23184996882550891_6331335152,carousel,12/26/2024 12:00,50,1,#GalaxyS25  
92033962299438414_3164140689,carousel,12/31/2024 18:00,205,6,#GalaxyS25  
15271414411178743_0325829047,carousel,1/9/2025 4:00,204,8,#GalaxyS25  
47798704403216846_7630183616,reel,11/30/2024 5:00,250,8,#GalaxyS25  
68686582888879796_7212442767,image,12/25/2024 8:00,201,0,#GalaxyS25  
58771094613741158_3026197993,image,1/12/2025 2:00,142,2,#GalaxyS25  
45943315854772035_1450556671,image,12/18/2024 2:00,23,1,#GalaxyS25  
56022097478369982_4589641372,carousel,1/12/2025 15:00,143,6,#GalaxyS25  
37114824849733628_3316243022,image,12/24/2024 12:00,290,6,#GalaxyS25  
87508193806932114_8125557436,image,1/6/2025 6:00,224,7,#GalaxyS25  
67922910317945672_4093278639,carousel,2/8/2025 6:00,138,3,#GalaxyS25  
97558012993925901_4214816959,carousel,1/31/2025 3:00,1475,41,#GalaxyS25  
26447787794987963_6051311179,carousel,1/31/2025 10:00,164,2,#GalaxyS25  
13102808794837904_1035099947,carousel,11/27/2024 16:00,59,0,#GalaxyS25  
95030370686300978_5596777611,reel,12/7/2024 1:00,341,0,#GalaxyS25  
79433430834307867_2388869025,carousel,11/28/2024 20:00,63,0,#GalaxyS25  
48264741335010692_1304392350,image,2/8/2025,212,5,#GalaxyS25  
65810471631587520_7040755030,carousel,1/6/2025 5:00,81,2,#GalaxyS25  
76209854159497178_7009272878,image,1/26/2025 7:00,553,10,#GalaxyS25  
60438480375324794_7782830235,image,12/19/2024 17:00,411,10,#GalaxyS25  
54895001058667968_0190407590,reel,12/17/2024 21:00,89,1,#GalaxyS25  
43239171868022019_6041755620,carousel,11/25/2024 14:00,549,19,#GalaxyS25  
21390091521857842_7505803509,carousel,1/14/2025 12:00,69,1,#GalaxyS25  
16130712884119580_8210817194,carousel,1/14/2025 7:00,140,3,#GalaxyS25  
65904963151462094_8853172746,carousel,11/24/2024 16:00,820,0,#GalaxyS25  
41940312345031811_6768617469,image,1/6/2025 20:00,119,2,#GalaxyS25  
60914040670045538_9558528813,carousel,1/3/2025 10:00,261,2,#GalaxyS25  
76022259462303140_4859309598,image,12/16/2024 15:00,40,1,#GalaxyS25  
10283169688907346_9731359282,reel,12/23/2024 16:00,53,4,#GalaxyS25  
33400229287172348_3135873366,carousel,12/24/2024 16:00,216,5,#GalaxyS25  
24270315168626682_7719825748,image,1/22/2025 12:00,243,7,#GalaxyS25  
20574533044760966_7121981847,carousel,11/26/2024 22:00,0,5,#GalaxyS25  
30212222057049126_4164029249,carousel,12/3/2024 9:00,68,2,#GalaxyS25  
24955384870343576_8942081341,image,2/2/2025 11:00,241,10,#GalaxyS25  
93697589646487323_6880630268,image,1/29/2025 14:00,148,3,#GalaxyS25  
62627335595431993_2725366863,reel,12/16/2024 10:00,75,1,#GalaxyS25  
26272832032072150_7713885284,image,1/21/2025 10:00,228,6,#GalaxyS25  
24150458984898492_6496805660,image,1/4/2025 13:00,195,1,#GalaxyS25  
77385729693159928_4996537104,reel,12/13/2024 5:00,358,13,#GalaxyS25  
60813642596384453_2241765915,image,12/20/2024 12:00,224,5,#GalaxyS25  
43114476682959338_6817250685,image,2/13/2025 8:00,161,7,#GalaxyS25  
33958609753306822_4992785423,reel,2/15/2025,51,1,#GalaxyS25  
58210970914260414_8038675253,reel,2/19/2025 10:00,65,0,#GalaxyS25  
71319832248787841_6997839278,reel,12/31/2024 8:00,189,4,#GalaxyS25  
81702132630461709_5300361026,carousel,1/18/2025 7:00,54,3,#GalaxyS25  
93782593324629455_1082686899,carousel,12/10/2024 21:00,301,14,#GalaxyS25  
70077335572103471_4240621204,image,1/12/2025 19:00,111,4,#GalaxyS25  
70821858434083169_9543725964,carousel,1/2/2025 9:00,150,8,#GalaxyS25  
44199454672483048_4340042398,image,1/25/2025 23:00,148,4,#GalaxyS25  
50542683437290853_9989927437,carousel,11/24/2024 6:00,145,3,#GalaxyS25  
59995447964311268_3808087804,image,12/25/2024 13:00,541,16,#GalaxyS25  
75261326118103619_8116378011,carousel,2/17/2025 7:00,670,20,#GalaxyS25  
59757531228307343_3233300146,reel,1/16/2025 13:00,37,4,#GalaxyS25  
78080586312035550_1042595968,carousel,12/1/2024 11:00,126,3,#GalaxyS25  
94607213485854700_3153949503,reel,1/6/2025 14:00,375,8,#GalaxyS25  
18931488476394651_6475922152,carousel,1/29/2025 3:00,212,0,#GalaxyS25  
41385960476075548_0388441292,reel,12/16/2024 16:00,260,5,#GalaxyS25  
03607412778512163_3374140777,image,2/21/2025 4:00,90,4,#GalaxyS25  
66751125584198529_2898696048,image,12/21/2024 8:00,77,2,#GalaxyS25  
94343036346352246_3668037631,image,1/26/2025 3:00,92,2,#GalaxyS25  
04011915677185928_2735753509,image,1/4/2025 16:00,156,2,#GalaxyS25  
51203738744484311_7354035162,carousel,12/10/2024 6:00,151,6,#GalaxyS25  
26901202531758158_6682147729,image,1/3/2025 18:00,120,4,#GalaxyS25  
16437028933834525_6432033013,carousel,11/30/2024 11:00,41,0,#GalaxyS25  
12797374519998290_6609669840,reel,1/28/2025 2:00,439,21,#GalaxyS25  
50024818239180613_3928455937,carousel,2/12/2025 21:00,21,2,#GalaxyS25  
09626584685851769_1930613131,image,12/4/2024 6:00,33,1,#GalaxyS25  
26555617129009514_0963289600,reel,1/23/2025,243,10,#GalaxyS25  
37115047645244920_8703718354,image,11/25/2024 4:00,18,1,#GalaxyS25  
55056353239119247_0623927724,carousel,1/28/2025 10:00,320,9,#GalaxyS25  
65901489957227911_8105264778,carousel,1/21/2025 19:00,696,0,#GalaxyS25  
77541194194206002_6455051667,reel,2/5/2025 7:00,212,3,#GalaxyS25  
30380975950585418_7419067392,image,2/14/2025 18:00,232,8,#GalaxyS25  
82964892640382468_4716015385,image,12/22/2024 12:00,64,2,#GalaxyS25  
30649021070151951_2417567917,reel,2/18/2025 19:00,191,3,#GalaxyS25  
10833515696727198_0852017799,image,1/31/2025 10:00,54,0,#GalaxyS25  
44240197857009964_7442937657,carousel,1/9/2025 12:00,168,2,#GalaxyS25  
09539376662166159_3849700477,image,12/11/2024 14:00,438,13,#GalaxyS25  
59925248152345268_2800576090,carousel,1/8/2025 11:00,162,4,#GalaxyS25  
88379261512570845_9772113889,reel,1/2/2025 19:00,279,8,#GalaxyS25  
36719213048427461_0825836291,image,2/21/2025 7:00,1794,48,#GalaxyS25  
02201059223486210_4797604550,carousel,2/10/2025 10:00,484,16,#GalaxyS25  
74308210786408290_1194406299,carousel,1/3/2025 18:00,176,4,#GalaxyS25  
73708358341002779_2551563547,image,2/19/2025 16:00,63,0,#GalaxyS25  
52109608932873416_9602794765,reel,12/12/2024 11:00,96,0,#GalaxyS25  
31874650231207970_3296696964,image,12/3/2024 14:00,413,8,#GalaxyS25  
33159910026552013_7537488197,carousel,11/28/2024 1:00,43,3,#GalaxyS25  
91313651872045503_5591759050,carousel,1/7/2025 22:00,51,1,#GalaxyS25  
66244070796172295_8999368219,image,2/2/2025 9:00,1129,37,#GalaxyS25  
52124883190203164_4148142498,image,11/28/2024,179,8,#GalaxyS25  
16810046244517748_7058789941,image,12/17/2024 21:00,152,2,#GalaxyS25  
97302516329722550_7687558169,carousel,2/6/2025 5:00,129,5,#GalaxyS25  
84902926554569402_9047033961,reel,2/6/2025 15:00,62,1,#GalaxyS25  
52778460611852263_6151351690,carousel,1/9/2025 21:00,210,4,#GalaxyS25  
92027050993836265_5724071580,carousel,1/30/2025 10:00,285,6,#GalaxyS25  
29768106209875881_0672433372,carousel,11/27/2024 21:00,393,14,#GalaxyS25  
53188970886641213_5640606228,reel,12/26/2024 18:00,246,9,#GalaxyS25  
18200731317625871_3401913877,reel,12/28/2024 13:00,393,10,#GalaxyS25  
09367424023640590_0679722827,image,12/11/2024 17:00,112,2,#GalaxyS25  
36877810468329803_1787521295,reel,12/16/2024 11:00,113,2,#GalaxyS25  
44100636657159376_7357997942,image,11/30/2024 18:00,473,18,#GalaxyS25  
73541141469866443_7864070514,image,12/16/2024 1:00,207,5,#GalaxyS25  
78100528753757181_0578231500,carousel,11/25/2024 18:00,135,2,#GalaxyS25  
68277448939127584_6692562395,carousel,1/14/2025 11:00,166,5,#GalaxyS25  
70816367277971716_9793727724,image,1/17/2025 19:00,1048,46,#GalaxyS25  
39893440411607126_9345127672,carousel,12/13/2024 3:00,94,1,#GalaxyS25  
78534915345174064_1429516746,reel,1/7/2025 18:00,87,4,#GalaxyS25  
42767668461538133_2058466332,image,1/20/2025 18:00,177,6,#GalaxyS25  
88716611934691507_9698665368,image,12/14/2024 22:00,184,11,#GalaxyS25  
91957448289918578_5851966484,image,2/3/2025 7:00,244,5,#GalaxyS25  
90501550570092830_0913694055,image,12/17/2024 6:00,96,6,#GalaxyS25  
43098946396393355_7932791832,image,12/9/2024 12:00,264,6,#GalaxyS25  
83901501223414779_9296795644,image,1/16/2025 1:00,921,34,#GalaxyS25  
55444897136653162_6709839814,reel,2/14/2025 14:00,276,9,#GalaxyS25  
15522464135971752_3528388296,reel,12/1/2024 22:00,36,1,#GalaxyS25  
79556777007492464_1344571869,reel,2/12/2025 19:00,627,21,#GalaxyS25  
73352894836072166_4864937270,carousel,12/31/2024 1:00,1021,25,#GalaxyS25  
01309270753005457_1887126830,reel,11/27/2024 10:00,122,4,#GalaxyS25  
71335649440412411_5791782386,carousel,2/8/2025 12:00,315,9,#GalaxyS25  
73531645427521001_8749846763,carousel,1/24/2025 10:00,1021,34,#GalaxyS25  
18134458089188887_0741598194,image,11/25/2024 11:00,309,9,#GalaxyS25  
20482742532093501_2339741671,carousel,1/15/2025 13:00,187,8,#GalaxyS25  
33296700120561289_4814555663,image,12/7/2024 23:00,215,4,#GalaxyS25  
91452802955685589_1916317418,image,12/2/2024 20:00,169,5,#GalaxyS25  
14330708277071055_8262977894,image,2/20/2025 10:00,347,12,#GalaxyS25  
85161837761747076_1717735925,carousel,12/17/2024 2:00,527,19,#GalaxyS25  
09560109211716729_6027539727,reel,2/18/2025 13:00,419,11,#GalaxyS25  
06819623798438891_0911951731,reel,1/4/2025 13:00,1969,61,#GalaxyS25  
65599852569365064_0926975827,carousel,2/2/2025,0,0,#GalaxyS25  
96742855917114714_3719189140,reel,1/23/2025 7:00,212,7,#GalaxyS25  
86322671744020885_1013166966,image,1/24/2025 18:00,2145,81,#GalaxyS25  
27356644728618669_4966461864,reel,1/14/2025 12:00,180,8,#GalaxyS25  
97542401964072437_9176213982,image,12/29/2024 20:00,108,2,#GalaxyS25  
88180104873003859_6585772532,carousel,12/14/2024 7:00,197,9,#GalaxyS25  
93903303656631319_2196095314,carousel,11/27/2024 6:00,616,12,#GalaxyS25  
75023844704519451_5759067164,reel,2/12/2025 6:00,136,4,#GalaxyS25  
51070450637983724_2887418959,reel,2/19/2025 8:00,1009,41,#GalaxyS25  
79322181297852202_4757016974,reel,12/29/2024 16:00,193,5,#GalaxyS25  
12058669452379231_6162130880,reel,12/27/2024 9:00,68,1,#GalaxyS25  
62363888447158128_1030847985,carousel,12/9/2024 22:00,11,0,#GalaxyS25  
40028199735189316_2132690448,carousel,12/12/2024 14:00,111,2,#GalaxyS25  
96198427119185815_5000068835,carousel,1/20/2025 12:00,540,19,#GalaxyS25  
06371511381713862_4139416867,image,11/29/2024 19:00,521,14,#GalaxyS25  
87417082926533321_3785370161,image,2/8/2025,274,7,#GalaxyS25  
75415153934181322_7255979182,image,12/24/2024 6:00,96,3,#GalaxyS25  
67187585915865462_5272229869,reel,2/9/2025 20:00,90,2,#GalaxyS25  
90725485139225065_3210849353,image,1/14/2025 11:00,312,6,#GalaxyS25  
02110956168237664_4929860865,reel,11/24/2024 18:00,632,22,#GalaxyS25  
77739651525316581_5220488259,reel,11/27/2024,369,10,#GalaxyS25  
63298607141412565_0562052212,reel,2/5/2025 18:00,161,6,#GalaxyS25  
87518238946631269_6997578877,carousel,1/4/2025 23:00,151,4,#GalaxyS25  
10087906969942622_7388302145,image,11/28/2024 6:00,560,18,#GalaxyS25  
03906379616927485_5766902743,image,11/24/2024,153,5,#GalaxyS25  
35090877140547328_9782949633,reel,12/11/2024 12:00,315,9,#GalaxyS25  
93320011960527166_3283744715,image,1/27/2025 16:00,127,8,#GalaxyS25  
52981885144972798_8354833751,image,1/28/2025 10:00,52,3,#GalaxyS25  
25500355108758369_0638592543,image,1/11/2025 18:00,72,3,#GalaxyS25  
71098345128873310_0793235235,image,2/18/2025 4:00,221,8,#GalaxyS25  
18631087799050933_1455933427,carousel,1/27/2025 19:00,378,9,#GalaxyS25  
61748452899314109_8212149616,carousel,1/13/2025 6:00,1597,48,#GalaxyS25  
75074693639227212_3244939527,image,1/14/2025 13:00,73,1,#GalaxyS25  
41589179355637036_9535069258,image,1/31/2025 16:00,210,1,#GalaxyS25  
98688337630280842_7532400775,image,1/30/2025 14:00,598,18,#GalaxyS25  
80978642679582834_4692034984,reel,1/21/2025 1:00,42,0,#GalaxyS25  
60170245299509114_2617845043,carousel,12/20/2024 7:00,308,6,#GalaxyS25  
73509650309600332_8670262844,image,12/7/2024 9:00,318,9,#GalaxyS25  
99161070789552771_9826442690,image,12/24/2024 2:00,313,11,#GalaxyS25  
66770600670453616_9459645690,image,1/8/2025 14:00,155,3,#GalaxyS25  
65279488678138814_3410155028,reel,12/27/2024 14:00,221,6,#GalaxyS25  
28981016294091601_8192175743,carousel,1/18/2025 20:00,784,21,#GalaxyS25  
06476318221604713_4423319998,image,12/20/2024 10:00,103,3,#GalaxyS25  
45960013057509615_9007653309,reel,12/29/2024 21:00,30,0,#GalaxyS25  
50503957275784714_0891915165,image,1/11/2025 16:00,161,6,#GalaxyS25  
33472604273165648_0312543879,image,12/27/2024 22:00,291,5,#GalaxyS25  
39784492894327509_7980707858,image,1/27/2025 14:00,0,0,#GalaxyS25  
64700810178807416_7748111772,image,1/27/2025 15:00,562,12,#GalaxyS25  
62079029484544834_8191775443,image,12/8/2024 1:00,175,6,#GalaxyS25  
10160919907522118_1778557001,carousel,1/18/2025 4:00,87,1,#GalaxyS25  
16678613068432684_3815175955,reel,1/18/2025 13:00,232,7,#GalaxyS25  
80884697712021961_2767824508,image,12/17/2024 5:00,240,4,#GalaxyS25  
20644656365054421_6280043919,carousel,2/6/2025 20:00,248,9,#GalaxyS25  
27793910603151217_4515529925,reel,12/23/2024 15:00,146,8,#GalaxyS25  
10204143841368289_4271126375,carousel,1/17/2025 8:00,258,7,#GalaxyS25  
32588823722929378_6986337761,reel,2/5/2025 21:00,51,2,#GalaxyS25  
28928623559573464_1171814377,image,12/27/2024 13:00,126,6,#GalaxyS25  
17006764839397107_5114973830,carousel,2/2/2025 11:00,328,12,#GalaxyS25  
59977917744588070_2984518166,image,2/14/2025 22:00,40,0,#GalaxyS25  
95249235510672236_1279267185,reel,12/13/2024 14:00,208,3,#GalaxyS25  
11778368587368915_6882434422,reel,2/14/2025 18:00,54,0,#GalaxyS25  
28970172545420238_6996513275,reel,12/8/2024,66,1,#GalaxyS25  
20954723697158303_7697623687,image,2/9/2025 3:00,697,19,#GalaxyS25  
72131611047993927_6504515622,image,1/10/2025 8:00,116,4,#GalaxyS25  
59714245270642570_6889871249,reel,2/6/2025 22:00,178,5,#GalaxyS25  
52427234198204029_5683122300,image,11/27/2024 8:00,137,3,#GalaxyS25  
94224384314638712_4148424291,carousel,12/3/2024,67,2,#GalaxyS25  
10631012462406493_2241865688,image,12/20/2024 23:00,52,3,#GalaxyS25  
08066804758348167_9100775196,carousel,2/18/2025,309,4,#GalaxyS25  
81721082542698364_5695166678,reel,11/29/2024 23:00,431,12,#GalaxyS25  
94521102961529412_3132205462,image,12/21/2024 3:00,409,14,#GalaxyS25  
68757710596884040_1134543700,image,2/12/2025 14:00,60,0,#GalaxyS25  
23822425352670643_8141118308,carousel,1/14/2025 21:00,28,1,#GalaxyS25  
96675145022304241_2603410037,image,1/7/2025 16:00,205,6,#GalaxyS25  
21975221668552500_5440447045,reel,1/7/2025 12:00,273,6,#GalaxyS25  
93999112082613382_4086980681,carousel,12/16/2024 5:00,167,1,#GalaxyS25  
06170182389958129_6842718897,image,2/4/2025 1:00,872,33,#GalaxyS25  
43731748193869212_5319519263,image,1/11/2025 21:00,203,10,#GalaxyS25  
31760608073566500_7157415157,image,12/5/2024 6:00,211,4,#GalaxyS25  
68936276456649970_9093376755,reel,1/12/2025 15:00,654,22,#GalaxyS25  
72168070838569509_4824160923,carousel,12/9/2024 15:00,365,7,#GalaxyS25  
41109543021059378_9639452504,image,2/13/2025 5:00,102,1,#GalaxyS25  
26891703232901229_0214377555,image,1/23/2025 10:00,164,2,#GalaxyS25  
51879704117767263_5212459243,carousel,12/28/2024 15:00,189,4,#GalaxyS25  
34316256170680530_1577217345,carousel,1/3/2025 18:00,48,1,#GalaxyS25  
02690071175942300_8133023989,image,1/30/2025 1:00,175,3,#GalaxyS25  
66043876488037905_2299774190,image,12/15/2024 11:00,259,2,#GalaxyS25  
71992564830199117_0005390603,image,1/10/2025 8:00,68,1,#GalaxyS25  
48125673677856178_8054411991,image,2/2/2025 3:00,225,8,#GalaxyS25  
75048575238479722_9916594088,carousel,12/23/2024 18:00,399,9,#GalaxyS25  
91622984734257609_0534950956,reel,12/29/2024 5:00,72,3,#GalaxyS25  
63919095016857420_3390323380,carousel,12/28/2024 15:00,548,18,#GalaxyS25  
08201507605414561_2185960011,image,2/12/2025 5:00,180,9,#GalaxyS25  
82495571485533195_6001024149,carousel,1/6/2025 18:00,149,3,#GalaxyS25  
20037131116252939_7659173613,image,12/17/2024 10:00,1047,24,#GalaxyS25  
21349942918063390_9172866877,image,12/25/2024 17:00,396,13,#GalaxyS25  
31836198879785659_5138918745,image,12/26/2024 11:00,42,2,#GalaxyS25  
68882113675654766_2315877280,carousel,12/4/2024 9:00,213,7,#GalaxyS25  
63989471480669257_1445861804,image,12/14/2024 20:00,56,2,#GalaxyS25  
40972180710985215_7973766347,reel,2/17/2025 4:00,389,13,#GalaxyS25  
17912326402768016_1206756916,carousel,1/5/2025 8:00,279,10,#GalaxyS25  
30107053366853398_6344146663,image,12/6/2024 21:00,142,4,#GalaxyS25  
54353768198606828_0105388787,image,12/24/2024,302,8,#GalaxyS25  
59294636945603174_7779749316,image,12/25/2024 19:00,163,3,#GalaxyS25  
84815011120082498_5055578963,reel,1/15/2025 8:00,53,2,#GalaxyS25  
33272544305801728_8528863664,carousel,12/25/2024 12:00,558,12,#GalaxyS25  
09829947883784763_5237993798,image,1/4/2025 15:00,69,3,#GalaxyS25  
20766870726541494_7879863600,reel,1/12/2025 18:00,79,3,#GalaxyS25  
76129709659187476_2577308659,image,11/24/2024 23:00,121,1,#GalaxyS25  
56122990010572382_1902978999,reel,11/30/2024 22:00,83,1,#GalaxyS25  
05044381758101154_8694561313,image,2/10/2025 19:00,193,5,#GalaxyS25  
92187866288762534_6644424696,image,1/8/2025 6:00,277,9,#GalaxyS25  
11736727070901328_6873467576,image,12/10/2024 20:00,628,23,#GalaxyS25  
44410592037339185_5051534615,image,12/18/2024 11:00,102,5,#GalaxyS25  
53628106025529203_5525828878,reel,12/28/2024 2:00,149,1,#GalaxyS25  
80177329901930421_6965680956,image,1/4/2025 22:00,42,1,#GalaxyS25  
12568481059689689_6562601231,image,11/29/2024 5:00,397,11,#GalaxyS25  
04500432922319036_4771829585,carousel,1/18/2025 16:00,66,1,#GalaxyS25  
16869650214256497_0066613647,image,2/10/2025 20:00,110,4,#GalaxyS25  
62919971523680883_9841856802,reel,12/27/2024 17:00,176,11,#GalaxyS25  
10381370859091319_9875364658,image,12/4/2024 3:00,101,5,#GalaxyS25  
87858889364881098_9193840418,reel,1/23/2025 5:00,37,2,#GalaxyS25  
81233364116468785_2427049609,image,1/13/2025 23:00,271,5,#GalaxyS25  
41335340146682524_0117836968,carousel,1/17/2025 3:00,0,6,#GalaxyS25  
09726169919922226_8518372149,image,1/1/2025 11:00,262,2,#GalaxyS25  
50070832520704789_0319032301,carousel,1/12/2025,501,13,#GalaxyS25  
55361626023681810_7578604748,image,12/23/2024 16:00,971,30,#GalaxyS25  
20700342695844734_4520164668,image,1/8/2025 2:00,212,5,#GalaxyS25  
76341596567893672_3065935322,image,12/19/2024 17:00,173,5,#GalaxyS25  
52421638827658911_1013467692,image,2/20/2025,39,1,#GalaxyS25  
30273564601604286_2828377603,image,12/21/2024 17:00,221,7,#GalaxyS25  
94091291069426424_8994907960,carousel,1/14/2025 10:00,125,3,#GalaxyS25  
23719472239449374_6687266779,image,12/21/2024 5:00,441,15,#GalaxyS25  
93847839312791524_0003819897,image,12/17/2024 9:00,50,1,#GalaxyS25  
84995984595437738_5133563690,carousel,2/6/2025 7:00,236,4,#GalaxyS25  
70388663039947338_9450097336,carousel,12/30/2024 4:00,80,1,#GalaxyS25  
32285689734073133_2069565796,image,11/29/2024 6:00,495,15,#GalaxyS25  
60636259711864333_5127238752,carousel,12/12/2024 12:00,158,8,#GalaxyS25  
74921840521078913_7351081397,carousel,12/12/2024 17:00,111,3,#GalaxyS25  
68945927624183743_3202223621,carousel,12/25/2024 3:00,394,14,#GalaxyS25  
08300645010135869_4479309059,reel,2/3/2025 9:00,144,7,#GalaxyS25  
87254445840657545_5418915079,image,2/5/2025 20:00,258,8,#GalaxyS25  
83143239765558834_5416771127,carousel,12/9/2024 7:00,484,16,#GalaxyS25  
09394452755540979_9971021887,carousel,1/6/2025 11:00,283,7,#GalaxyS25  
74161070293774105_1890445203,reel,11/25/2024 14:00,138,8,#GalaxyS25  
29724491721189950_4625042037,carousel,12/31/2024,76,2,#GalaxyS25  
25375389776187459_6861706370,carousel,12/6/2024,82,2,#GalaxyS25  
98557272630883767_0526114144,image,2/18/2025 1:00,107,5,#GalaxyS25  
17563460698693479_7563471543,reel,12/7/2024 20:00,910,28,#GalaxyS25  
10271322325118797_0064491894,carousel,1/19/2025 12:00,257,4,#GalaxyS25  
00389690100517905_0044411806,carousel,1/22/2025 15:00,253,4,#GalaxyS25  
36806524926040154_4904947614,carousel,12/14/2024 23:00,161,4,#GalaxyS25  
24461945989095656_5151828851,carousel,1/10/2025 14:00,174,6,#GalaxyS25  
83640909561934080_4896962486,carousel,12/23/2024 15:00,533,14,#GalaxyS25  
72337211470685067_2334819751,carousel,12/29/2024 23:00,132,3,#GalaxyS25  
60376180383725954_8384457865,carousel,1/28/2025 4:00,140,5,#GalaxyS25  
90784173706894618_7808656712,image,1/25/2025 18:00,314,7,#GalaxyS25  
14112804221344740_2101838582,image,1/9/2025 4:00,28,1,#GalaxyS25  
29220471001210467_5846579159,image,1/29/2025 23:00,60,2,#GalaxyS25  
06724576144173596_5693037289,image,12/20/2024 22:00,24,0,#GalaxyS25  
07592401075110320_1286152992,reel,12/31/2024 3:00,190,7,#GalaxyS25  
31547195592330790_1382841489,image,1/17/2025 9:00,115,7,#GalaxyS25  
76806512853182647_7143007623,carousel,12/14/2024,117,3,#GalaxyS25  
30864036994007695_4085239225,carousel,12/12/2024 22:00,57,2,#GalaxyS25  
15116826344219675_6490424312,carousel,1/4/2025 9:00,299,8,#GalaxyS25  
01621687449544955_3473330686,carousel,12/22/2024 5:00,400,10,#GalaxyS25  
15362052078791609_0581348229,image,12/18/2024 1:00,244,7,#GalaxyS25  
32151350626448457_9445848366,reel,12/22/2024 7:00,160,2,#GalaxyS25  
85722426904283738_2388470681,carousel,1/11/2025 19:00,68,3,#GalaxyS25  
95136611755731986_7048042819,reel,1/7/2025 9:00,298,15,#GalaxyS25  
21086770748017237_0472618439,carousel,12/8/2024 5:00,118,7,#GalaxyS25  
12244135799732822_7678027922,image,11/30/2024 2:00,131,0,#GalaxyS25  
46185702095873446_9213695156,image,1/23/2025 16:00,505,13,#GalaxyS25  
76879008690336249_5049188291,carousel,1/19/2025 15:00,158,3,#GalaxyS25  
77892424002251093_6443974900,carousel,1/23/2025 19:00,1113,23,#GalaxyS25  
78831207582773679_1466557271,reel,12/11/2024 8:00,31,1,#GalaxyS25  
16544666804553225_4062984210,carousel,2/16/2025 17:00,179,2,#GalaxyS25  
34384922747550276_4219445463,image,12/9/2024 17:00,298,11,#GalaxyS25  
27195836944027523_0319395922,carousel,1/1/2025 22:00,63,3,#GalaxyS25  
89121656448566160_5201312347,carousel,11/25/2024 12:00,594,15,#GalaxyS25  
82839427029011602_6656979762,carousel,12/31/2024 14:00,170,3,#GalaxyS25  
54130691362458966_5748726940,carousel,2/16/2025 19:00,160,1,#GalaxyS25  
00554495796438525_0270087599,image,11/26/2024 3:00,232,9,#GalaxyS25  
36629068531355941_3625233983,carousel,2/15/2025 3:00,116,2,#GalaxyS25  
14088705105238389_5356553320,image,2/1/2025 15:00,44,1,#GalaxyS25  
66426337585869804_7532078270,carousel,2/17/2025 7:00,80,0,#GalaxyS25  
43050475346409844_9623756771,image,1/18/2025 1:00,322,7,#GalaxyS25  
40333742323306577_2040950535,image,2/7/2025 3:00,296,6,#GalaxyS25  
31951167800321078_7327118322,image,11/25/2024 14:00,1262,39,#GalaxyS25  
00558728478927125_2199270495,image,1/1/2025 14:00,50,0,#GalaxyS25  
54334971725162596_4608591592,carousel,1/30/2025 15:00,312,8,#GalaxyS25  
53128968204973223_9321369528,image,1/10/2025 13:00,490,20,#GalaxyS25  
56214361878144065_5788344532,reel,1/16/2025 8:00,97,3,#GalaxyS25  
00235454563241048_9514551203,carousel,1/3/2025 3:00,0,3,#GalaxyS25  
19776980664246019_9647621381,image,12/25/2024 20:00,3507,141,#GalaxyS25  
88894835558229843_8930598586,reel,2/15/2025 14:00,741,23,#GalaxyS25  
92410187153353758_9792259360,image,12/8/2024 21:00,477,17,#GalaxyS25  
90781696545663926_3509492764,image,12/16/2024,183,3,#GalaxyS25  
99709553166563791_5923685567,reel,1/11/2025 9:00,182,6,#GalaxyS25  
01990277566715645_3712340062,image,2/3/2025 7:00,282,3,#GalaxyS25  
49585079712596999_4968913380,image,2/5/2025 2:00,142,0,#GalaxyS25  
29905106124855983_4302244005,image,2/3/2025 17:00,187,8,#GalaxyS25  
53452712672633796_2376969272,reel,1/17/2025 21:00,824,26,#GalaxyS25  
89381296977666722_3773319395,image,1/6/2025 13:00,116,1,#GalaxyS25  
58228396103237860_3897323127,image,12/24/2024 7:00,547,15,#GalaxyS25  
36593306192261333_1081118062,image,1/13/2025 9:00,614,19,#GalaxyS25  
53155962814051678_3748769684,reel,1/7/2025 11:00,193,0,#GalaxyS25  
39290825020355598_4999442533,carousel,1/31/2025 22:00,36,1,#GalaxyS25  
27604482143693070_5330202478,reel,11/26/2024 19:00,75,2,#GalaxyS25  
10700019924635857_4392755006,carousel,2/21/2025 11:00,290,6,#GalaxyS25  
08584759607686250_0036727849,carousel,1/22/2025 13:00,143,0,#GalaxyS25  
25811195389421688_0790167247,carousel,1/17/2025,244,6,#GalaxyS25  
39314928293673760_0787155567,reel,2/18/2025 21:00,450,15,#GalaxyS25  
00863338839352267_6956649140,carousel,12/17/2024 8:00,1032,41,#GalaxyS25  
53028514624195964_0722447035,carousel,12/13/2024 20:00,355,12,#GalaxyS25  
98770595756530482_6958056999,carousel,2/10/2025 10:00,17,0,#GalaxyS25  
56254075897294405_1814895112,carousel,2/21/2025 8:00,188,4,#GalaxyS25  
24325495071429284_3418434013,carousel,1/17/2025 3:00,368,10,#GalaxyS25  
55438509835243199_7640325507,carousel,1/27/2025 6:00,192,4,#GalaxyS25  
69400360601084731_2275084942,carousel,2/19/2025 16:00,95,6,#GalaxyS25  
60636014030869332_1645299904,image,2/20/2025 22:00,124,4,#GalaxyS25  
35092462033975134_7949061985,carousel,2/4/2025 23:00,166,1,#GalaxyS25  
67194924548395408_7357475375,carousel,12/11/2024 11:00,362,6,#GalaxyS25  
89574981673120795_0477225670,carousel,2/15/2025 15:00,0,18,#GalaxyS25  
42381568809521235_0392776744,reel,1/13/2025 19:00,192,4,#GalaxyS25  
97777834690668950_9819140345,reel,12/6/2024 4:00,224,6,#GalaxyS25  
81015557061864493_6953965370,carousel,1/19/2025 19:00,428,18,#GalaxyS25  
94883143272305950_8864501587,reel,1/1/2025 9:00,647,19,#GalaxyS25  
63923998026340155_0486508140,carousel,12/3/2024 20:00,188,8,#GalaxyS25  
27764580125094408_8718628770,carousel,2/20/2025 18:00,277,8,#GalaxyS25  
48374038189170213_4215745814,carousel,12/31/2024 2:00,311,11,#GalaxyS25  
79194228052953658_8162080650,carousel,1/10/2025 6:00,25,0,#GalaxyS25  
85479747781286833_7380547075,reel,12/15/2024 10:00,59,0,#GalaxyS25  
32508450427536969_8337350602,image,1/25/2025 3:00,132,6,#GalaxyS25  
14055542910770197_4900610350,reel,12/1/2024 5:00,416,19,#GalaxyS25  
71250471487437526_6348570987,image,2/6/2025 19:00,81,1,#GalaxyS25  
30546358070177219_2568091730,image,2/13/2025 20:00,167,5,#GalaxyS25  
20376006090341365_6463785419,image,12/6/2024 20:00,96,4,#GalaxyS25  
36952244056946403_7592180240,image,2/16/2025 11:00,284,8,#GalaxyS25  
48860042636362636_2676937458,carousel,12/2/2024 16:00,860,29,#GalaxyS25  
48208885321238764_4962125298,image,12/15/2024 17:00,132,5,#GalaxyS25  
45530341678010214_5537744477,image,2/14/2025 3:00,148,4,#GalaxyS25  
34436396584764198_8651840396,carousel,1/20/2025 9:00,330,8,#GalaxyS25  
61595853002564956_2124069127,carousel,2/20/2025 10:00,178,3,#GalaxyS25  
94704061427245495_1846027132,carousel,12/15/2024 9:00,140,6,#GalaxyS25  
90867314893369859_8406295136,image,12/29/2024 3:00,216,9,#GalaxyS25  
16659334375878078_4225977703,image,1/3/2025 6:00,533,19,#GalaxyS25  
23365193228930856_3471381211,reel,12/23/2024 2:00,241,0,#GalaxyS25  
10238145841065003_7820937444,carousel,12/6/2024 4:00,284,8,#GalaxyS25  
34371843848590762_8034235023,reel,2/7/2025 15:00,296,8,#GalaxyS25  
97412159523837185_9850825599,carousel,2/7/2025 17:00,114,1,#GalaxyS25  
39332174241443005_2522179932,carousel,1/16/2025 10:00,232,7,#GalaxyS25  
85862033235800482_3472024189,carousel,12/12/2024 5:00,218,5,#GalaxyS25  
26893822197401588_0417652470,carousel,11/24/2024 14:00,350,12,#GalaxyS25  
29354925383702141_3873028966,carousel,11/26/2024 16:00,91,3,#GalaxyS25  
95378251863667622_3698895640,carousel,1/25/2025 4:00,169,7,#GalaxyS25  
86023355821407295_9682104743,image,1/23/2025 18:00,54,6,#GalaxyS25  
55174304629201147_0803232035,carousel,2/12/2025 10:00,716,22,#GalaxyS25  
25398345354128159_3810203632,image,1/26/2025 11:00,207,3,#GalaxyS25  
78299099298583949_1778886177,carousel,11/29/2024 16:00,417,13,#GalaxyS25  
84587987760843321_0987104956,reel,12/14/2024 11:00,0,0,#GalaxyS25  
66602722825729714_0810598293,image,12/30/2024 14:00,46,0,#GalaxyS25  
99824851370357907_2891760307,carousel,12/10/2024 14:00,286,8,#GalaxyS25  
82453918718481926_6327117913,carousel,2/11/2025 20:00,224,8,#GalaxyS25  
54002610597013190_7305684107,carousel,1/2/2025 7:00,141,3,#GalaxyS25  
24148800361075466_7590786007,reel,1/27/2025 13:00,512,18,#GalaxyS25  
18031502432840519_5591911284,image,2/17/2025 10:00,117,6,#GalaxyS25  
38130729880027584_5313286874,carousel,1/14/2025 10:00,868,29,#GalaxyS25  
52499584617397397_6739922909,carousel,12/9/2024 10:00,250,6,#GalaxyS25  
96341931042729100_6264009975,reel,11/24/2024 13:00,65,1,#GalaxyS25  
97289137543964100_8066893564,reel,12/21/2024 3:00,500,8,#GalaxyS25  
52168426624137904_9271067552,carousel,12/7/2024 16:00,107,2,#GalaxyS25  
16280249252923272_9503179180,carousel,2/18/2025 12:00,89,1,#GalaxyS25  
29310728948568926_0236431466,reel,12/25/2024 13:00,135,1,#GalaxyS25  
71281517447664444_7063704800,image,1/9/2025 17:00,295,8,#GalaxyS25  
60290651906529640_7036632410,image,11/29/2024 8:00,153,8,#GalaxyS25  
72880445703653857_4301810986,image,2/5/2025 11:00,294,7,#GalaxyS25  
02162680728221568_9064013061,reel,2/2/2025 23:00,45,1,#GalaxyS25  
75580786347954541_7142821060,reel,2/8/2025 8:00,509,13,#GalaxyS25  
78298510074250775_2280537868,reel,12/23/2024 19:00,95,3,#GalaxyS25  
93132089048595165_6631011859,carousel,1/17/2025 22:00,344,10,#GalaxyS25  
92645355530430351_3204044376,image,11/28/2024 22:00,49,1,#GalaxyS25  
74973214052437907_0031695550,carousel,1/9/2025 23:00,299,4,#GalaxyS25  
42775568488812611_6084084407,carousel,12/30/2024 17:00,187,6,#GalaxyS25  
57429389809349858_8506592189,image,1/22/2025 19:00,729,17,#GalaxyS25  
68946926320519314_0865837142,image,2/2/2025 20:00,656,22,#GalaxyS25  
19519289142919041_2614966762,image,1/7/2025 2:00,118,4,#GalaxyS25  
07969261170770859_7885893123,carousel,1/17/2025 23:00,188,9,#GalaxyS25  
13939587387072888_0343944954,reel,1/3/2025 19:00,96,1,#GalaxyS25  
94043435042927363_1600900121,carousel,11/28/2024 12:00,37,3,#GalaxyS25  
64010589013559222_2093279172,image,1/3/2025 16:00,299,16,#GalaxyS25  
78776919491393591_9997478966,image,2/12/2025 7:00,0,8,#GalaxyS25  
35759170557392005_8465868344,carousel,2/17/2025 8:00,0,9,#GalaxyS25  
25091062740626249_7405060024,reel,12/25/2024 8:00,66,0,#GalaxyS25  
69157529461963668_8724322265,reel,12/17/2024 16:00,537,20,#GalaxyS25  
74915674843055027_2865363555,carousel,12/29/2024 7:00,1288,45,#GalaxyS25  
43828925521618115_1602098741,image,11/24/2024 7:00,312,7,#GalaxyS25  
22688671068048565_0521392028,image,1/21/2025 22:00,108,3,#GalaxyS25  
39349559491275691_9908662193,image,2/19/2025 1:00,245,4,#GalaxyS25  
67615850943760573_0292601541,image,1/5/2025 18:00,436,10,#GalaxyS25  
58220596076815299_0457162482,image,2/11/2025 14:00,55,2,#GalaxyS25  
50936002584399858_5407720751,image,1/10/2025 21:00,228,5,#GalaxyS25  
09301564227765759_5298404332,image,12/13/2024 5:00,347,14,#GalaxyS25  
98373129744776982_9001148330,image,12/9/2024 16:00,193,6,#GalaxyS25  
81690083450756290_8768301869,reel,1/3/2025 13:00,84,6,#GalaxyS25  
87043466040757675_0390309366,reel,12/14/2024 1:00,276,9,#GalaxyS25  
62364049311217912_5311749914,image,2/21/2025 17:00,0,8,#GalaxyS25  
67467557540635261_2524708387,reel,2/12/2025 2:00,770,24,#GalaxyS25  
98348276377534564_5298639253,reel,2/21/2025 10:00,82,1,#GalaxyS25  
48576856647662095_2647757788,image,1/30/2025 13:00,423,11,#GalaxyS25  
37609623099685459_2521448798,image,12/26/2024 10:00,28,1,#GalaxyS25  
87517019527675473_7142833662,image,1/27/2025 17:00,104,6,#GalaxyS25  
11527179036043379_8093055995,image,12/24/2024 7:00,129,4,#GalaxyS25  
43289491788512472_5510738451,image,12/27/2024 8:00,176,6,#GalaxyS25  
71354853927661107_0337357554,carousel,12/14/2024 7:00,226,6,#GalaxyS25  
02813120579484878_7535241161,image,1/30/2025 11:00,85,4,#GalaxyS25  
96281092229241182_6492781143,image,12/1/2024,178,7,#GalaxyS25  
01266948631033855_8038096949,image,2/5/2025 13:00,262,10,#GalaxyS25  
75370542107743296_0970444432,carousel,1/12/2025 6:00,242,4,#GalaxyS25  
89952563656553835_2054292896,image,12/19/2024 21:00,732,21,#GalaxyS25  
18875954857693850_3351023103,carousel,1/27/2025 3:00,157,5,#GalaxyS25  
96390082142783748_6781246554,carousel,2/4/2025 2:00,167,9,#GalaxyS25  
81324985948699855_5467006924,reel,12/9/2024 1:00,895,32,#GalaxyS25  
38348013545561255_7812543512,carousel,1/6/2025 16:00,143,2,#GalaxyS25  
89099897165723609_4788226137,image,2/6/2025 4:00,23,1,#GalaxyS25  
22733022226773516_5769267165,carousel,1/30/2025 5:00,47,2,#GalaxyS25  
85445394031247835_5602387126,carousel,1/29/2025 4:00,701,23,#GalaxyS25  
66035761627117977_0344663564,carousel,12/20/2024 8:00,102,1,#GalaxyS25  
82342374842453434_6414700002,image,1/8/2025 5:00,116,1,#GalaxyS25  
17031836341323468_0095908800,reel,1/11/2025 4:00,75,4,#GalaxyS25  
53357614357855176_6774082604,image,1/26/2025 5:00,1045,31,#GalaxyS25  
24223501951487475_3901899285,image,2/13/2025 11:00,472,12,#GalaxyS25  
18077842440455910_4472412437,image,2/3/2025 10:00,287,4,#GalaxyS25  
96667319522423068_4797506465,reel,2/9/2025 1:00,123,1,#GalaxyS25  
75294328280738222_7239085029,image,12/14/2024 15:00,163,5,#GalaxyS25  
47143004098485287_5147301639,carousel,1/12/2025 18:00,519,21,#GalaxyS25  
24595835888758114_4614614830,reel,11/24/2024 22:00,1270,37,#GalaxyS25  
55509496904202440_7154744280,reel,1/12/2025 4:00,310,8,#GalaxyS25  
04217863922232746_8030914753,image,2/6/2025,69,5,#GalaxyS25  
51566610089095350_8289983026,reel,1/29/2025 9:00,75,2,#GalaxyS25  
75664380853209252_0989705365,reel,1/17/2025 21:00,23,3,#GalaxyS25  
16437748593391471_1282693002,image,12/3/2024 1:00,196,6,#GalaxyS25  
32478638769609516_6588129762,image,11/27/2024 2:00,224,12,#GalaxyS25  
54053033245907380_8986477565,image,1/30/2025 5:00,100,2,#GalaxyS25  
37184536566543298_2564266562,image,1/7/2025 15:00,686,30,#GalaxyS25  
11268961688615288_0832409621,image,2/21/2025 1:00,209,8,#GalaxyS25  
50319392381436281_4596663084,reel,12/16/2024 22:00,150,0,#GalaxyS25  
34161900837291478_7046655926,image,1/22/2025 23:00,61,3,#GalaxyS25  
53278621050574204_6471233589,carousel,2/12/2025 18:00,258,6,#GalaxyS25  
98372811726294740_3870202760,reel,12/25/2024 4:00,92,4,#GalaxyS25  
66514894771680937_5945432368,image,12/10/2024 8:00,196,0,#GalaxyS25  
72347502865861972_8725429393,image,2/10/2025 23:00,173,4,#GalaxyS25  
94172049368099718_7867781814,carousel,2/21/2025 21:00,116,4,#GalaxyS25  
92008394987583470_8541331109,reel,12/4/2024 18:00,147,4,#GalaxyS25  
05811229145708995_1012872173,image,1/20/2025 2:00,110,7,#GalaxyS25  
96722696749416463_8466107956,carousel,2/21/2025 2:00,90,3,#GalaxyS25  
55302388396228505_5261631647,image,2/6/2025 4:00,171,1,#GalaxyS25  
06489838155836553_0622165422,carousel,1/17/2025 3:00,180,9,#GalaxyS25  
79935693447117927_0538376052,carousel,12/2/2024 15:00,365,0,#GalaxyS25  
01750733773725193_1997022918,carousel,12/22/2024 16:00,519,9,#GalaxyS25  
31313633077562362_9043632712,reel,12/13/2024 4:00,755,21,#GalaxyS25  
86103440723055508_3997695052,image,12/6/2024 18:00,1270,39,#GalaxyS25  
79686306781717741_0434354133,carousel,2/18/2025 12:00,740,21,#GalaxyS25  
12206914275062029_0264918976,carousel,11/27/2024 4:00,458,14,#GalaxyS25  
16402998694024282_6496197004,reel,1/28/2025 11:00,771,20,#GalaxyS25  
36212771103497746_2458341610,reel,1/29/2025 3:00,202,8,#GalaxyS25  
02113854488690628_8888210308,carousel,2/2/2025 16:00,239,2,#GalaxyS25  
38832552704692660_8803970175,image,12/1/2024 13:00,350,12,#GalaxyS25  
30024449483900766_6362067575,image,11/29/2024 7:00,74,5,#GalaxyS25  
80042417563865077_0035853764,image,12/9/2024 19:00,229,8,#GalaxyS25  
41380803438648070_7990939945,image,2/21/2025 11:00,203,5,#GalaxyS25  
82962450237602143_1827468748,image,1/19/2025 19:00,170,5,#GalaxyS25  
53615196867541844_7862792070,carousel,1/12/2025 21:00,451,12,#GalaxyS25  
19319964407364420_3707940683,carousel,1/25/2025 9:00,47,1,#GalaxyS25  
98873856897374511_2122172103,carousel,12/4/2024 22:00,91,4,#GalaxyS25  
74206074109884809_0391495539,image,12/23/2024 10:00,399,11,#GalaxyS25  
25811212446923677_1490644078,image,1/24/2025 13:00,137,5,#GalaxyS25  
52630720430250482_9295848793,image,12/14/2024 12:00,144,6,#GalaxyS25  
71338926539978332_5804634697,reel,1/24/2025 22:00,41,4,#GalaxyS25  
96544425760760237_6082996166,image,12/4/2024 8:00,881,21,#GalaxyS25  
35213468453033581_4834227790,carousel,12/6/2024 6:00,276,9,#GalaxyS25  
10108998018942884_3406976384,image,11/24/2024 13:00,750,24,#GalaxyS25  
71726229428949480_8829490240,reel,1/17/2025 16:00,63,3,#GalaxyS25  
93090112938906670_0215480244,image,1/25/2025 16:00,98,7,#GalaxyS25  
83725751668264343_7329936450,image,1/19/2025 3:00,44,2,#GalaxyS25  
45473617090050464_6681219958,image,2/20/2025 19:00,164,4,#GalaxyS25  
47721657697573340_5515926232,carousel,2/1/2025 13:00,626,15,#GalaxyS25  
17036781864633690_3619040164,carousel,2/19/2025 16:00,152,2,#GalaxyS25  
55159432045693010_0272341931,carousel,1/13/2025 16:00,361,6,#GalaxyS25  
08637519818610418_0802295469,carousel,1/10/2025 20:00,336,11,#GalaxyS25  
33746390546078876_8900484030,carousel,1/29/2025 2:00,44,1,#GalaxyS25  
38453209035763377_5013780826,carousel,2/18/2025 21:00,116,5,#GalaxyS25  
75958330547499284_7526489628,carousel,1/19/2025 5:00,334,9,#GalaxyS25  
80631798384038838_6648896759,carousel,11/24/2024 7:00,235,6,#GalaxyS25  
19705529993527252_6517635305,image,1/29/2025 20:00,118,3,#GalaxyS25  
81044558627694705_5592358649,carousel,2/5/2025 10:00,143,2,#GalaxyS25  
25877427491818452_3655941251,image,12/13/2024 11:00,306,9,#GalaxyS25  
12256773401920267_2162114618,reel,2/14/2025 10:00,164,5,#GalaxyS25  
56295094667832279_6774865849,image,12/29/2024 17:00,498,13,#GalaxyS25  
96186208118298872_4550422162,reel,2/16/2025 13:00,197,3,#GalaxyS25  
17539550231474592_2485299579,carousel,1/22/2025 18:00,218,9,#GalaxyS25  
81012345252644127_5305286459,carousel,12/28/2024 10:00,48,1,#GalaxyS25  
03814283358933860_1177617804,image,1/6/2025 22:00,352,7,#GalaxyS25  
95097850998497380_3348346675,carousel,12/10/2024 9:00,818,22,#GalaxyS25  
20124500483434224_7000256871,carousel,2/1/2025 7:00,49,2,#GalaxyS25  
58768103422671887_4584761451,carousel,12/18/2024 23:00,364,7,#GalaxyS25  
30729436448237446_6248146802,image,1/25/2025 21:00,59,1,#GalaxyS25  
00986595274924105_3800242295,reel,12/25/2024 19:00,47,1,#GalaxyS25  
48909158921211429_7135007253,carousel,2/16/2025 12:00,130,2,#GalaxyS25  
09470837460206725_0026836170,reel,2/19/2025 10:00,78,3,#GalaxyS25  
16611156193030553_6084573113,carousel,1/22/2025 22:00,81,2,#GalaxyS25  
50204348379476329_9531639860,carousel,11/28/2024 11:00,195,3,#GalaxyS25  
98245412913124794_5233589001,carousel,12/19/2024 5:00,76,4,#GalaxyS25  
02685800973539678_0209211183,carousel,2/16/2025 21:00,170,6,#GalaxyS25  
51136723112883924_9643432881,reel,12/27/2024 21:00,204,11,#GalaxyS25  
50640104135576095_7451221701,carousel,1/27/2025 1:00,267,12,#GalaxyS25  
93327991550762744_6993294097,carousel,12/27/2024 3:00,101,2,#GalaxyS25  
74239046034370743_6517719760,carousel,1/12/2025 6:00,139,1,#GalaxyS25  
50977861263690603_5686077437,image,2/16/2025 17:00,239,7,#GalaxyS25  
48023852316623689_3938398787,image,12/20/2024 21:00,404,9,#GalaxyS25  
37488475675737512_7639325904,reel,2/20/2025 18:00,150,4,#GalaxyS25  
18854523600091779_2816088841,image,12/3/2024 3:00,224,0,#GalaxyS25  
11514263530958700_1678370875,carousel,12/22/2024 7:00,331,7,#GalaxyS25  
82255931627671121_4006839967,reel,2/16/2025 6:00,1364,35,#GalaxyS25  
15660819665488529_0544018329,image,1/23/2025 17:00,99,4,#GalaxyS25  
88283662203001894_9760333445,image,11/27/2024 23:00,863,23,#GalaxyS25  
73040617192336362_6511252705,carousel,1/30/2025 6:00,451,17,#GalaxyS25  
85688469319956488_9796330787,image,1/5/2025 11:00,11,1,#GalaxyS25  
88250455119856540_9986258598,carousel,11/25/2024 11:00,0,10,#GalaxyS25  
00528955766913301_2122211538,carousel,12/7/2024 1:00,335,11,#GalaxyS25  
45632681453119149_0206859762,carousel,11/25/2024 22:00,286,15,#GalaxyS25  
23803708505964107_2469441195,image,12/13/2024 11:00,277,9,#GalaxyS25  
21088653448197909_4166443642,image,2/9/2025 15:00,165,5,#GalaxyS25  
61353331903443217_5617383413,carousel,1/19/2025 23:00,101,7,#GalaxyS25  
56456195672052993_6352544959,image,12/17/2024 23:00,176,5,#GalaxyS25  
82281569665106928_6415754715,carousel,2/13/2025,83,3,#GalaxyS25  
83163209392476615_9900201336,image,2/10/2025 19:00,138,1,#GalaxyS25  
62043670297342159_0586297000,carousel,1/8/2025 8:00,258,5,#GalaxyS25  
15258456106006887_5620815792,carousel,1/4/2025 22:00,0,1,#GalaxyS25  
44401077055244554_7361029344,reel,1/30/2025 11:00,336,7,#GalaxyS25  
76739033048178611_3362149443,image,12/9/2024 23:00,236,2,#GalaxyS25  
98136762990666899_0390721366,carousel,1/6/2025 1:00,399,10,#GalaxyS25  
03875021944748616_7198744926,carousel,1/20/2025 9:00,239,7,#GalaxyS25  
12412430521574948_5036901032,carousel,12/19/2024 15:00,1891,54,#GalaxyS25  
66210112161237131_1617936621,image,2/14/2025 6:00,291,10,#GalaxyS25  
05548365026207905_2828784097,image,1/18/2025 5:00,80,5,#GalaxyS25  
63435334308058065_1815241176,reel,2/7/2025 4:00,263,11,#GalaxyS25  
47462711293026432_1396748064,image,12/23/2024 11:00,129,8,#GalaxyS25  
09733675852727446_4145575985,image,12/21/2024 6:00,108,5,#GalaxyS25  
25295992329210075_8314433312,carousel,11/26/2024 14:00,378,0,#GalaxyS25  
13591936119912965_0519823498,image,1/4/2025 13:00,225,6,#GalaxyS25  
32653047571980784_8469491971,carousel,2/11/2025 7:00,44,1,#GalaxyS25  
67700128091217941_1041024398,reel,1/15/2025,96,1,#GalaxyS25  
23683911165036152_6999842821,image,11/26/2024 10:00,21,2,#GalaxyS25  
12943268368636856_6536919945,image,1/17/2025 5:00,70,0,#GalaxyS25  
82449249482557325_5880835850,reel,2/17/2025 23:00,102,3,#GalaxyS25  
59850410028621830_0686347480,reel,12/25/2024 8:00,919,24,#GalaxyS25  
22240603203423683_1274716811,reel,2/21/2025 9:00,372,4,#GalaxyS25  
09502792242107746_8745423656,image,12/16/2024 18:00,124,0,#GalaxyS25  
50128710722263117_0453692817,reel,12/28/2024 15:00,102,4,#GalaxyS25  
25410641225828110_5837091320,image,1/2/2025 23:00,439,11,#GalaxyS25  
16100672900757243_3039821554,carousel,1/11/2025 21:00,285,9,#GalaxyS25  
22848840699321734_4994743978,image,1/17/2025 13:00,247,7,#GalaxyS25  
41177271295913838_0174778241,reel,12/27/2024 21:00,199,2,#GalaxyS25  
60244503043923629_5107047948,image,12/13/2024 10:00,560,19,#GalaxyS25  
58427523784025122_1390759210,carousel,12/20/2024 20:00,120,7,#GalaxyS25  
77029408580519629_7997780898,image,1/27/2025 11:00,87,1,#GalaxyS25  
44571666663499069_5792472920,carousel,12/27/2024 7:00,422,13,#GalaxyS25  
55885495844851315_2688173520,reel,1/29/2025 9:00,192,3,#GalaxyS25  
49930125775359836_7885258720,carousel,1/13/2025 20:00,179,8,#GalaxyS25  
23147634606895464_0432408978,reel,2/18/2025 13:00,87,1,#GalaxyS25  
95779643471042912_4463826686,reel,2/7/2025 12:00,312,12,#GalaxyS25  
05657368425667897_7021116944,image,12/17/2024,348,12,#GalaxyS25  
38736226619208621_3259277776,image,1/23/2025 18:00,1195,45,#GalaxyS25  
85993466376542525_5824631081,image,12/6/2024 13:00,271,4,#GalaxyS25  
28101584658689227_0888724331,carousel,12/6/2024 20:00,248,3,#GalaxyS25  
60542873242235260_4009383140,image,2/11/2025 18:00,95,4,#GalaxyS25  
96350006214838025_6382123720,reel,12/18/2024 3:00,78,0,#GalaxyS25  
38178737932688725_7226102106,reel,2/9/2025 7:00,22,1,#GalaxyS25  
30982364928454280_3981503307,reel,1/19/2025 11:00,307,10,#GalaxyS25  
15224200244574927_5251326795,carousel,1/16/2025 17:00,332,12,#GalaxyS25  
06663347809970463_7389544217,carousel,12/2/2024 9:00,223,10,#GalaxyS25  
39562704985508605_3028085975,image,1/5/2025 9:00,101,4,#GalaxyS25  
33817353246438839_6334925205,image,2/8/2025 12:00,103,3,#GalaxyS25  
18070258231672986_6654252963,reel,1/4/2025 23:00,118,2,#GalaxyS25  
33658000927656661_3695465301,reel,12/25/2024 12:00,146,7,#GalaxyS25  
05511463999570389_4928581066,image,2/21/2025 13:00,358,10,#GalaxyS25  
70286001051243966_6033468414,carousel,12/17/2024 3:00,142,6,#GalaxyS25  
89416642687343552_0525928009,image,1/19/2025 21:00,95,2,#GalaxyS25  
15067050580259172_0716514851,reel,12/29/2024 11:00,445,13,#GalaxyS25  
74201511071056778_5431744086,carousel,2/21/2025 22:00,210,6,#GalaxyS25  
67679318211766916_3473702436,reel,12/3/2024 10:00,213,8,#GalaxyS25  
56137601110971283_6200414227,reel,12/6/2024 6:00,103,2,#GalaxyS25  
75428031768726220_3088331377,image,12/19/2024 19:00,306,4,#GalaxyS25  
23001488189687276_9096713318,carousel,1/14/2025 5:00,237,6,#GalaxyS25  
71156352160847452_9800880587,carousel,11/30/2024,47,2,#GalaxyS25  
21563567733915936_2449929007,carousel,1/31/2025 23:00,549,16,#GalaxyS25  
21453735246853740_6815837230,reel,11/29/2024 5:00,218,6,#GalaxyS25  
71262271676158812_7921419204,carousel,2/9/2025 7:00,140,4,#GalaxyS25  
32753376605533811_0200332618,image,2/12/2025 6:00,165,6,#GalaxyS25  
36383605241660160_2695732616,carousel,12/8/2024 6:00,80,0,#GalaxyS25  
83168875122230611_1054721428,image,1/30/2025 6:00,507,18,#GalaxyS25  
49481092246347363_2672365412,image,12/23/2024 10:00,637,17,#GalaxyS25  
15328744505569908_0758452206,reel,12/22/2024 9:00,170,5,#GalaxyS25  
85198895439318381_9747804151,image,1/27/2025 12:00,145,6,#GalaxyS25  
93198846765677924_3051244127,reel,1/3/2025 2:00,2402,86,#GalaxyS25  
54900502453172258_1444611736,image,1/23/2025 3:00,265,6,#GalaxyS25  
47644991771310972_3530514569,image,2/7/2025 2:00,230,11,#GalaxyS25  
36860550078127180_5455515921,carousel,1/19/2025 6:00,283,0,#GalaxyS25  
90012070409681695_7603690520,carousel,2/20/2025 7:00,53,1,#GalaxyS25  
71762427289940362_3977868014,image,1/15/2025 20:00,393,0,#GalaxyS25  
47410898095993463_1920660463,reel,12/9/2024 19:00,298,10,#GalaxyS25  
83317789235589786_2652722895,image,1/26/2025 7:00,435,14,#GalaxyS25  
06502513402518273_7238049520,image,2/3/2025 3:00,293,7,#GalaxyS25  
32414825954360545_2022715520,carousel,1/26/2025 13:00,847,34,#GalaxyS25  
90052051029424922_2719317238,image,2/7/2025 9:00,84,3,#GalaxyS25  
39066501535574680_7296059195,reel,1/31/2025 13:00,300,9,#GalaxyS25  
65003822420647868_8383400798,carousel,2/5/2025 11:00,112,2,#GalaxyS25  
91665477324960925_9359348733,carousel,2/2/2025 1:00,253,8,#GalaxyS25  
81386656687113025_3289789332,carousel,1/19/2025 22:00,79,4,#GalaxyS25  
61213836650989556_7746413786,carousel,12/21/2024 22:00,238,6,#GalaxyS25  
72008460727431309_9322622875,carousel,1/10/2025 8:00,592,19,#GalaxyS25  
67892545967797960_6144593837,reel,1/31/2025 1:00,1020,63,#GalaxyS25  
47056881017188318_6229177361,carousel,1/11/2025 1:00,266,8,#GalaxyS25  
98867217877123521_9146855947,reel,1/19/2025 9:00,41,4,#GalaxyS25  
97958025888216975_5322884413,image,1/12/2025 6:00,120,5,#GalaxyS25  
21292654517608564_2517520202,carousel,1/29/2025 12:00,46,2,#GalaxyS25  
20069297306700610_7203031367,reel,1/12/2025 5:00,354,7,#GalaxyS25  
22100079711594759_1127123397,image,2/15/2025 14:00,100,1,#GalaxyS25  
19818892474643970_0189745588,carousel,12/26/2024 3:00,494,20,#GalaxyS25  
95143746056901694_2909687349,carousel,2/13/2025 13:00,226,5,#GalaxyS25  
16943399920942929_3451289758,carousel,1/13/2025 9:00,75,2,#GalaxyS25  
86520734705440258_7941662182,carousel,2/16/2025 20:00,424,7,#GalaxyS25  
90182887470865503_7322838572,reel,12/6/2024 23:00,135,6,#GalaxyS25  
44748944777728693_9136613457,reel,12/18/2024 20:00,246,11,#GalaxyS25  
08078672551587101_3042111500,image,1/9/2025 19:00,112,2,#GalaxyS25  
62628928464101526_3529454676,carousel,1/17/2025 1:00,148,4,#GalaxyS25  
20956120217422110_6404099526,reel,1/27/2025 9:00,15,0,#GalaxyS25  
20865691964369683_3101088720,carousel,12/14/2024 2:00,49,0,#GalaxyS25  
39114071693172942_7851006375,carousel,2/16/2025 8:00,130,7,#GalaxyS25  
24611027913003160_8829406440,reel,12/28/2024,436,11,#GalaxyS25  
38499498819490784_3491551145,carousel,11/28/2024 12:00,130,3,#GalaxyS25  
17151126096845600_5668968676,reel,12/16/2024 6:00,246,6,#GalaxyS25  
70201190939644184_2374204611,carousel,11/24/2024 1:00,305,7,#GalaxyS25  
01052134530639158_2402684992,carousel,12/30/2024 13:00,204,7,#GalaxyS25  
61316854529788929_2124070326,carousel,1/25/2025 13:00,35,3,#GalaxyS25  
81418744555828205_4284910953,carousel,11/26/2024 7:00,281,6,#GalaxyS25  
16392953036452471_2878300179,reel,1/25/2025 12:00,384,18,#GalaxyS25  
78115370617695585_2600608705,image,12/7/2024 5:00,35,0,#GalaxyS25  
43858803580883452_5808567945,carousel,12/4/2024 19:00,408,11,#GalaxyS25  
35664863085132973_8966004561,reel,2/12/2025 9:00,62,4,#GalaxyS25  
74861131087986111_9703680216,carousel,12/7/2024 1:00,90,3,#GalaxyS25  
06861688517426042_1993347787,image,2/18/2025 17:00,410,14,#GalaxyS25  
44333066815427959_2315009783,carousel,1/16/2025 11:00,254,12,#GalaxyS25  
05347719134699001_0765600474,carousel,1/4/2025 6:00,108,2,#GalaxyS25  
04033254489488179_3132353123,carousel,12/27/2024 19:00,744,24,#GalaxyS25  
09266139788046282_4130902948,reel,1/20/2025,96,2,#GalaxyS25  
65298448395650259_1336894613,reel,2/18/2025 16:00,244,6,#GalaxyS25  
15765299031067338_4373513846,image,1/23/2025 23:00,13,0,#GalaxyS25  
78330440132629466_2714321293,reel,1/29/2025 6:00,453,10,#GalaxyS25  
13869468951015724_6990092536,carousel,1/18/2025 20:00,1161,24,#GalaxyS25  
63936036992756656_8679083655,carousel,12/19/2024 8:00,223,6,#GalaxyS25  
49236508419000513_0225948640,image,12/11/2024 16:00,174,5,#GalaxyS25  
02961583844076021_8451972850,carousel,1/4/2025 18:00,77,3,#GalaxyS25  
77592217324507538_7078260904,carousel,1/20/2025 6:00,142,6,#GalaxyS25  
36001644306001463_7745172493,reel,12/24/2024 9:00,311,9,#GalaxyS25  
39170873651207199_5655804787,image,2/19/2025 21:00,837,0,#GalaxyS25  
70597156994618376_4857358456,carousel,2/7/2025 23:00,319,10,#GalaxyS25  
99649166206605084_4012873617,image,12/5/2024,93,3,#GalaxyS25  
61044648379006198_5929680938,reel,1/21/2025 10:00,238,0,#GalaxyS25  
94846516828196402_5185501910,carousel,1/31/2025 4:00,228,3,#GalaxyS25  
59111964356362043_0077921912,image,1/14/2025 8:00,350,11,#GalaxyS25  
60739756801187782_9457545760,image,12/29/2024 21:00,136,6,#GalaxyS25  
61308724205786783_6337806326,image,12/4/2024 4:00,34,0,#GalaxyS25  
91449619005294388_6160589209,reel,12/31/2024 19:00,230,7,#GalaxyS25  
93010429334303297_6024024245,reel,12/28/2024 6:00,146,7,#GalaxyS25  
69046615339983162_0755432381,image,12/2/2024 21:00,1496,52,#GalaxyS25  
22948671501405701_0708956778,image,1/21/2025 13:00,62,2,#GalaxyS25  
22926105741496079_2645103698,reel,2/19/2025 21:00,48,1,#GalaxyS25  
67264650358013270_4675867120,carousel,12/27/2024 21:00,640,19,#GalaxyS25  
70012124980557235_2230668079,image,1/15/2025 9:00,91,5,#GalaxyS25  
73120517612305857_4325806882,image,1/2/2025 7:00,491,16,#GalaxyS25  
94251427393348879_5530810761,carousel,11/26/2024 6:00,108,3,#GalaxyS25  
73535321028392551_9238083330,reel,11/26/2024 5:00,342,13,#GalaxyS25  
53326078739564682_4332235503,image,12/28/2024 17:00,253,8,#GalaxyS25  
18904454192703568_2528744563,image,1/22/2025 17:00,537,21,#GalaxyS25  
41903364446265598_0750279909,carousel,2/21/2025 15:00,91,5,#GalaxyS25  
28762214570333124_0167452182,image,2/13/2025 19:00,348,11,#GalaxyS25  
88759708488360000_3839446023,reel,12/2/2024 8:00,108,6,#GalaxyS25  
13317763709496291_1696771154,carousel,2/10/2025 15:00,687,21,#GalaxyS25  
41267127839809362_7410737595,carousel,12/24/2024 8:00,580,18,#GalaxyS25  
06518826624071897_9899011172,image,1/5/2025 18:00,196,6,#GalaxyS25  
42706452368982697_0947977023,reel,12/24/2024 15:00,147,8,#GalaxyS25  
19363889518734016_7031895733,reel,1/2/2025 10:00,162,3,#GalaxyS25  
91398743698378384_2484051011,reel,11/26/2024 17:00,71,3,#GalaxyS25  
94782953189288977_1638944418,carousel,1/15/2025 17:00,195,3,#GalaxyS25  
23446354441063020_4024308072,image,1/12/2025 3:00,257,4,#GalaxyS25  
71416402448042086_3148627885,reel,1/25/2025 15:00,474,16,#GalaxyS25  
42008971435845903_6155299666,carousel,12/15/2024 22:00,168,5,#GalaxyS25  
15838300248758243_3085114191,image,12/10/2024 10:00,757,25,#GalaxyS25  
07796691306565474_6878163194,reel,2/2/2025 6:00,87,1,#GalaxyS25  
90518594509730625_9200847129,reel,2/9/2025 6:00,442,14,#GalaxyS25  
74708110164228104_0059736214,image,1/13/2025 1:00,428,16,#GalaxyS25  
93001273957375822_2923793228,image,12/30/2024 21:00,95,0,#GalaxyS25  
16852120797454094_6208521388,image,2/18/2025 9:00,90,1,#GalaxyS25  
20076413061862564_8120517936,image,2/19/2025 8:00,202,4,#GalaxyS25  
14619484360068596_3872699447,reel,12/1/2024 15:00,431,15,#GalaxyS25  
39562150705837203_1797151219,carousel,1/25/2025 23:00,367,10,#GalaxyS25  
56461839591718629_1752097193,reel,1/17/2025 12:00,272,10,#GalaxyS25  
04101453657035451_5116925626,reel,2/17/2025 6:00,137,6,#GalaxyS25  
83794245727182307_5611910744,reel,1/29/2025 9:00,204,8,#GalaxyS25  
59589035974700108_5484552456,image,11/30/2024 4:00,0,15,#GalaxyS25  
76778699158481172_0968092251,carousel,1/27/2025 21:00,432,17,#GalaxyS25  
66660855943740030_6929000132,carousel,2/16/2025 10:00,55,2,#GalaxyS25  
46323154659241270_5923997303,carousel,2/20/2025 8:00,190,5,#GalaxyS25  
37496801206539234_4873252204,carousel,1/21/2025 11:00,291,9,#GalaxyS25  
34991707753547182_1753253030,image,12/12/2024 3:00,349,8,#GalaxyS25  
62199846029281794_9171401462,reel,12/29/2024,235,8,#GalaxyS25  
23175624983559403_4561596976,carousel,2/21/2025 4:00,393,0,#GalaxyS25  
50757105931703920_0510972100,image,2/15/2025 2:00,1527,49,#GalaxyS25  
00478443298703573_3567793560,image,2/16/2025 19:00,283,6,#GalaxyS25  
49321315803168162_2756943925,image,2/9/2025 4:00,321,15,#GalaxyS25  
93505944615144447_4743868487,image,2/6/2025 19:00,378,6,#GalaxyS25  
99089595577702142_4750217895,image,12/15/2024 13:00,334,6,#GalaxyS25  
46166506624903741_9537022540,carousel,1/3/2025 21:00,300,10,#GalaxyS25  
45309564184967127_2866447565,image,1/15/2025 7:00,264,12,#GalaxyS25  
74819563113512021_6381104385,reel,2/3/2025 4:00,63,2,#GalaxyS25  
07873117343334076_8814126485,carousel,12/3/2024 5:00,68,0,#GalaxyS25  
58388339673035508_5470765873,image,2/12/2025 15:00,306,4,#GalaxyS25  
56695054646304636_8327113459,image,12/3/2024 21:00,267,6,#GalaxyS25  
05628478002154597_3247102943,image,2/1/2025 16:00,249,7,#GalaxyS25  
51393694934907149_0720988236,reel,1/14/2025 5:00,215,6,#GalaxyS25  
35383158941523491_7409417167,reel,12/24/2024 17:00,133,5,#GalaxyS25  
15089124236290713_7615261007,carousel,12/29/2024 9:00,596,21,#GalaxyS25  
20381011946395353_4366981637,reel,2/6/2025 12:00,252,7,#GalaxyS25  
33210071883726604_8059840686,image,12/24/2024 23:00,157,5,#GalaxyS25  
37463879739409728_4480763398,carousel,12/8/2024 8:00,1448,51,#GalaxyS25  
76454179166586899_7748189874,image,2/10/2025 1:00,92,2,#GalaxyS25  
41387565161051957_2736185792,image,2/10/2025 13:00,419,11,#GalaxyS25  
28460680597398589_6077580110,reel,1/19/2025 21:00,82,6,#GalaxyS25  
59809390687985355_4336316072,reel,12/14/2024 1:00,87,5,#GalaxyS25  
05316784945292192_6601547465,reel,12/13/2024 8:00,641,24,#GalaxyS25  
51793162831746732_9509621100,reel,11/26/2024 22:00,538,19,#GalaxyS25  
19563175066332374_4087391847,image,2/11/2025 13:00,504,15,#GalaxyS25  
15594432778425319_1657147469,carousel,1/1/2025 18:00,88,3,#GalaxyS25  
76754667727621735_0955952741,image,2/19/2025 20:00,283,2,#GalaxyS25  
87173736298228069_4642334762,image,1/29/2025 9:00,663,24,#GalaxyS25  
08720590103420394_1713108564,reel,1/4/2025,0,9,#GalaxyS25  
76064223042432077_9860378260,image,2/5/2025 6:00,808,21,#GalaxyS25  
53441987685457883_1846574526,reel,11/29/2024 9:00,297,9,#GalaxyS25  
78870487899988641_5382885445,carousel,12/3/2024 4:00,1203,38,#GalaxyS25  
68833269294338908_7206366631,reel,12/9/2024 9:00,0,5,#GalaxyS25  
55157462908647266_5804907938,carousel,1/13/2025 3:00,273,9,#GalaxyS25  
01785333664946797_3588297852,image,2/5/2025 6:00,274,6,#GalaxyS25  
28187116291568468_0914263141,carousel,1/20/2025 19:00,190,3,#GalaxyS25  
94298178281759457_0161251658,image,11/26/2024 16:00,378,12,#GalaxyS25  
02625609727677289_0704724289,carousel,12/12/2024 18:00,377,12,#GalaxyS25  
39157046205815844_0470447918,carousel,12/25/2024 21:00,143,5,#GalaxyS25  
98180116729603930_8855581980,reel,11/26/2024 8:00,451,18,#GalaxyS25  
46977515835872021_4238948262,carousel,2/9/2025 18:00,1109,36,#GalaxyS25  
95348531803097756_1202725873,image,1/15/2025 14:00,121,3,#GalaxyS25  
05636902758111906_8913531201,carousel,2/5/2025 1:00,393,13,#GalaxyS25  
61657986793828785_6615239717,reel,1/23/2025 6:00,382,13,#GalaxyS25  
69013866614333792_4056178371,image,1/1/2025 4:00,632,15,#GalaxyS25  
40424238215389981_2179422963,carousel,12/4/2024 1:00,176,8,#GalaxyS25  
06375252478573813_4255824023,image,1/23/2025 8:00,80,4,#GalaxyS25  
89202587654661364_9035663034,carousel,2/9/2025 20:00,83,3,#GalaxyS25  
96697166066979394_6378812910,reel,1/23/2025 8:00,0,2,#GalaxyS25  
26777944509920923_8376731252,carousel,1/12/2025 5:00,103,3,#GalaxyS25  
66740368310752032_1820779412,image,1/9/2025 8:00,182,9,#GalaxyS25  
01119336562378346_7017461226,carousel,1/13/2025 13:00,21,0,#GalaxyS25  
45764247354492104_7856963455,image,1/12/2025 3:00,154,3,#GalaxyS25  
96454568648406483_8354369130,image,1/14/2025 6:00,146,2,#GalaxyS25  
98593280123081699_6431408043,carousel,2/3/2025 4:00,223,6,#GalaxyS25  
22709622416581298_9598113532,image,2/2/2025 14:00,133,4,#GalaxyS25  
21621646976506574_7500680687,image,12/26/2024 13:00,309,7,#GalaxyS25  
93493557742754787_7424127658,image,12/9/2024 22:00,332,12,#GalaxyS25  
36407121783800976_9533934690,carousel,1/6/2025 11:00,338,10,#GalaxyS25  
26817849095402843_6649139403,carousel,2/20/2025 12:00,189,6,#GalaxyS25  
58456368729348468_4696720116,reel,1/15/2025 17:00,127,0,#GalaxyS25  
33461035017451795_7501364262,carousel,1/27/2025 23:00,226,5,#GalaxyS25  
09090096719042259_2013323964,image,1/20/2025 15:00,293,10,#GalaxyS25  
42441129620863741_2711229283,carousel,12/7/2024,129,0,#GalaxyS25  
56087228100532938_6455971301,image,12/29/2024 9:00,226,7,#GalaxyS25  
20951589977145890_2809582410,image,1/31/2025 1:00,38,0,#GalaxyS25  
98429875026700531_3267439824,image,2/16/2025 16:00,184,8,#GalaxyS25  
20256002434652599_2936147790,reel,1/4/2025 23:00,183,6,#GalaxyS25  
12103823920829782_6419905031,image,1/3/2025 15:00,128,4,#GalaxyS25  
81570329848241601_3552760810,carousel,2/17/2025 2:00,373,15,#GalaxyS25  
26438395516962021_7342166965,reel,2/6/2025 14:00,358,19,#GalaxyS25  
42153067212829072_1492286415,reel,2/2/2025 1:00,225,4,#GalaxyS25  
34256315847948054_6834648734,image,12/15/2024 1:00,1380,41,#GalaxyS25  
16667240654694173_1850612292,reel,2/7/2025 18:00,350,15,#GalaxyS25  
24914911128868456_2383797401,reel,12/8/2024 12:00,204,2,#GalaxyS25  
37555269823762406_0120566667,reel,1/21/2025 15:00,128,5,#GalaxyS25  
66448774586416104_9291129048,image,11/25/2024 22:00,250,3,#GalaxyS25  
96527648679586362_3001096941,image,1/3/2025 6:00,134,4,#GalaxyS25  
83679413792195848_3697818824,reel,12/13/2024 3:00,234,5,#GalaxyS25  
10099625958609298_6012039368,image,2/15/2025 23:00,337,7,#GalaxyS25  
71305882511036719_7247927882,reel,2/16/2025 6:00,51,2,#GalaxyS25  
02542497056020246_9058083782,carousel,1/1/2025 6:00,553,23,#GalaxyS25  
84124531187178575_7700553275,carousel,11/25/2024 3:00,790,31,#GalaxyS25  
63283950108286457_0883071007,image,1/10/2025 3:00,274,13,#GalaxyS25  
01086690210341089_9997503930,carousel,12/15/2024 20:00,42,2,#GalaxyS25  
08731219718373622_5544060456,image,11/24/2024 10:00,903,40,#GalaxyS25  
61276266116881283_9592740008,carousel,1/8/2025 2:00,233,4,#GalaxyS25  
68862893223985688_2319560584,carousel,1/23/2025 15:00,422,0,#GalaxyS25  
85274798981490944_2513356303,image,2/6/2025 8:00,168,3,#GalaxyS25  
59297584228899786_1714437248,carousel,1/9/2025 12:00,309,10,#GalaxyS25  
79247122963423132_4325708971,image,12/30/2024 23:00,923,28,#GalaxyS25  
09762169028570436_7598468948,carousel,1/19/2025 18:00,244,7,#GalaxyS25  
64872305429557269_8604808304,image,1/28/2025 9:00,493,13,#GalaxyS25  
56003929006961172_9071915036,reel,2/14/2025 10:00,68,1,#GalaxyS25  
33346392839874387_0643399442,image,12/1/2024 23:00,270,7,#GalaxyS25  
20198950143988530_7556581321,carousel,2/7/2025 17:00,23,0,#GalaxyS25  
48563892714027360_7436775243,carousel,1/6/2025 2:00,72,5,#GalaxyS25  
69196766522223537_2294605961,reel,1/7/2025 22:00,199,5,#GalaxyS25  
53991968089683674_3987903019,carousel,12/18/2024 20:00,54,0,#GalaxyS25  
87825829602254391_4691202652,image,1/2/2025 8:00,180,2,#GalaxyS25  
64611085857478783_5740503113,image,1/7/2025 18:00,250,9,#GalaxyS25  
02143343410369023_5643271737,reel,2/15/2025 11:00,246,6,#GalaxyS25  
66498995084645627_9545549286,image,12/10/2024 11:00,94,4,#GalaxyS25  
59298148545679632_3545227266,image,1/6/2025 9:00,463,8,#GalaxyS25  
91000409012557168_7309752482,carousel,2/16/2025 7:00,46,2,#GalaxyS25  
03938182758922868_9303271225,image,12/30/2024 7:00,36,2,#GalaxyS25  
66245349367427455_4651515408,image,1/25/2025 23:00,302,8,#GalaxyS25  
15920572489206910_0785429597,image,1/30/2025 18:00,222,7,#GalaxyS25  
72269502121265372_1246830933,reel,1/15/2025 7:00,0,0,#GalaxyS25  
44213589336336960_9549586702,carousel,12/10/2024 16:00,413,15,#GalaxyS25  
71065988104833740_0285078777,carousel,2/4/2025 14:00,1174,35,#GalaxyS25  
57280761658763116_5505944887,image,11/28/2024 15:00,179,5,#GalaxyS25  
30614194977918144_4901642123,carousel,12/18/2024 3:00,272,4,#GalaxyS25  
80289122386883485_5826314874,carousel,12/30/2024 22:00,518,19,#GalaxyS25  
63155734193424698_6844101567,carousel,1/19/2025 11:00,90,4,#GalaxyS25  
90589821827859735_5105292025,image,1/17/2025 13:00,728,27,#GalaxyS25  
94176681612215273_5667754508,reel,12/5/2024 7:00,553,25,#GalaxyS25  
82320655546111937_5943233330,reel,1/13/2025 21:00,75,1,#GalaxyS25  
58675560946805767_7014026964,carousel,1/27/2025 10:00,124,5,#GalaxyS25  
92431147587112376_1091209140,image,1/2/2025 8:00,336,12,#GalaxyS25  
94410459434290311_9175847726,carousel,12/27/2024 22:00,328,11,#GalaxyS25  
19842289137540121_0064824334,carousel,1/6/2025,222,0,#GalaxyS25  
76375962773830822_2134616469,image,12/19/2024 16:00,301,0,#GalaxyS25  
73505456008078995_5478951041,image,12/22/2024 7:00,1144,42,#GalaxyS25  
60340288058229004_2126224953,image,1/25/2025 9:00,20,0,#GalaxyS25  
26043224151234541_6863779320,reel,12/11/2024 11:00,215,6,#GalaxyS25  
49841145686655547_8101980624,image,12/9/2024 14:00,341,10,#GalaxyS25  
50990670829584030_2071627755,carousel,12/17/2024 13:00,77,5,#GalaxyS25  
93093985712223686_2127606078,carousel,1/16/2025 12:00,91,2,#GalaxyS25  
21700167686637833_3938457658,image,12/30/2024 5:00,57,2,#GalaxyS25  
29597799714665744_8620751804,image,12/1/2024,131,2,#GalaxyS25  
68258270124603521_4382398998,image,2/7/2025 12:00,657,24,#GalaxyS25  
63849652626182184_1006709813,image,2/15/2025 3:00,134,3,#GalaxyS25  
63127359911333853_7917928908,image,2/4/2025 21:00,125,4,#GalaxyS25  
89838162000059814_2524076453,carousel,12/23/2024 9:00,350,12,#GalaxyS25  
45885284978033614_1989908767,image,2/14/2025 13:00,101,1,#GalaxyS25  
42658584683174399_9121938733,image,2/9/2025 23:00,791,15,#GalaxyS25  
25545264651417675_0274733235,image,12/1/2024 9:00,389,17,#GalaxyS25  
86361857937738558_0154836340,carousel,12/28/2024 19:00,108,2,#GalaxyS25  
93217824961468925_0795972069,image,1/10/2025 5:00,312,4,#GalaxyS25  
04999300980093365_2380962314,carousel,11/30/2024 13:00,232,11,#GalaxyS25  
29537972445588751_1270800752,reel,1/22/2025 3:00,150,3,#GalaxyS25  
40628843634299175_5750915393,reel,12/28/2024 6:00,205,3,#GalaxyS25  
38555516260007761_2045888902,carousel,1/10/2025 13:00,196,11,#GalaxyS25  
68809141960674710_0932524833,image,12/17/2024 9:00,312,17,#GalaxyS25  
86041236450627914_1712602848,carousel,12/13/2024 5:00,203,3,#GalaxyS25  
62122930784543317_0461754845,image,11/26/2024 21:00,387,0,#GalaxyS25  
04302399388686621_5622754942,reel,12/13/2024 9:00,63,1,#GalaxyS25  
82730525099933152_5314080851,carousel,12/5/2024 13:00,109,5,#GalaxyS25  
33875560277072007_4663611931,image,2/14/2025 13:00,222,0,#GalaxyS25  
72421823773190633_4985535765,image,1/18/2025 4:00,414,11,#GalaxyS25  
75426654148767974_3897987859,reel,12/14/2024 5:00,85,4,#GalaxyS25  
31530736124275743_1606563197,reel,1/2/2025 22:00,178,10,#GalaxyS25  
81246937611959884_2851191689,carousel,12/20/2024 17:00,317,10,#GalaxyS25  
24125181970305954_9499768131,image,11/28/2024 22:00,145,1,#GalaxyS25  
40407595771529114_7582472809,image,12/25/2024 12:00,628,16,#GalaxyS25  
55239505200504441_7330021469,image,2/3/2025 20:00,570,13,#GalaxyS25  
34765632833463542_6957065958,carousel,1/4/2025 15:00,509,15,#GalaxyS25  
25614598819185260_4527175877,image,2/1/2025 23:00,1607,40,#GalaxyS25  
57310196656203165_8905881062,image,12/9/2024 13:00,118,1,#GalaxyS25  
76725249058408111_1824710577,image,12/3/2024 11:00,916,24,#GalaxyS25  
61120618589742844_4513387963,image,2/19/2025 23:00,212,4,#GalaxyS25  
56222689341616541_4880858288,reel,2/16/2025 9:00,548,18,#GalaxyS25  
61446302971917366_0897566182,image,1/7/2025 4:00,304,9,#GalaxyS25  
07423675846501138_9208941113,image,2/6/2025 4:00,256,5,#GalaxyS25  
76853841376415032_0219600986,reel,11/24/2024 7:00,166,3,#GalaxyS25  
75881354933742666_1131451399,reel,2/2/2025 19:00,683,24,#GalaxyS25  
40495503820219180_4035642251,reel,1/17/2025 2:00,50,0,#GalaxyS25  
28549309312273656_2425288824,image,1/19/2025 15:00,68,3,#GalaxyS25  
89110847226731205_3711969959,image,12/23/2024 18:00,113,2,#GalaxyS25  
31154422309644175_2234720574,image,2/10/2025 3:00,99,1,#GalaxyS25  
99140050130183196_5958344261,image,12/4/2024 4:00,184,4,#GalaxyS25  
42939860185032970_8163259266,carousel,1/16/2025 11:00,99,2,#GalaxyS25  
30932365051610019_9658903619,carousel,12/10/2024 5:00,129,5,#GalaxyS25  
14225183094749017_3270893528,reel,12/2/2024 1:00,145,6,#GalaxyS25  
47027546993536193_8170922745,reel,12/12/2024 6:00,131,4,#GalaxyS25  
12001874716599155_5779133977,carousel,1/8/2025 18:00,173,6,#GalaxyS25  
50424260069182407_6396601284,carousel,12/16/2024 22:00,333,11,#GalaxyS25  
99397335350631591_1645405106,carousel,1/12/2025 18:00,112,0,#GalaxyS25  
30500129807575618_3599581321,image,2/14/2025 16:00,377,13,#GalaxyS25  
28145164079073742_5584865563,carousel,2/4/2025 10:00,134,4,#GalaxyS25  
12245448884628903_0024470000,image,12/6/2024 10:00,119,10,#GalaxyS25  
38901517966863380_5285986276,image,12/1/2024 18:00,197,5,#GalaxyS25  
26901463478366062_8012030658,reel,2/8/2025 21:00,263,5,#GalaxyS25  
87887449870710383_0171106188,image,1/30/2025 1:00,20,0,#GalaxyS25  
66699091015482760_7552216402,image,2/2/2025 8:00,106,5,#GalaxyS25  
22647340508369821_1051117670,image,11/28/2024 14:00,42,1,#GalaxyS25  
13713795415513272_1811481148,carousel,1/13/2025,170,7,#GalaxyS25  
90469077942309719_5780540226,carousel,1/3/2025 14:00,1039,36,#GalaxyS25  
82417280073897701_8384128993,image,12/12/2024 4:00,1722,57,#GalaxyS25  
14020297670698437_9600174126,carousel,12/17/2024 4:00,72,0,#GalaxyS25  
20397684310515046_3737127061,image,2/2/2025 14:00,145,3,#GalaxyS25  
67931326771281311_8132591593,reel,2/9/2025 5:00,122,3,#GalaxyS25  
38467718991195535_1177367043,carousel,12/8/2024 22:00,371,16,#GalaxyS25  
72207505434656167_1913867940,carousel,2/14/2025 2:00,114,1,#GalaxyS25  
40442398860795090_0259192404,image,1/22/2025 4:00,149,5,#GalaxyS25  
78322136921169381_3544446570,carousel,2/4/2025 12:00,168,4,#GalaxyS25  
08364608696666498_2809925507,image,2/13/2025 2:00,383,16,#GalaxyS25  
91657110546293986_6263668639,reel,12/1/2024 20:00,55,3,#GalaxyS25  
45388303605639176_0338203780,reel,1/27/2025,143,0,#GalaxyS25  
21139222252761369_2736569347,reel,1/22/2025 23:00,108,5,#GalaxyS25  
81180995935987562_6917971763,image,1/5/2025 7:00,297,6,#GalaxyS25  
58052035624096080_0557673591,carousel,2/20/2025 9:00,764,24,#GalaxyS25  
52513553122533920_4817724643,carousel,1/20/2025 21:00,0,6,#GalaxyS25  
08473883602166615_8927514638,carousel,11/27/2024 22:00,120,2,#GalaxyS25  
95544784238239461_3129741826,image,11/28/2024 14:00,194,0,#GalaxyS25  
49033088568283691_0327803534,carousel,1/18/2025 6:00,298,12,#GalaxyS25  
57681172909120674_2811447464,carousel,12/27/2024 15:00,375,10,#GalaxyS25  
09575250505247957_1819268662,image,1/3/2025 4:00,130,3,#GalaxyS25  
08121605369724529_4677966371,reel,1/3/2025 19:00,692,20,#GalaxyS25  
92452129090315785_7035257741,reel,12/29/2024 10:00,15,0,#GalaxyS25  
50726627361826760_9485311251,reel,1/19/2025 9:00,207,8,#GalaxyS25  
49738355295400833_9299286852,carousel,2/13/2025 19:00,93,4,#GalaxyS25  
59695703652840806_2576757091,carousel,12/14/2024 5:00,338,12,#GalaxyS25  
51620134255256329_1281138227,reel,12/4/2024 16:00,78,0,#GalaxyS25  
77996449775987486_2415420049,carousel,1/14/2025 23:00,369,7,#GalaxyS25  
66408120138247999_4291403669,reel,1/26/2025 13:00,823,21,#GalaxyS25  
54586465213957580_2696656369,carousel,1/14/2025 12:00,485,16,#GalaxyS25  
18907714360973026_4760286211,image,1/5/2025 23:00,96,2,#GalaxyS25  
90134941039396828_4476971078,carousel,1/31/2025 11:00,366,10,#GalaxyS25  
73730498757695061_5490825752,carousel,11/25/2024 1:00,217,10,#GalaxyS25  
22955150585452457_2700146239,carousel,12/23/2024 15:00,174,7,#GalaxyS25  
82214922192396701_9079784445,image,2/1/2025 6:00,68,5,#GalaxyS25  
26975551090278353_7212299713,carousel,1/2/2025,83,3,#GalaxyS25  
71348021421417382_7954524008,carousel,2/4/2025 2:00,384,15,#GalaxyS25  
30405883731738205_5754270317,carousel,12/9/2024 6:00,352,7,#GalaxyS25  
61875505896349012_0802246126,carousel,1/9/2025 5:00,106,5,#GalaxyS25  
47920707194389278_7429812365,image,1/26/2025 18:00,292,7,#GalaxyS25  
73923358632379728_2939092706,carousel,11/26/2024 13:00,671,17,#GalaxyS25  
85572155612204214_4107406625,image,2/21/2025 17:00,384,12,#GalaxyS25  
65908471633964609_7214481169,image,1/20/2025 21:00,258,11,#GalaxyS25  
46986535564619016_9562318587,carousel,1/9/2025 17:00,47,0,#GalaxyS25  
23746084626656349_5440451907,reel,1/19/2025,52,0,#GalaxyS25  
19674640529234399_8325249362,image,2/21/2025 23:00,129,3,#GalaxyS25  
12246830884834379_3105472564,reel,1/9/2025 8:00,90,3,#GalaxyS25  
27616825840705173_8787432071,reel,1/24/2025 3:00,1362,54,#GalaxyS25  
11033151104621455_1913844991,reel,12/27/2024 22:00,642,16,#GalaxyS25  
66541171108098664_0926232188,reel,1/29/2025 16:00,300,7,#GalaxyS25  
49877234912991488_2474212912,carousel,2/19/2025 19:00,0,1,#GalaxyS25  
50224382418991286_5822743144,carousel,12/13/2024 20:00,184,4,#GalaxyS25  
73150808226064100_0529357776,carousel,11/25/2024 20:00,55,4,#GalaxyS25  
66290017139786866_2057023186,image,12/26/2024 6:00,3127,85,#GalaxyS25  
56394096584983715_0263969050,reel,1/15/2025 10:00,161,4,#GalaxyS25  
59288422727223182_1186644441,image,2/4/2025 22:00,159,5,#GalaxyS25  
58476087614757502_4182399382,image,2/3/2025 2:00,148,1,#GalaxyS25  
96243325615793105_5323438023,carousel,1/14/2025 13:00,339,0,#GalaxyS25  
49377478781652456_4674092350,reel,2/20/2025 13:00,457,6,#GalaxyS25  
55122505247657264_8177619221,image,1/8/2025 11:00,118,1,#GalaxyS25  
47248015065864211_3198802945,reel,1/15/2025 5:00,165,2,#GalaxyS25  
73366333877117602_2404976869,carousel,1/17/2025 1:00,187,7,#GalaxyS25  
15922496195048571_2098983893,carousel,12/3/2024 9:00,208,9,#GalaxyS25  
38198111509802319_3842228753,carousel,12/24/2024 3:00,128,2,#GalaxyS25  
99496668824118006_0227283066,image,1/10/2025 18:00,374,17,#GalaxyS25  
03071356235030541_0136237174,image,12/8/2024 6:00,281,7,#GalaxyS25  
00332377713482359_5189529689,carousel,12/3/2024 21:00,224,8,#GalaxyS25  
51683824001684075_2874439831,image,12/4/2024 17:00,589,20,#GalaxyS25  
94976710921210537_4734938981,reel,12/4/2024 20:00,235,6,#GalaxyS25  
65169271391627092_0667162662,image,12/13/2024 7:00,154,3,#GalaxyS25  
87126293767553585_8176374975,reel,1/1/2025 4:00,132,3,#GalaxyS25  
11445922842910069_0925295002,image,12/14/2024 14:00,404,17,#GalaxyS25  
03347550747630454_1810062050,reel,1/21/2025 21:00,260,6,#GalaxyS25  
77751390739260716_0969678909,carousel,1/16/2025 4:00,125,5,#GalaxyS25  
47284999189343913_6188935293,image,2/4/2025 23:00,631,0,#GalaxyS25  
55877036834921403_5274354618,reel,2/20/2025 1:00,227,12,#GalaxyS25  
76851101927073682_6860324045,image,1/1/2025 7:00,80,4,#GalaxyS25  
65093665411780169_7162965041,carousel,2/10/2025 7:00,746,28,#GalaxyS25  
78337837935751375_4805414090,image,1/7/2025 14:00,68,1,#GalaxyS25  
48550763987100461_4031770369,reel,1/27/2025 7:00,279,3,#GalaxyS25  
72431265399408907_1328113652,reel,12/1/2024 14:00,148,7,#GalaxyS25  
72334482204029726_4764819656,carousel,1/24/2025 5:00,49,0,#GalaxyS25  
12380456235450939_0624466846,carousel,12/11/2024 18:00,290,12,#GalaxyS25  
43838857846601352_7802997085,reel,2/15/2025 11:00,109,3,#GalaxyS25  
36026162673777300_2801580736,image,2/6/2025 21:00,43,3,#GalaxyS25  
08363372355660213_7641679695,carousel,11/27/2024 18:00,76,1,#GalaxyS25  
04192675550460771_9241611423,carousel,1/14/2025 18:00,539,18,#GalaxyS25  
51669650641277799_1406110498,carousel,1/29/2025 11:00,631,17,#GalaxyS25  
67864056039397240_7849120794,reel,2/8/2025 15:00,161,3,#GalaxyS25  
20549483740364547_7364207302,carousel,12/24/2024 8:00,815,26,#GalaxyS25  
17046147901810521_5777907078,image,1/5/2025 8:00,151,2,#GalaxyS25  
33920824450254641_8293826540,reel,2/11/2025 23:00,130,2,#GalaxyS25  
45375753116323828_0386334642,carousel,12/22/2024 23:00,215,6,#GalaxyS25  
07176531243720391_1045188639,carousel,12/10/2024 2:00,620,17,#GalaxyS25  
18616845634473591_5173528739,image,12/22/2024 15:00,320,11,#GalaxyS25  
92588768043563787_7380074745,reel,12/18/2024 15:00,58,1,#GalaxyS25  
38614881042132665_9405330354,image,12/19/2024 15:00,101,2,#GalaxyS25  
33372530879614425_4862791039,image,11/26/2024 16:00,467,20,#GalaxyS25  
77519175531393235_8628445784,reel,12/5/2024 20:00,107,6,#GalaxyS25  
81908591915164237_3942642362,carousel,1/29/2025 17:00,291,8,#GalaxyS25  
04096473484512921_6639947295,image,1/1/2025 14:00,150,3,#GalaxyS25  
39043520060818440_1036621293,image,1/19/2025 22:00,51,4,#GalaxyS25  
57169551709488301_0725429763,image,12/30/2024,289,12,#GalaxyS25  
32822715588016916_4781055429,reel,2/15/2025 3:00,733,15,#GalaxyS25  
08415039586909201_7421598272,carousel,12/26/2024,54,2,#GalaxyS25  
01737660481497221_0087506979,reel,1/27/2025 16:00,156,5,#GalaxyS25  
60807998774473643_7251821346,carousel,11/27/2024 6:00,384,10,#GalaxyS25  
82246152979279295_0417010240,carousel,1/11/2025 7:00,103,2,#GalaxyS25  
84067926055518813_5890503715,image,1/12/2025 2:00,71,3,#GalaxyS25  
93994853324071038_1315267089,carousel,12/10/2024 17:00,103,1,#GalaxyS25  
04729149093106204_8114957559,image,12/23/2024 21:00,79,5,#GalaxyS25  
27147888939355960_4197241929,carousel,12/21/2024 4:00,115,3,#GalaxyS25  
39621231422850466_4791024468,image,11/26/2024 10:00,179,6,#GalaxyS25  
08385600538854242_1920519340,carousel,2/20/2025 6:00,158,8,#GalaxyS25  
86027213572704163_4746086010,carousel,2/3/2025 23:00,162,5,#GalaxyS25  
99492467979618708_0093847990,carousel,1/14/2025 17:00,436,14,#GalaxyS25  
77812538893557642_3087722432,image,2/17/2025 23:00,202,14,#GalaxyS25  
71879915694120149_6931828048,carousel,1/2/2025 13:00,91,3,#GalaxyS25  
48518155197982624_6164813967,carousel,12/1/2024 19:00,590,21,#GalaxyS25  
24384698132539877_9735270760,image,1/18/2025 12:00,35,2,#GalaxyS25  
01941502532744963_2519718413,image,1/25/2025 1:00,82,2,#GalaxyS25  
42028752462383443_8778545204,reel,12/28/2024 10:00,372,0,#GalaxyS25  
35834925450145827_1914618101,carousel,1/14/2025 13:00,384,7,#GalaxyS25  
61966573667183527_3288390187,image,12/29/2024 11:00,161,3,#GalaxyS25  
80548836054352385_4583485276,image,12/29/2024 18:00,140,3,#GalaxyS25  
18089424266926224_6070368753,carousel,12/8/2024 17:00,504,17,#GalaxyS25  
55341732986279254_5503525704,image,1/1/2025 8:00,926,23,#GalaxyS25  
54355715490118605_6695662258,image,1/4/2025 5:00,724,20,#GalaxyS25  
37456640600314343_8373361633,carousel,2/20/2025 11:00,103,4,#GalaxyS25  
69148441964345863_3876183861,reel,1/25/2025 6:00,694,14,#GalaxyS25  
70932346377290890_1782864941,carousel,2/15/2025 13:00,93,0,#GalaxyS25  
65602075477092598_5921253822,image,12/2/2024 9:00,475,16,#GalaxyS25  
81875254069595553_5022001339,reel,2/18/2025 20:00,65,1,#GalaxyS25  
54450431097389968_0654157073,image,12/30/2024 1:00,531,13,#GalaxyS25  
19419371089144852_9263243963,image,11/30/2024 10:00,91,0,#GalaxyS25  
76827451201415184_1122947326,reel,2/15/2025 17:00,582,14,#GalaxyS25  
08069759901739850_9424372134,image,1/30/2025 17:00,174,7,#GalaxyS25  
34459187678192784_2532877627,image,1/9/2025 20:00,162,8,#GalaxyS25  
37701246357623100_2201561250,image,1/25/2025 1:00,53,2,#GalaxyS25  
22504784684516517_8090385792,carousel,12/8/2024 16:00,338,10,#GalaxyS25  
66086286215527463_3961513740,reel,1/26/2025 17:00,207,5,#GalaxyS25  
77280665071109574_8269130071,carousel,12/22/2024 13:00,488,6,#GalaxyS25  
10534302880262026_9037515829,image,2/3/2025 6:00,231,8,#GalaxyS25  
54099891654710714_1529004936,carousel,12/24/2024,156,1,#GalaxyS25  
04018627028428234_5636397880,image,1/28/2025 14:00,1210,37,#GalaxyS25  
70131794539912629_2813718225,reel,1/2/2025 10:00,54,4,#GalaxyS25  
50639506234594852_6486039932,reel,1/30/2025 19:00,336,3,#GalaxyS25  
09362544500633858_8447965771,image,1/7/2025 8:00,225,5,#GalaxyS25  
87429792255698651_1098856538,carousel,1/11/2025 3:00,33,0,#GalaxyS25  
01782177814475748_9853523892,image,12/2/2024,109,5,#GalaxyS25  
00077144721927597_4698725136,reel,11/24/2024 8:00,68,1,#GalaxyS25  
36987173638248529_2342444826,carousel,1/12/2025 11:00,195,4,#GalaxyS25  
20663957758779100_6063481210,image,12/21/2024 14:00,114,3,#GalaxyS25  
00855383422078342_2673543595,image,12/30/2024 10:00,301,8,#GalaxyS25  
75856130178641720_1214795198,image,1/31/2025 15:00,306,6,#GalaxyS25  
00488665325519225_7574167854,image,12/18/2024 16:00,87,0,#GalaxyS25  
33661869791712389_5234396751,carousel,1/27/2025 21:00,342,10,#GalaxyS25  
03812685613615154_8411031051,carousel,1/20/2025 4:00,86,0,#GalaxyS25  
77115104199295219_2734746149,image,1/14/2025 1:00,43,1,#GalaxyS25  
83460254687105416_9784665143,image,1/26/2025 6:00,265,12,#GalaxyS25  
61871927577741471_5481126684,reel,12/25/2024 6:00,176,4,#GalaxyS25  
45717903089416400_8236379616,image,2/16/2025 9:00,429,9,#GalaxyS25  
08213643994157545_3549116560,carousel,1/31/2025,245,9,#GalaxyS25  
69925686157338472_2468478988,carousel,12/7/2024 22:00,130,6,#GalaxyS25  
93662190048166385_0724765432,carousel,12/22/2024 1:00,153,6,#GalaxyS25  
68916214927738302_8736041057,image,2/15/2025 9:00,1169,28,#GalaxyS25  
58712431361066867_9422227013,carousel,2/7/2025 7:00,25,0,#GalaxyS25  
94696755411864377_1472350317,carousel,2/18/2025 14:00,47,1,#GalaxyS25  
92946614879797550_1660667283,image,2/13/2025 15:00,229,13,#GalaxyS25  
72905061889038709_6236994269,image,2/21/2025 23:00,435,9,#GalaxyS25  
29415664244428555_2431194720,carousel,1/23/2025,414,13,#GalaxyS25  
79083426417636492_9588043380,carousel,12/19/2024 13:00,276,8,#GalaxyS25  
17145423596917726_3923930709,image,1/25/2025 12:00,238,9,#GalaxyS25  
67231686450188812_1555602806,carousel,2/17/2025 21:00,777,22,#GalaxyS25  
28875936969671398_1122291486,reel,11/25/2024 18:00,766,19,#GalaxyS25  
51582973891319551_3664106156,carousel,2/19/2025 14:00,50,0,#GalaxyS25  
96953682049032649_0506494613,carousel,11/24/2024 2:00,270,9,#GalaxyS25  
99398512957916962_6842363444,image,12/31/2024 22:00,1024,29,#GalaxyS25  
71340325536292356_5470787945,carousel,1/30/2025 8:00,67,0,#GalaxyS25  
52469295717725747_6280317113,image,12/14/2024 13:00,641,16,#GalaxyS25  
53907420003462453_2803783233,carousel,11/26/2024 1:00,180,5,#GalaxyS25  
37902123282367536_5020709012,reel,12/12/2024 4:00,73,2,#GalaxyS25  
82197583940181229_3283103827,image,1/26/2025 8:00,37,0,#GalaxyS25  
29570287781433394_4919502584,image,1/19/2025,89,3,#GalaxyS25  
10632253634371512_9022707806,image,1/24/2025 22:00,88,1,#GalaxyS25  
61720033228055998_4784864471,carousel,11/24/2024 1:00,311,10,#GalaxyS25  
44394574667364058_3808679717,image,12/12/2024 22:00,425,18,#GalaxyS25  
83467360558072735_0681315102,image,2/13/2025 5:00,330,8,#GalaxyS25  
19231481705383279_7004367937,reel,2/5/2025 8:00,160,6,#GalaxyS25  
22409200941888388_0921474568,carousel,1/3/2025 15:00,185,5,#GalaxyS25  
26358489610015985_7752826884,reel,1/25/2025 6:00,457,15,#GalaxyS25  
19011195417242091_1011302341,image,12/28/2024 19:00,54,0,#GalaxyS25  
29640175527955801_0606171303,carousel,12/19/2024 12:00,96,2,#GalaxyS25  
66278954019313377_8649997940,carousel,11/29/2024 13:00,359,12,#GalaxyS25  
98260755484487397_6788805418,carousel,12/15/2024 5:00,93,3,#GalaxyS25  
84725420063938695_6803752106,image,1/24/2025 7:00,548,23,#GalaxyS25  
14397072758217264_7446840566,reel,2/14/2025 13:00,50,1,#GalaxyS25  
91699067610637577_3348867541,image,1/23/2025 3:00,1274,42,#GalaxyS25  
52214003783943622_9288043866,image,1/28/2025 7:00,388,12,#GalaxyS25  
39110459817450588_3256970664,image,1/26/2025,79,4,#GalaxyS25  
06593407847616466_2833494626,image,12/23/2024,162,4,#GalaxyS25  
82902453422489646_3763465697,reel,1/24/2025 21:00,346,0,#GalaxyS25  
12933641440338787_0849254985,image,1/31/2025 17:00,251,5,#GalaxyS25  
38587895856102231_3317212923,carousel,2/3/2025 6:00,49,2,#GalaxyS25  
19199558281586705_6099253165,carousel,12/9/2024 5:00,366,8,#GalaxyS25  
15929404834500352_3312326909,image,12/30/2024 17:00,406,14,#GalaxyS25  
17729497810767069_1454391946,reel,2/3/2025 4:00,138,2,#GalaxyS25  
40286913168341594_6354635748,reel,11/29/2024 23:00,357,10,#GalaxyS25  
52668474386492488_8990325452,image,2/14/2025 3:00,48,2,#GalaxyS25  
63495203168180126_0267298613,reel,12/8/2024 3:00,407,12,#GalaxyS25  
78217696411552813_6898933098,image,2/11/2025 11:00,531,20,#GalaxyS25  
08348723971141790_4270191754,carousel,12/19/2024 22:00,126,7,#GalaxyS25  
73855535406607207_4013388442,reel,1/4/2025 8:00,527,14,#GalaxyS25  
50715765480615427_8335322631,reel,1/11/2025 4:00,512,18,#GalaxyS25  
59336205299991236_0395083818,image,1/11/2025 22:00,256,16,#GalaxyS25  
19953049995241401_9332195998,image,12/24/2024 10:00,119,4,#GalaxyS25  
75594495199010479_3301041567,reel,2/12/2025 7:00,34,0,#GalaxyS25  
71054891520880241_7244252997,image,12/29/2024 12:00,348,12,#GalaxyS25  
52833785127249645_7894954697,image,1/31/2025 20:00,172,5,#GalaxyS25  
40390782204417596_1539531380,reel,11/25/2024 9:00,156,5,#GalaxyS25  
53873954228018914_4163776372,carousel,12/27/2024 23:00,96,0,#GalaxyS25  
01996444160834087_4298493945,reel,12/18/2024 7:00,395,17,#GalaxyS25  
25370690731736364_9588967710,reel,11/27/2024 21:00,266,6,#GalaxyS25  
17267950648881337_6486661605,carousel,2/16/2025 15:00,181,2,#GalaxyS25  
69305503526682973_8696708796,carousel,12/5/2024 3:00,113,4,#GalaxyS25  
09806185835213116_9060290397,image,12/20/2024 13:00,732,24,#GalaxyS25  
66685079905042085_3948184690,carousel,2/13/2025 14:00,54,0,#GalaxyS25  
74865096062357370_7053431605,carousel,1/11/2025 15:00,86,3,#GalaxyS25  
10050785050866483_6407238505,image,11/27/2024,30,1,#GalaxyS25  
50523165665265655_5053697250,carousel,1/30/2025 2:00,183,0,#GalaxyS25  
36906647352391415_1278951456,image,12/1/2024 6:00,673,23,#GalaxyS25  
23030526132462298_5944964602,image,1/1/2025 18:00,325,12,#GalaxyS25  
55668316120437341_1302769453,carousel,12/7/2024 23:00,127,2,#GalaxyS25  
71247114645830567_6527065970,reel,2/7/2025 21:00,937,31,#GalaxyS25  
11455463030509981_7716350950,reel,12/4/2024 1:00,836,29,#GalaxyS25  
83459741975403850_2827024884,reel,1/19/2025 19:00,310,3,#GalaxyS25  
49536939551976136_8792559375,image,12/11/2024 10:00,31,1,#GalaxyS25  
56679396621261826_3518513246,image,11/28/2024 22:00,139,5,#GalaxyS25  
54411465181213198_1109939660,carousel,12/24/2024 14:00,736,19,#GalaxyS25  
76583384095812321_9010831124,image,12/7/2024 5:00,58,4,#GalaxyS25  
60884290670362327_4865226044,reel,2/19/2025 17:00,93,2,#GalaxyS25  
57050117783564412_5053304575,carousel,12/21/2024 3:00,437,21,#GalaxyS25  
90933046837763883_4246882146,carousel,2/19/2025 16:00,0,8,#GalaxyS25  
49166112231024051_4358664130,image,12/22/2024 19:00,246,6,#GalaxyS25  
77005186628283846_7424827251,reel,12/5/2024 2:00,144,4,#GalaxyS25  
00314262856081602_2217341291,image,1/13/2025 5:00,378,15,#GalaxyS25  
33478912370282893_1148956799,image,2/19/2025 12:00,341,13,#GalaxyS25  
61208797015688779_6838997070,carousel,1/7/2025 13:00,819,29,#GalaxyS25  
86899690576038677_0603911764,image,12/15/2024 21:00,200,9,#GalaxyS25  
80720202155961502_2654087176,image,12/4/2024,0,4,#GalaxyS25  
40555132762554928_5421218754,reel,12/7/2024 15:00,124,2,#GalaxyS25  
79707892851876362_6178729731,carousel,1/11/2025 19:00,183,6,#GalaxyS25  
65781837439305796_6462846850,reel,1/22/2025 5:00,439,17,#GalaxyS25  
02271398979543429_3886772583,carousel,2/20/2025 20:00,97,2,#GalaxyS25  
49516385649425441_8872474922,reel,12/8/2024 19:00,100,6,#GalaxyS25  
51456426549491537_7254691324,image,1/3/2025 12:00,760,23,#GalaxyS25  
80833481517454197_8944964873,carousel,1/18/2025 14:00,64,3,#GalaxyS25  
74355461963697579_7564230905,image,1/4/2025 12:00,61,2,#GalaxyS25  
71920132719382363_2042120479,image,11/24/2024 14:00,145,4,#GalaxyS25  
66978844069286489_2588399462,reel,12/12/2024 5:00,19,1,#GalaxyS25  
55744925729584645_2201997398,image,1/20/2025 10:00,52,4,#GalaxyS25  
82923261878360026_7518356214,carousel,12/25/2024 20:00,912,29,#GalaxyS25  
21092335530601997_9483790072,carousel,12/7/2024 21:00,173,6,#GalaxyS25  
02471738084784271_9201612386,reel,2/19/2025 6:00,710,29,#GalaxyS25  
38716951518349540_5595912257,reel,2/10/2025 5:00,222,8,#GalaxyS25  
32309386818934238_0237270408,image,1/16/2025 16:00,321,5,#GalaxyS25  
94115587384846126_6128831640,reel,1/14/2025 11:00,396,7,#GalaxyS25  
53667990541964832_7498679010,carousel,12/26/2024 3:00,133,2,#GalaxyS25  
02127840754440088_0734687571,carousel,1/24/2025 9:00,458,12,#GalaxyS25  
06221430306194095_7197842107,reel,11/29/2024 17:00,113,3,#GalaxyS25  
03473047971189491_9532419621,carousel,1/21/2025 7:00,106,2,#GalaxyS25  
42744685909161107_8752170929,image,12/22/2024 8:00,97,5,#GalaxyS25  
13323632973407713_5778203085,image,12/29/2024 14:00,510,10,#GalaxyS25  
28738755359882589_3562646751,reel,1/18/2025 23:00,397,12,#GalaxyS25  
78948704707792141_1364637453,reel,2/13/2025 5:00,199,9,#GalaxyS25  
97910655576469172_7969712060,reel,2/17/2025 13:00,547,30,#GalaxyS25  
21417828781604921_4383182426,image,1/6/2025 3:00,320,11,#GalaxyS25  
94981701282159734_8547543812,reel,12/20/2024 23:00,94,3,#GalaxyS25  
47639446800295007_1060693271,carousel,12/12/2024 4:00,75,3,#GalaxyS25  
55341345274509365_6965716156,carousel,12/5/2024 19:00,521,9,#GalaxyS25  
72028555538231053_9534670643,image,1/2/2025 23:00,38,0,#GalaxyS25  
02419057900201672_7804457870,reel,12/22/2024,280,4,#GalaxyS25  
78996783928828344_6579559806,reel,1/10/2025 2:00,65,1,#GalaxyS25  
93937584524563443_7699494848,image,12/22/2024 2:00,359,7,#GalaxyS25  
04044431302240007_6660414268,image,12/9/2024,128,2,#GalaxyS25  
99094173019203683_4235159552,carousel,2/18/2025 17:00,293,0,#GalaxyS25  
70047911233925287_7314799293,carousel,11/25/2024 1:00,82,5,#GalaxyS25  
74466517171509788_4106312986,image,11/25/2024 2:00,86,5,#GalaxyS25  
70867144594769166_8860871055,image,2/6/2025 4:00,867,34,#GalaxyS25  
18883494757263219_3501455584,carousel,2/18/2025,51,0,#GalaxyS25  
96277419429135578_2211030606,reel,12/31/2024 16:00,109,4,#GalaxyS25  
51116940648872679_8299354222,image,1/3/2025 11:00,202,6,#GalaxyS25  
49716750375874624_7921457728,image,12/8/2024 7:00,210,14,#GalaxyS25  
32561354393082320_6401126579,carousel,12/11/2024 6:00,651,18,#GalaxyS25  
94275323968795034_4230937733,image,2/21/2025 11:00,233,5,#GalaxyS25  
16994362209542580_8085002899,reel,12/14/2024 12:00,199,5,#GalaxyS25  
10749031715001940_9874040563,carousel,2/20/2025 16:00,474,12,#GalaxyS25  
19968208498501317_6023742745,reel,1/8/2025 14:00,331,14,#GalaxyS25  
51564425197849197_8738065342,image,1/1/2025,184,6,#GalaxyS25  
19068526426792164_1241092922,carousel,12/10/2024 9:00,122,3,#GalaxyS25  
21810678619554879_4644472637,image,12/5/2024,192,5,#GalaxyS25  
55592019866955151_0662330088,reel,1/26/2025 9:00,69,5,#GalaxyS25  
50108866014436522_3062288720,image,12/5/2024 8:00,59,2,#GalaxyS25  
63130619761313832_6994502262,image,1/6/2025 11:00,1280,51,#GalaxyS25  
36786302910158477_1884406624,image,11/26/2024 23:00,174,6,#GalaxyS25  
24813017562124661_1332641511,image,1/18/2025 4:00,907,26,#GalaxyS25  
03135147621163492_3072681242,image,12/28/2024 7:00,184,9,#GalaxyS25  
43122704137629834_2239032597,image,1/19/2025 10:00,721,20,#GalaxyS25  
96636117174533015_1880908170,reel,1/27/2025 6:00,213,3,#GalaxyS25  
41926422538084515_4892429439,reel,1/2/2025 12:00,360,11,#GalaxyS25  
92386567603315869_7338985640,carousel,11/30/2024 3:00,468,16,#GalaxyS25  
04199682976223210_1553295879,image,12/25/2024 6:00,177,5,#GalaxyS25  
81816152941439647_0059117913,image,12/2/2024 19:00,105,5,#GalaxyS25  
67511567978579373_0250919523,image,12/12/2024 18:00,55,4,#GalaxyS25  
21465945015181486_6507285816,image,1/2/2025 9:00,410,11,#GalaxyS25  
96898453780040327_9882305259,reel,1/3/2025 9:00,292,12,#GalaxyS25  
34352824177598955_6494875430,reel,2/11/2025 8:00,229,10,#GalaxyS25  
41468801817775504_1774884097,image,2/16/2025 9:00,145,4,#GalaxyS25  
21604963260689078_7267612987,image,1/11/2025 10:00,387,9,#GalaxyS25  
82249793413840049_8596271852,reel,1/5/2025 7:00,469,15,#GalaxyS25  
82383371898902642_5566366789,image,12/1/2024 2:00,945,30,#GalaxyS25  
38861474232415315_3959522996,carousel,12/18/2024 17:00,429,15,#GalaxyS25  
45627558745654599_3557198191,carousel,2/3/2025 23:00,410,15,#GalaxyS25  
85981188419162756_0167410937,image,12/5/2024 1:00,245,10,#GalaxyS25  
36595279997764173_0365616818,reel,1/25/2025 7:00,88,2,#GalaxyS25  
22522067957202433_1733948038,reel,1/4/2025 12:00,135,2,#GalaxyS25  
91186751582919923_8113256866,reel,1/1/2025 18:00,527,14,#GalaxyS25  
64956988224005160_6706040610,reel,2/8/2025 9:00,94,3,#GalaxyS25  
84764593902068280_1988964572,carousel,1/28/2025,443,10,#GalaxyS25  
72054540891292337_6198670264,image,12/10/2024 1:00,179,5,#GalaxyS25  
11786910153906354_8993279464,image,1/5/2025 21:00,188,5,#GalaxyS25  
25292499508117136_8753423724,reel,1/16/2025 22:00,272,8,#GalaxyS25  
34569663222086173_3083999688,carousel,12/15/2024 2:00,219,7,#GalaxyS25  
38073250911685705_3204048610,image,12/10/2024 10:00,498,15,#GalaxyS25  
23172176205958664_8541785095,reel,12/20/2024 19:00,348,27,#GalaxyS25  
41778025708656577_7902829698,reel,12/3/2024 7:00,43,0,#GalaxyS25  
23738444582659129_5681872558,image,2/6/2025 4:00,369,0,#GalaxyS25  
74028153327868582_4469907565,image,12/7/2024 9:00,197,7,#GalaxyS25  
63772613715937383_7836281099,image,2/2/2025 14:00,16,0,#GalaxyS25  
34833573882523843_7799035823,image,12/23/2024 21:00,72,3,#GalaxyS25  
15035389631191177_0403604554,carousel,12/21/2024 14:00,58,2,#GalaxyS25  
18527455996269427_9290051408,carousel,1/3/2025 8:00,117,3,#GalaxyS25  
83095710952260291_1055732370,image,1/6/2025 19:00,55,2,#GalaxyS25  
30299373533485070_3325157119,image,2/15/2025 10:00,64,2,#GalaxyS25  
85887067182184821_8436076814,image,1/20/2025 18:00,145,4,#GalaxyS25  
66122897762879040_2978365128,image,2/6/2025,82,0,#GalaxyS25  
16028298546667520_1235813362,carousel,12/20/2024 1:00,123,3,#GalaxyS25  
56030846734773245_6680376681,reel,1/20/2025 5:00,130,5,#GalaxyS25  
37492260024024187_8692246604,carousel,12/3/2024 21:00,651,13,#GalaxyS25  
37864226522867693_4708725650,reel,2/1/2025 4:00,448,9,#GalaxyS25  
73193968209662865_1971068302,image,12/7/2024 11:00,340,6,#GalaxyS25  
51067195647621914_2873687840,reel,12/28/2024 11:00,647,0,#GalaxyS25  
38687112582862024_6043701842,reel,2/17/2025 18:00,27,0,#GalaxyS25  
85218587599156723_2937920564,image,12/9/2024 20:00,801,31,#GalaxyS25  
71653671043307785_7464888751,image,1/3/2025 1:00,197,9,#GalaxyS25  
22666166331300675_9528858224,reel,1/12/2025 15:00,62,3,#GalaxyS25  
29136694242246016_6192357303,image,2/15/2025 22:00,50,2,#GalaxyS25  
28662109379401948_4366847588,image,1/3/2025 4:00,286,4,#GalaxyS25  
10882452045098379_0716766162,reel,2/18/2025 15:00,65,2,#GalaxyS25  
25385507966749192_2018101566,carousel,1/11/2025 20:00,115,2,#GalaxyS25  
87149057835594505_8779726034,carousel,12/27/2024 20:00,352,14,#GalaxyS25  
26434066912850566_4738245586,reel,2/20/2025 1:00,592,18,#GalaxyS25  
84552744895906202_3156421515,image,2/12/2025 20:00,66,2,#GalaxyS25  
50061479606006499_0187947481,image,12/28/2024 21:00,696,15,#GalaxyS25  
26507967555941713_8633174126,image,12/31/2024 12:00,89,1,#GalaxyS25  
30425479272437423_9985530301,carousel,2/4/2025 2:00,0,13,#GalaxyS25  
85001378833209155_0165402162,carousel,12/25/2024 15:00,638,20,#GalaxyS25  
48998256480354610_4909375422,reel,12/2/2024 13:00,60,1,#GalaxyS25  
01513091832370446_6217489705,reel,1/15/2025 23:00,146,2,#GalaxyS25  
39351813892594891_8051258705,image,2/20/2025 21:00,55,1,#GalaxyS25  
46609608077867910_1061507670,reel,1/10/2025 14:00,109,4,#GalaxyS25  
03409837933280136_5651816523,image,12/15/2024,77,3,#GalaxyS25  
83677918357691944_6307059458,carousel,11/27/2024 2:00,487,12,#GalaxyS25  
09005801874271448_3439342863,image,1/9/2025 8:00,205,6,#GalaxyS25  
83810502879859117_3563685759,reel,11/27/2024 5:00,257,11,#GalaxyS25  
42188320346659421_8054353521,image,11/29/2024 20:00,53,2,#GalaxyS25  
31186667480922681_0040973441,image,1/17/2025 2:00,297,8,#GalaxyS25  
97817361012457888_3339341022,image,2/1/2025 20:00,685,18,#GalaxyS25  
18378920014603273_5774944083,carousel,1/19/2025 4:00,113,2,#GalaxyS25  
16660236250334155_4564161290,carousel,11/29/2024 3:00,241,5,#GalaxyS25  
38700207859798537_2278113255,carousel,1/17/2025 3:00,416,13,#GalaxyS25  
62100632464364502_3764877233,image,12/13/2024 9:00,349,13,#GalaxyS25  
94034998991634408_2543983424,image,12/19/2024 18:00,283,12,#GalaxyS25  
26959265685169441_7194149799,reel,2/19/2025 21:00,460,14,#GalaxyS25  
95397551390330467_0763836602,carousel,12/2/2024 14:00,200,6,#GalaxyS25  
50820407313943298_1944221035,image,12/31/2024 20:00,412,9,#GalaxyS25  
12565832096337797_2194242613,image,1/8/2025 22:00,101,3,#GalaxyS25  
68659222728068467_3324405655,reel,12/8/2024 5:00,360,9,#GalaxyS25  
77244283015894854_6229327637,reel,12/23/2024 19:00,257,8,#GalaxyS25  
03114068941727414_3005899539,reel,12/13/2024,719,18,#GalaxyS25  
70904655811211840_6293949450,image,2/14/2025 3:00,1810,51,#GalaxyS25  
00670966367714818_1729636740,carousel,2/15/2025 19:00,336,3,#GalaxyS25  
98957938539776524_0861244902,carousel,12/16/2024 15:00,87,0,#GalaxyS25  
15832472715218747_5565283453,reel,2/19/2025 1:00,89,2,#GalaxyS25  
86283167815513772_0773701798,carousel,1/6/2025 4:00,149,5,#GalaxyS25  
53207379205951086_5256081137,image,2/1/2025 23:00,262,8,#GalaxyS25  
41502887335687946_4921261224,reel,12/17/2024 17:00,954,24,#GalaxyS25  
76757790399322388_9196949568,image,1/14/2025 9:00,378,18,#GalaxyS25  
64063146622195365_9610870811,carousel,1/25/2025,407,12,#GalaxyS25  
93838540414959005_2270204310,image,1/23/2025 16:00,317,7,#GalaxyS25  
21711121170216354_9598795054,image,12/29/2024 3:00,234,4,#GalaxyS25  
78207874797923167_7811339411,carousel,11/25/2024 1:00,267,13,#GalaxyS25  
68652361304983258_0964691632,image,2/11/2025 15:00,248,8,#GalaxyS25  
86087181772014727_8006783375,carousel,12/13/2024 3:00,91,2,#GalaxyS25  
08560666154855186_6133564668,image,12/7/2024 22:00,47,1,#GalaxyS25  
33457543645005729_5839439657,carousel,1/18/2025 22:00,122,1,#GalaxyS25  
89882227061563914_6311076630,image,2/14/2025,423,30,#GalaxyS25  
73803725947239929_2951216955,image,1/7/2025 11:00,101,2,#GalaxyS25  
79380564923858185_7120161350,image,12/10/2024 4:00,218,9,#GalaxyS25  
50220929384691635_6499590874,image,1/19/2025 4:00,32,1,#GalaxyS25  
37551896109369183_0166294942,image,1/8/2025 22:00,248,3,#GalaxyS25  
92012226113187269_4237535803,image,1/13/2025 1:00,426,3,#GalaxyS25  
83369481898680763_0440977730,carousel,11/25/2024 16:00,336,18,#GalaxyS25  
79633352078085718_2932690211,reel,2/8/2025 3:00,160,5,#GalaxyS25  
51170041537191641_9374125529,image,1/19/2025 7:00,120,7,#GalaxyS25  
03239194323394310_8466063417,image,12/15/2024 2:00,837,33,#GalaxyS25  
69948244758985123_8619873579,carousel,1/13/2025 13:00,250,5,#GalaxyS25  
95491440217711864_9808086501,image,1/16/2025 1:00,36,0,#GalaxyS25  
43204337017302761_2115812863,image,12/31/2024 11:00,73,1,#GalaxyS25  
50921163864950502_1631832628,reel,12/6/2024 1:00,343,8,#GalaxyS25  
28625236921491916_5883890857,carousel,2/3/2025 8:00,966,25,#GalaxyS25  
37930499964667061_6148604210,carousel,12/3/2024 10:00,331,11,#GalaxyS25  
53295262657152031_4374368623,carousel,12/15/2024 2:00,106,2,#GalaxyS25  
93088067087030778_5456442646,image,12/14/2024 1:00,451,19,#GalaxyS25  
11227666210667880_3671097785,image,1/29/2025 11:00,592,20,#GalaxyS25  
76155835466950115_3166411781,carousel,2/21/2025 10:00,83,5,#GalaxyS25  
08894654345578505_9809623586,reel,12/25/2024 7:00,195,5,#GalaxyS25  
09083446803997234_6422480884,carousel,12/26/2024 3:00,591,17,#GalaxyS25  
10906831072505269_1458306469,image,2/10/2025 23:00,297,7,#GalaxyS25  
01069624747736065_7133085982,reel,11/29/2024 11:00,124,1,#GalaxyS25  
22969590549576456_2825318280,reel,1/31/2025 4:00,180,7,#GalaxyS25  
08067145925382818_5925644344,carousel,1/7/2025 22:00,295,6,#GalaxyS25  
80478624461409116_7933596118,carousel,12/22/2024 1:00,185,5,#GalaxyS25  
77084782682661972_4944599610,reel,1/15/2025 15:00,77,3,#GalaxyS25  
32765688950045406_8878242473,reel,1/8/2025 12:00,231,8,#GalaxyS25  
13711033279084646_7030376029,image,1/27/2025 1:00,152,4,#GalaxyS25  
12143117833644874_4309547785,carousel,1/31/2025 5:00,985,29,#GalaxyS25  
76574800655997057_9923244039,image,1/9/2025,19,1,#GalaxyS25  
11760772318545747_6859040819,image,1/6/2025,175,3,#GalaxyS25  
76188899299142945_3706220828,carousel,2/20/2025 20:00,0,7,#GalaxyS25  
72527747555802795_6962888529,carousel,1/24/2025 15:00,244,7,#GalaxyS25  
29648985036886913_4352241254,carousel,2/15/2025 12:00,221,5,#GalaxyS25  
57268173152471534_9617765183,image,11/30/2024 16:00,117,2,#GalaxyS25  
44603434717519499_4996413638,image,12/1/2024 11:00,326,15,#GalaxyS25  
90349263131320235_5757909924,image,11/25/2024 21:00,671,20,#GalaxyS25  
39223868936345959_7264525844,image,12/18/2024 18:00,430,8,#GalaxyS25  
78300842694221217_9553096877,carousel,2/17/2025 5:00,112,4,#GalaxyS25  
20596297514843180_3645318714,image,2/7/2025 14:00,399,11,#GalaxyS25  
53053163632752047_3426255211,image,1/25/2025 12:00,118,2,#GalaxyS25  
26439805200661928_2505958944,reel,1/21/2025 20:00,429,25,#GalaxyS25  
02534453959142863_2607795402,carousel,1/3/2025 17:00,176,0,#GalaxyS25  
22578618100602472_5888286193,image,11/29/2024 21:00,212,3,#GalaxyS25  
20478488003404292_0231759586,image,12/16/2024 13:00,173,6,#GalaxyS25  
55986138283600952_2500953613,carousel,1/19/2025 23:00,761,21,#GalaxyS25  
05434341395998280_8993536730,carousel,2/3/2025 7:00,292,14,#GalaxyS25  
80275442907306350_4875888448,carousel,1/20/2025 17:00,128,5,#GalaxyS25  
07748516668020273_3911185425,image,1/5/2025 18:00,61,5,#GalaxyS25  
17014679323423632_2557241035,carousel,1/23/2025 23:00,380,13,#GalaxyS25  
13702990809244616_4667065491,carousel,1/29/2025 22:00,211,8,#GalaxyS25  
76779940333663145_4588428590,carousel,1/22/2025 20:00,99,5,#GalaxyS25  
50350778439426576_2659708034,image,2/10/2025 19:00,82,1,#GalaxyS25  
89025689314110438_3859068604,carousel,12/10/2024 14:00,149,4,#GalaxyS25  
25303221365248007_0529274904,reel,2/12/2025 8:00,127,2,#GalaxyS25  
75813163759159715_9378112557,reel,1/8/2025 3:00,379,11,#GalaxyS25  
90556890478510684_1989509195,carousel,1/17/2025 23:00,161,7,#GalaxyS25  
92077392323243461_1013977171,reel,12/24/2024 14:00,144,5,#GalaxyS25  
54313029853281818_8896119410,reel,1/20/2025 1:00,76,1,#GalaxyS25  
06507253720873401_7766097647,reel,11/26/2024 10:00,192,9,#GalaxyS25  
12765166082874628_7886902086,image,1/22/2025 10:00,184,4,#GalaxyS25  
09366584592518951_9511978795,carousel,1/15/2025 2:00,85,2,#GalaxyS25  
31548857427757015_8698864332,carousel,1/13/2025 4:00,150,6,#GalaxyS25  
89562561178534026_7697462264,carousel,1/5/2025 22:00,353,8,#GalaxyS25  
27184048505496840_5201342829,reel,12/9/2024 16:00,241,10,#GalaxyS25  
31482381351557149_4854502256,carousel,12/9/2024 9:00,189,3,#GalaxyS25  
48520520631171126_0554137225,image,2/2/2025 22:00,114,3,#GalaxyS25  
22857172475801134_2587102325,image,12/3/2024 8:00,308,11,#GalaxyS25  
17780732587451651_1429105504,reel,12/30/2024 3:00,375,11,#GalaxyS25  
25851758293440407_3614688877,reel,1/22/2025 12:00,119,2,#GalaxyS25  
85140825542404952_1110382725,image,11/28/2024 19:00,124,3,#GalaxyS25  
45728431306935308_5138696952,reel,11/25/2024 11:00,240,11,#GalaxyS25  
51868556892934064_0635447825,reel,1/14/2025 22:00,583,27,#GalaxyS25  
27468663953595890_4853803189,reel,2/1/2025 1:00,44,0,#GalaxyS25  
46637028819042456_0132143782,image,12/16/2024,150,3,#GalaxyS25  
86617465305555318_2709024795,reel,2/17/2025 4:00,42,1,#GalaxyS25  
21832346725507925_3797038633,image,2/9/2025 2:00,423,20,#GalaxyS25  
39590557101773918_0628667943,image,12/2/2024 20:00,15,1,#GalaxyS25  
79616147759846087_3498974035,carousel,1/13/2025 22:00,148,4,#GalaxyS25  
38289308284301783_6537407525,reel,12/28/2024 10:00,129,2,#GalaxyS25  
05313191782048480_8666886538,carousel,12/15/2024 3:00,357,16,#GalaxyS25  
47863386474108326_1539649851,image,1/5/2025 23:00,60,4,#GalaxyS25  
92815494627092287_8981582044,image,12/26/2024,185,8,#GalaxyS25  
77965537554647019_2658432064,carousel,12/2/2024 20:00,88,0,#GalaxyS25  
94463464606967614_9669522153,reel,1/27/2025 17:00,441,8,#GalaxyS25  
35932459155197108_5167051975,image,12/6/2024 20:00,174,4,#GalaxyS25  
74968788962980540_5711658389,carousel,12/15/2024 14:00,0,6,#GalaxyS25  
76582642345732462_9121488150,carousel,12/19/2024 3:00,261,9,#GalaxyS25  
98306053681598335_1315786102,image,2/15/2025 11:00,407,12,#GalaxyS25  
48457145795448368_3445096354,carousel,12/28/2024 19:00,139,2,#GalaxyS25  
92462798477166811_1823523030,image,1/6/2025 2:00,107,5,#GalaxyS25  
16427143074780391_4702761348,carousel,1/24/2025 3:00,155,6,#GalaxyS25  
01786092055267613_6107474666,image,11/25/2024 12:00,227,10,#GalaxyS25  
16314944535380922_7062745587,image,2/1/2025 1:00,40,1,#GalaxyS25  
25399003025819363_0177820741,reel,1/3/2025 21:00,677,22,#GalaxyS25  
66993187903814162_9192906322,reel,12/9/2024 13:00,408,16,#GalaxyS25  
25580468831768839_9071994464,reel,12/21/2024 15:00,296,5,#GalaxyS25  
62910866554256796_9284915405,carousel,12/17/2024 9:00,293,8,#GalaxyS25  
91416900136549299_7753174198,image,11/26/2024 22:00,391,13,#GalaxyS25  
31555816800196816_9854530479,carousel,2/15/2025 7:00,296,0,#GalaxyS25  
41196683398993269_4798041406,carousel,2/15/2025 7:00,436,13,#GalaxyS25  
83827621305747651_9828000731,carousel,12/5/2024 11:00,110,4,#GalaxyS25  
73407926374061784_4527517468,carousel,12/1/2024 14:00,189,5,#GalaxyS25  
89983953041749976_3365080725,image,1/1/2025 11:00,1233,26,#GalaxyS25  
38927140041301531_2870803657,carousel,1/3/2025 16:00,0,3,#GalaxyS25  
17673126543531854_2062263079,image,1/10/2025 1:00,897,22,#GalaxyS25  
93120556358865274_2264752090,image,12/23/2024 4:00,70,1,#GalaxyS25  
21753754116734355_5692991424,reel,1/20/2025 1:00,427,6,#GalaxyS25  
44543890930405354_2399994367,image,2/20/2025 4:00,126,10,#GalaxyS25  
28490214482458760_6576354462,carousel,1/23/2025 21:00,888,24,#GalaxyS25  
02386586528226028_6496760335,carousel,12/31/2024 4:00,104,5,#GalaxyS25  
20891536553479617_8106798182,carousel,11/27/2024 16:00,206,6,#GalaxyS25  
49759552918348276_0881937858,carousel,12/17/2024 7:00,490,10,#GalaxyS25  
17356641637580378_3693300942,reel,12/3/2024 22:00,78,1,#GalaxyS25  
49895027277363786_8284183937,reel,2/18/2025 9:00,312,0,#GalaxyS25  
65127912023557537_0186332972,carousel,2/9/2025 16:00,14,0,#GalaxyS25  
87839238597295780_2735694162,image,12/2/2024 18:00,182,10,#GalaxyS25  
92221712689412740_6873279586,image,2/18/2025 14:00,226,9,#GalaxyS25  
33807247448473279_7797306139,image,12/23/2024 23:00,298,6,#GalaxyS25  
60140237051259426_2491211412,image,1/18/2025 22:00,34,0,#GalaxyS25  
24092542653559740_3493196110,carousel,1/21/2025 13:00,344,10,#GalaxyS25  
25455204302048490_1121915642,image,1/23/2025 9:00,470,22,#GalaxyS25  
38899412289318405_7602803130,carousel,1/15/2025 7:00,449,19,#GalaxyS25  
60572173050067244_7564164422,image,1/22/2025 4:00,320,9,#GalaxyS25  
51730393270226740_9380979874,image,2/11/2025 4:00,314,8,#GalaxyS25  
78700396419720566_6493838864,image,1/21/2025 14:00,210,4,#GalaxyS25  
54117428387790084_8870039075,carousel,12/31/2024 7:00,64,1,#GalaxyS25  
20461995516489858_7051102230,image,12/13/2024 17:00,74,5,#GalaxyS25  
58482536938645030_2893545944,image,2/12/2025 13:00,32,0,#GalaxyS25  
85575773754342906_0794042176,reel,12/14/2024 5:00,292,9,#GalaxyS25  
57160729109879803_5391694031,image,1/1/2025 11:00,73,4,#GalaxyS25  
36146114759363428_2633272693,reel,12/21/2024 20:00,182,4,#GalaxyS25  
97861385049767172_2138830844,reel,12/27/2024 12:00,43,2,#GalaxyS25  
64097760441409622_7302798675,image,11/30/2024 7:00,277,14,#GalaxyS25  
15897794767182989_8017300652,image,12/21/2024 1:00,50,0,#GalaxyS25  
49158915318627504_6560050027,image,1/25/2025 18:00,320,17,#GalaxyS25  
56570938070281089_6833691531,carousel,12/7/2024 1:00,226,12,#GalaxyS25  
06730878320201272_1767165137,reel,12/29/2024 20:00,664,18,#GalaxyS25  
19370345793400622_0419731627,carousel,2/18/2025 6:00,630,22,#GalaxyS25  
03947021821002130_5309670021,carousel,1/2/2025 11:00,108,0,#GalaxyS25  
27054248161348526_9475221395,image,12/27/2024 12:00,329,8,#GalaxyS25  
76439033144027267_5999622649,reel,1/15/2025 21:00,67,0,#GalaxyS25  
93466902661141980_0953270509,reel,12/18/2024 2:00,172,6,#GalaxyS25  
29982971485660437_6616405145,carousel,11/28/2024 22:00,221,6,#GalaxyS25  
74009715350170259_5471224900,carousel,1/3/2025 4:00,250,9,#GalaxyS25  
27968111708846013_2496250194,carousel,11/24/2024 23:00,113,1,#GalaxyS25  
07013766901016751_4033793698,carousel,1/19/2025 21:00,146,3,#GalaxyS25  
03866847984576978_4375627182,carousel,11/30/2024 18:00,63,3,#GalaxyS25  
16658621766403167_6933871546,reel,11/24/2024 12:00,0,2,#GalaxyS25  
23653349974394833_4783199883,reel,12/7/2024 18:00,692,24,#GalaxyS25  
58778601020403777_3343739602,carousel,12/16/2024 2:00,222,5,#GalaxyS25  
29655599751597152_0566487028,reel,1/12/2025 18:00,176,0,#GalaxyS25  
44068566129745284_0623154083,reel,12/14/2024 7:00,22,0,#GalaxyS25  
30357555452637719_2802409095,carousel,12/15/2024 16:00,45,2,#GalaxyS25  
89416777925576312_9160766121,image,11/27/2024 12:00,993,33,#GalaxyS25  
95938888227567170_3278247594,carousel,1/11/2025 9:00,449,21,#GalaxyS25  
72014468887903480_8958811557,reel,2/6/2025 17:00,233,11,#GalaxyS25  
06046404624928605_3519814495,carousel,1/31/2025 4:00,180,11,#GalaxyS25  
04204731085103113_4905147498,image,2/2/2025 12:00,461,10,#GalaxyS25  
71590263970590138_2145301128,image,12/18/2024 20:00,211,5,#GalaxyS25  
74871648413660502_4070411009,carousel,2/11/2025 19:00,199,7,#GalaxyS25  
86222181959731749_2086915785,image,12/28/2024 20:00,328,7,#GalaxyS25  
20468807579080808_1878141147,reel,1/20/2025 11:00,137,5,#GalaxyS25  
37368974007939441_7863495063,reel,12/23/2024 1:00,113,2,#GalaxyS25  
96989222184822843_3744785430,carousel,1/24/2025 12:00,478,20,#GalaxyS25  
99173729899694528_1326595309,carousel,2/10/2025 23:00,157,4,#GalaxyS25  
18724512448110791_7827550020,carousel,2/15/2025 23:00,319,9,#GalaxyS25  
91556096197858236_6645660073,reel,12/19/2024 21:00,23,0,#GalaxyS25  
60742736171481673_5892254027,carousel,1/27/2025 4:00,344,13,#GalaxyS25  
49236305733383805_9756935226,carousel,2/16/2025 15:00,165,6,#GalaxyS25  
54877211111237824_0271488368,carousel,12/20/2024 17:00,130,5,#GalaxyS25  
23802484348481232_0120344897,reel,2/14/2025 5:00,0,7,#GalaxyS25  
67207124462012917_2734734054,reel,1/21/2025,132,6,#GalaxyS25  
58889154484715550_3357377649,image,1/4/2025 5:00,302,8,#GalaxyS25  
33761075229681896_7752387617,carousel,2/11/2025 15:00,183,4,#GalaxyS25  
52041679615230343_8828033157,image,1/8/2025 22:00,333,11,#GalaxyS25  
15490378906901258_8786997064,reel,1/3/2025 19:00,144,8,#GalaxyS25  
02378985173427580_8823785982,image,11/29/2024 16:00,385,17,#GalaxyS25  
56851738161811097_2400056840,image,12/18/2024 9:00,380,11,#GalaxyS25  
64844697592327756_4541310380,reel,12/3/2024 15:00,231,7,#GalaxyS25  
88887050770495545_6448595828,carousel,1/2/2025 3:00,4210,118,#GalaxyS25  
75587920388555194_4278983185,image,11/27/2024 15:00,53,0,#GalaxyS25  
51889420502475617_6581703153,carousel,1/2/2025 1:00,187,7,#GalaxyS25  
05479993953531517_9114140613,image,12/22/2024 3:00,280,14,#GalaxyS25  
46617472646802340_1827224498,carousel,2/17/2025,589,16,#GalaxyS25  
33019019204493541_1487029115,image,1/8/2025,562,19,#GalaxyS25  
84430204700979750_1538718236,image,2/13/2025 19:00,962,42,#GalaxyS25  
81058681138644229_6354390868,image,2/11/2025 15:00,1124,41,#GalaxyS25  
81373457974999122_6014161840,image,1/13/2025 20:00,34,0,#GalaxyS25  
79084086059466200_6775520896,reel,12/18/2024 17:00,322,12,#GalaxyS25  
80976732706683322_6072411118,reel,12/12/2024 5:00,112,4,#GalaxyS25  
81480275317546075_0395729803,image,11/30/2024 8:00,514,19,#GalaxyS25  
87210085442990944_7631803406,image,12/12/2024 7:00,83,6,#GalaxyS25  
44168731207643740_7437380772,image,1/31/2025 12:00,211,7,#GalaxyS25  
82442117407249229_7257390657,image,1/27/2025 22:00,97,2,#GalaxyS25  
87215183203212242_2537651353,reel,12/7/2024 13:00,192,0,#GalaxyS25  
04159858670522643_7562685164,image,1/28/2025 3:00,42,2,#GalaxyS25  
22101616190877509_1012695742,carousel,1/23/2025 4:00,719,21,#GalaxyS25  
87939098799028536_9707215863,reel,2/14/2025 10:00,121,4,#GalaxyS25  
21446848559343724_5748352655,carousel,12/2/2024 16:00,445,9,#GalaxyS25  
91311071385330254_1382771147,image,1/17/2025 7:00,290,11,#GalaxyS25  
23412633694288354_7035201081,reel,2/13/2025 15:00,112,2,#GalaxyS25  
18281952659487785_5288961618,carousel,12/30/2024 15:00,213,0,#GalaxyS25  
38759756209236738_5317297284,reel,2/6/2025 8:00,33,1,#GalaxyS25  
25898214486169080_8213365620,carousel,1/26/2025 6:00,40,2,#GalaxyS25  
76449263979229900_1142584084,image,1/4/2025 21:00,53,5,#GalaxyS25  
08266833495769252_7379238377,image,1/29/2025 16:00,601,16,#GalaxyS25  
67146971428176008_5607590258,carousel,1/18/2025 11:00,91,6,#GalaxyS25  
51552660793843325_6911001504,image,11/28/2024,353,11,#GalaxyS25  
40508762969428938_9870164156,reel,1/5/2025 11:00,110,5,#GalaxyS25  
51033179992191620_7243383047,carousel,12/13/2024 16:00,96,5,#GalaxyS25  
72828999696944846_3279001510,image,12/11/2024 20:00,300,5,#GalaxyS25  
57867545250978106_1831217248,carousel,1/17/2025 17:00,125,4,#GalaxyS25  
34952760207312291_9251072108,image,1/14/2025,142,2,#GalaxyS25  
69068027523368497_7116211380,image,11/29/2024 10:00,178,3,#GalaxyS25  
59567020117329496_4076662828,image,12/17/2024 12:00,41,3,#GalaxyS25  
32055454588518118_2801558370,carousel,12/10/2024 4:00,434,15,#GalaxyS25  
76603668312098628_8752496857,carousel,12/5/2024 10:00,646,23,#GalaxyS25  
47875775386491611_0283078836,image,1/29/2025 23:00,513,19,#GalaxyS25  
42708265418595701_2204505286,image,11/26/2024 23:00,559,7,#GalaxyS25  
42209811685255273_8518677058,reel,1/13/2025 11:00,314,8,#GalaxyS25  
51596756139128782_6438345113,image,12/27/2024 22:00,395,0,#GalaxyS25  
73062427996292056_7812829811,carousel,2/17/2025 17:00,205,7,#GalaxyS25  
76189555221897821_3293278151,carousel,12/18/2024 13:00,271,8,#GalaxyS25  
24939482950353577_5431902128,carousel,12/10/2024 2:00,906,24,#GalaxyS25  
22707129242925249_8795738645,carousel,1/18/2025 6:00,204,5,#GalaxyS25  
33201038081695708_7647635803,image,12/6/2024 6:00,36,3,#GalaxyS25  
61620807983940493_8158980459,reel,12/11/2024 2:00,205,3,#GalaxyS25  
50172819613031382_1533870993,reel,12/6/2024 14:00,138,0,#GalaxyS25  
36376294385861460_8134768782,carousel,1/10/2025 16:00,365,6,#GalaxyS25  
91674963078276736_0480704799,image,2/10/2025 18:00,170,5,#GalaxyS25  
79890884805999864_7827345487,carousel,1/24/2025 22:00,40,1,#GalaxyS25  
72920531074310909_3276169847,image,1/15/2025 6:00,124,4,#GalaxyS25  
47006664896324125_1163342046,image,1/7/2025 12:00,576,20,#GalaxyS25  
83118240239232491_8699005792,reel,2/18/2025 11:00,88,3,#GalaxyS25  
86380354002822900_6192260673,carousel,12/30/2024 10:00,55,2,#GalaxyS25  
95314602461742054_5044486935,carousel,1/14/2025 17:00,213,4,#GalaxyS25  
73053164759019387_6210470268,image,12/26/2024 20:00,151,2,#GalaxyS25  
79545342749461200_9578033511,carousel,2/3/2025 23:00,197,14,#GalaxyS25  
94392073043250063_0393236797,image,12/28/2024,123,2,#GalaxyS25  
43620157728086733_7277920429,image,11/24/2024 13:00,348,12,#GalaxyS25  
38008977561216124_2984423920,carousel,1/23/2025 7:00,102,3,#GalaxyS25  
81804386426698313_5901624049,image,1/19/2025 15:00,144,4,#GalaxyS25  
45518489168645630_5444542002,carousel,2/8/2025 6:00,59,1,#GalaxyS25  
96251776458733013_1020587219,carousel,1/9/2025 15:00,286,12,#GalaxyS25  
65579014983275820_2733496307,carousel,1/19/2025 15:00,30,1,#GalaxyS25  
31615962318449844_9214977447,carousel,1/5/2025 15:00,575,0,#GalaxyS25  
33903510113248963_6199763353,carousel,1/6/2025 15:00,108,3,#GalaxyS25  
81717243343107747_1426134397,carousel,1/29/2025 8:00,116,3,#GalaxyS25  
72054230338169566_6385384783,carousel,2/20/2025 1:00,475,12,#GalaxyS25  
53852713201445518_2384754120,carousel,1/12/2025 8:00,63,2,#GalaxyS25  
92230961729111055_0244428876,image,2/10/2025 23:00,97,3,#GalaxyS25  
72634839520216587_7233684776,carousel,1/25/2025 8:00,644,25,#GalaxyS25  
20189878161646840_9538168515,reel,12/14/2024 23:00,295,11,#GalaxyS25  
77145294333253357_0596913228,carousel,1/27/2025,157,6,#GalaxyS25  
61447631020684935_8279461026,reel,2/10/2025 12:00,610,19,#GalaxyS25  
29231044483694323_3735912706,carousel,11/26/2024 21:00,145,4,#GalaxyS25  
40630668050809152_6550840844,reel,12/10/2024 5:00,276,14,#GalaxyS25  
13657331813467013_7247781064,reel,2/11/2025 7:00,154,2,#GalaxyS25  
68194030652735085_3249148789,image,1/16/2025 22:00,340,5,#GalaxyS25  
66997995433519620_2898776885,image,11/26/2024 14:00,87,3,#GalaxyS25  
72813669073559425_4307520249,carousel,1/23/2025 7:00,822,18,#GalaxyS25  
27989606836656792_1639045066,reel,1/2/2025 3:00,109,3,#GalaxyS25  
53701297801843265_1599938921,carousel,12/27/2024 4:00,112,3,#GalaxyS25  
81115205253058277_9549428585,carousel,12/6/2024 11:00,79,0,#GalaxyS25  
61837541817197324_8343405307,image,12/6/2024 20:00,282,9,#GalaxyS25  
49918885381556103_3867323438,reel,1/7/2025 21:00,66,2,#GalaxyS25  
59072917800984101_6663783310,image,1/12/2025 18:00,84,4,#GalaxyS25  
79938836511730425_4034605360,image,12/13/2024 22:00,222,4,#GalaxyS25  
13549059734946697_1974350727,carousel,12/27/2024 3:00,309,7,#GalaxyS25  
48510918264970670_8100404693,carousel,1/13/2025 15:00,274,12,#GalaxyS25  
66998682490782983_1670661823,reel,1/28/2025 20:00,98,1,#GalaxyS25  
82001039257271397_7584719047,carousel,2/20/2025 23:00,44,2,#GalaxyS25  
06995865668274124_7855440659,image,1/23/2025 2:00,222,13,#GalaxyS25  
70673268910016050_4907430675,image,12/6/2024 8:00,75,5,#GalaxyS25  
59294481065576989_3097467821,carousel,12/15/2024 19:00,104,4,#GalaxyS25  
48151930079111477_0458230403,carousel,2/20/2025 19:00,213,8,#GalaxyS25  
77577208448117166_3935465084,carousel,12/19/2024 18:00,146,5,#GalaxyS25  
00917507378962954_9310544726,carousel,1/2/2025 12:00,335,12,#GalaxyS25  
47195146887458228_5902793330,image,1/20/2025 20:00,1998,75,#GalaxyS25  
65921321320604068_0466363377,image,12/8/2024,303,6,#GalaxyS25  
52768469565763447_6176335394,reel,2/11/2025 15:00,175,5,#GalaxyS25  
45100772655511071_1568455139,image,1/25/2025 18:00,437,11,#GalaxyS25  
51560976026890816_3670015156,image,12/22/2024 9:00,99,1,#GalaxyS25  
83523739206337539_3682399017,image,1/17/2025 13:00,617,12,#GalaxyS25  
47991697907226902_8118579301,carousel,12/18/2024 2:00,1504,53,#GalaxyS25  
72785158226731415_2039387931,carousel,2/14/2025 22:00,388,7,#GalaxyS25  
65049152323054734_0981151035,carousel,12/31/2024 20:00,186,5,#GalaxyS25  
77393640284511050_9232926763,image,12/26/2024 9:00,1055,35,#GalaxyS25  
10393720723863501_4256760825,image,2/16/2025 6:00,201,4,#GalaxyS25  
83590361328776190_3849983457,reel,1/16/2025 7:00,376,9,#GalaxyS25  
72297830055664748_0712944064,reel,11/27/2024 7:00,184,6,#GalaxyS25  
96835363119910325_4383969125,carousel,1/17/2025 14:00,886,28,#GalaxyS25  
88939254779838893_2188138860,image,1/12/2025 2:00,336,9,#GalaxyS25  
13916392683465402_3424893512,image,11/28/2024 8:00,0,1,#GalaxyS25  
15204865237816391_7851632647,image,12/22/2024 23:00,390,5,#GalaxyS25  
27587990858098601_7929013020,carousel,1/12/2025 21:00,308,10,#GalaxyS25  
87470593237863287_5125180678,reel,11/27/2024 1:00,209,2,#GalaxyS25  
63318575422648559_7428363494,carousel,12/10/2024 9:00,282,7,#GalaxyS25  
11499280838710338_0040004022,reel,1/8/2025 3:00,153,1,#GalaxyS25  
25661912923506259_2994913667,image,2/18/2025 11:00,256,5,#GalaxyS25  
29593934494140688_4422612998,image,1/2/2025 21:00,117,5,#GalaxyS25  
33641914673388565_8993576643,carousel,12/8/2024,282,10,#GalaxyS25  
40988288436239982_4703787732,image,12/23/2024 22:00,288,12,#GalaxyS25  
17178070568552326_3295979536,image,11/25/2024 7:00,265,7,#GalaxyS25  
20445995366060295_3464796528,image,12/11/2024 23:00,145,7,#GalaxyS25  
92472774854953252_4597849690,carousel,1/26/2025 17:00,183,6,#GalaxyS25  
65022617431786148_7549887009,reel,12/12/2024 19:00,97,2,#GalaxyS25  
08839417975004780_4966608645,image,2/11/2025 8:00,98,3,#GalaxyS25  
66666470594896238_7774106810,reel,11/28/2024 8:00,611,28,#GalaxyS25  
21892119358984590_3045026695,carousel,11/30/2024 13:00,211,4,#GalaxyS25  
76050778619401231_5970641275,image,1/19/2025 2:00,420,14,#GalaxyS25  
57652498245362278_1963065735,reel,2/4/2025,11,1,#GalaxyS25  
47030322219318584_0534099850,carousel,1/26/2025 19:00,244,13,#GalaxyS25  
79823644853480297_1949520402,reel,12/27/2024 15:00,663,25,#GalaxyS25  
58136276092758340_2900960057,image,1/1/2025 4:00,181,4,#GalaxyS25  
94982177582993841_2296782151,image,1/5/2025 4:00,233,9,#GalaxyS25  
05876665251954883_9373784414,reel,1/20/2025 12:00,211,11,#GalaxyS25  
33559108953304906_0842606422,image,2/6/2025 14:00,243,3,#GalaxyS25  
51729172986850133_6632791384,carousel,1/12/2025 18:00,57,2,#GalaxyS25  
53938460801855768_0084326903,image,1/28/2025 13:00,137,6,#GalaxyS25  
02258162046254221_1791527997,image,1/11/2025 10:00,378,10,#GalaxyS25  
12338211453140991_0158827346,reel,11/26/2024 2:00,495,12,#GalaxyS25  
72278115930281736_2729024691,carousel,12/2/2024 12:00,648,17,#GalaxyS25  
06036724601832182_4384325255,image,12/25/2024 22:00,118,3,#GalaxyS25  
40271510111402104_4792291782,reel,1/20/2025,525,13,#GalaxyS25  
79347902363422763_1764655775,image,2/7/2025 5:00,176,4,#GalaxyS25  
57981806318188465_8873496105,image,12/16/2024 2:00,1059,42,#GalaxyS25  
49643384771818650_4721514894,image,12/10/2024 12:00,42,1,#GalaxyS25  
74582259079494146_1811587743,image,1/28/2025,170,2,#GalaxyS25  
20887368182103158_9874722038,image,12/25/2024 19:00,76,2,#GalaxyS25  
71287234367471568_5825016847,image,12/12/2024 9:00,111,2,#GalaxyS25  
64442479704018577_6642072792,reel,1/18/2025 4:00,360,15,#GalaxyS25  
94854921492170633_4097619918,image,2/7/2025 17:00,364,19,#GalaxyS25  
24231216680041627_7737723738,carousel,1/8/2025 3:00,521,16,#GalaxyS25  
93130548328144090_8330844442,reel,1/5/2025 14:00,184,9,#GalaxyS25  
04889289329102477_6346421196,image,11/27/2024 7:00,263,9,#GalaxyS25  
22344135383073409_3542914609,reel,2/21/2025 6:00,346,17,#GalaxyS25  
98896169223023283_7388699238,image,2/13/2025 15:00,116,3,#GalaxyS25  
10771807050069445_1467477698,carousel,12/21/2024 21:00,44,0,#GalaxyS25  
09814050882611928_3577170299,carousel,12/20/2024 7:00,349,7,#GalaxyS25  
12681162906845283_9309270795,reel,12/31/2024 13:00,306,9,#GalaxyS25  
43234257726651531_6053259395,image,12/19/2024 10:00,119,5,#GalaxyS25  
69283404894421863_6097812392,carousel,12/3/2024 21:00,208,8,#GalaxyS25  
11946156243880847_0260059798,reel,1/20/2025 9:00,272,5,#GalaxyS25  
81486909190483547_8483133598,carousel,1/18/2025 14:00,282,4,#GalaxyS25  
72907666373110893_0828087160,carousel,12/17/2024 4:00,49,1,#GalaxyS25  
73355342210761787_8108356316,reel,11/27/2024 6:00,126,5,#GalaxyS25  
40315139723495394_5498621027,reel,12/9/2024 7:00,593,14,#GalaxyS25  
20540754907008253_3047898337,reel,12/6/2024 15:00,184,5,#GalaxyS25  
11587480904308938_1013665336,image,12/21/2024 1:00,393,12,#GalaxyS25  
12819135912944243_0521288886,reel,12/30/2024 7:00,83,1,#GalaxyS25  
98642898760796867_3701869651,image,12/10/2024 4:00,202,9,#GalaxyS25  
12328360452686197_9777119738,image,12/17/2024 5:00,105,5,#GalaxyS25  
97335607685513460_8167211633,image,1/8/2025 13:00,131,4,#GalaxyS25  
63227982677061903_2116436544,image,2/4/2025 16:00,91,0,#GalaxyS25  
05935375939013519_7382290969,image,1/25/2025,198,4,#GalaxyS25  
48785825459609052_9178986842,image,1/24/2025 6:00,306,4,#GalaxyS25  
80227881445984147_4463624940,reel,12/12/2024 9:00,347,13,#GalaxyS25  
79254077419470534_0577663092,carousel,12/11/2024 11:00,54,1,#GalaxyS25  
48072686129397031_6121215661,reel,1/2/2025,804,24,#GalaxyS25  
43245511359826135_6359660946,reel,12/2/2024 8:00,213,6,#GalaxyS25  
51587518670941227_4954208174,carousel,12/11/2024 2:00,647,20,#GalaxyS25  
69582763805469601_7193246960,carousel,12/27/2024 5:00,151,4,#GalaxyS25  
54780959007991818_9230848578,image,1/30/2025 18:00,61,0,#GalaxyS25  
73021501698427152_5812754892,reel,2/2/2025 18:00,398,10,#GalaxyS25  
11337682541614608_0777418536,reel,12/8/2024 6:00,213,9,#GalaxyS25  
77842502162623902_7404427776,reel,12/3/2024 20:00,124,5,#GalaxyS25  
02602508499316298_6951931690,carousel,12/7/2024 4:00,95,0,#GalaxyS25  
63268712916115397_0470415375,carousel,12/23/2024 17:00,14,0,#GalaxyS25  
41239827239670058_0757634001,image,1/29/2025 4:00,46,1,#GalaxyS25  
99578323314030570_6794080446,carousel,12/24/2024 21:00,380,10,#GalaxyS25  
04269739883851417_8829051348,reel,1/28/2025 8:00,386,10,#GalaxyS25  
50286248548484193_7108294272,carousel,2/15/2025 16:00,83,0,#GalaxyS25  
26097603571429702_4559932462,carousel,11/25/2024 10:00,334,8,#GalaxyS25  
99974021633413574_9684507048,reel,2/12/2025 14:00,846,0,#GalaxyS25  
08750469368829162_0765243037,carousel,1/4/2025 1:00,1098,39,#GalaxyS25  
70224226521258527_7912604682,image,12/4/2024 17:00,264,4,#GalaxyS25  
68165104730628864_7596157431,carousel,12/14/2024 18:00,0,5,#GalaxyS25  
62369526866356268_9981049900,carousel,12/12/2024 11:00,18,1,#GalaxyS25  
56966677510547436_7517951872,image,12/4/2024 3:00,0,15,#GalaxyS25  
39356984518674660_6639688984,image,12/13/2024 4:00,766,21,#GalaxyS25  
54157725534561650_6730411079,image,12/2/2024 20:00,892,29,#GalaxyS25  
50733897779231399_3086695561,carousel,12/31/2024 15:00,214,8,#GalaxyS25  
33883021054251384_2643288177,image,1/17/2025 17:00,926,21,#GalaxyS25  
85560846404999291_7477161498,reel,2/18/2025 12:00,116,4,#GalaxyS25  
17700132268818197_7292183867,carousel,12/3/2024 5:00,502,14,#GalaxyS25  
27699281331405777_1072479009,carousel,12/7/2024 3:00,149,5,#GalaxyS25  
76657593291232633_5371171512,carousel,2/20/2025 14:00,127,7,#GalaxyS25  
06736445390054658_5164573841,image,12/3/2024 12:00,97,3,#GalaxyS25  
97093760255545707_4562471451,image,1/10/2025,507,13,#GalaxyS25  
29936455763965796_7510178998,image,2/16/2025 3:00,205,3,#GalaxyS25  
12093864466187502_2134556631,image,12/7/2024 1:00,609,15,#GalaxyS25  
43081353262749333_1910845412,carousel,12/12/2024 2:00,7,0,#GalaxyS25  
75465209327383163_3769665349,reel,1/14/2025 23:00,92,2,#GalaxyS25  
18295174768682003_7584452835,image,1/4/2025 2:00,423,15,#GalaxyS25  
53644500236398357_3117611048,carousel,1/14/2025,562,23,#GalaxyS25  
86269714941444233_5371780712,image,1/30/2025 11:00,348,13,#GalaxyS25  
01981307057987083_2929407668,image,1/3/2025 22:00,170,4,#GalaxyS25  
08071346577388332_6426755539,reel,12/23/2024 16:00,753,26,#GalaxyS25  
51574274945796898_0054874666,carousel,2/14/2025 2:00,0,5,#GalaxyS25  
91888219781816261_6547044223,image,1/23/2025 10:00,576,0,#GalaxyS25  
47278446280766121_5717680301,carousel,2/6/2025,86,5,#GalaxyS25  
92584722517733125_2471913064,image,12/12/2024 22:00,587,23,#GalaxyS25  
99829492160033811_9356817065,carousel,12/14/2024 13:00,110,5,#GalaxyS25  
10291082625172461_7696491414,image,1/29/2025 4:00,187,3,#GalaxyS25  
32473081078164478_9087347825,image,2/21/2025 19:00,119,8,#GalaxyS25  
95084788498824039_1650885240,carousel,12/3/2024 5:00,212,7,#GalaxyS25  
00899154346658112_0097539220,reel,12/23/2024 17:00,559,23,#GalaxyS25  
82517767613339457_8446763549,carousel,2/16/2025 21:00,390,15,#GalaxyS25  
81155722386976770_7237587809,carousel,12/13/2024 1:00,63,1,#GalaxyS25  
36698753682520439_1338026548,image,1/11/2025 15:00,144,4,#GalaxyS25  
12551874095817273_9300587215,carousel,1/31/2025 19:00,190,0,#GalaxyS25  
67046860811118629_7058108151,image,12/1/2024 14:00,292,10,#GalaxyS25  
12786102455571485_6676986965,carousel,2/2/2025 21:00,138,3,#GalaxyS25  
77053174626495939_1632515748,carousel,12/6/2024 13:00,652,26,#GalaxyS25  
02131565590798823_0059640244,image,11/25/2024 19:00,37,2,#GalaxyS25  
38152846280133192_8100947557,image,12/21/2024 17:00,229,4,#GalaxyS25  
19385186564856232_6919200187,carousel,12/26/2024 21:00,222,6,#GalaxyS25  
31285165059993408_6981288501,reel,1/8/2025 5:00,50,0,#GalaxyS25  
15340466480429267_1428559655,carousel,12/10/2024 21:00,168,6,#GalaxyS25  
41879416831554128_4066263860,image,2/21/2025 12:00,165,7,#GalaxyS25  
34350560522720156_3172473807,image,1/19/2025 17:00,578,19,#GalaxyS25  
64536269063984895_2739052920,carousel,12/10/2024 5:00,23,1,#GalaxyS25  
57007322498254283_5694701045,reel,11/24/2024 20:00,333,13,#GalaxyS25  
64899973313928815_0022177814,carousel,12/5/2024 21:00,148,0,#GalaxyS25  
26238208407953745_5540916640,reel,12/3/2024 3:00,90,1,#GalaxyS25  
14845004950899738_9730820744,carousel,12/27/2024 18:00,148,5,#GalaxyS25  
86203487498707844_4858747516,carousel,12/1/2024 5:00,380,14,#GalaxyS25  
65720388246223712_7903030316,image,2/11/2025 22:00,27,0,#GalaxyS25  
80746771505637276_4392270689,carousel,1/13/2025 8:00,88,1,#GalaxyS25  
95394485907521432_3791930296,image,12/6/2024 13:00,597,20,#GalaxyS25  
32103735545404931_3207319546,image,12/7/2024 16:00,69,1,#GalaxyS25  
02694464617319151_9857692594,image,12/11/2024 11:00,205,4,#GalaxyS25  
57787635771750542_2038638742,carousel,2/8/2025 16:00,189,9,#GalaxyS25  
59474310595920584_2270515611,carousel,12/15/2024 2:00,55,2,#GalaxyS25  
05967901320451895_8976907910,carousel,1/6/2025 23:00,916,27,#GalaxyS25  
45420170626739463_9208462949,image,11/29/2024 18:00,87,1,#GalaxyS25  
33568711215292906_2135352384,carousel,12/22/2024 5:00,367,14,#GalaxyS25  
76215122119018117_5256094359,carousel,2/10/2025 1:00,415,12,#GalaxyS25  
17390951463012417_6018488285,image,12/30/2024 10:00,48,2,#GalaxyS25  
61997571941479118_0101594509,carousel,1/20/2025 22:00,111,3,#GalaxyS25  
83352273836629600_6686425287,image,12/28/2024,485,17,#GalaxyS25  
80608717041605296_8164748748,image,12/24/2024 6:00,56,0,#GalaxyS25  
38452848343109212_5826121766,image,1/27/2025 14:00,45,0,#GalaxyS25  
18609906293232836_8771193787,image,1/21/2025 1:00,69,1,#GalaxyS25  
49553606100270006_2382205744,image,12/15/2024 2:00,0,0,#GalaxyS25  
17589166062991242_7379763528,carousel,12/30/2024 18:00,85,5,#GalaxyS25  
48152358815476066_9825321952,carousel,2/5/2025 11:00,46,2,#GalaxyS25  
37250922872603857_3901292707,image,2/18/2025 2:00,513,17,#GalaxyS25  
29337060953605976_5831575311,carousel,12/25/2024 10:00,53,0,#GalaxyS25  
80547178809663573_7332866727,image,12/11/2024 14:00,169,5,#GalaxyS25  
55201466238148570_6280201498,reel,12/25/2024 7:00,138,3,#GalaxyS25  
84931398548140773_9192126243,image,12/8/2024 18:00,209,6,#GalaxyS25  
12629785307315121_5739652215,image,12/4/2024 12:00,396,19,#GalaxyS25  
91238017459492199_5230917402,carousel,2/13/2025 14:00,168,5,#GalaxyS25  
89959287428956950_5486471162,carousel,12/10/2024 4:00,188,6,#GalaxyS25  
78124993512237002_0543654832,carousel,11/27/2024 17:00,312,12,#GalaxyS25  
90080360843786999_6517344926,image,12/29/2024 3:00,363,14,#GalaxyS25  
98842979620119424_9020813544,carousel,1/26/2025 22:00,570,17,#GalaxyS25  
10948180518804274_4322748509,carousel,1/13/2025 16:00,440,13,#GalaxyS25  
05553336250097846_9067409003,image,1/10/2025 17:00,783,32,#GalaxyS25  
02537013216873072_4367334470,reel,12/3/2024 20:00,64,3,#GalaxyS25  
99120262290700623_8899090658,carousel,12/29/2024 13:00,138,1,#GalaxyS25  
93242418314011984_5219913140,image,11/24/2024,421,5,#GalaxyS25  
53691774719444267_7349597090,reel,2/3/2025 8:00,435,12,#GalaxyS25  
48826403099805676_7469394949,reel,12/2/2024,129,1,#GalaxyS25  
19808676641075097_6555655241,carousel,1/25/2025 16:00,88,6,#GalaxyS25  
45402922553771023_8374338949,carousel,2/16/2025 9:00,721,0,#GalaxyS25  
51800211214449233_8382755670,image,1/27/2025 23:00,413,12,#GalaxyS25  
98343602424174942_3133840608,carousel,12/15/2024 15:00,711,34,#GalaxyS25  
81256349174401565_8822881765,carousel,2/5/2025 15:00,729,25,#GalaxyS25  
16900607712371497_1406086876,carousel,11/26/2024 21:00,310,17,#GalaxyS25  
79216012731425518_6909717455,reel,1/15/2025 22:00,153,7,#GalaxyS25  
22142477270030714_6562918385,carousel,1/7/2025 6:00,54,2,#GalaxyS25  
88011001763880558_9143683474,image,12/20/2024 18:00,206,6,#GalaxyS25  
22476914957766604_7191179722,image,2/15/2025 9:00,318,9,#GalaxyS25  
26221829514216414_7480077127,image,12/3/2024 5:00,103,1,#GalaxyS25  
30946393196202963_8517272185,image,12/27/2024 1:00,229,6,#GalaxyS25  
03470862951662687_9195241900,carousel,12/10/2024 16:00,131,3,#GalaxyS25  
56315089677571213_1508286928,image,1/1/2025 22:00,804,35,#GalaxyS25  
98647554918773563_6013499470,image,1/26/2025 15:00,247,11,#GalaxyS25  
90095342394053895_7921656820,reel,12/9/2024 23:00,539,18,#GalaxyS25  
17601792822601394_2435138673,carousel,1/11/2025 14:00,256,6,#GalaxyS25  
65192654230066832_0305428797,image,2/4/2025 21:00,217,5,#GalaxyS25  
66595165788881699_4343063642,carousel,1/16/2025,0,45,#GalaxyS25  
15468308483374202_1789402766,reel,2/3/2025 14:00,259,6,#GalaxyS25  
43088236783774780_5125518314,image,12/24/2024 15:00,103,3,#GalaxyS25  
84715252563408682_4597377794,carousel,2/5/2025 23:00,394,14,#GalaxyS25  
47377664426082257_3490259930,reel,1/24/2025 8:00,35,1,#GalaxyS25  
87449625890183078_8458208784,image,2/15/2025 20:00,358,8,#GalaxyS25  
55959597687548776_8006082591,carousel,12/3/2024 10:00,508,17,#GalaxyS25  
98878400332097663_5316296495,image,2/19/2025 5:00,143,4,#GalaxyS25  
47664193744297697_3583035450,image,12/21/2024 16:00,0,10,#GalaxyS25  
30711399210373342_1680113751,carousel,1/9/2025 8:00,144,4,#GalaxyS25  
55084443695389298_0441677595,carousel,12/12/2024 6:00,300,6,#GalaxyS25  
72095851679644828_6534151449,image,12/8/2024 23:00,100,4,#GalaxyS25  
40801480767264053_1744995283,carousel,12/20/2024 10:00,175,5,#GalaxyS25  
14267627389152017_1532497836,image,12/12/2024 15:00,107,4,#GalaxyS25  
08313079134814298_4283168757,carousel,12/22/2024 2:00,191,2,#GalaxyS25  
20667979805744316_6064515891,image,1/28/2025 22:00,137,3,#GalaxyS25  
23505757243838969_2546323992,carousel,12/28/2024 4:00,120,5,#GalaxyS25  
99924983311162958_4277168732,carousel,1/28/2025 9:00,8,0,#GalaxyS25  
06652012010720167_0051130062,reel,2/14/2025 13:00,310,8,#GalaxyS25  
69375779684116030_7739047722,reel,12/13/2024 15:00,285,9,#GalaxyS25  
81411504523356950_8550857055,carousel,12/29/2024 9:00,297,9,#GalaxyS25  
52433378129302291_3662424256,carousel,12/24/2024 1:00,214,5,#GalaxyS25  
57859130866252003_8994945314,image,2/1/2025 6:00,519,14,#GalaxyS25  
09651311725808329_7878338113,carousel,1/10/2025 13:00,141,7,#GalaxyS25  
22121570199719573_5369562886,image,1/17/2025 4:00,418,6,#GalaxyS25  
44586232830852925_1523071209,carousel,1/29/2025 20:00,148,2,#GalaxyS25  
34473007993376171_6190727929,image,1/1/2025 13:00,260,11,#GalaxyS25  
35757962702106002_2675085142,carousel,12/9/2024 18:00,30,2,#GalaxyS25  
81213139198439486_8376424162,image,1/22/2025 10:00,151,4,#GalaxyS25  
79446142300581278_7853942103,image,12/22/2024 17:00,18,0,#GalaxyS25  
78290954889641431_8243679559,image,12/1/2024 4:00,129,1,#GalaxyS25  
62919687964251490_1151171031,carousel,2/20/2025 16:00,196,7,#GalaxyS25  
84575459185022465_8789546503,carousel,12/26/2024 23:00,148,2,#GalaxyS25  
18532890898204187_5756125147,reel,2/5/2025 3:00,124,3,#GalaxyS25  
88601993462607369_1517203952,reel,1/5/2025 21:00,117,7,#GalaxyS25  
29510501569023410_3966671490,reel,2/14/2025 13:00,87,2,#GalaxyS25  
80905384604075425_4006598483,carousel,1/14/2025 11:00,165,6,#GalaxyS25  
62021926305608642_5653894464,reel,1/6/2025 23:00,308,7,#GalaxyS25  
03986845108348211_9274672254,reel,12/28/2024 16:00,90,2,#GalaxyS25  
61962945859541799_8012489375,image,2/15/2025 19:00,61,2,#GalaxyS25  
63657260101082225_3102383514,carousel,2/13/2025 9:00,42,1,#GalaxyS25  
10462959363659752_8945345695,image,12/7/2024,380,14,#GalaxyS25  
11309727351296019_5694186469,reel,2/5/2025 15:00,50,1,#GalaxyS25  
77789191327595418_6682116223,reel,1/13/2025 20:00,0,5,#GalaxyS25  
50837108119988497_5990805846,reel,12/30/2024 12:00,780,19,#GalaxyS25  
03613204898242623_8788752626,carousel,2/21/2025 14:00,79,0,#GalaxyS25  
95909757062294865_4348103042,carousel,12/20/2024 3:00,359,6,#GalaxyS25  
74986771716910119_7403600643,image,12/27/2024 16:00,237,12,#GalaxyS25  
01609476117271673_9692098247,carousel,1/1/2025 11:00,82,2,#GalaxyS25  
34768991796478657_3431806821,carousel,2/19/2025 19:00,147,6,#GalaxyS25  
41481348533800224_3201490128,carousel,1/22/2025 7:00,481,17,#GalaxyS25  
60025682614546663_6827140535,carousel,2/12/2025 4:00,745,16,#GalaxyS25  
39555596694620977_6977620276,image,12/15/2024 14:00,305,8,#GalaxyS25  
01278923455394414_4258351075,image,11/28/2024 9:00,357,11,#GalaxyS25  
44017672175188130_7423419561,carousel,1/22/2025 2:00,390,14,#GalaxyS25  
39524702820080263_0124942915,reel,1/5/2025 3:00,117,0,#GalaxyS25  
74593770889404975_5796862502,reel,1/15/2025 21:00,343,10,#GalaxyS25  
18574535365549352_2417561060,reel,2/2/2025 18:00,297,11,#GalaxyS25  
71148015441836259_5296307115,carousel,12/5/2024 7:00,723,18,#GalaxyS25  
00851194177608447_6613440509,carousel,1/5/2025 14:00,45,2,#GalaxyS25  
90542029891365719_5051847424,reel,11/28/2024 10:00,240,9,#GalaxyS25  
58142618890821884_4994091259,image,1/30/2025 9:00,393,10,#GalaxyS25  
58565910172682340_6236762341,image,1/4/2025 10:00,182,5,#GalaxyS25  
79039246741472028_3396778810,image,2/3/2025 23:00,526,12,#GalaxyS25  
00857920170728684_4082924543,image,12/25/2024 22:00,72,2,#GalaxyS25  
07010740714862775_1264892496,image,1/28/2025 2:00,127,5,#GalaxyS25  
29184297405541730_4602376451,reel,1/20/2025 6:00,57,0,#GalaxyS25  
05728327299189296_6664525440,image,12/5/2024 4:00,83,1,#GalaxyS25  
49119346003601384_6936184586,carousel,2/6/2025 14:00,89,1,#GalaxyS25  
13353709825840326_5492039044,image,12/14/2024 15:00,267,0,#GalaxyS25  
41662895064695132_3712430812,image,11/26/2024 20:00,119,2,#GalaxyS25  
59352584658737181_3107156701,reel,12/22/2024 17:00,280,9,#GalaxyS25  
60409112389028250_4279403292,carousel,2/7/2025 13:00,181,8,#GalaxyS25  
95860411679578672_7760387636,image,1/27/2025 17:00,27,0,#GalaxyS25  
13048547055094947_6186333185,reel,2/18/2025 16:00,116,0,#GalaxyS25  
90967715867299710_5004289316,reel,1/8/2025,33,2,#GalaxyS25  
89342277218034307_3762317627,image,11/26/2024 12:00,149,6,#GalaxyS25  
22277606481652005_3930514398,image,12/1/2024 2:00,136,4,#GalaxyS25  
52163306908774767_7206541930,carousel,1/14/2025 1:00,92,2,#GalaxyS25  
01586555245282627_6723362675,image,11/27/2024 13:00,149,3,#GalaxyS25  
88305909940382047_5571573597,image,12/14/2024 9:00,0,6,#GalaxyS25  
30834814767436206_6438449608,reel,1/22/2025 6:00,106,3,#GalaxyS25  
00817727568532032_1098337515,reel,1/8/2025 19:00,503,13,#GalaxyS25  
44494062862657092_1138313016,image,1/14/2025 14:00,279,5,#GalaxyS25  
96466902139058202_5788950255,image,12/25/2024 18:00,493,9,#GalaxyS25  
02324165923747392_0492079473,carousel,11/29/2024 21:00,284,9,#GalaxyS25  
69513488789455130_1178734705,carousel,1/22/2025 4:00,85,2,#GalaxyS25  
44407204384516557_2364250172,carousel,12/27/2024 2:00,100,2,#GalaxyS25  
08211525473491166_0423790657,reel,1/27/2025 6:00,257,0,#GalaxyS25  
93053220273530873_6350137050,carousel,1/8/2025 2:00,296,6,#GalaxyS25  
72221206730058131_9908135145,reel,2/7/2025 23:00,511,14,#GalaxyS25  
60004552475473013_8320715226,reel,2/8/2025 1:00,199,13,#GalaxyS25  
53219107764846453_6528708151,carousel,12/13/2024 4:00,172,7,#GalaxyS25  
51956520727324347_0637293457,reel,1/10/2025,192,3,#GalaxyS25  
81455609329113883_6149888951,image,2/9/2025 2:00,362,13,#GalaxyS25  
31173622851163257_2747967172,carousel,12/30/2024 6:00,56,2,#GalaxyS25  
12214631235866631_8104424075,reel,1/24/2025 5:00,136,3,#GalaxyS25  
53864136673828977_5119680633,image,1/13/2025 14:00,472,16,#GalaxyS25  
05753070917253490_1454468620,image,1/10/2025 5:00,233,3,#GalaxyS25  
34285064214814003_2306448674,reel,12/25/2024 19:00,43,1,#GalaxyS25  
82299112790732759_1834722457,carousel,12/5/2024 3:00,505,18,#GalaxyS25  
37867060476549005_1993599426,reel,1/12/2025 13:00,227,7,#GalaxyS25  
30068111333114936_6925329642,carousel,2/10/2025 22:00,405,12,#GalaxyS25  
13940033286335160_3887565754,image,1/6/2025 21:00,76,0,#GalaxyS25  
27225506464078535_0265157290,reel,2/19/2025 13:00,142,7,#GalaxyS25  
25569284938007938_6155961217,carousel,12/8/2024 8:00,386,14,#GalaxyS25  
05025882857851719_8411128289,reel,11/30/2024 4:00,685,23,#GalaxyS25  
50796854994710522_1520277265,image,12/5/2024 23:00,441,18,#GalaxyS25  
47061318310351592_0370801110,reel,1/10/2025 11:00,114,0,#GalaxyS25  
58031247874700448_4932931572,image,12/2/2024 18:00,332,7,#GalaxyS25  
98705071207506097_2666335027,carousel,12/30/2024 8:00,210,3,#GalaxyS25  
31624831911628242_0313435979,carousel,12/7/2024,328,14,#GalaxyS25  
97922326206321722_7542230978,carousel,2/16/2025 18:00,162,3,#GalaxyS25  
57831531832417428_4193363963,image,2/11/2025 13:00,351,12,#GalaxyS25  
35066459973602098_4982972228,carousel,1/8/2025 22:00,254,11,#GalaxyS25  
05685324918268246_3011423634,image,12/23/2024 15:00,56,0,#GalaxyS25  
18534499784260380_7926611045,image,1/5/2025 11:00,78,5,#GalaxyS25  
50685552632328489_5687952513,image,12/26/2024 3:00,567,12,#GalaxyS25  
22418413860235993_2439134272,reel,1/7/2025 22:00,462,10,#GalaxyS25  
35136481451563837_3913592919,image,2/2/2025 21:00,47,1,#GalaxyS25  
73790007184528000_1600920172,image,12/4/2024 17:00,57,2,#GalaxyS25  
18032536043478100_0137424243,image,2/7/2025 4:00,157,5,#GalaxyS25  
38483418722041722_3275264201,reel,1/22/2025 3:00,168,4,#GalaxyS25  
27151724177933389_1370011016,carousel,12/23/2024 21:00,416,11,#GalaxyS25  
47328504806558668_3717815576,carousel,2/5/2025 1:00,638,21,#GalaxyS25  
37672076425810745_3033565597,image,12/7/2024 7:00,115,2,#GalaxyS25  
43129863847480217_0170490480,carousel,11/27/2024 19:00,146,0,#GalaxyS25  
75149593261507823_9932650151,carousel,11/29/2024 7:00,120,4,#GalaxyS25  
44034084115843297_8515277053,reel,12/12/2024 18:00,338,12,#GalaxyS25  
09390191295744742_0551504517,reel,2/14/2025 11:00,88,3,#GalaxyS25  
49656929814596082_8997229978,carousel,12/7/2024 16:00,22,0,#GalaxyS25  
52162319741129783_9728750601,carousel,12/3/2024 4:00,1073,31,#GalaxyS25  
68079645685076441_6582658919,carousel,1/25/2025,163,5,#GalaxyS25  
97160549340629794_2935465962,image,2/12/2025 21:00,67,1,#GalaxyS25  
65647527251915787_6391128345,carousel,1/12/2025 13:00,119,0,#GalaxyS25  
47997991422077402_6130824453,carousel,12/10/2024 17:00,107,4,#GalaxyS25  
38216748365374264_5570946659,image,12/25/2024 9:00,1489,51,#GalaxyS25  
08428404801511278_9765359448,reel,12/5/2024 9:00,757,32,#GalaxyS25  
39605025632168091_0199480406,carousel,12/19/2024 2:00,528,21,#GalaxyS25  
99551715873090493_7714130340,reel,1/22/2025 13:00,28,4,#GalaxyS25  
49243533791965308_3962273466,carousel,12/5/2024 5:00,202,7,#GalaxyS25  
89836687709767784_2331037290,image,11/25/2024 6:00,252,6,#GalaxyS25  
17097058107251835_5661529278,image,1/24/2025 20:00,99,4,#GalaxyS25  
58135070319547365_6465958626,image,2/2/2025 21:00,141,4,#GalaxyS25  
15674470766975901_1492786779,reel,11/25/2024 20:00,1287,30,#GalaxyS25  
47681719171539615_1628273718,reel,1/13/2025,1489,46,#GalaxyS25  
91871485843860774_7557997531,carousel,12/31/2024 15:00,277,10,#GalaxyS25  
74217244366487201_0312615659,carousel,1/20/2025 22:00,58,5,#GalaxyS25  
37775411938865525_9452136544,image,12/5/2024 18:00,401,6,#GalaxyS25  
56302371808705150_1493198397,image,1/23/2025 15:00,101,2,#GalaxyS25  
69929049581711117_9097459187,image,1/29/2025 23:00,512,16,#GalaxyS25  
26864297319068106_7854399384,carousel,12/22/2024 20:00,110,6,#GalaxyS25  
54973386471646337_9131932441,image,12/22/2024 14:00,143,6,#GalaxyS25  
60579420165005330_5015365261,image,2/21/2025 10:00,395,0,#GalaxyS25  
75336889432064454_7838549676,image,2/15/2025 14:00,103,2,#GalaxyS25  
78091886428764839_0971156396,reel,12/2/2024 1:00,148,2,#GalaxyS25  
26822101455944204_0290109433,reel,12/30/2024 7:00,201,5,#GalaxyS25  
19503170605163409_3692734069,reel,1/28/2025 5:00,15,0,#GalaxyS25  
86043759002864624_6638596560,image,12/23/2024 17:00,311,9,#GalaxyS25  
44255929239734026_8349486810,reel,12/20/2024 3:00,236,9,#GalaxyS25  
59008021046006195_6222981216,image,12/24/2024 2:00,86,2,#GalaxyS25  
29999652367766670_3608837517,reel,2/19/2025 22:00,88,0,#GalaxyS25  
30553079258731757_5787896359,carousel,2/14/2025 5:00,29,0,#GalaxyS25  
32866906255321394_0937243700,carousel,11/28/2024,75,0,#GalaxyS25  
93054739794857629_2399007349,carousel,2/11/2025 20:00,122,5,#GalaxyS25  
81442377606823917_6461231428,image,1/21/2025 9:00,121,3,#GalaxyS25  
89347945880321700_3824678635,carousel,2/6/2025 8:00,284,12,#GalaxyS25  
95493170193515038_7589164455,image,2/20/2025 4:00,102,1,#GalaxyS25  
45378018949374597_2461028050,carousel,1/18/2025 18:00,249,6,#GalaxyS25  
98418343187624231_1191238471,image,1/8/2025 10:00,1239,42,#GalaxyS25  
70250075432237112_9641489495,reel,1/24/2025 6:00,94,1,#GalaxyS25  
74135563534190663_6233851266,carousel,1/8/2025 3:00,110,3,#GalaxyS25  
80449758519061943_1917437648,image,11/30/2024 10:00,343,17,#GalaxyS25  
65139433074292076_6224921086,carousel,1/1/2025 21:00,91,2,#GalaxyS25  
68194275837167342_5683992402,carousel,12/10/2024 22:00,34,0,#GalaxyS25  
60522485201887434_3948945873,reel,12/19/2024 10:00,64,1,#GalaxyS25  
96067508185751068_3658109692,carousel,1/28/2025 11:00,239,6,#GalaxyS25  
54405938685312680_5599789928,carousel,12/14/2024 5:00,98,3,#GalaxyS25  
35263765838754929_6091779228,image,12/3/2024 14:00,357,14,#GalaxyS25  
92224271423853496_0671340795,image,2/15/2025 23:00,476,17,#GalaxyS25  
79353745635006894_8832063585,reel,2/3/2025 23:00,79,1,#GalaxyS25  
45622501220982184_1576438215,image,1/31/2025 15:00,120,6,#GalaxyS25  
21724765273460198_5870337703,image,12/31/2024 10:00,701,19,#GalaxyS25  
37864762020724491_2740572806,carousel,12/4/2024 6:00,9,0,#GalaxyS25  
42820376577439121_7200326257,reel,1/9/2025 9:00,124,5,#GalaxyS25  
82483414911715450_6642964399,reel,2/10/2025 12:00,252,7,#GalaxyS25  
49774780668647869_2193111348,reel,1/31/2025 14:00,62,1,#GalaxyS25  
21458885627549158_2382415681,carousel,12/4/2024 4:00,558,25,#GalaxyS25  
61574029481662807_1033419021,image,1/18/2025 18:00,127,3,#GalaxyS25  
26534716984439948_3234422511,carousel,1/23/2025 1:00,88,2,#GalaxyS25  
00274847026027738_8047482503,reel,2/3/2025 15:00,404,13,#GalaxyS25  
57525544646497162_0216061333,image,2/16/2025 3:00,366,13,#GalaxyS25  
73395290870178221_6456632906,carousel,12/4/2024 3:00,270,13,#GalaxyS25  
26971051545694247_5501943324,carousel,12/19/2024 17:00,132,5,#GalaxyS25  
49888010345460461_5365482283,image,1/5/2025 23:00,372,9,#GalaxyS25  
91361325487654607_0427051231,carousel,1/2/2025 22:00,1150,37,#GalaxyS25  
64129755951962706_0273882048,image,1/15/2025 5:00,1551,42,#GalaxyS25  
05041095722643908_1275785268,reel,12/31/2024 4:00,1372,42,#GalaxyS25  
98281350492473131_1891611042,carousel,2/2/2025 16:00,197,8,#GalaxyS25  
95317837767215384_2346195041,carousel,12/16/2024 3:00,252,3,#GalaxyS25  
73585492183619483_1787558452,carousel,12/12/2024 2:00,229,7,#GalaxyS25  
07956094986855144_6423057307,carousel,1/21/2025,522,19,#GalaxyS25  
77045673667085185_0085296941,image,12/7/2024 2:00,115,0,#GalaxyS25  
11917918189346480_4881950610,carousel,1/17/2025 1:00,193,5,#GalaxyS25  
92908308831911876_2553078900,reel,12/17/2024 6:00,164,7,#GalaxyS25  
14590352943406236_0395754831,carousel,11/30/2024 17:00,442,12,#GalaxyS25  
94264109487127799_1427343391,carousel,2/1/2025 9:00,200,5,#GalaxyS25  
36621982226328599_9609042245,image,1/5/2025 16:00,113,3,#GalaxyS25  
62946916215579404_1051677058,image,12/9/2024 14:00,0,30,#GalaxyS25  
15496041779976865_8570901396,image,12/18/2024 3:00,892,23,#GalaxyS25  
49784519901210109_2898164944,carousel,12/4/2024 8:00,58,3,#GalaxyS25  
04918577096870662_1396734827,carousel,1/17/2025 11:00,125,2,#GalaxyS25  
14764482507126270_9515417455,carousel,12/16/2024 12:00,84,4,#GalaxyS25  
52354811366133419_8250081250,image,1/5/2025 3:00,1055,25,#GalaxyS25  
06731603822246142_8488554746,carousel,2/21/2025 20:00,405,9,#GalaxyS25  
90947635807820691_0146122130,reel,12/11/2024 3:00,638,22,#GalaxyS25  
24416081204534020_4934575847,carousel,1/24/2025 2:00,463,0,#GalaxyS25  
30222462864291787_7610889825,reel,12/29/2024 19:00,122,0,#GalaxyS25  
64980582004894549_5583630260,carousel,11/30/2024 23:00,52,2,#GalaxyS25  
95733145466505495_2723539662,carousel,2/8/2025,89,3,#GalaxyS25  
03856954821452310_9752982838,carousel,1/30/2025 12:00,157,1,#GalaxyS25  
70430420908466431_5247812994,carousel,1/28/2025 16:00,36,0,#GalaxyS25  
53475819821976914_5315448472,image,12/9/2024 18:00,313,4,#GalaxyS25  
10938130496243337_2346086108,reel,12/12/2024 21:00,360,15,#GalaxyS25  
93898544998180410_5413038655,reel,12/9/2024 15:00,375,16,#GalaxyS25  
91674598375855307_4207571424,image,2/4/2025,873,0,#GalaxyS25  
62777047271043440_9117740573,image,12/12/2024 8:00,205,3,#GalaxyS25  
14615804723853276_5730592251,image,12/21/2024 6:00,1362,33,#GalaxyS25  
71163379521949244_5570136099,reel,12/7/2024 17:00,155,3,#GalaxyS25  
23692888715600359_0978142298,carousel,1/4/2025 10:00,1101,21,#GalaxyS25  
72027049229962504_9977208515,carousel,2/19/2025 8:00,213,10,#GalaxyS25  
99229826028912408_8351667392,reel,11/29/2024 1:00,825,21,#GalaxyS25  
55822732849991467_8774652337,reel,2/5/2025 5:00,80,2,#GalaxyS25  
44057305408256743_2585989382,reel,12/15/2024 14:00,299,9,#GalaxyS25  
88904642218672864_3077032074,reel,12/26/2024 20:00,141,4,#GalaxyS25  
27732200944888655_7218184292,image,1/8/2025 22:00,284,7,#GalaxyS25  
28881353087757555_6446173961,carousel,12/31/2024 22:00,168,8,#GalaxyS25  
43064838416214322_7367128748,image,2/18/2025 4:00,210,8,#GalaxyS25  
40696660397019584_0050235603,carousel,1/7/2025,167,5,#GalaxyS25  
63593483042944461_7701755970,reel,12/1/2024 4:00,234,7,#GalaxyS25  
59614698780587135_2992643152,carousel,1/14/2025 22:00,124,0,#GalaxyS25  
25027767518161771_3907080121,reel,2/18/2025 1:00,138,6,#GalaxyS25  
80884162223860066_1571649354,carousel,1/28/2025 12:00,115,3,#GalaxyS25  
84685751183521097_1698104419,image,12/6/2024 5:00,404,10,#GalaxyS25  
93216648350813530_7577025112,carousel,12/15/2024 15:00,123,4,#GalaxyS25  
78118450400179570_9090394213,reel,2/5/2025 15:00,83,0,#GalaxyS25  
26300125161564922_8140564248,reel,1/10/2025 5:00,490,9,#GalaxyS25  
57004820664973548_3024082156,image,12/6/2024 10:00,142,6,#GalaxyS25  
62468430098519450_9220860085,reel,1/14/2025 3:00,303,9,#GalaxyS25  
85831969979083435_1738129790,carousel,12/6/2024 9:00,168,8,#GalaxyS25  
86189116590878104_5480200122,reel,2/2/2025 21:00,210,4,#GalaxyS25  
85243002543359892_1411569200,carousel,1/20/2025 23:00,923,32,#GalaxyS25  
69085947160145491_7967920180,reel,2/15/2025 7:00,154,5,#GalaxyS25  
78435758170917465_8265830053,image,2/13/2025 21:00,114,3,#GalaxyS25  
33865837707192199_7216008666,image,2/18/2025 1:00,189,6,#GalaxyS25  
67954846799025986_0962373027,image,12/28/2024 3:00,913,30,#GalaxyS25  
51768220455153503_1761769311,carousel,12/4/2024 5:00,163,8,#GalaxyS25  
35947791662585656_4079371105,image,11/25/2024 9:00,3372,93,#GalaxyS25  
19429638019778614_8335847664,carousel,12/20/2024 10:00,940,22,#GalaxyS25  
86144168564353966_0565510002,carousel,12/8/2024 2:00,268,10,#GalaxyS25  
72665225408859560_5684003045,image,12/17/2024 12:00,95,5,#GalaxyS25  
64733863161415419_9712139865,image,1/5/2025 5:00,164,4,#GalaxyS25  
18437980871424607_1497012545,image,2/9/2025 22:00,33,1,#GalaxyS25  
60279280239936532_9808531689,carousel,1/22/2025 6:00,111,2,#GalaxyS25  
54170446157092081_6965470695,reel,2/15/2025 6:00,491,13,#GalaxyS25  
05956040106316525_8646470118,image,12/29/2024 6:00,0,5,#GalaxyS25  
16940805874790565_1883651688,image,1/24/2025 23:00,837,27,#GalaxyS25  
09853236129240496_9697311501,reel,11/28/2024 1:00,35,1,#GalaxyS25  
02728204792609768_0309666174,carousel,12/26/2024 9:00,208,4,#GalaxyS25  
63470121903515558_0418089165,image,2/9/2025,489,0,#GalaxyS25  
00433155245823752_8208702526,carousel,1/14/2025 2:00,677,12,#GalaxyS25  
14925269005119841_6584630899,image,1/2/2025 17:00,214,6,#GalaxyS25  
83527689989118847_5032655549,reel,12/9/2024 23:00,236,10,#GalaxyS25  
53492073320489783_2413874258,reel,2/19/2025 17:00,280,7,#GalaxyS25  
78758575677475431_4735404267,reel,11/30/2024 7:00,0,13,#GalaxyS25  
40081468150505473_9551636100,reel,2/6/2025 6:00,135,6,#GalaxyS25  
26380527007113199_7477412941,carousel,11/29/2024 19:00,143,3,#GalaxyS25  
81760573438777706_4214395946,carousel,1/4/2025 18:00,716,15,#GalaxyS25  
35724574728824908_0637225654,image,1/26/2025 22:00,867,21,#GalaxyS25  
73798241798267210_3248536604,reel,11/28/2024,305,9,#GalaxyS25  
22309479587650902_6841953431,image,2/14/2025 7:00,213,6,#GalaxyS25  
60191504879598462_3821167117,image,2/12/2025,1045,40,#GalaxyS25  
54769497587162571_9124470783,reel,12/12/2024 8:00,47,2,#GalaxyS25  
51265697388485005_7561117717,carousel,12/5/2024 7:00,1817,52,#GalaxyS25  
61691470774864006_3144096995,reel,11/30/2024 18:00,112,3,#GalaxyS25  
55381166487404201_2362453687,image,2/11/2025 19:00,102,3,#GalaxyS25  
87552995731360072_7306966021,reel,1/14/2025 4:00,95,6,#GalaxyS25  
86559549305508291_3947851997,carousel,11/28/2024 12:00,47,1,#GalaxyS25  
61557624450291476_2407444732,carousel,2/2/2025 18:00,648,16,#GalaxyS25  
34815211644870777_3185574438,reel,1/24/2025 20:00,354,14,#GalaxyS25  
75645075264463501_7494151001,image,11/24/2024 12:00,203,7,#GalaxyS25  
51281489160759069_7450525000,carousel,12/18/2024 23:00,270,4,#GalaxyS25  
96014956142539114_1379099595,carousel,12/27/2024 11:00,23,1,#GalaxyS25  
40467948958573080_7987418601,reel,2/1/2025 16:00,262,12,#GalaxyS25  
01654815838094411_7751968014,carousel,12/7/2024,192,8,#GalaxyS25  
01732601837286346_4107811755,reel,2/3/2025 3:00,241,2,#GalaxyS25  
43013812049059079_2203532274,carousel,1/7/2025 9:00,279,10,#GalaxyS25  
67542097783483171_7397093438,carousel,2/2/2025 12:00,123,3,#GalaxyS25  
22130881336513350_6448854568,carousel,12/24/2024 7:00,208,9,#GalaxyS25  
40184032454446369_3288753918,reel,2/12/2025 22:00,138,6,#GalaxyS25  
65780065217065297_2941613255,reel,12/3/2024 4:00,1363,47,#GalaxyS25  
91664683256142415_8656761795,image,1/5/2025 2:00,219,10,#GalaxyS25  
97917111186326441_8602746894,carousel,1/12/2025 7:00,213,7,#GalaxyS25  
50149011440648267_7919789655,image,1/30/2025 14:00,416,9,#GalaxyS25  
43297867572486004_0691529715,image,12/20/2024 5:00,17,0,#GalaxyS25  
28602974933462726_6800135140,reel,12/29/2024 16:00,0,27,#GalaxyS25  
92570696813760153_5699341598,image,12/15/2024 11:00,334,11,#GalaxyS25  
30311264860194406_7099437067,image,2/7/2025 4:00,55,1,#GalaxyS25  
60456708385391891_1365594516,carousel,12/11/2024 17:00,663,21,#GalaxyS25  
17598805624068132_6855353321,reel,12/22/2024 9:00,23,0,#GalaxyS25  
15448195759669484_7774357253,image,12/7/2024 2:00,95,5,#GalaxyS25  
18968327965278946_4295393758,reel,1/31/2025 23:00,90,0,#GalaxyS25  
17760859044727609_6533836014,carousel,2/6/2025 20:00,50,0,#GalaxyS25  
48553337649986268_8824042765,image,2/17/2025 20:00,67,2,#GalaxyS25  
27578108671856441_1833356110,carousel,12/16/2024 9:00,284,9,#GalaxyS25  
26174247220545314_0760647611,reel,1/1/2025 21:00,279,5,#GalaxyS25  
27132375861824458_1209137114,image,12/2/2024 16:00,48,1,#GalaxyS25  
13914686369033756_4807975564,image,1/4/2025 19:00,76,1,#GalaxyS25  
37693005057174074_5110171678,image,1/14/2025,536,21,#GalaxyS25  
29478879222177484_4876961943,carousel,2/17/2025 14:00,903,27,#GalaxyS25  
48051035451330533_2107334770,reel,1/17/2025 14:00,341,10,#GalaxyS25  
87601219853239621_4089448516,reel,1/5/2025 3:00,208,6,#GalaxyS25  
69962110141082330_8420003757,reel,12/23/2024 19:00,329,16,#GalaxyS25  
93371796914323350_5359281108,reel,2/6/2025 4:00,279,10,#GalaxyS25  
84467138192809814_3045645460,reel,12/14/2024 7:00,172,2,#GalaxyS25  
17796256589398008_9484384721,carousel,12/11/2024 1:00,55,0,#GalaxyS25  
43419030593316321_6094457752,reel,1/7/2025 6:00,176,7,#GalaxyS25  
90390159903274834_0689953376,reel,2/11/2025 21:00,67,3,#GalaxyS25  
09148767950570944_9862743268,image,12/30/2024 7:00,967,34,#GalaxyS25  
62345021417766582_4300244814,carousel,2/3/2025 1:00,206,2,#GalaxyS25  
17496032346671291_8134307689,carousel,2/21/2025 20:00,56,2,#GalaxyS25  
98584098968611071_9895884070,reel,1/16/2025 3:00,61,1,#GalaxyS25  
00907945184873541_2141148107,image,12/27/2024 21:00,80,1,#GalaxyS25  
89270041644602832_4535883631,carousel,11/28/2024 1:00,79,1,#GalaxyS25  
36220455495614891_4542343312,reel,12/6/2024 12:00,47,1,#GalaxyS25  
94029185141812283_2960612014,image,1/23/2025 21:00,502,15,#GalaxyS25  
41638778764756109_0732041920,image,1/9/2025 15:00,530,15,#GalaxyS25  
10683920419118299_9755588074,reel,1/22/2025 17:00,250,7,#GalaxyS25  
23303850840962236_0551626334,carousel,12/26/2024 14:00,216,3,#GalaxyS25  
13971121418335679_5841294899,reel,1/13/2025 9:00,93,1,#GalaxyS25  
99384857830377726_1382006036,image,2/7/2025 19:00,152,4,#GalaxyS25  
16146344359405334_0588046234,reel,12/11/2024 1:00,114,2,#GalaxyS25  
71683592160137867_4480903859,reel,11/25/2024 20:00,124,1,#GalaxyS25  
04707563288821342_6269321010,image,12/28/2024 21:00,243,5,#GalaxyS25  
07947909216417795_9637526200,carousel,1/10/2025 22:00,170,2,#GalaxyS25  
09725942715683476_4134780933,carousel,1/27/2025 21:00,570,15,#GalaxyS25  
80992416231780567_2648604059,reel,2/18/2025 11:00,95,4,#GalaxyS25  
97843688744778509_5286159121,reel,12/14/2024 4:00,11,0,#GalaxyS25  
90568597325005956_1457981149,image,12/2/2024 15:00,309,7,#GalaxyS25  
18497515634100923_9379757563,carousel,11/24/2024 23:00,159,11,#GalaxyS25  
01414109148202422_8195067797,image,12/17/2024 18:00,230,6,#GalaxyS25  
54456871128792156_1483902149,image,2/5/2025 20:00,0,5,#GalaxyS25  
45536905112644025_6108772240,carousel,12/11/2024 4:00,182,8,#GalaxyS25  
61559233525920753_6386352941,reel,1/26/2025 13:00,800,24,#GalaxyS25  
26532791925305080_6722438325,carousel,1/20/2025 15:00,148,2,#GalaxyS25  
51140916255346380_7054413669,carousel,12/13/2024 22:00,52,1,#GalaxyS25  
40983807507999539_7783976960,image,2/12/2025 5:00,182,8,#GalaxyS25  
76139812988507924_0551140764,reel,11/26/2024 6:00,69,1,#GalaxyS25  
69183780628490990_5330340348,image,1/24/2025 17:00,142,5,#GalaxyS25  
99446297999033732_4451160129,carousel,12/1/2024 3:00,70,0,#GalaxyS25  
05060929950014313_4085092403,reel,1/24/2025 1:00,87,4,#GalaxyS25  
72201777987785066_2545424768,reel,2/5/2025 15:00,133,2,#GalaxyS25  
19093268143162859_3656578524,carousel,12/10/2024 23:00,104,4,#GalaxyS25  
13831432529740671_3899572490,reel,12/13/2024 23:00,59,1,#GalaxyS25  
09734573529462759_1845844915,image,2/20/2025 22:00,95,3,#GalaxyS25  
20394134185742641_1388836690,carousel,1/23/2025 11:00,205,5,#GalaxyS25  
12860445092927599_5645636678,carousel,11/25/2024 2:00,215,6,#GalaxyS25  
07278494973277181_2965841485,image,2/16/2025 20:00,377,13,#GalaxyS25  
40554934807929322_5518485011,image,1/5/2025 2:00,363,9,#GalaxyS25  
23734160610101278_3878990887,reel,12/7/2024 6:00,135,8,#GalaxyS25  
90254892081043917_1667446800,carousel,11/30/2024 23:00,97,4,#GalaxyS25  
08521787812244317_5734139828,image,11/29/2024 14:00,386,12,#GalaxyS25  
70758132499623039_5189581202,image,12/22/2024 13:00,270,8,#GalaxyS25  
21505318095374455_9745533950,image,12/17/2024 6:00,34,0,#GalaxyS25  
59547398497097731_7983650717,carousel,1/24/2025 17:00,518,12,#GalaxyS25  
22312380814759655_6741795902,reel,12/1/2024 16:00,571,24,#GalaxyS25  
33613472635294232_3314692804,image,2/18/2025 10:00,181,8,#GalaxyS25  
70316704361697341_6267888530,image,12/16/2024 21:00,210,4,#GalaxyS25  
92379550295137937_1008786075,carousel,1/28/2025 4:00,277,10,#GalaxyS25  
96153662687907489_0488741954,image,12/29/2024 7:00,353,13,#GalaxyS25  
46903813585371164_9353560053,carousel,2/14/2025 5:00,228,8,#GalaxyS25  
80742970476608582_8220604782,carousel,12/16/2024 16:00,280,10,#GalaxyS25  
90219067690039182_4489341459,image,12/1/2024 6:00,165,2,#GalaxyS25  
78923517138149206_1029888746,carousel,1/18/2025 13:00,0,1,#GalaxyS25  
22573431565488559_1587582332,carousel,12/6/2024 10:00,264,8,#GalaxyS25  
42760031293982015_0389447803,carousel,1/21/2025 7:00,578,13,#GalaxyS25  
18531333849206629_7222132602,image,1/21/2025 20:00,437,10,#GalaxyS25  
21310386272258126_6081253281,image,12/30/2024 16:00,118,2,#GalaxyS25  
83089801373989485_6490616054,reel,12/19/2024 1:00,625,14,#GalaxyS25  
79590435890375324_2887954658,carousel,2/4/2025 19:00,241,3,#GalaxyS25  
64552417314084414_2035038492,image,12/31/2024 16:00,488,14,#GalaxyS25  
50088381941118738_7184190944,image,1/16/2025 11:00,852,17,#GalaxyS25  
65495517105126117_3836084999,image,1/5/2025 11:00,76,2,#GalaxyS25  
70295244976077123_2904549647,image,12/8/2024 12:00,536,17,#GalaxyS25  
49434534962196781_7463304462,image,2/13/2025 11:00,104,1,#GalaxyS25  
95848768225536717_1463751734,carousel,12/2/2024 22:00,285,12,#GalaxyS25  
50406072878617936_3940630024,image,2/16/2025 10:00,158,6,#GalaxyS25  
60199939693162072_8062736323,image,2/6/2025 22:00,306,12,#GalaxyS25  
32675353717048011_4943275473,image,12/18/2024 19:00,238,12,#GalaxyS25  
50290769613571818_2447046047,reel,2/6/2025 1:00,211,7,#GalaxyS25  
15316803894689420_4491663259,image,12/11/2024 5:00,0,3,#GalaxyS25  
33130672673636177_3065490672,reel,12/27/2024 8:00,177,4,#GalaxyS25  
20993111644551990_7899552154,image,12/9/2024 11:00,272,6,#GalaxyS25  
08672958022758218_4312236018,image,11/25/2024 10:00,172,5,#GalaxyS25  
63386730193771677_8942701786,image,1/6/2025 7:00,142,3,#GalaxyS25  
59482570178779551_5447260606,image,2/5/2025 12:00,355,12,#GalaxyS25  
02356804728324704_0763399236,image,12/20/2024 15:00,481,15,#GalaxyS25  
79401151632872871_8929651846,carousel,11/28/2024 12:00,122,4,#GalaxyS25  
94135903552575723_9740306262,reel,2/6/2025 2:00,313,13,#GalaxyS25  
56871183680520433_9511868734,reel,1/8/2025 14:00,68,2,#GalaxyS25  
64846070353580297_4923026199,carousel,2/1/2025 9:00,210,6,#GalaxyS25  
49214471811215119_9900196410,carousel,12/7/2024 5:00,574,16,#GalaxyS25  
45858022825090114_4573387360,image,2/4/2025,42,0,#GalaxyS25  
66528998795435605_2523776443,carousel,1/13/2025 20:00,39,2,#GalaxyS25  
89521694218481750_5485275915,image,1/14/2025 16:00,58,1,#GalaxyS25  
22629192735885425_5143261990,image,1/2/2025 5:00,178,9,#GalaxyS25  
19916633075388930_5504246372,carousel,2/8/2025 16:00,295,6,#GalaxyS25  
57630377790538111_3478558377,image,12/29/2024 12:00,63,2,#GalaxyS25  
59158230533596899_6909484218,carousel,1/10/2025 1:00,163,6,#GalaxyS25  
95339079139963677_8532373083,reel,1/18/2025 1:00,197,9,#GalaxyS25  
99856482340262395_6074116505,reel,12/13/2024 8:00,801,18,#GalaxyS25  
10796482100756530_5125937793,carousel,12/13/2024 5:00,519,21,#GalaxyS25  
65381919094236785_8651194996,reel,12/19/2024 16:00,165,1,#GalaxyS25  
83393900874883574_9612781635,image,1/27/2025 22:00,205,8,#GalaxyS25  
16832279512321772_5479671891,carousel,2/2/2025 6:00,280,6,#GalaxyS25  
21471644729224463_8002487044,reel,2/10/2025 20:00,476,12,#GalaxyS25  
88022925037747889_1618429115,carousel,12/7/2024 5:00,126,1,#GalaxyS25  
89197002957462106_8344895718,image,12/30/2024 15:00,190,0,#GalaxyS25  
07804344429051555_0819709509,reel,12/15/2024 4:00,266,3,#GalaxyS25  
35400881922369747_9402887437,reel,1/3/2025 20:00,139,2,#GalaxyS25  
45377459365021528_4881784690,image,2/17/2025 14:00,68,2,#GalaxyS25  
63785656681426649_1332349141,reel,1/27/2025 3:00,156,6,#GalaxyS25  
07795965475601489_2173095996,carousel,12/12/2024 3:00,49,1,#GalaxyS25  
66036826387517296_7276312274,carousel,11/28/2024 14:00,265,5,#GalaxyS25  
30066108764501701_1124112759,reel,1/2/2025 10:00,1426,26,#GalaxyS25  
52244421758178736_9670947142,reel,2/7/2025 15:00,269,1,#GalaxyS25  
14261065327763635_4966590754,image,2/13/2025 22:00,261,11,#GalaxyS25  
09031525361906463_3401771006,image,1/7/2025 1:00,399,12,#GalaxyS25  
25745332285451217_8706979936,carousel,12/5/2024 2:00,281,11,#GalaxyS25  
27943588492458629_0098623449,carousel,2/3/2025 12:00,282,10,#GalaxyS25  
90333021397772480_0820636203,image,1/8/2025 15:00,350,6,#GalaxyS25  
79246019825870248_7953276498,image,2/15/2025 3:00,912,23,#GalaxyS25  
53014164493251598_3568994835,reel,1/21/2025 4:00,327,15,#GalaxyS25  
52749636494032616_2262021012,image,1/12/2025 10:00,512,12,#GalaxyS25  
18253758392002140_6094125818,image,12/30/2024 11:00,174,2,#GalaxyS25  
30969332627049852_1977068371,image,2/11/2025 7:00,320,16,#GalaxyS25  
87620132510844121_6628215097,reel,1/11/2025 17:00,630,16,#GalaxyS25  
98478257593623646_8355753153,carousel,12/6/2024 22:00,29,0,#GalaxyS25  
79075071365256122_4787177998,image,11/26/2024 23:00,379,10,#GalaxyS25  
25282282380974240_8581309679,image,1/26/2025,92,8,#GalaxyS25  
65216204100357389_0401754708,reel,2/16/2025 14:00,33,2,#GalaxyS25  
04718501302620796_9086678599,image,1/18/2025 15:00,100,3,#GalaxyS25  
88932292516782912_5133255154,reel,1/17/2025 23:00,287,4,#GalaxyS25  
83417436922592714_2644139727,carousel,12/11/2024 8:00,267,5,#GalaxyS25  
49541600510649495_4884993537,image,1/3/2025 8:00,176,3,#GalaxyS25  
95633695264674894_6735666599,carousel,1/7/2025 5:00,35,2,#GalaxyS25  
85334198921334719_8228231327,image,2/7/2025 7:00,226,10,#GalaxyS25  
67636763663338844_1783574169,carousel,1/5/2025 22:00,44,2,#GalaxyS25  
63792801700796881_9700655793,reel,1/1/2025 13:00,464,12,#GalaxyS25  
28161008236792304_2222753560,image,1/4/2025 13:00,378,6,#GalaxyS25  
84856197489971203_1669304473,reel,1/12/2025 9:00,315,12,#GalaxyS25  
07092943575505157_8574900655,reel,12/18/2024 22:00,172,3,#GalaxyS25  
14842846762045546_4484260765,reel,12/7/2024 17:00,56,3,#GalaxyS25  
88036932947746841_6727221324,image,12/30/2024 11:00,525,15,#GalaxyS25  
74791582896946262_5056812743,carousel,12/5/2024 5:00,331,8,#GalaxyS25  
97883585930012884_3099147134,image,12/3/2024 4:00,52,4,#GalaxyS25  
14844179560084844_2655136221,image,2/19/2025 15:00,102,1,#GalaxyS25  
26615920796338747_8943255623,image,12/19/2024 2:00,74,1,#GalaxyS25  
78018421080972122_5384461664,image,12/3/2024 21:00,312,11,#GalaxyS25  
57507254341227092_4046207271,carousel,1/1/2025 5:00,166,5,#GalaxyS25  
87579164466096054_2914140028,image,2/12/2025 7:00,104,3,#GalaxyS25  
74633991380111404_9774380787,image,12/7/2024 20:00,139,7,#GalaxyS25  
22637232506395142_1918205263,image,12/6/2024 4:00,969,25,#GalaxyS25  
05201244563480821_8793758989,carousel,12/20/2024 9:00,819,24,#GalaxyS25  
11925570569152681_5394764595,carousel,2/6/2025 16:00,291,17,#GalaxyS25  
23413835604405606_5549267841,reel,2/15/2025 22:00,189,5,#GalaxyS25  
05748282787648322_2682012034,image,2/12/2025 1:00,175,10,#GalaxyS25  
41711606888288195_9401715212,carousel,2/17/2025 10:00,176,8,#GalaxyS25  
32238528086110775_7013780144,carousel,1/28/2025 6:00,492,10,#GalaxyS25  
09969707637410109_5870141174,carousel,2/6/2025 10:00,51,1,#GalaxyS25  
36265941588976520_9356950858,image,12/31/2024 22:00,474,16,#GalaxyS25  
81730622230080457_4526033103,image,2/9/2025,246,6,#GalaxyS25  
91126316918242550_3480758696,reel,1/22/2025 18:00,56,2,#GalaxyS25  
62935085318246139_9396628728,carousel,12/2/2024 17:00,321,11,#GalaxyS25  
25795212874920984_3461907789,image,2/21/2025 16:00,33,1,#GalaxyS25  
44497467333582694_3904023203,reel,12/2/2024 21:00,443,15,#GalaxyS25  
18784363769862602_2381995726,image,2/5/2025 8:00,0,0,#GalaxyS25  
01554801558462022_5361774934,carousel,12/2/2024 10:00,176,4,#GalaxyS25  
61945181928249901_4598091975,reel,12/8/2024 14:00,97,3,#GalaxyS25  
67184769597297600_7948728862,reel,12/3/2024,216,5,#GalaxyS25  
32443546282473206_3180036997,image,11/29/2024 13:00,384,11,#GalaxyS25  
37589961297780941_2264768933,image,2/7/2025 15:00,565,18,#GalaxyS25  
39636617314543662_5774114505,carousel,1/29/2025 17:00,608,19,#GalaxyS25  
13996121248324256_3631096287,image,1/14/2025 13:00,350,4,#GalaxyS25  
32919315933299774_1177715366,carousel,12/30/2024 23:00,134,4,#GalaxyS25  
57956313516975204_1046957854,carousel,2/7/2025,391,11,#GalaxyS25  
20622059267218828_3968291374,carousel,2/18/2025,541,13,#GalaxyS25  
28100506610330935_3711376914,reel,11/29/2024 7:00,149,3,#GalaxyS25  
29907911822474440_5980489996,reel,12/3/2024 6:00,189,7,#GalaxyS25  
01187165600296373_6764061965,image,2/15/2025 22:00,637,15,#GalaxyS25  
52761957118187530_0058214630,image,1/10/2025 21:00,34,0,#GalaxyS25  
23788199431930084_4669560786,carousel,11/26/2024 17:00,606,12,#GalaxyS25  
23331772986430025_6056539956,reel,1/14/2025 8:00,554,14,#GalaxyS25  
36177952775748270_3552784773,image,2/20/2025 22:00,111,4,#GalaxyS25  
58806772735929773_6385975862,carousel,1/14/2025 11:00,95,2,#GalaxyS25  
53984219434277513_5587857596,reel,2/20/2025 3:00,598,13,#GalaxyS25  
21311908019216787_4596436331,image,2/6/2025 9:00,185,2,#GalaxyS25  
88841555965133559_6672185205,image,12/17/2024,277,8,#GalaxyS25  
09725327997946108_2030236231,reel,11/24/2024 16:00,240,8,#GalaxyS25  
08527926755467634_5276535903,carousel,2/1/2025 19:00,117,1,#GalaxyS25  
23848819845957271_9592611411,reel,12/31/2024 4:00,512,17,#GalaxyS25  
20505656720696451_3044447233,carousel,12/3/2024 3:00,2285,73,#GalaxyS25  
35023742700386709_8411024693,carousel,12/21/2024 9:00,98,1,#GalaxyS25  
78466153027034022_1639556931,reel,2/3/2025 23:00,889,27,#GalaxyS25  
80037960841026913_6382939002,carousel,12/13/2024 17:00,232,5,#GalaxyS25  
60661797718951688_6918168655,carousel,12/31/2024 20:00,378,10,#GalaxyS25  
92858391989645848_0390121962,carousel,12/7/2024 22:00,687,24,#GalaxyS25  
41921720388338712_4847201004,carousel,1/26/2025 16:00,442,12,#GalaxyS25  
22688775806287915_7310959884,carousel,1/16/2025 7:00,287,6,#GalaxyS25  
56342471998826423_6519942029,carousel,1/11/2025 21:00,177,1,#GalaxyS25  
10867360904346414_9339294354,carousel,12/29/2024 3:00,543,20,#GalaxyS25  
81535450511096034_6719479384,reel,11/26/2024 17:00,290,0,#GalaxyS25  
09124019092538407_3864399530,carousel,1/19/2025 13:00,1159,47,#GalaxyS25  
05908358440376982_6404053415,image,12/16/2024 6:00,489,13,#GalaxyS25  
67581351388977582_8105417476,image,12/21/2024 10:00,327,15,#GalaxyS25  
42005510705341080_6311165184,reel,2/5/2025 9:00,54,3,#GalaxyS25  
66073589479419203_5655320703,image,12/7/2024,173,4,#GalaxyS25  
63150410988725207_0710433840,reel,2/20/2025 5:00,368,8,#GalaxyS25  
50689021151884080_4598484982,image,12/31/2024 1:00,793,19,#GalaxyS25  
10488243330123885_0620486847,reel,12/3/2024 1:00,131,2,#GalaxyS25  
07060142385161470_5265909089,image,12/12/2024 7:00,80,1,#GalaxyS25  
90643155770343760_5875195915,carousel,2/1/2025 7:00,343,8,#GalaxyS25  
05232693212814096_8414782979,image,11/27/2024 13:00,870,22,#GalaxyS25  
73649008089122067_6318354518,reel,2/14/2025 17:00,354,13,#GalaxyS25  
30231338852359668_0272179771,image,12/26/2024 5:00,44,0,#GalaxyS25  
54264934442074278_9831051085,carousel,12/1/2024 16:00,68,3,#GalaxyS25  
57598330255161699_6157424825,reel,12/5/2024,516,18,#GalaxyS25  
78828178082976725_6746436906,image,1/16/2025 12:00,152,4,#GalaxyS25  
16945204175345198_3722959028,image,2/12/2025 20:00,432,0,#GalaxyS25  
26052031721508581_8015440559,reel,12/10/2024 18:00,210,7,#GalaxyS25  
02652580626585071_9537979075,image,12/5/2024,137,5,#GalaxyS25  
19008315434391863_0185065194,carousel,1/14/2025 20:00,157,3,#GalaxyS25  
82466808074199518_8494869121,reel,2/7/2025 3:00,90,1,#GalaxyS25  
59750164207654467_0672694717,reel,12/16/2024 12:00,184,3,#GalaxyS25  
22713530956796967_1143367778,reel,12/28/2024 8:00,869,22,#GalaxyS25  
82560947579093708_9971337101,image,1/15/2025 3:00,44,0,#GalaxyS25  
00313119623620207_5571000204,carousel,2/12/2025 1:00,70,2,#GalaxyS25  
24908088987720263_4235962547,carousel,2/18/2025 14:00,134,3,#GalaxyS25  
91224308095279386_5268905127,image,2/8/2025 5:00,309,11,#GalaxyS25  
38007457557643253_4816907027,image,12/2/2024 2:00,95,4,#GalaxyS25  
20092488146191335_5194320614,image,2/12/2025 19:00,183,5,#GalaxyS25  
19835101644734293_1658285332,carousel,2/12/2025 14:00,680,35,#GalaxyS25  
12006626206673339_8285833777,image,12/29/2024 16:00,265,4,#GalaxyS25  
12893055349571365_4707815595,image,1/18/2025 12:00,903,16,#GalaxyS25  
16188427094957965_0793721070,image,12/2/2024 13:00,38,2,#GalaxyS25  
47391063900301303_3000787472,carousel,1/7/2025 7:00,397,17,#GalaxyS25  
92347449959370489_5572034721,reel,2/4/2025 6:00,358,13,#GalaxyS25  
27280770237990733_7718767791,reel,1/1/2025 8:00,298,9,#GalaxyS25  
58985427890738920_0216380983,carousel,11/30/2024 23:00,32,1,#GalaxyS25  
56027773937494027_3497797550,reel,2/8/2025 7:00,154,6,#GalaxyS25  
54750494812875676_2092336636,carousel,11/28/2024 22:00,116,2,#GalaxyS25  
21433607056742535_2440678769,image,1/20/2025 21:00,116,2,#GalaxyS25  
48204598292072679_2649015917,carousel,11/27/2024 12:00,235,2,#GalaxyS25  
83933839760281785_3832005719,image,1/3/2025 20:00,889,30,#GalaxyS25  
29881466116542545_6078283062,carousel,2/2/2025 16:00,587,14,#GalaxyS25  
74639225670895267_6135610846,carousel,1/7/2025 10:00,126,8,#GalaxyS25  
41177869442953042_0358940523,image,2/1/2025 1:00,488,14,#GalaxyS25  
05978530463858966_4712246385,image,2/6/2025 23:00,124,0,#GalaxyS25  
35364295710049817_1225104964,image,1/24/2025 14:00,1960,47,#GalaxyS25  
99047108776737371_1930833265,carousel,2/15/2025 9:00,178,4,#GalaxyS25  
51227255874751087_9127912603,reel,12/10/2024 11:00,54,4,#GalaxyS25  
39987744183326561_8692777329,image,11/25/2024 21:00,239,10,#GalaxyS25  
64768495391756572_1816650684,reel,12/27/2024 18:00,213,15,#GalaxyS25  
63069540592651073_7578203176,carousel,1/23/2025,885,18,#GalaxyS25  
14427953030303868_1571412044,reel,1/14/2025 16:00,337,7,#GalaxyS25  
02821304319415622_6281864037,reel,2/11/2025 21:00,442,9,#GalaxyS25  
84726577560180917_2926728823,carousel,1/8/2025 10:00,254,4,#GalaxyS25  
06796860686191741_1327327465,image,1/31/2025 15:00,281,12,#GalaxyS25  
77445530241945794_4595815068,carousel,1/14/2025 21:00,40,1,#GalaxyS25  
55625202913451672_6819698929,image,1/5/2025 8:00,649,20,#GalaxyS25  
71120614378030202_3010714843,carousel,12/19/2024 22:00,769,18,#GalaxyS25  
61207974107828971_8951888706,image,2/3/2025 8:00,450,14,#GalaxyS25  
30180491323006687_3052204948,carousel,12/29/2024 6:00,340,8,#GalaxyS25  
62736281923477213_9069808387,image,1/23/2025 10:00,411,15,#GalaxyS25  
72371362472227975_0329004351,carousel,11/26/2024 15:00,266,10,#GalaxyS25  
38328362679160959_1043196217,image,11/26/2024 22:00,265,6,#GalaxyS25  
95150322846583756_4827634859,image,2/1/2025 7:00,30,0,#GalaxyS25  
13015553971032733_3047801282,image,12/7/2024 7:00,792,33,#GalaxyS25  
92348988412399155_3669632246,image,2/2/2025 16:00,103,2,#GalaxyS25  
42208934378528376_2633795430,image,1/8/2025 5:00,342,10,#GalaxyS25  
19567129130942835_7201734579,image,12/6/2024 11:00,250,3,#GalaxyS25  
45608652581845537_7874458262,image,12/16/2024 8:00,67,2,#GalaxyS25  
60860280084704510_4494366476,image,1/8/2025 2:00,330,7,#GalaxyS25  
25416446209459368_2388406249,reel,1/20/2025 8:00,162,4,#GalaxyS25  
18613686192154380_4123773471,image,2/16/2025 21:00,36,0,#GalaxyS25  
49180345680827364_2635443556,reel,12/20/2024 11:00,86,3,#GalaxyS25  
14826291556626202_5707413762,reel,12/17/2024 2:00,495,18,#GalaxyS25  
06113258984528633_4911440302,reel,1/2/2025 4:00,640,19,#GalaxyS25  
50840279805197190_9758392571,carousel,2/17/2025 16:00,167,2,#GalaxyS25  
59838083374453730_0166035029,carousel,12/20/2024 3:00,206,5,#GalaxyS25  
05439409229462654_5241833597,image,2/12/2025 9:00,296,10,#GalaxyS25  
49501680683320184_9267014832,image,12/22/2024 15:00,281,8,#GalaxyS25  
19105520226147020_8095597729,carousel,2/2/2025 9:00,603,15,#GalaxyS25  
87545194330581551_5891597360,image,2/2/2025 17:00,172,7,#GalaxyS25  
06957372687653128_8986891372,reel,1/20/2025,34,3,#GalaxyS25  
71140741817979481_6778358998,image,12/26/2024,104,2,#GalaxyS25  
95166568873039775_9333124247,image,2/4/2025 4:00,377,12,#GalaxyS25  
80237844184617321_8125330122,carousel,1/9/2025 22:00,132,5,#GalaxyS25  
90146397889752373_9860430688,carousel,12/11/2024 14:00,908,24,#GalaxyS25  
55420192077357088_3278848764,carousel,2/18/2025 4:00,127,2,#GalaxyS25  
79688325151833349_3895431702,reel,1/9/2025 7:00,79,0,#GalaxyS25  
52896935163599619_0523126985,carousel,1/30/2025 15:00,366,8,#GalaxyS25  
43282518555208065_2346422176,image,12/24/2024 1:00,640,16,#GalaxyS25  
71691876848933930_7557949092,reel,1/15/2025 7:00,276,5,#GalaxyS25  
85981384907766673_5163187998,image,12/8/2024 16:00,231,10,#GalaxyS25  
21886918224425744_8775875272,image,11/25/2024 19:00,33,0,#GalaxyS25  
04056597584366736_5782194171,carousel,12/17/2024 18:00,493,9,#GalaxyS25  
31949259853540741_0655538277,image,12/31/2024 12:00,90,5,#GalaxyS25  
50861551347689613_3073431562,image,2/6/2025 1:00,138,3,#GalaxyS25  
76629134696703027_6131627315,reel,1/20/2025 5:00,165,0,#GalaxyS25  
88334583723837558_3154180658,carousel,11/27/2024 19:00,97,4,#GalaxyS25  
38520796199494627_9383489511,image,12/22/2024 9:00,343,11,#GalaxyS25  
90291996365668390_7000674940,image,1/2/2025 19:00,69,2,#GalaxyS25  
99244754826783067_9958405874,reel,12/17/2024 23:00,482,16,#GalaxyS25  
87389386513171295_3768222253,reel,2/13/2025 13:00,546,18,#GalaxyS25  
26581252526986069_4145148509,image,12/4/2024 2:00,85,1,#GalaxyS25  
80884020593953214_8407533290,carousel,12/1/2024 15:00,985,28,#GalaxyS25  
64993480235837712_4737992971,reel,12/20/2024 10:00,406,9,#GalaxyS25  
89886969768613491_3237138703,carousel,1/15/2025 20:00,88,2,#GalaxyS25  
75681172779336804_9160031787,carousel,1/22/2025 16:00,137,3,#GalaxyS25  
56377774361626200_9176430186,image,12/22/2024 12:00,120,3,#GalaxyS25  
56583956483982746_6400040063,carousel,1/24/2025 3:00,241,17,#GalaxyS25  
20306476953187925_3331673634,reel,2/3/2025 16:00,379,11,#GalaxyS25  
02757533775644060_0906109393,carousel,1/25/2025 13:00,225,9,#GalaxyS25  
60024377113324061_0490367454,carousel,1/24/2025 7:00,311,6,#GalaxyS25  
03564972431098747_3530097870,image,2/9/2025 7:00,246,4,#GalaxyS25  
01368381589409814_1240315681,reel,1/19/2025 5:00,113,3,#GalaxyS25  
24062721170301363_3125284697,reel,12/13/2024 17:00,45,1,#GalaxyS25  
63950795873335843_4533555161,image,2/9/2025 5:00,202,11,#GalaxyS25  
53732966034470944_2815306359,carousel,12/11/2024 16:00,367,14,#GalaxyS25  
55247346004878619_5301141527,reel,12/14/2024 4:00,283,7,#GalaxyS25  
29580999856848032_1422372249,image,1/29/2025,395,12,#GalaxyS25  
50317024097042061_8421433629,carousel,1/15/2025 19:00,137,4,#GalaxyS25  
98817187643625578_9300576281,image,1/31/2025 2:00,125,4,#GalaxyS25  
98248609010981819_0541917683,reel,11/29/2024 17:00,100,3,#GalaxyS25  
52055584816574698_7784628567,carousel,12/31/2024 10:00,0,45,#GalaxyS25  
06728991750376017_2711605931,image,2/14/2025 16:00,280,8,#GalaxyS25  
67056954982247722_1164397719,image,1/11/2025 6:00,193,5,#GalaxyS25  
50806820965774904_7802813784,image,1/10/2025 16:00,109,2,#GalaxyS25  
83027309429395539_3642673739,image,1/13/2025,84,6,#GalaxyS25  
50629094823503667_4034325446,image,12/21/2024 23:00,371,0,#GalaxyS25  
17963512328633414_9732194676,image,1/22/2025 5:00,103,5,#GalaxyS25  
61966808596874547_6959154349,reel,2/10/2025 23:00,570,13,#GalaxyS25  
32398076769246389_4905846399,reel,2/3/2025 10:00,192,8,#GalaxyS25  
41852952771524509_4107279907,image,1/31/2025 10:00,76,0,#GalaxyS25  
60685668360783966_5730063364,image,1/12/2025 18:00,192,4,#GalaxyS25  
70695740360098281_0767144672,carousel,2/18/2025 4:00,159,7,#GalaxyS25  
54878094352970628_9644498839,image,12/10/2024 13:00,52,0,#GalaxyS25  
96011195941845228_2629291871,reel,12/7/2024 18:00,80,2,#GalaxyS25  
38820098800517035_2054797599,carousel,2/14/2025 21:00,154,6,#GalaxyS25  
08166080544828041_4667390815,image,1/2/2025 8:00,249,8,#GalaxyS25  
80099883891469334_5897399840,carousel,12/31/2024 22:00,148,6,#GalaxyS25  
60007400499396113_9795999602,carousel,12/17/2024 13:00,62,2,#GalaxyS25  
58517403488493669_1579818389,carousel,11/29/2024 6:00,190,4,#GalaxyS25  
08531379375420963_1679809876,carousel,2/13/2025 15:00,29,0,#GalaxyS25  
17246046407820988_2263581802,image,2/11/2025 18:00,1295,36,#GalaxyS25  
44892615479215608_0643168505,carousel,2/14/2025 2:00,280,7,#GalaxyS25  
73037698291945106_4923203538,carousel,11/25/2024 9:00,41,1,#GalaxyS25  
73437692029611116_2229524562,reel,1/12/2025 5:00,113,2,#GalaxyS25  
42509504540382141_3295015682,image,2/19/2025 13:00,325,15,#GalaxyS25  
85877336859620898_6369082498,carousel,1/10/2025 21:00,423,6,#GalaxyS25  
00803931595194644_2247256456,image,12/13/2024,528,0,#GalaxyS25  
42495145009895641_6271083240,carousel,1/17/2025 16:00,76,2,#GalaxyS25  
77706589945438813_9392569353,image,12/11/2024 13:00,43,2,#GalaxyS25  
72847755390526202_9007635429,carousel,1/31/2025 3:00,150,2,#GalaxyS25  
15852509020519523_8352107599,image,1/21/2025 12:00,129,4,#GalaxyS25  
79187120022129731_0790858012,carousel,1/4/2025 1:00,35,1,#GalaxyS25  
21289375693284516_5055257751,reel,1/24/2025 1:00,27,3,#GalaxyS25  
51465524634295028_3700671139,image,2/19/2025 1:00,376,8,#GalaxyS25  
72511265762913797_6470661990,reel,1/12/2025 1:00,107,3,#GalaxyS25  
23658588262905236_0806616433,carousel,1/17/2025 20:00,402,8,#GalaxyS25  
77847100547034042_8814597675,reel,1/10/2025 13:00,352,9,#GalaxyS25  
24612932770004374_6784107277,carousel,1/15/2025 13:00,523,17,#GalaxyS25  
21238720700796828_5463833190,image,1/18/2025 9:00,81,2,#GalaxyS25  
49864723580002068_9402955310,carousel,12/31/2024 2:00,32,1,#GalaxyS25  
81336958368062340_4299857204,reel,12/21/2024 5:00,362,10,#GalaxyS25  
11394753282421450_7494300589,reel,1/30/2025 10:00,384,11,#GalaxyS25  
89518923299672745_6875185709,image,2/14/2025 6:00,475,0,#GalaxyS25  
04256968564537000_9827665695,image,2/6/2025 5:00,473,15,#GalaxyS25  
46619566405503980_1872934998,reel,1/4/2025 18:00,72,0,#GalaxyS25  
96973371825195177_4152784872,carousel,12/23/2024 1:00,151,5,#GalaxyS25  
84329851433182931_1208117053,image,1/19/2025 12:00,490,18,#GalaxyS25  
62674557578726089_8531332589,reel,1/15/2025 22:00,125,2,#GalaxyS25  
89589221041607265_7855433162,carousel,1/1/2025 1:00,79,2,#GalaxyS25  
76824507510779757_7987856010,carousel,12/7/2024 18:00,196,6,#GalaxyS25  
81784088910550480_8625083995,image,12/9/2024 2:00,127,5,#GalaxyS25  
15195578445797192_8542558769,image,12/3/2024 18:00,198,12,#GalaxyS25  
48182588288892281_8222649980,image,12/9/2024 9:00,356,13,#GalaxyS25  
39983852454535795_4502166675,reel,2/2/2025 10:00,240,3,#GalaxyS25  
10149749891312463_7550452470,reel,2/1/2025 20:00,132,4,#GalaxyS25  
63557641879189635_1949776974,reel,12/8/2024 17:00,69,4,#GalaxyS25  
30251329701475547_7944803977,carousel,2/18/2025 10:00,432,18,#GalaxyS25  
29245881550920491_2681607698,image,11/26/2024,258,7,#GalaxyS25  
70537780871154457_9535543288,image,12/12/2024 6:00,105,5,#GalaxyS25  
86460748404807146_2993463087,carousel,12/18/2024 18:00,270,3,#GalaxyS25  
12888273809987729_6316692207,carousel,2/6/2025 10:00,26,0,#GalaxyS25  
20920342127204613_4080053951,reel,1/22/2025 13:00,520,11,#GalaxyS25  
45550377395732400_0491945023,carousel,1/1/2025 19:00,55,3,#GalaxyS25  
05528173573489216_0927473265,carousel,1/9/2025 12:00,35,1,#GalaxyS25  
17425721051654573_9276730396,reel,12/1/2024 9:00,136,1,#GalaxyS25  
33359333780172618_2682862304,carousel,1/26/2025 21:00,209,5,#GalaxyS25  
78031794389283629_0831913068,carousel,1/12/2025 5:00,177,8,#GalaxyS25  
94742734678649611_8179770063,reel,12/31/2024 3:00,102,3,#GalaxyS25  
95166518561948783_6075334158,image,12/12/2024 22:00,360,17,#GalaxyS25  
49862185958917984_3266436764,image,12/8/2024 18:00,72,0,#GalaxyS25  
49061090465069828_6861593346,image,11/27/2024 2:00,81,1,#GalaxyS25  
04773588233417398_2591692478,image,1/24/2025 6:00,0,8,#GalaxyS25  
09452120530927792_3413887027,image,11/25/2024 4:00,33,3,#GalaxyS25  
14745388167548295_4119963091,image,1/21/2025 5:00,102,2,#GalaxyS25  
73256841275772608_2170571971,carousel,2/19/2025 8:00,34,0,#GalaxyS25  
77533560483474763_3138990819,reel,1/31/2025 13:00,176,8,#GalaxyS25  
82712605737695226_9441238371,image,2/12/2025 14:00,493,9,#GalaxyS25  
12477150670393993_1242588706,carousel,12/19/2024 3:00,235,4,#GalaxyS25  
26489030523638438_9834377583,carousel,11/24/2024 11:00,265,6,#GalaxyS25  
93227158551309717_0060447194,reel,2/6/2025 21:00,1688,41,#GalaxyS25  
79826304759182132_1695865528,carousel,2/15/2025 2:00,131,3,#GalaxyS25  
95926261289243730_6833096613,reel,12/7/2024 5:00,61,4,#GalaxyS25  
17230991687151233_5193198374,reel,1/14/2025 1:00,439,10,#GalaxyS25  
59069136334466349_6961111922,reel,12/27/2024 9:00,772,24,#GalaxyS25  
42380472822913484_1208940280,image,1/14/2025 4:00,201,2,#GalaxyS25  
03428398786103366_6610010783,reel,1/16/2025 20:00,337,13,#GalaxyS25  
21995667192484775_6877377671,reel,12/18/2024 1:00,159,4,#GalaxyS25  
68632389918581431_6985818116,image,1/15/2025 2:00,571,9,#GalaxyS25  
56305579113220734_0355675730,image,2/12/2025 23:00,133,3,#GalaxyS25  
60817939279771883_8072786250,carousel,2/15/2025 23:00,227,7,#GalaxyS25  
65247364549249356_8838743812,carousel,12/29/2024 14:00,415,0,#GalaxyS25  
60014651283513569_4087451152,reel,11/26/2024 20:00,110,1,#GalaxyS25  
47650385530716102_9700155748,carousel,11/29/2024 5:00,278,10,#GalaxyS25  
78460500668088648_3128139173,reel,1/18/2025 12:00,151,5,#GalaxyS25  
55522197807087284_2632974222,reel,2/12/2025 3:00,592,22,#GalaxyS25  
04126700446060013_9572687383,carousel,12/18/2024 14:00,513,18,#GalaxyS25  
72104245993961854_8568893851,image,1/31/2025 15:00,317,14,#GalaxyS25  
02346814009291651_5283269944,carousel,2/18/2025 10:00,368,9,#GalaxyS25  
02327139542698701_1480576566,carousel,12/8/2024 1:00,0,2,#GalaxyS25  
03431155199137720_8656390252,image,12/14/2024 18:00,63,3,#GalaxyS25  
70547301713823742_5679863104,reel,2/2/2025,199,4,#GalaxyS25  
81590487565522387_4387544540,image,12/26/2024 14:00,41,1,#GalaxyS25  
86118758798831204_6699518794,reel,12/13/2024 18:00,763,30,#GalaxyS25  
23549724532425236_9155966728,carousel,1/22/2025 23:00,44,1,#GalaxyS25  
05482173041477607_0668855984,carousel,1/15/2025 6:00,362,13,#GalaxyS25  
81567918913704034_4930052632,carousel,1/29/2025 22:00,29,0,#GalaxyS25  
27767913884637434_4876695835,reel,12/8/2024 16:00,82,1,#GalaxyS25  
98334989709349073_9588007687,carousel,12/8/2024 22:00,195,2,#GalaxyS25  
24436063719725325_4424413055,image,2/10/2025 20:00,101,3,#GalaxyS25  
76096164199792961_6522307780,image,1/8/2025 8:00,285,5,#GalaxyS25  
81890671313437716_4935817368,image,12/2/2024 21:00,508,12,#GalaxyS25  
39847469790199705_4139999294,image,12/12/2024 11:00,443,13,#GalaxyS25  
41500594300781707_0045110109,carousel,2/9/2025 18:00,0,11,#GalaxyS25  
49737954587024872_2972102867,carousel,2/3/2025 14:00,576,21,#GalaxyS25  
51658829993176990_6584208103,reel,12/8/2024 4:00,252,4,#GalaxyS25  
23984853979978186_1998115149,image,12/30/2024 21:00,616,21,#GalaxyS25  
67458767735424583_0731565483,image,1/7/2025 13:00,194,9,#GalaxyS25  
39504823490201298_3589743023,carousel,1/4/2025 21:00,788,22,#GalaxyS25  
95951221575781119_5798840301,carousel,1/6/2025 6:00,115,4,#GalaxyS25  
99356066568044899_8629168339,carousel,1/9/2025 13:00,49,1,#GalaxyS25  
10344033849547767_9360959455,carousel,12/19/2024 22:00,1043,25,#GalaxyS25  
22430849365054228_7431150298,carousel,2/12/2025 12:00,0,11,#GalaxyS25  
14474290830627289_6359876557,reel,12/8/2024 21:00,35,3,#GalaxyS25  
64738961331090482_0746147852,reel,11/27/2024 18:00,458,18,#GalaxyS25  
00605191257107887_1867839639,carousel,12/1/2024 14:00,58,2,#GalaxyS25  
87203607910971821_4343385181,carousel,2/18/2025 5:00,424,11,#GalaxyS25  
00242520013082789_6747546048,carousel,12/27/2024 17:00,142,5,#GalaxyS25  
92536607841749681_3595519386,image,12/19/2024,164,5,#GalaxyS25  
68152611166059199_1503371395,carousel,12/21/2024 3:00,277,5,#GalaxyS25  
92710606207874774_7190042240,carousel,1/21/2025 10:00,246,10,#GalaxyS25  
07097961913874810_4566968189,carousel,1/10/2025 22:00,174,4,#GalaxyS25  
36537986053294354_8888649141,image,12/30/2024 22:00,51,2,#GalaxyS25  
54656761693571126_2418918943,image,2/8/2025 3:00,288,6,#GalaxyS25  
84541978547474078_5953798479,carousel,1/15/2025 13:00,53,0,#GalaxyS25  
86093899301868310_7970588284,image,1/13/2025 7:00,860,21,#GalaxyS25  
79098443209949095_6087623434,carousel,11/26/2024 1:00,241,9,#GalaxyS25  
30936738566785774_1834585239,reel,12/7/2024 12:00,14,1,#GalaxyS25  
21736658419864357_5857770715,carousel,1/30/2025 17:00,370,15,#GalaxyS25  
58233034241158127_0060892097,image,12/31/2024 22:00,92,1,#GalaxyS25  
90885169191507060_9553163722,carousel,1/7/2025 20:00,118,0,#GalaxyS25  
82468995721200344_8694196268,image,12/17/2024 9:00,1384,49,#GalaxyS25  
37022500526673597_4245734646,carousel,12/18/2024 1:00,714,12,#GalaxyS25  
34432987133837031_8869332469,carousel,12/23/2024 6:00,167,0,#GalaxyS25  
39122930544141119_1551220690,image,12/4/2024 14:00,89,2,#GalaxyS25  
61420743451361446_0778303176,image,12/17/2024 5:00,565,21,#GalaxyS25  
91959103216250350_9051067965,image,12/15/2024 22:00,322,9,#GalaxyS25  
09372204160907456_4619066961,carousel,2/1/2025 15:00,695,14,#GalaxyS25  
92392754503135216_4053391937,reel,2/14/2025 6:00,86,0,#GalaxyS25  
42538666363626523_7885637367,reel,1/12/2025 3:00,1042,29,#GalaxyS25  
91344340637117870_1035188794,reel,2/16/2025 4:00,512,19,#GalaxyS25  
80268310771027582_5508735024,image,2/3/2025 14:00,111,3,#GalaxyS25  
93403217320851269_2835018294,carousel,11/24/2024 19:00,124,4,#GalaxyS25  
56693578641743879_9917133942,carousel,11/30/2024 23:00,207,4,#GalaxyS25  
28081833527025465_2384585405,carousel,2/7/2025 14:00,137,8,#GalaxyS25  
01550101657190913_0224013441,image,1/19/2025 16:00,29,2,#GalaxyS25  
21199693977570200_3894077781,carousel,12/25/2024 20:00,579,19,#GalaxyS25  
05348812186819070_3951610815,reel,12/5/2024 10:00,78,3,#GalaxyS25  
71450283108368035_0116592468,image,1/11/2025 12:00,89,3,#GalaxyS25  
84765658602895030_7827550068,image,12/16/2024 7:00,380,13,#GalaxyS25  
48295304496349666_6475139789,carousel,12/21/2024 20:00,837,22,#GalaxyS25  
70851445476285119_7912399518,reel,2/14/2025 22:00,38,1,#GalaxyS25  
97323362305771304_1227525480,image,11/26/2024 8:00,60,2,#GalaxyS25  
33253965216400128_1514162762,carousel,12/24/2024 20:00,60,3,#GalaxyS25  
60465175111738169_3924950375,reel,12/15/2024 18:00,258,10,#GalaxyS25  
05793042764171927_9144564675,carousel,1/15/2025 10:00,219,4,#GalaxyS25  
67494918125209201_8961565512,carousel,2/18/2025 18:00,472,13,#GalaxyS25  
82623865501444943_1758564467,reel,1/6/2025 10:00,789,24,#GalaxyS25  
96703705546483763_9184481664,reel,12/24/2024 4:00,618,0,#GalaxyS25  
60800226905311574_2681813637,image,12/16/2024 19:00,341,11,#GalaxyS25  
47093390501505518_0231414182,carousel,2/14/2025 6:00,217,12,#GalaxyS25  
90552017769183042_0550564673,carousel,1/9/2025 19:00,311,8,#GalaxyS25  
58599698104743138_2491448544,image,1/30/2025 13:00,222,9,#GalaxyS25  
30976780793407261_7048319031,carousel,11/30/2024 1:00,78,2,#GalaxyS25  
61127793772425491_4147891937,carousel,12/11/2024 17:00,173,7,#GalaxyS25  
18533509066211806_6147773966,carousel,12/26/2024 11:00,468,17,#GalaxyS25  
24263137966975672_7881884660,carousel,12/28/2024 14:00,205,3,#GalaxyS25  
77430583334815351_2170420022,carousel,1/27/2025 5:00,459,9,#GalaxyS25  
42821942600289038_5186401361,carousel,1/17/2025 21:00,139,1,#GalaxyS25  
89872204481360119_6695708308,reel,2/9/2025 8:00,217,11,#GalaxyS25  
41461333815807238_3800802943,carousel,12/12/2024 20:00,488,18,#GalaxyS25  
24319284199920758_6053318488,reel,2/6/2025 9:00,277,6,#GalaxyS25  
47179664904913286_8925919866,carousel,12/8/2024 18:00,558,19,#GalaxyS25  
55305862972972893_3443983661,image,12/18/2024 2:00,28,0,#GalaxyS25  
80814458130592518_5511497557,reel,11/25/2024 20:00,633,0,#GalaxyS25  
41053169250927848_3991611242,carousel,11/29/2024 16:00,128,4,#GalaxyS25  
23518134797483488_0538766329,carousel,12/3/2024 18:00,28,0,#GalaxyS25  
57665337779098239_3922027843,image,1/29/2025 13:00,657,17,#GalaxyS25  
80215250262652745_4261702668,image,12/31/2024 21:00,91,0,#GalaxyS25  
04993740425323283_5716346191,carousel,12/31/2024 8:00,130,6,#GalaxyS25  
07653167701763179_8419280636,reel,11/25/2024 15:00,142,9,#GalaxyS25  
45678921324933677_0944375677,image,2/9/2025 18:00,109,2,#GalaxyS25  
69811060720291635_4964752035,image,12/22/2024 13:00,98,3,#GalaxyS25  
81306536397352174_5426833669,reel,12/20/2024 17:00,69,2,#GalaxyS25  
05941942987325167_9884811350,image,1/21/2025 22:00,232,7,#GalaxyS25  
56627803783174900_2042870754,carousel,12/7/2024 15:00,593,10,#GalaxyS25  
72722627176547832_5402786648,carousel,1/30/2025 17:00,145,5,#GalaxyS25  
20232563390030918_2821354821,carousel,12/1/2024 1:00,308,12,#GalaxyS25  
80621988414358462_4826162219,carousel,12/6/2024 12:00,297,11,#GalaxyS25  
46299595813271314_1720197524,carousel,11/28/2024 23:00,125,7,#GalaxyS25  
88551294120465806_3403701445,carousel,11/26/2024 6:00,54,1,#GalaxyS25  
83168534211706071_0534615389,image,11/25/2024 12:00,86,1,#GalaxyS25  
81822053607030840_5213586014,reel,12/27/2024 10:00,92,3,#GalaxyS25  
71977559569515155_4588683945,image,12/26/2024 5:00,204,0,#GalaxyS25  
29387343704963748_4855063139,image,2/13/2025 1:00,517,16,#GalaxyS25  
59848510494012441_7150942480,reel,12/22/2024 19:00,103,2,#GalaxyS25  
84196806490432898_6956839041,carousel,12/10/2024 5:00,57,1,#GalaxyS25  
23967612094107479_6041581034,image,2/11/2025 8:00,2193,66,#GalaxyS25  
82578331797265936_4260556554,carousel,12/27/2024 22:00,52,0,#GalaxyS25  
58328616137814183_6137824280,image,1/21/2025 16:00,230,0,#GalaxyS25  
20105404130124269_2803362574,image,2/4/2025 19:00,224,7,#GalaxyS25  
18426507273173577_5803903893,carousel,1/11/2025 23:00,347,12,#GalaxyS25  
15170855536720829_6098348424,carousel,1/22/2025 19:00,85,1,#GalaxyS25  
74986175758400794_0488132548,carousel,12/14/2024 2:00,552,18,#GalaxyS25  
72715428383429880_6803353906,reel,12/24/2024 4:00,328,10,#GalaxyS25  
60720216767011667_5569691564,reel,2/7/2025 11:00,223,3,#GalaxyS25  
40306382425580829_2496718803,carousel,12/16/2024 1:00,141,9,#GalaxyS25  
72731346033077675_5873409786,carousel,2/21/2025 11:00,74,2,#GalaxyS25  
01523850981093108_0750397777,image,1/5/2025 9:00,152,3,#GalaxyS25  
07653865224548987_4621756184,carousel,12/29/2024 10:00,79,1,#GalaxyS25  
05939248584622898_9122583122,image,2/12/2025 8:00,299,16,#GalaxyS25  
42389892752404722_9123267739,carousel,2/10/2025 21:00,473,11,#GalaxyS25  
38601741326447761_3639000730,carousel,2/4/2025 22:00,519,10,#GalaxyS25  
71746930250781180_2137217912,reel,1/5/2025 3:00,42,1,#GalaxyS25  
50203841812674366_9181013657,carousel,12/29/2024 13:00,188,4,#GalaxyS25  
72218995993095157_4947508970,reel,1/15/2025 21:00,300,8,#GalaxyS25  
61399969890124442_6396574022,image,2/14/2025 2:00,390,10,#GalaxyS25  
42008777226718367_4335769942,carousel,2/7/2025 1:00,48,2,#GalaxyS25  
90961264027152218_7734793322,image,2/9/2025 13:00,126,6,#GalaxyS25  
97954468453944030_9459447130,image,2/3/2025 15:00,98,2,#GalaxyS25  
98836423021718188_8958608132,carousel,12/15/2024 2:00,310,12,#GalaxyS25  
35300285543207662_0987217803,reel,1/16/2025 20:00,271,9,#GalaxyS25  
63101453954631753_8975312564,reel,2/12/2025 20:00,63,4,#GalaxyS25  
18945456363846143_8179835998,carousel,12/5/2024 17:00,334,12,#GalaxyS25  
56271953593652471_3713820711,carousel,1/7/2025 4:00,1621,0,#GalaxyS25  
42977267408013395_9880903968,image,12/21/2024 23:00,115,1,#GalaxyS25  
11981266286031433_2676562109,carousel,1/1/2025 11:00,702,17,#GalaxyS25  
22537530632056658_4693384367,carousel,12/19/2024 4:00,219,7,#GalaxyS25  
65660949994093131_5937502131,reel,1/3/2025 3:00,56,3,#GalaxyS25  
10808817733471506_5896307296,carousel,12/27/2024 14:00,318,18,#GalaxyS25  
80324747496063119_0515028968,reel,1/30/2025 16:00,511,12,#GalaxyS25  
00691809707569517_8901353341,image,1/13/2025 8:00,41,1,#GalaxyS25  
28766454377569137_6112133924,reel,12/18/2024 5:00,40,0,#GalaxyS25  
74747297490268395_0939110760,image,12/9/2024 22:00,114,4,#GalaxyS25  
90005627972534566_9910553167,carousel,11/24/2024 6:00,56,2,#GalaxyS25  
30162578271123873_9406099046,image,1/26/2025 5:00,461,15,#GalaxyS25  
86104126581375346_8242924341,image,2/17/2025 16:00,512,17,#GalaxyS25  
58594523804067514_8598563849,carousel,12/24/2024 13:00,85,4,#GalaxyS25  
23058759670948888_0166220135,carousel,2/20/2025 11:00,56,1,#GalaxyS25  
90909370480491872_0503162684,image,2/20/2025 17:00,108,2,#GalaxyS25  
50492900152553544_1489616363,reel,1/5/2025 16:00,196,4,#GalaxyS25  
73850228248227635_7020584557,reel,12/26/2024 1:00,300,5,#GalaxyS25  
58627449354936559_8170909060,image,2/4/2025 20:00,2447,79,#GalaxyS25  
58438678491954556_6620191911,carousel,2/21/2025 6:00,116,4,#GalaxyS25  
66652657736614947_4086909662,carousel,1/18/2025 23:00,586,20,#GalaxyS25  
98633142209880116_5766143813,image,1/30/2025 3:00,1215,0,#GalaxyS25  
31933135132592973_8487658573,image,11/24/2024 1:00,402,15,#GalaxyS25  
72519920888758851_5412996255,image,1/3/2025 5:00,397,10,#GalaxyS25  
14709952713869621_3571161365,reel,12/14/2024 10:00,205,5,#GalaxyS25  
02161091304625088_7612658609,reel,12/28/2024 21:00,28,1,#GalaxyS25  
88750620237946175_2335215079,carousel,12/8/2024 19:00,91,3,#GalaxyS25  
21891703540670369_5346926868,image,2/10/2025 10:00,37,2,#GalaxyS25  
79600581485046624_1965251660,reel,12/17/2024 1:00,470,9,#GalaxyS25  
96464067641653447_1567396128,carousel,12/25/2024 9:00,541,11,#GalaxyS25  
51807912677116178_1048866416,carousel,11/27/2024,339,7,#GalaxyS25  
60051961627386793_2610199570,carousel,12/27/2024 8:00,75,2,#GalaxyS25  
99999162622738114_5437245176,image,11/29/2024 11:00,242,12,#GalaxyS25  
15056939725642663_4381263449,carousel,12/5/2024 13:00,145,7,#GalaxyS25  
99569753783759499_6378905128,image,1/29/2025 5:00,267,11,#GalaxyS25  
92788501850048284_7554408969,image,12/14/2024 14:00,517,14,#GalaxyS25  
56619879436617798_8385303988,image,11/28/2024 10:00,29,0,#GalaxyS25  
72244686564839593_0652137850,image,12/22/2024 18:00,204,6,#GalaxyS25  
88901474375263203_4981553382,image,1/12/2025 23:00,79,2,#GalaxyS25  
56798824823577485_7380719022,image,1/6/2025 8:00,140,5,#GalaxyS25  
13982659495183156_4886289730,image,2/18/2025,276,5,#GalaxyS25  
87844865650651309_4056682840,carousel,11/25/2024 19:00,90,2,#GalaxyS25  
67033254842887296_2619879202,image,1/15/2025 21:00,329,9,#GalaxyS25  
87273839628333401_4673361446,image,1/26/2025 5:00,436,12,#GalaxyS25  
84252618230146155_9306339966,carousel,12/16/2024 7:00,634,22,#GalaxyS25  
48952492550886961_1491779446,reel,1/29/2025 10:00,230,7,#GalaxyS25  
07848923737489147_9814348919,image,1/1/2025 8:00,190,5,#GalaxyS25  
36316580747217637_0036458640,reel,1/11/2025 17:00,386,18,#GalaxyS25  
16726711073604733_4634342559,image,2/1/2025 18:00,121,2,#GalaxyS25  
67523642506108054_4347900822,reel,1/11/2025,526,16,#GalaxyS25  
45164094756626334_0020422271,carousel,1/20/2025 18:00,795,25,#GalaxyS25  
77470150668827182_2252168811,reel,12/4/2024 4:00,295,9,#GalaxyS25  
65128021139090553_4537074221,reel,12/7/2024 7:00,140,3,#GalaxyS25  
41938102640995342_1364382467,image,2/18/2025 22:00,164,4,#GalaxyS25  
75387547197324073_9375083826,image,2/14/2025,171,4,#GalaxyS25  
11150978874079082_7630968567,reel,2/2/2025 14:00,744,0,#GalaxyS25  
28041100731535261_2526844461,carousel,1/29/2025 2:00,565,13,#GalaxyS25  
13726460303520809_5453190464,reel,2/11/2025 10:00,142,3,#GalaxyS25  
77271695779794410_7524794185,image,2/10/2025 7:00,133,7,#GalaxyS25  
29254225400786839_0646419693,reel,12/7/2024 19:00,76,3,#GalaxyS25  
86889987354595709_0266925667,image,1/3/2025 20:00,122,3,#GalaxyS25  
14364165531979521_0921157060,image,1/25/2025 4:00,124,2,#GalaxyS25  
57393097635928859_7645948177,image,12/10/2024 5:00,635,16,#GalaxyS25  
13606585669966565_9509080940,image,11/30/2024 4:00,202,2,#GalaxyS25  
55402749131054003_7212351149,image,1/4/2025 18:00,249,9,#GalaxyS25  
28190715413699589_7166888013,carousel,1/19/2025 4:00,494,17,#GalaxyS25  
93646553303612119_0450875597,carousel,2/6/2025 12:00,798,18,#GalaxyS25  
81268415711411560_2250815423,reel,11/29/2024 8:00,193,8,#GalaxyS25  
61314124429243562_0746087593,image,1/22/2025 11:00,47,3,#GalaxyS25  
03239902252819568_5707483828,carousel,12/13/2024 6:00,104,4,#GalaxyS25  
01704849419000328_6341386293,reel,12/14/2024 4:00,204,5,#GalaxyS25  
26102510371152469_6632986926,carousel,12/6/2024 19:00,160,7,#GalaxyS25  
47820986449160316_5183384703,carousel,2/8/2025 6:00,317,14,#GalaxyS25  
97647427772214786_2191236030,image,1/28/2025 19:00,196,10,#GalaxyS25  
39339727712549963_1665574093,carousel,1/5/2025 12:00,499,21,#GalaxyS25  
00877840498773418_5888774739,carousel,1/6/2025 12:00,339,8,#GalaxyS25  
88932809835317679_0185858567,carousel,2/16/2025 13:00,90,2,#GalaxyS25  
24813282185470958_6736859124,reel,1/23/2025 12:00,122,3,#GalaxyS25  
66283591444689480_2990838233,image,12/11/2024 13:00,57,0,#GalaxyS25  
77706965895994746_5291359184,image,2/7/2025 11:00,0,8,#GalaxyS25  
56047576621225839_2578089634,image,2/21/2025 3:00,203,3,#GalaxyS25  
01932977903223261_3286492021,carousel,1/17/2025 3:00,71,1,#GalaxyS25  
48909343476846674_9957316562,carousel,11/29/2024,97,3,#GalaxyS25  
02139954589255592_3516123190,image,1/19/2025 16:00,345,6,#GalaxyS25  
00929188115118194_3478209494,carousel,12/4/2024 12:00,145,2,#GalaxyS25  
69051707212165665_0988852084,carousel,12/8/2024 3:00,137,3,#GalaxyS25  
37703488829852470_0394395603,image,1/19/2025 18:00,171,9,#GalaxyS25  
98791072945325853_3619008284,carousel,12/12/2024 6:00,78,4,#GalaxyS25  
62318514434454021_3978916822,carousel,12/8/2024 20:00,351,10,#GalaxyS25  
98291940075404046_4679999473,carousel,12/2/2024 1:00,217,6,#GalaxyS25  
87221697478233908_6336975061,reel,1/19/2025 14:00,75,0,#GalaxyS25  
17041574231065299_3620968143,carousel,1/21/2025 10:00,76,1,#GalaxyS25  
57149762558227149_0732163932,reel,12/29/2024 16:00,265,13,#GalaxyS25  
41207170824961007_4388458203,reel,12/13/2024 13:00,51,1,#GalaxyS25  
12677641464354660_3080349911,image,1/31/2025 21:00,294,7,#GalaxyS25  
20426402397003123_7798617055,image,12/13/2024 12:00,237,7,#GalaxyS25  
49330256561459031_7623997493,reel,1/31/2025 10:00,655,16,#GalaxyS25  
74408584339612724_0690517696,carousel,12/9/2024 17:00,0,0,#GalaxyS25  
60238267003763389_4098936218,reel,12/3/2024 6:00,234,5,#GalaxyS25  
27918117200392730_0540135228,reel,1/4/2025 3:00,136,3,#GalaxyS25  
47304120527425637_6701669638,image,11/30/2024 22:00,152,3,#GalaxyS25  
91659140681567280_5796332207,carousel,2/14/2025 3:00,28,2,#GalaxyS25  
39161360627243059_3107464688,carousel,2/16/2025 15:00,210,7,#GalaxyS25  
27625210053053798_3594041626,carousel,2/1/2025 11:00,170,3,#GalaxyS25  
23656371404126479_3355169351,reel,1/11/2025 16:00,392,14,#GalaxyS25  
24891587089021787_3055129085,reel,12/11/2024 1:00,12,2,#GalaxyS25  
04745186958871766_2568554507,reel,12/9/2024 13:00,317,10,#GalaxyS25  
34520299071905413_2838987781,carousel,12/31/2024 10:00,427,13,#GalaxyS25  
98407092596588202_1418487015,carousel,12/4/2024 12:00,302,9,#GalaxyS25  
48255182429226241_5131615480,carousel,12/14/2024 20:00,80,2,#GalaxyS25  
15017774537383612_9988840573,carousel,1/5/2025 18:00,664,19,#GalaxyS25  
08143845917377114_0798096859,carousel,12/5/2024 15:00,85,3,#GalaxyS25  
06716127709138454_3077137872,image,1/29/2025 16:00,263,9,#GalaxyS25  
28056516577413110_0541272268,carousel,12/25/2024 1:00,405,12,#GalaxyS25  
82116239302827357_1884571786,reel,1/3/2025 20:00,385,16,#GalaxyS25  
05166054703729660_8822448254,image,12/16/2024 4:00,380,12,#GalaxyS25  
99283817194272688_0904974123,carousel,12/16/2024 15:00,473,14,#GalaxyS25  
69172964591853169_0223424370,carousel,1/31/2025 22:00,114,3,#GalaxyS25  
77131015922169441_7821104427,image,12/18/2024,195,3,#GalaxyS25  
06366888642555688_0888003823,carousel,2/18/2025 3:00,204,7,#GalaxyS25  
63809906175838785_9779164714,reel,12/12/2024 21:00,166,0,#GalaxyS25  
79727950746747239_7849826001,image,12/31/2024 12:00,290,4,#GalaxyS25  
96872613156888791_0685988488,reel,1/6/2025 19:00,140,1,#GalaxyS25  
60066523147837649_3066110261,reel,12/23/2024 10:00,210,9,#GalaxyS25  
92885560030198083_5835043184,carousel,1/29/2025 9:00,180,0,#GalaxyS25  
46323193061504385_5101738637,image,2/21/2025 16:00,153,1,#GalaxyS25  
44665908010009455_0738950477,reel,2/16/2025 4:00,147,0,#GalaxyS25  
30416700495612678_9543692540,reel,12/1/2024 20:00,243,5,#GalaxyS25  
82331935700861980_3856587550,image,1/28/2025 16:00,263,7,#GalaxyS25  
83011969925638872_4767813311,carousel,1/2/2025 21:00,88,1,#GalaxyS25  
38183779672201341_2294291418,reel,2/9/2025 20:00,262,5,#GalaxyS25  
61771027406426405_3356078908,reel,12/28/2024 7:00,474,10,#GalaxyS25  
86674506439588577_1533442787,image,2/16/2025 8:00,217,6,#GalaxyS25  
52804929077486723_4065932228,image,2/5/2025 19:00,109,2,#GalaxyS25  
96166340078536178_9112393625,carousel,12/6/2024 21:00,187,6,#GalaxyS25  
30181971510214325_0969899229,carousel,1/27/2025 20:00,29,2,#GalaxyS25  
48797347335055755_2590223779,reel,12/28/2024 4:00,124,3,#GalaxyS25  
26433833311701681_4511359142,image,12/9/2024 21:00,222,8,#GalaxyS25  
28427885373217149_3196474952,carousel,12/28/2024 21:00,118,1,#GalaxyS25  
94692435488284446_3278924198,carousel,2/7/2025 7:00,228,5,#GalaxyS25  
34121204805757949_6006808206,image,12/1/2024 16:00,60,1,#GalaxyS25  
78017377398711301_3645570746,reel,12/13/2024 5:00,147,4,#GalaxyS25  
25873637669663153_7626622673,carousel,12/12/2024 19:00,259,10,#GalaxyS25  
47906580360100710_2481211611,image,1/11/2025 12:00,367,15,#GalaxyS25  
56163593692836590_9308177453,carousel,12/1/2024 9:00,253,6,#GalaxyS25  
09096451567809514_2083158718,carousel,1/4/2025 4:00,80,2,#GalaxyS25  
16391057164200005_8302156271,carousel,2/15/2025 16:00,145,0,#GalaxyS25  
80271936989571065_2410650994,reel,1/17/2025 18:00,84,4,#GalaxyS25  
18645251294852353_8739372372,carousel,12/3/2024 6:00,58,3,#GalaxyS25  
48472196928784035_5304717225,carousel,2/6/2025 5:00,197,7,#GalaxyS25  
33885101802639157_9920064808,reel,1/27/2025 10:00,231,9,#GalaxyS25  
31443446126297823_9108880739,image,12/15/2024 11:00,207,6,#GalaxyS25  
69297935626508379_8338665104,reel,2/19/2025 22:00,299,10,#GalaxyS25  
51285761492904920_0607392370,reel,1/9/2025 15:00,94,3,#GalaxyS25  
36197514874820456_3593596970,carousel,12/14/2024 22:00,1193,38,#GalaxyS25  
25057568057518775_1460248558,carousel,2/18/2025 18:00,73,2,#GalaxyS25  
78880336577740094_3152098255,image,12/11/2024 4:00,37,0,#GalaxyS25  
86347305370938097_8182881779,reel,11/28/2024 2:00,150,4,#GalaxyS25  
02463886458534615_1889775312,reel,1/28/2025 2:00,344,9,#GalaxyS25  
93090154000844030_3174525047,carousel,2/20/2025 9:00,95,2,#GalaxyS25  
36822479537372330_0096608232,reel,12/22/2024 21:00,20,2,#GalaxyS25  
13569134590682721_5743501448,image,1/30/2025,0,0,#GalaxyS25  
52416011405814395_2894797452,carousel,12/2/2024 3:00,236,6,#GalaxyS25  
67935139192548395_6660838980,carousel,12/20/2024 2:00,1464,39,#GalaxyS25  
00449422574432618_3681403100,image,12/23/2024 5:00,81,2,#GalaxyS25  
61920704090293439_4503195205,image,1/2/2025 19:00,0,11,#GalaxyS25  
89412443384475299_7168278199,image,2/8/2025 21:00,324,9,#GalaxyS25  
17281902435459038_5043501310,image,12/19/2024 5:00,74,2,#GalaxyS25  
86489203059004774_9273860385,carousel,1/1/2025 17:00,115,2,#GalaxyS25  
44632057969139860_4466948025,image,1/22/2025 21:00,187,11,#GalaxyS25  
29559217141121316_6666437941,image,1/14/2025 3:00,183,0,#GalaxyS25  
91295966724772023_5177910148,carousel,11/29/2024 18:00,467,11,#GalaxyS25  
02269000131004449_8433286263,image,1/16/2025 12:00,236,10,#GalaxyS25  
23113322589816409_2867240116,image,2/8/2025 23:00,408,0,#GalaxyS25  
01859772400301721_6574923700,reel,1/3/2025 18:00,108,5,#GalaxyS25  
52012646886263868_7975717841,image,2/20/2025 6:00,545,11,#GalaxyS25  
99472636301469249_7460649993,carousel,11/24/2024 20:00,615,21,#GalaxyS25  
66779616238236115_3449496618,image,1/9/2025 2:00,79,3,#GalaxyS25  
02327389412279431_0807941338,image,12/3/2024 11:00,1198,28,#GalaxyS25  
43759566436119805_0127317540,image,11/25/2024 7:00,93,0,#GalaxyS25  
74201284320593842_6620265662,carousel,12/15/2024 2:00,0,0,#GalaxyS25  
39816773574291241_4438565563,carousel,12/10/2024 18:00,607,17,#GalaxyS25  
84485413282095606_1617021479,image,12/26/2024 6:00,83,5,#GalaxyS25  
77370779488478705_7635321240,carousel,1/22/2025 13:00,874,24,#GalaxyS25  
76048511953123848_4454621514,carousel,12/8/2024 5:00,36,0,#GalaxyS25  
93382902562160950_6227274215,reel,12/18/2024 3:00,530,14,#GalaxyS25  
50850800691497143_6701088673,carousel,12/17/2024,458,18,#GalaxyS25  
91261830970724066_7361095175,image,12/5/2024 8:00,82,1,#GalaxyS25  
28768064399442553_9766425028,image,1/19/2025 14:00,185,4,#GalaxyS25  
00579454265264679_6693219247,carousel,12/29/2024 21:00,53,1,#GalaxyS25  
13473226117413627_5233956200,reel,12/31/2024 19:00,44,4,#GalaxyS25  
99083335475693094_3818789352,carousel,2/15/2025 6:00,84,3,#GalaxyS25  
38305988700820316_5451376482,image,12/2/2024,397,11,#GalaxyS25  
55807946391525830_3689188139,reel,2/7/2025 21:00,770,18,#GalaxyS25  
56750645071660073_8130609587,reel,1/9/2025 7:00,77,3,#GalaxyS25  
05570994731228692_6257420247,image,1/13/2025 3:00,172,0,#GalaxyS25  
52727863102861596_2999464917,image,12/8/2024 9:00,213,8,#GalaxyS25  
73056939999781102_7870634507,carousel,12/5/2024 18:00,185,2,#GalaxyS25  
64516970545177321_6335442859,image,12/11/2024 7:00,200,9,#GalaxyS25  
86775201678132800_8178655133,carousel,2/11/2025 9:00,58,3,#GalaxyS25  
93340056720248898_9675551746,image,1/17/2025 1:00,119,5,#GalaxyS25  
62868545971146433_9899592747,image,2/7/2025 1:00,288,14,#GalaxyS25  
60535814544659300_3642382145,carousel,12/19/2024 18:00,256,5,#GalaxyS25  
47179721453981412_0909766449,image,11/27/2024 17:00,284,8,#GalaxyS25  
86229769118446020_2402907243,image,12/11/2024 9:00,208,6,#GalaxyS25  
84708069430454176_9760932629,carousel,2/6/2025 11:00,823,22,#GalaxyS25  
26282633533766618_0238976094,reel,12/10/2024 10:00,221,13,#GalaxyS25  
77121887368217002_9632781205,carousel,1/9/2025 6:00,98,2,#GalaxyS25  
21594175370231284_0561301622,image,12/24/2024 7:00,143,6,#GalaxyS25  
25900462084294626_9391777972,reel,12/28/2024 14:00,798,20,#GalaxyS25  
63002806807017539_1951590946,reel,12/13/2024 2:00,343,7,#GalaxyS25  
46630025668543730_5904394684,image,12/29/2024 21:00,219,9,#GalaxyS25  
51319489407661501_3457576724,image,12/15/2024 14:00,384,16,#GalaxyS25  
34029837269799149_3304966274,reel,11/28/2024 13:00,142,9,#GalaxyS25  
85528910597013329_8692288129,carousel,1/27/2025 16:00,52,2,#GalaxyS25  
18884028076535724_5273608427,carousel,12/21/2024 12:00,110,9,#GalaxyS25  
75067044315829527_9045937386,reel,1/1/2025 9:00,103,0,#GalaxyS25  
31828935009620899_3128298503,reel,1/29/2025 10:00,0,11,#GalaxyS25  
01465587199693689_3530845146,carousel,2/11/2025 1:00,311,12,#GalaxyS25  
17892270611903905_8784298842,image,2/2/2025 8:00,58,4,#GalaxyS25  
86511283943019736_5801723974,reel,1/1/2025 7:00,486,17,#GalaxyS25  
51614354665728139_8997061838,reel,2/12/2025 1:00,312,9,#GalaxyS25  
20863750244155002_7741093529,reel,12/16/2024 7:00,35,0,#GalaxyS25  
86884009282270055_4649228882,carousel,2/19/2025 23:00,111,1,#GalaxyS25  
51527681800925374_7373793647,reel,2/12/2025 3:00,239,6,#GalaxyS25  
49519110145732261_6431899035,reel,1/16/2025 4:00,279,9,#GalaxyS25  
67350923672611598_4818595150,carousel,1/30/2025 13:00,314,8,#GalaxyS25  
00002322624788424_3072669358,image,12/31/2024 11:00,374,15,#GalaxyS25  
53866710729494547_3207610075,carousel,1/29/2025 7:00,360,15,#GalaxyS25  
50983012010765432_3794067800,image,12/23/2024 5:00,101,2,#GalaxyS25  
67512594926335740_9396332159,carousel,1/5/2025 2:00,616,17,#GalaxyS25  
19143478863372199_2447318471,image,1/8/2025 22:00,286,11,#GalaxyS25  
46141062174335817_7447209162,image,12/20/2024 13:00,193,5,#GalaxyS25  
61695308795417892_9371535426,carousel,2/9/2025 18:00,15,0,#GalaxyS25  
33248782093082933_0997681365,carousel,1/22/2025 19:00,61,3,#GalaxyS25  
69271678689973425_2838172689,carousel,1/12/2025 8:00,236,5,#GalaxyS25  
83285833288555922_3513395681,reel,12/23/2024 6:00,445,10,#GalaxyS25  
45603749982162521_4444393047,carousel,12/11/2024 5:00,273,11,#GalaxyS25  
12046076125811321_3567914431,image,2/4/2025 12:00,465,16,#GalaxyS25  
50412830505028069_5769761401,image,1/26/2025 7:00,394,13,#GalaxyS25  
57048031209585571_1129230703,image,12/5/2024 19:00,43,0,#GalaxyS25  
88717550288237898_3080528783,carousel,1/26/2025 7:00,526,15,#GalaxyS25  
85712478508130371_4051829465,carousel,1/10/2025 19:00,79,0,#GalaxyS25  
51616994603542897_2955812929,image,2/21/2025 14:00,139,6,#GalaxyS25  
96631147740574743_6833932344,reel,1/27/2025 13:00,996,27,#GalaxyS25  
90746945994713651_6323067005,reel,2/3/2025 8:00,274,5,#GalaxyS25  
89389048901265454_9816132025,reel,12/6/2024 3:00,0,5,#GalaxyS25  
27536453483660048_5405144590,carousel,2/19/2025 1:00,214,4,#GalaxyS25  
16818251398718845_8093280545,carousel,12/7/2024 4:00,444,9,#GalaxyS25  
69422078951117358_2851007633,image,2/17/2025 5:00,167,8,#GalaxyS25  
08459465374159856_0745036578,reel,12/1/2024 17:00,724,37,#GalaxyS25  
31697670496246958_4868970535,carousel,12/22/2024,113,2,#GalaxyS25  
36553247120683559_1584075458,carousel,2/5/2025 8:00,177,7,#GalaxyS25  
03883053202808816_8568227815,image,1/27/2025 20:00,93,4,#GalaxyS25  
70432876721465723_9693579688,reel,1/4/2025 20:00,121,7,#GalaxyS25  
25583558275994938_4930188481,image,1/31/2025 17:00,585,21,#GalaxyS25  
19811146368257823_4684553758,carousel,2/21/2025 18:00,227,3,#GalaxyS25  
08251292639596574_2352790916,image,12/22/2024 18:00,385,13,#GalaxyS25  
95098739903845812_2065911306,reel,12/4/2024 21:00,314,15,#GalaxyS25  
88442924543930135_7128302068,carousel,12/17/2024 5:00,874,26,#GalaxyS25  
18031698428191758_7889461400,carousel,12/16/2024 21:00,446,16,#GalaxyS25  
97313223765841834_1735852804,reel,12/6/2024 18:00,348,11,#GalaxyS25  
85534798940797713_1618809197,image,12/28/2024 18:00,268,11,#GalaxyS25  
51379205560777767_9532097486,image,1/10/2025 7:00,336,12,#GalaxyS25  
96640480135977611_4144301450,image,1/16/2025 11:00,159,3,#GalaxyS25  
12340309055614280_5870610293,image,2/3/2025 3:00,142,7,#GalaxyS25  
34005772791269278_2294094286,image,12/21/2024 3:00,57,1,#GalaxyS25  
05597203890270195_4685238731,carousel,2/6/2025 14:00,312,16,#GalaxyS25  
14362487211132061_1618135834,reel,2/17/2025 18:00,110,4,#GalaxyS25  
50093581639444504_4432917464,carousel,2/2/2025 4:00,296,8,#GalaxyS25  
20891602731739467_7102139810,image,1/17/2025 8:00,0,5,#GalaxyS25  
30835799185264012_2769383620,image,2/14/2025 9:00,140,3,#GalaxyS25  
71200098086523334_0550829284,carousel,1/10/2025 2:00,212,7,#GalaxyS25  
07719091020055274_2396960591,reel,2/18/2025 23:00,36,2,#GalaxyS25  
26473007046949150_2959872196,image,12/31/2024 8:00,702,16,#GalaxyS25  
75078778272603195_6701379813,image,12/18/2024 23:00,50,1,#GalaxyS25  
34618154010693685_1397748675,carousel,2/8/2025 8:00,158,3,#GalaxyS25  
15667963644696213_3274118344,reel,1/13/2025 18:00,46,2,#GalaxyS25  
88189375071887841_2040339007,image,2/19/2025 12:00,1430,57,#GalaxyS25  
85559016886631285_6441833424,image,2/11/2025 14:00,44,3,#GalaxyS25  
65668486058579424_0862782660,image,2/21/2025 16:00,351,9,#GalaxyS25  
20839583553275277_2338953741,image,2/9/2025,76,2,#GalaxyS25  
38364919325666230_8656273635,reel,2/9/2025 4:00,201,9,#GalaxyS25  
84785217443988221_7042467762,image,1/19/2025 9:00,285,8,#GalaxyS25  
60430470238116849_6295389704,carousel,11/28/2024 12:00,129,6,#GalaxyS25  
08451199027153711_7268752099,carousel,1/11/2025 19:00,192,8,#GalaxyS25  
78230512370067232_5667669724,image,2/12/2025 17:00,300,7,#GalaxyS25  
85590689749088473_9134049421,carousel,12/21/2024 3:00,176,5,#GalaxyS25  
22152240928531056_1441498514,reel,1/6/2025 9:00,1397,48,#GalaxyS25  
60285103660576512_1557209771,carousel,12/4/2024 8:00,147,8,#GalaxyS25  
90419342126060824_4304240164,reel,1/16/2025 2:00,591,16,#GalaxyS25  
92330096969816306_2337088176,carousel,11/27/2024 23:00,210,5,#GalaxyS25  
70791177678100970_2101420843,reel,2/9/2025 19:00,123,3,#GalaxyS25  
07794695609853608_9222736037,image,1/9/2025 18:00,95,3,#GalaxyS25  
98788693381790270_4308482499,image,11/26/2024 7:00,173,4,#GalaxyS25  
55929660956519746_0097686829,carousel,2/9/2025 7:00,504,17,#GalaxyS25  
09981601459073189_5110593423,image,11/27/2024 2:00,56,1,#GalaxyS25  
29554038902538181_6298864978,image,1/22/2025 5:00,66,4,#GalaxyS25  
05557390210008951_1929352741,reel,12/12/2024 17:00,347,11,#GalaxyS25  
46138330347050250_6620108973,image,12/25/2024 2:00,196,6,#GalaxyS25  
33617983608668528_5555287211,image,12/18/2024 18:00,49,1,#GalaxyS25  
71285953912758471_6675323352,image,12/25/2024 17:00,182,2,#GalaxyS25  
92113619127784049_8474196117,carousel,1/24/2025 12:00,85,4,#GalaxyS25  
65431512701564104_1381860180,image,1/29/2025,25,0,#GalaxyS25  
26963165323405326_9380188456,reel,1/1/2025 5:00,35,0,#GalaxyS25  
99115700225235697_9205964816,carousel,1/19/2025 23:00,486,13,#GalaxyS25  
55898753738187143_3874457384,image,1/31/2025 18:00,57,2,#GalaxyS25  
45010899649106734_9577315214,image,1/25/2025 3:00,61,0,#GalaxyS25  
19458634641848964_5885407887,image,2/14/2025 15:00,263,0,#GalaxyS25  
18338367785855384_3454489984,reel,1/22/2025 1:00,68,3,#GalaxyS25  
61934691956290851_2364121354,carousel,12/17/2024 3:00,39,0,#GalaxyS25  
50864017565038023_5601997569,image,11/30/2024 19:00,344,10,#GalaxyS25  
95558327780703504_9605511338,image,12/7/2024 4:00,506,15,#GalaxyS25  
74947197339931607_0786317759,reel,2/9/2025 9:00,190,7,#GalaxyS25  
25672625679284054_7626983941,carousel,11/24/2024 20:00,92,6,#GalaxyS25  
90287067080133142_0109818603,image,1/15/2025 17:00,391,11,#GalaxyS25  
31813951470315785_7792762087,reel,1/18/2025 2:00,477,12,#GalaxyS25  
00260140435716232_6643178782,reel,12/1/2024 23:00,44,2,#GalaxyS25  
57389497098913830_9316076484,image,12/23/2024 22:00,875,30,#GalaxyS25  
66541773736534824_6832844856,carousel,2/20/2025 21:00,443,17,#GalaxyS25  
55475149831161051_6230258299,image,12/7/2024 4:00,255,6,#GalaxyS25  
54594586736936632_9257450155,carousel,2/7/2025 6:00,314,7,#GalaxyS25  
54670325895976787_5115420423,reel,1/29/2025 15:00,35,1,#GalaxyS25  
49390266877267855_5768273823,reel,11/25/2024 4:00,55,0,#GalaxyS25  
92796556960261267_3078599516,reel,1/31/2025 11:00,134,2,#GalaxyS25  
74357921149667277_6445681056,image,12/5/2024,44,0,#GalaxyS25  
22742883134114338_9929143389,carousel,1/27/2025 19:00,72,2,#GalaxyS25  
12443802817247492_8232718344,image,12/30/2024 19:00,90,4,#GalaxyS25  
98821890592445265_9964983627,carousel,11/28/2024 20:00,567,15,#GalaxyS25  
91253613741439774_5368560455,image,1/9/2025 11:00,365,15,#GalaxyS25  
61277708858322339_7926249465,reel,12/1/2024 1:00,215,6,#GalaxyS25  
28027951779000789_2997785386,reel,12/24/2024 12:00,152,4,#GalaxyS25  
12103697869696425_0946932387,image,12/31/2024 5:00,368,10,#GalaxyS25  
32556392068474562_9794497035,image,1/25/2025 14:00,129,3,#GalaxyS25  
54955752420677234_4745600087,reel,1/13/2025 22:00,272,3,#GalaxyS25  
56695872375397487_1904219283,carousel,12/17/2024 3:00,219,6,#GalaxyS25  
06759872938907744_3906701740,carousel,12/8/2024 20:00,427,8,#GalaxyS25  
86692753870208638_5365084869,reel,1/3/2025 22:00,131,2,#GalaxyS25  
39579317793700288_7780806588,image,11/27/2024 18:00,151,3,#GalaxyS25  
71295373351108791_2295257793,carousel,1/12/2025 18:00,239,8,#GalaxyS25  
38425970488568728_0626309455,carousel,2/13/2025 6:00,678,12,#GalaxyS25  
14457516326178703_8676301392,image,1/23/2025 21:00,101,4,#GalaxyS25  
59509443501689582_2017007720,carousel,1/27/2025,867,18,#GalaxyS25  
85619318483704623_1175384480,carousel,12/2/2024 19:00,917,29,#GalaxyS25  
00068326307817138_5914653014,reel,2/6/2025 1:00,306,8,#GalaxyS25  
37069293513281601_7151684718,carousel,1/23/2025 1:00,77,3,#GalaxyS25  
20336939404899431_2944488459,reel,1/14/2025 9:00,62,0,#GalaxyS25  
55115697963351863_5643462696,reel,1/8/2025 2:00,109,5,#GalaxyS25  
46855728954201309_0524895988,reel,2/18/2025 4:00,233,7,#GalaxyS25  
25713840486630650_2263922511,image,12/18/2024 6:00,236,9,#GalaxyS25  
33305910665142664_6591585481,reel,12/3/2024 1:00,139,7,#GalaxyS25  
30535329217242476_6407737760,reel,12/4/2024 2:00,0,8,#GalaxyS25  
02823775665098282_8968113053,image,12/2/2024,516,8,#GalaxyS25  
20644553642437594_2263767504,carousel,2/3/2025 1:00,336,17,#GalaxyS25  
17722381086182404_6108213303,image,1/21/2025 19:00,265,8,#GalaxyS25  
65722996927560212_3971814845,carousel,12/16/2024 5:00,153,3,#GalaxyS25  
60468696150571069_5094417389,carousel,2/17/2025 11:00,244,11,#GalaxyS25  
95299134434812365_9468209863,image,2/2/2025 2:00,174,4,#GalaxyS25  
01369841175491906_3679154417,reel,12/5/2024 9:00,89,2,#GalaxyS25  
96018176246623609_1587758208,image,1/4/2025 3:00,44,0,#GalaxyS25  
84892716259921805_0523922755,carousel,1/14/2025 2:00,252,4,#GalaxyS25  
81584565231570781_7898099690,image,12/20/2024 16:00,428,19,#GalaxyS25  
80884240742958805_4220794022,image,11/24/2024 21:00,301,6,#GalaxyS25  
08907671774773277_8027646016,reel,1/22/2025 2:00,474,0,#GalaxyS25  
86921858878008467_9675374900,image,12/25/2024 23:00,94,2,#GalaxyS25  
88392637869083566_2011986985,carousel,2/11/2025 21:00,161,2,#GalaxyS25  
01964892878496630_9092678536,carousel,2/6/2025 15:00,70,2,#GalaxyS25  
67848109058199831_7107563528,image,1/28/2025 18:00,65,2,#GalaxyS25  
38329242867566779_6814500963,reel,1/4/2025,197,9,#GalaxyS25  
18470685923881387_0720062593,reel,1/28/2025 4:00,242,10,#GalaxyS25  
23722899096184531_2245540722,carousel,1/2/2025 1:00,470,13,#GalaxyS25  
95584020025155658_2890734195,carousel,11/30/2024,1336,46,#GalaxyS25  
40700063680727424_8856956476,reel,2/14/2025 9:00,124,1,#GalaxyS25  
81450710111103855_1119348759,image,2/18/2025 14:00,716,26,#GalaxyS25  
65237986640310685_8577909231,image,12/30/2024 12:00,695,26,#GalaxyS25  
61194873001174087_6895980713,carousel,1/2/2025 10:00,168,7,#GalaxyS25  
88314771522955062_4471299936,carousel,2/18/2025 17:00,92,3,#GalaxyS25  
21485937650721896_4943172954,image,12/18/2024 13:00,184,3,#GalaxyS25  
28361006257679101_2667552541,reel,12/26/2024 3:00,53,2,#GalaxyS25  
52872064402976149_7936157076,carousel,1/26/2025 17:00,182,7,#GalaxyS25  
66256011037471074_5824160496,image,12/20/2024 19:00,154,6,#GalaxyS25  
72400376665753610_6808145741,image,1/13/2025 4:00,74,2,#GalaxyS25  
69897068451988175_7948196571,image,1/28/2025 16:00,657,16,#GalaxyS25  
88971955034494402_3209962974,carousel,1/15/2025 15:00,106,4,#GalaxyS25  
49220807062904173_2470774523,carousel,12/7/2024 11:00,152,2,#GalaxyS25  
40079636544267627_7048776203,carousel,2/12/2025,166,0,#GalaxyS25  
82759430282286441_4402885788,image,1/6/2025 17:00,49,2,#GalaxyS25  
99874675434717796_0872835444,reel,12/15/2024 14:00,1314,24,#GalaxyS25  
95747783943565170_7045046414,image,2/8/2025 7:00,203,9,#GalaxyS25  
45613357580546361_8281538905,reel,2/7/2025 2:00,771,23,#GalaxyS25  
60999374370982485_3000182338,reel,2/21/2025 16:00,870,21,#GalaxyS25  
01494771050287838_5864659813,image,12/2/2024 19:00,59,2,#GalaxyS25  
19839619741998619_4308490028,reel,12/20/2024 23:00,56,3,#GalaxyS25  
36071579494238673_5315622397,carousel,12/7/2024 11:00,43,1,#GalaxyS25  
18885885257697472_1717973389,carousel,1/5/2025 9:00,207,11,#GalaxyS25  
18197091242658558_4256545728,image,12/20/2024 7:00,149,5,#GalaxyS25  
15922992159597332_7377255669,image,1/23/2025 5:00,247,9,#GalaxyS25  
28803688207656470_6453687005,carousel,2/8/2025 4:00,195,4,#GalaxyS25  
66505054532513586_0783630019,carousel,1/30/2025 6:00,257,0,#GalaxyS25  
18993427378398978_5651999223,reel,12/25/2024 10:00,144,1,#GalaxyS25  
45970959786128278_8019908669,image,12/20/2024 11:00,30,0,#GalaxyS25  
29343741127347691_1550805026,reel,2/11/2025,195,5,#GalaxyS25  
46776382188397129_4737124796,reel,2/15/2025 15:00,163,6,#GalaxyS25  
64839697156985172_2760125386,reel,11/26/2024 11:00,273,8,#GalaxyS25  
87943673176399952_9742146450,reel,2/21/2025 9:00,85,1,#GalaxyS25  
55226768476926010_4020874038,image,2/14/2025 23:00,209,8,#GalaxyS25  
96445009720506832_2018264682,carousel,12/14/2024 20:00,465,14,#GalaxyS25  
60530295106261731_3090269856,carousel,12/1/2024 14:00,182,5,#GalaxyS25  
85983539412710675_1552385009,image,1/8/2025 8:00,273,6,#GalaxyS25  
81499249691125205_3422089048,reel,12/6/2024 16:00,763,21,#GalaxyS25  
08877192742762741_0614232831,carousel,1/11/2025 9:00,177,6,#GalaxyS25  
35433887278695525_3260237838,reel,1/11/2025 2:00,304,5,#GalaxyS25  
79560261283978412_8052814751,carousel,1/2/2025 15:00,496,0,#GalaxyS25  
98175302835789638_6820725009,carousel,12/10/2024 19:00,646,21,#GalaxyS25  
30633076465469529_9695879099,image,12/27/2024 3:00,351,10,#GalaxyS25  
63589210046043689_9118037357,image,1/2/2025 11:00,183,6,#GalaxyS25  
10214771908354276_3272936886,carousel,1/15/2025 10:00,186,6,#GalaxyS25  
40853600918939530_2914315364,carousel,1/24/2025 17:00,169,8,#GalaxyS25  
90071822191072266_1083209829,carousel,12/14/2024 1:00,248,12,#GalaxyS25  
17655888899048649_2722758799,carousel,12/3/2024 22:00,143,4,#GalaxyS25  
09742341006968868_7951806928,image,12/30/2024 23:00,132,3,#GalaxyS25  
51403548367877201_1770823775,reel,11/28/2024 17:00,34,1,#GalaxyS25  
31156464954917537_3486490857,reel,2/3/2025 10:00,397,11,#GalaxyS25  
90783598903817513_2568335558,reel,11/25/2024 5:00,95,2,#GalaxyS25  
74461518430992775_4170726078,image,2/4/2025 19:00,363,13,#GalaxyS25  
41701732640441678_4329054710,carousel,1/12/2025 21:00,608,19,#GalaxyS25  
09202460448657659_8267287737,image,1/4/2025 22:00,335,10,#GalaxyS25  
59248029385777834_6018494697,reel,12/23/2024 14:00,80,0,#GalaxyS25  
86453144002526724_5110267839,image,1/1/2025 21:00,754,21,#GalaxyS25  
61808836470042296_9965084082,image,12/2/2024 12:00,244,10,#GalaxyS25  
84603981827403645_3119452494,image,12/26/2024 8:00,173,4,#GalaxyS25  
99903124900361019_4906923800,image,2/10/2025 2:00,104,1,#GalaxyS25  
77391977839372588_6241332249,reel,1/18/2025 6:00,40,3,#GalaxyS25  
07878202299225348_8528780941,reel,1/18/2025 6:00,297,4,#GalaxyS25  
70181014665986494_1685372602,image,2/15/2025 12:00,52,2,#GalaxyS25  
67219541526640728_7644643485,carousel,12/5/2024 15:00,610,22,#GalaxyS25  
49632844932169648_6777543115,carousel,1/30/2025 11:00,141,4,#GalaxyS25  
98971169971541791_2370814803,reel,2/13/2025 2:00,65,2,#GalaxyS25  
62906114544935630_7529915735,reel,12/17/2024 11:00,174,4,#GalaxyS25  
20837696407379242_2753270364,image,12/17/2024 2:00,550,30,#GalaxyS25  
28429522947204555_3096801967,image,12/13/2024 23:00,403,8,#GalaxyS25  
16033933612979435_6860189782,image,2/1/2025 18:00,68,2,#GalaxyS25  
86575625436171450_5388938293,image,12/11/2024 22:00,311,19,#GalaxyS25  
20044505592732358_8992510355,carousel,2/16/2025 21:00,1078,25,#GalaxyS25  
46006002866538866_7767143952,image,2/13/2025 14:00,21,1,#GalaxyS25  
65769117688426031_0896964543,image,2/13/2025 11:00,165,4,#GalaxyS25  
77826179884503776_1798844961,reel,11/28/2024 9:00,357,6,#GalaxyS25  
83755344099783261_5862881989,image,1/8/2025 11:00,103,3,#GalaxyS25  
06119844078262347_7008368554,image,1/6/2025 22:00,186,5,#GalaxyS25  
62357678405098682_7213704432,image,12/3/2024 10:00,165,0,#GalaxyS25  
62235954966543272_2003200706,image,1/19/2025 23:00,212,5,#GalaxyS25  
89125981989890390_1341665203,reel,12/29/2024 17:00,424,18,#GalaxyS25  
37069313635169793_3820454837,image,12/20/2024 7:00,385,16,#GalaxyS25  
30340327545487035_8395030590,image,2/16/2025 6:00,680,13,#GalaxyS25  
35287855625069314_4058190367,carousel,12/6/2024 10:00,171,8,#GalaxyS25  
56221577120216333_3288698761,image,2/1/2025 18:00,202,8,#GalaxyS25  
52638872305300654_0607244972,reel,12/31/2024 20:00,35,0,#GalaxyS25  
58205933511310700_3080420657,image,1/9/2025 15:00,117,0,#GalaxyS25  
17238119543766300_6923231973,image,1/9/2025 14:00,240,10,#GalaxyS25  
96034665858772193_9740675021,carousel,1/7/2025 17:00,230,6,#GalaxyS25  
62017127049029749_5005550553,carousel,12/1/2024 3:00,49,1,#GalaxyS25  
51569555479289987_9087121792,image,12/26/2024 21:00,57,0,#GalaxyS25  
24621503445184455_2264659118,image,1/10/2025 9:00,127,3,#GalaxyS25  
96272795585050174_1671698506,reel,12/9/2024 9:00,153,4,#GalaxyS25  
80421794383259215_5168298621,carousel,1/19/2025 7:00,124,5,#GalaxyS25  
35991952676286757_4253268554,carousel,2/15/2025,261,9,#GalaxyS25  
36554952035922033_3150920552,image,12/6/2024 15:00,594,18,#GalaxyS25  
35758416446726970_8204991220,image,11/25/2024 19:00,566,13,#GalaxyS25  
91687268271216398_2664430635,image,1/2/2025 1:00,444,12,#GalaxyS25  
29634897061215064_0977907229,carousel,12/23/2024 10:00,320,7,#GalaxyS25  
66353782773815379_8753848372,carousel,1/16/2025 14:00,411,6,#GalaxyS25  
20812771572478667_7008005828,carousel,1/26/2025 12:00,298,7,#GalaxyS25  
72342748289892779_4742044037,carousel,1/21/2025 22:00,317,11,#GalaxyS25  
25371554019211447_9318670356,carousel,12/28/2024 2:00,174,5,#GalaxyS25  
55451460044118167_5747585900,image,1/16/2025 17:00,0,26,#GalaxyS25  
74875690950803908_1391027483,carousel,11/28/2024 17:00,110,2,#GalaxyS25  
08904297450164888_9572250935,image,12/24/2024 7:00,314,13,#GalaxyS25  
58432672388913170_3911282372,image,1/17/2025 17:00,88,2,#GalaxyS25  
88387556755800112_9863708361,reel,11/30/2024 13:00,337,10,#GalaxyS25  
69456125226201695_9952716315,image,12/19/2024 16:00,134,9,#GalaxyS25  
86023525633372923_6085773603,carousel,1/14/2025 20:00,456,13,#GalaxyS25  
15410754413155429_2613182548,image,12/24/2024 20:00,468,16,#GalaxyS25  
81692434449373947_0647901263,image,12/15/2024 21:00,175,2,#GalaxyS25  
58381009504977663_7227489825,image,12/10/2024 10:00,69,4,#GalaxyS25  
56751359928722072_4694000230,image,1/10/2025 14:00,230,5,#GalaxyS25  
75644054189056877_9789602234,carousel,2/1/2025 15:00,355,14,#GalaxyS25  
44692400043757803_2050301044,image,2/20/2025 3:00,129,4,#GalaxyS25  
72381004198684594_9563584955,carousel,12/13/2024 15:00,567,11,#GalaxyS25  
22910022225647143_0483763413,reel,2/3/2025 18:00,401,14,#GalaxyS25  
84771720876851251_5965280371,image,12/28/2024 21:00,589,24,#GalaxyS25  
01743267315655909_9579629916,image,2/5/2025 2:00,200,7,#GalaxyS25  
92030502907296771_4171516373,carousel,2/13/2025 4:00,649,13,#GalaxyS25  
15551315791696602_8478443966,carousel,12/27/2024 2:00,696,24,#GalaxyS25  
35523641793486774_1963962638,image,12/3/2024 1:00,149,3,#GalaxyS25  
36801583017158057_9126952925,image,1/4/2025 23:00,101,2,#GalaxyS25  
62152127140265671_1991787576,carousel,12/12/2024 22:00,163,3,#GalaxyS25  
56899307975556046_9066122577,carousel,12/9/2024 4:00,362,6,#GalaxyS25  
42384076074229487_3468918016,carousel,1/26/2025 22:00,123,1,#GalaxyS25  
14088516197310545_6181008822,reel,12/9/2024 22:00,28,2,#GalaxyS25  
89300808286318235_3758533433,image,12/22/2024 6:00,125,2,#GalaxyS25  
18876906289661388_8340869052,carousel,1/2/2025 8:00,744,18,#GalaxyS25  
80509927793029919_3595638954,carousel,12/2/2024 10:00,108,6,#GalaxyS25  
02648088859791561_5299300853,carousel,12/6/2024 18:00,360,8,#GalaxyS25  
58329561021356033_9912056509,reel,11/26/2024 7:00,91,0,#GalaxyS25  
41308319536408737_8695831445,reel,11/30/2024 13:00,32,0,#GalaxyS25  
62056851076240630_6119094470,carousel,11/26/2024 23:00,80,2,#GalaxyS25  
43714778930731825_9883173557,reel,2/14/2025 6:00,84,4,#GalaxyS25  
82251660606228801_0429569871,reel,1/9/2025 20:00,109,2,#GalaxyS25  
16282129527445238_8704720812,carousel,1/29/2025 15:00,121,1,#GalaxyS25  
88403037680391099_6520776786,reel,1/3/2025 7:00,261,10,#GalaxyS25  
91777353639047197_4509349985,image,2/5/2025 9:00,300,10,#GalaxyS25  
96688507288912192_8640304771,carousel,1/5/2025 7:00,140,1,#GalaxyS25  
63260861206817952_5584902480,carousel,2/6/2025 15:00,776,21,#GalaxyS25  
68756270028723297_4076569810,carousel,2/12/2025 22:00,497,18,#GalaxyS25  
83941446051570621_6015254681,carousel,12/8/2024 21:00,137,3,#GalaxyS25  
50526791936748829_4068408430,reel,1/1/2025 10:00,464,4,#GalaxyS25  
04351898960509233_8351384805,image,1/4/2025 14:00,181,4,#GalaxyS25  
64216498958354931_9670582594,image,12/5/2024 13:00,91,0,#GalaxyS25  
29058783108769806_3966156352,image,12/5/2024 14:00,164,3,#GalaxyS25  
37990789716429875_8055789027,image,1/27/2025 12:00,177,6,#GalaxyS25  
82445444586379953_7723090525,reel,2/12/2025 13:00,51,2,#GalaxyS25  
59127244567825738_8168206360,image,2/12/2025 2:00,226,6,#GalaxyS25  
00611698794283080_7821694322,image,1/2/2025 21:00,48,1,#GalaxyS25  
17511324831081828_5762530611,image,12/25/2024 9:00,44,0,#GalaxyS25  
50264138630525522_1762996756,image,1/27/2025 10:00,51,1,#GalaxyS25  
80520451495317236_2739734165,image,1/20/2025 14:00,646,14,#GalaxyS25  
47972956190638229_0605510635,carousel,1/31/2025 17:00,310,14,#GalaxyS25  
34653249609898080_7170180029,carousel,1/16/2025 16:00,389,5,#GalaxyS25  
53645352800316939_3629900176,image,12/19/2024 23:00,101,1,#GalaxyS25  
02629536443638255_7763482585,image,12/10/2024 9:00,64,1,#GalaxyS25  
73052750490911988_4564459936,image,1/13/2025 16:00,144,4,#GalaxyS25  
92104325356823983_3425241742,image,12/21/2024 19:00,216,0,#GalaxyS25  
62781210375118709_0443990817,carousel,1/31/2025 23:00,194,6,#GalaxyS25  
36716528489677306_4387136225,reel,12/6/2024 21:00,45,2,#GalaxyS25  
17081976063051168_9684681200,reel,1/15/2025 2:00,944,27,#GalaxyS25  
93141264314426938_8354285702,image,1/27/2025 19:00,96,4,#GalaxyS25  
21591769521829498_6815139816,carousel,2/6/2025 19:00,291,9,#GalaxyS25  
84645102614246912_2007976539,image,12/4/2024 10:00,324,9,#GalaxyS25  
44691302201811227_8696551042,carousel,1/3/2025 6:00,298,10,#GalaxyS25  
36389646503667634_9088861414,carousel,2/3/2025,303,6,#GalaxyS25  
55326826753797728_2997325179,reel,1/25/2025 3:00,225,12,#GalaxyS25  
25701178202075407_9372530106,carousel,1/20/2025 10:00,368,5,#GalaxyS25  
70840877816161670_0681656177,carousel,2/9/2025 21:00,112,3,#GalaxyS25  
65158063214191198_4317536271,carousel,12/13/2024 18:00,309,11,#GalaxyS25  
84171713428150319_0172395135,carousel,2/10/2025 8:00,130,4,#GalaxyS25  
95007333491317484_6137861442,reel,1/23/2025 19:00,335,10,#GalaxyS25  
68176359571254928_7475468561,image,12/21/2024 10:00,40,0,#GalaxyS25  
93063513470712245_3655008115,carousel,2/21/2025 10:00,221,9,#GalaxyS25  
23062513858538811_3125932415,image,12/12/2024 19:00,164,5,#GalaxyS25  
35794086745620555_1504891196,image,2/7/2025 6:00,152,2,#GalaxyS25  
96589689825260402_1571711259,image,1/18/2025,161,2,#GalaxyS25  
76227787702643483_0082065172,reel,11/29/2024 21:00,219,7,#GalaxyS25  
13020640889003170_3783552498,image,1/27/2025 18:00,127,0,#GalaxyS25  
52192282013323506_4216702513,carousel,1/10/2025 19:00,560,10,#GalaxyS25  
71892844580506677_8892659554,image,1/14/2025 9:00,136,0,#GalaxyS25  
09944340030438593_8629701183,reel,2/1/2025 14:00,184,4,#GalaxyS25  
23121356842748090_7401690845,carousel,12/14/2024 19:00,294,0,#GalaxyS25  
51193187861798561_9493782261,carousel,12/10/2024 15:00,87,2,#GalaxyS25  
04419801320889197_1502895086,image,2/1/2025 15:00,88,1,#GalaxyS25  
79860249138153426_3437562729,reel,2/17/2025 15:00,187,8,#GalaxyS25  
78420662573884535_0786337429,carousel,12/7/2024 19:00,1349,42,#GalaxyS25  
22376877844177123_2827300692,carousel,1/10/2025 22:00,388,11,#GalaxyS25  
99601825770171464_4706110650,carousel,12/10/2024 3:00,426,12,#GalaxyS25  
15734148007351696_4665667684,carousel,2/4/2025 21:00,360,11,#GalaxyS25  
21172159696191582_0037587650,carousel,1/11/2025 21:00,194,6,#GalaxyS25  
55916088463671946_4837669212,reel,2/4/2025 9:00,135,2,#GalaxyS25  
58491331899614578_6429286360,image,1/20/2025 7:00,48,1,#GalaxyS25  
72230759615116272_8392001075,image,12/3/2024 4:00,150,3,#GalaxyS25  
42357498305146079_6779425327,image,12/24/2024 7:00,149,6,#GalaxyS25  
54206957830764821_3372422945,carousel,11/26/2024 18:00,97,0,#GalaxyS25  
34933056744927271_4020762372,image,1/21/2025 14:00,357,17,#GalaxyS25  
52242742730155006_7732565152,image,1/4/2025,538,25,#GalaxyS25  
97999948481144009_3018449457,carousel,1/16/2025 11:00,61,1,#GalaxyS25  
86091108418842010_8908848510,image,12/8/2024 9:00,144,4,#GalaxyS25  
82190777148762565_2551435398,image,1/10/2025 12:00,348,9,#GalaxyS25  
62104546698296219_0966418045,image,11/30/2024 12:00,55,1,#GalaxyS25  
15721937922179396_1000732258,image,12/24/2024,811,25,#GalaxyS25  
96351114821729247_7902947544,carousel,1/28/2025 11:00,114,2,#GalaxyS25  
36773331827102572_8973327134,reel,2/7/2025 18:00,219,6,#GalaxyS25  
65409809723092331_3102675714,reel,1/30/2025 6:00,110,4,#GalaxyS25  
80540732550736540_0812912005,carousel,12/15/2024 8:00,181,2,#GalaxyS25  
77008436228322714_0757694731,image,12/23/2024 5:00,0,16,#GalaxyS25  
72290722484768523_5382050982,reel,2/5/2025 19:00,67,3,#GalaxyS25  
51639315705483378_1446306505,image,2/6/2025 23:00,870,24,#GalaxyS25  
23963418248529595_8881163716,reel,12/28/2024 23:00,1177,32,#GalaxyS25  
17970100675007592_7949275847,image,12/31/2024 20:00,141,7,#GalaxyS25  
19703421833848813_2768847673,carousel,1/12/2025 15:00,390,6,#GalaxyS25  
51808785318324224_9351636893,reel,12/11/2024 3:00,60,4,#GalaxyS25  
45139191350018260_4876018703,image,1/20/2025 14:00,182,7,#GalaxyS25  
15906297515036747_9488526619,image,2/1/2025 14:00,232,5,#GalaxyS25  
12102195451889721_0617816732,image,2/16/2025 15:00,133,6,#GalaxyS25  
73270023504867724_7374909539,image,12/26/2024 16:00,0,14,#GalaxyS25  
86623360389522772_9523834626,image,1/2/2025 16:00,106,4,#GalaxyS25  
01264656677595103_0291280435,reel,1/7/2025 17:00,514,17,#GalaxyS25  
58881103258319824_3304175940,carousel,12/1/2024 5:00,166,4,#GalaxyS25  
39596769462795736_2074846407,carousel,2/2/2025 9:00,197,4,#GalaxyS25  
85520750894167521_0278621325,reel,2/3/2025 15:00,231,6,#GalaxyS25  
10471613905954858_6996258524,reel,1/29/2025 8:00,132,6,#GalaxyS25  
56316566748414013_2244334062,image,1/2/2025 18:00,148,5,#GalaxyS25  
44894397466119714_7628087685,reel,2/18/2025 6:00,323,11,#GalaxyS25  
71504745454687053_1909614553,carousel,11/25/2024 10:00,21,0,#GalaxyS25  
13997719030273008_5469742124,carousel,12/29/2024 1:00,54,0,#GalaxyS25  
14028567677032313_4634719060,carousel,2/6/2025 20:00,107,1,#GalaxyS25  
45521511660988301_3122771245,reel,12/17/2024 12:00,254,10,#GalaxyS25  
95863132782008017_1595712186,image,12/15/2024 16:00,137,3,#GalaxyS25  
80818325161241345_5904140494,image,2/21/2025 9:00,58,2,#GalaxyS25  
24839738046280271_9275093911,carousel,1/28/2025 16:00,140,0,#GalaxyS25  
20812283385745812_7468616900,reel,12/6/2024,234,8,#GalaxyS25  
85752407080259345_8346665252,reel,2/10/2025 9:00,264,10,#GalaxyS25  
36131689558721412_4321928920,reel,1/12/2025 6:00,631,29,#GalaxyS25  
90875077352270712_8362566246,image,2/1/2025 15:00,567,18,#GalaxyS25  
66571587248788041_2289313846,image,12/20/2024 9:00,0,10,#GalaxyS25  
09035909276595488_1759231488,image,1/10/2025 8:00,194,7,#GalaxyS25  
04700894283987902_3463654651,carousel,1/12/2025 4:00,39,2,#GalaxyS25  
67139185888127984_2219875124,image,12/16/2024,541,15,#GalaxyS25  
81099861569858826_8293915018,carousel,2/3/2025 7:00,149,5,#GalaxyS25  
12345782767313685_1748814424,reel,12/29/2024 5:00,517,19,#GalaxyS25  
62919533410762019_0480543152,image,1/7/2025 18:00,157,5,#GalaxyS25  
38691317663615791_1551227284,image,1/23/2025 8:00,162,2,#GalaxyS25  
98439571052437092_0203288835,image,2/6/2025 13:00,1469,41,#GalaxyS25  
67356597340186408_3366123556,reel,11/25/2024 8:00,61,0,#GalaxyS25  
79611842993569210_6279556284,carousel,2/3/2025 8:00,66,0,#GalaxyS25  
38552492550823812_8933069512,image,12/2/2024 12:00,259,13,#GalaxyS25  
78962066049631337_0285132177,image,1/1/2025 9:00,269,4,#GalaxyS25  
72781109230419829_0989148966,carousel,1/27/2025 19:00,79,2,#GalaxyS25  
34070901992009029_4192834565,carousel,12/10/2024 8:00,88,1,#GalaxyS25  
04456361157199891_8639576442,image,11/27/2024 15:00,171,6,#GalaxyS25  
94216298076492331_8880175393,image,12/2/2024 18:00,113,0,#GalaxyS25  
80473140208425649_4006423008,image,1/31/2025 18:00,590,19,#GalaxyS25  
33602930279554353_5381583929,image,2/12/2025 5:00,750,22,#GalaxyS25  
29162614404228684_1440037135,carousel,1/16/2025 11:00,159,5,#GalaxyS25  
39936578247880441_1058732913,carousel,12/12/2024 10:00,143,2,#GalaxyS25  
34462860418310886_2670522777,carousel,1/24/2025,92,5,#GalaxyS25  
73915709423116970_0874330710,image,1/24/2025 18:00,240,1,#GalaxyS25  
20185161659116361_8633441898,carousel,1/8/2025,232,4,#GalaxyS25  
24278311851440805_7040697085,image,1/16/2025 23:00,145,4,#GalaxyS25  
78499555864142696_0929428458,image,2/5/2025 14:00,114,1,#GalaxyS25  
26910992575355981_2362076654,reel,1/11/2025 17:00,536,20,#GalaxyS25  
86068923201960121_6886791086,image,2/15/2025 10:00,279,6,#GalaxyS25  
35600405404042806_5182447757,image,12/6/2024 11:00,149,8,#GalaxyS25  
84352983718488088_1904095398,reel,2/16/2025 4:00,292,9,#GalaxyS25  
26802628266162041_0717454422,carousel,2/18/2025 14:00,44,1,#GalaxyS25  
88112924896656994_5893540588,carousel,2/7/2025 5:00,224,6,#GalaxyS25  
94670847543830749_6556902718,carousel,2/14/2025 2:00,176,9,#GalaxyS25  
31327515864127562_7383117661,carousel,12/9/2024 8:00,44,0,#GalaxyS25  
09611885011384503_7329129433,image,2/1/2025 4:00,59,2,#GalaxyS25  
77881435141119633_0128679814,image,12/1/2024 11:00,458,14,#GalaxyS25  
37806775631756011_4502971590,image,1/27/2025 17:00,0,2,#GalaxyS25  
83631643139648982_9752508970,image,1/29/2025 22:00,813,12,#GalaxyS25  
66380357672177044_8355729119,image,2/2/2025 4:00,324,11,#GalaxyS25  
09953656335946173_0534045908,carousel,12/21/2024 19:00,73,2,#GalaxyS25  
87683784529388511_0887113697,reel,1/11/2025 7:00,143,3,#GalaxyS25  
95265590729834519_6489358313,carousel,12/31/2024 12:00,338,8,#GalaxyS25  
47770923665818656_7350286155,carousel,1/11/2025 5:00,87,0,#GalaxyS25  
83534022191004014_2487775973,carousel,2/17/2025,108,4,#GalaxyS25  
36318022127675217_6249848848,carousel,12/21/2024 4:00,132,7,#GalaxyS25  
86308288873932573_8759656006,carousel,12/29/2024 9:00,369,7,#GalaxyS25  
60922649216696741_2099228689,image,12/3/2024 11:00,1208,30,#GalaxyS25  
15508003435018075_6528512941,carousel,1/3/2025 12:00,251,6,#GalaxyS25  
88990051511367453_4879695288,reel,1/25/2025 14:00,1263,30,#GalaxyS25  
60219559889264779_2476140351,carousel,2/8/2025 9:00,149,1,#GalaxyS25  
48991575352784921_5757633382,image,12/19/2024 10:00,141,0,#GalaxyS25  
87117169122818214_0404219854,image,1/7/2025 10:00,204,5,#GalaxyS25  
92558889435934288_8774017777,image,1/23/2025 19:00,81,4,#GalaxyS25  
97560635093234074_1493657400,image,11/24/2024 15:00,170,9,#GalaxyS25  
00768160112142935_4822919177,image,2/7/2025,250,11,#GalaxyS25  
48146295867874386_9751513265,image,1/30/2025 7:00,295,8,#GalaxyS25  
97929408995812131_7632335261,carousel,12/30/2024 7:00,215,5,#GalaxyS25  
79816224987354900_7668639419,carousel,1/14/2025,335,7,#GalaxyS25  
30638167073442527_0535176992,image,2/13/2025 15:00,629,20,#GalaxyS25  
74075473322903734_5167830171,image,1/13/2025 22:00,164,2,#GalaxyS25  
04935647780029438_0755885029,image,12/21/2024 3:00,237,11,#GalaxyS25  
99568046409685213_8220138857,image,2/21/2025 22:00,454,21,#GalaxyS25  
20358711158184652_3462268974,carousel,1/5/2025 10:00,644,18,#GalaxyS25  
79281136948193398_5953882064,image,1/9/2025 2:00,380,11,#GalaxyS25  
48704448612728520_9308812735,carousel,2/18/2025 17:00,121,4,#GalaxyS25  
97680463502130473_5266670760,carousel,1/13/2025 16:00,766,26,#GalaxyS25  
33525715915239255_8662897225,carousel,2/19/2025 11:00,903,0,#GalaxyS25  
99803759510511282_9464753722,image,1/2/2025 10:00,212,3,#GalaxyS25  
76227999383661022_4859247499,carousel,1/25/2025 22:00,207,6,#GalaxyS25  
51448756356082859_0291583510,carousel,1/31/2025 14:00,643,21,#GalaxyS25  
13460234644054411_5593271305,image,1/28/2025 22:00,199,6,#GalaxyS25  
22692241319759893_8190523386,carousel,1/3/2025 2:00,183,8,#GalaxyS25  
68805915952856600_8678915311,carousel,1/31/2025 21:00,1930,52,#GalaxyS25  
34716070542249897_1832847950,image,2/21/2025 23:00,103,1,#GalaxyS25  
98844949766070363_8891354365,reel,12/19/2024 17:00,110,2,#GalaxyS25  
41932400248298859_8769159217,reel,2/10/2025 11:00,108,3,#GalaxyS25  
14902831147852749_7482778233,image,11/29/2024 19:00,196,3,#GalaxyS25  
38600610922331540_8838235620,reel,12/15/2024 7:00,321,0,#GalaxyS25  
98252665096961440_6122595158,image,2/4/2025 11:00,194,7,#GalaxyS25  
60321925271323139_6554582610,carousel,1/25/2025 14:00,1545,45,#GalaxyS25  
83640195474645654_4818928756,carousel,12/25/2024 19:00,173,3,#GalaxyS25  
59753894025440349_3976723503,reel,2/19/2025 17:00,134,2,#GalaxyS25  
09369209158357767_0165333150,image,1/21/2025,215,5,#GalaxyS25  
74242908478193054_6255035537,image,1/28/2025 5:00,108,4,#GalaxyS25  
63187364646954121_7262464758,image,2/1/2025 3:00,75,2,#GalaxyS25  
53296145895172421_7428510626,image,12/17/2024 10:00,70,1,#GalaxyS25  
45754671645583129_8540377036,image,2/3/2025 11:00,230,5,#GalaxyS25  
09130966424882753_8003187182,image,12/15/2024 12:00,720,27,#GalaxyS25  
44825846922821436_7599873705,reel,12/10/2024 17:00,0,13,#GalaxyS25  
21024859183594959_6638428215,carousel,12/15/2024 15:00,41,0,#GalaxyS25  
88118766868907294_8243452821,image,12/16/2024 15:00,60,3,#GalaxyS25  
76982101292083934_0179331443,reel,1/2/2025 12:00,476,9,#GalaxyS25  
03852010173547617_2550247483,carousel,1/12/2025 15:00,23,0,#GalaxyS25  
64479462370156166_7053984817,carousel,2/1/2025 14:00,219,8,#GalaxyS25  
88524465298975068_6726837113,carousel,1/20/2025 3:00,192,9,#GalaxyS25  
58429043571362617_3317935645,image,1/27/2025 15:00,605,21,#GalaxyS25  
17649284173788035_9566538448,image,1/27/2025 16:00,424,8,#GalaxyS25  
51482049088631261_2669508793,reel,12/12/2024 10:00,151,2,#GalaxyS25  
22983213282227404_7422813787,image,2/4/2025 11:00,352,7,#GalaxyS25  
81803003686958947_0364272682,reel,1/29/2025 8:00,46,1,#GalaxyS25  
52179698100798742_5510006723,image,1/3/2025 6:00,545,23,#GalaxyS25  
75252283121931293_5858624759,carousel,12/4/2024 2:00,81,1,#GalaxyS25  
71030614294630392_7063186156,reel,1/29/2025 14:00,380,11,#GalaxyS25  
10180077034572938_1764433378,carousel,1/11/2025 13:00,153,4,#GalaxyS25  
84994662012040163_3314188052,image,12/24/2024 7:00,192,6,#GalaxyS25  
23857314439007878_7439543776,reel,2/6/2025 22:00,136,7,#GalaxyS25  
42779419926184668_7128388762,image,12/22/2024 7:00,145,4,#GalaxyS25  
87398769745130351_7016915548,carousel,12/22/2024 8:00,265,4,#GalaxyS25  
56622996030946430_6691623429,carousel,2/2/2025 23:00,177,6,#GalaxyS25  
58657652307624939_7019670041,carousel,2/18/2025 20:00,150,4,#GalaxyS25  
15085381153385022_7060290820,image,1/18/2025 11:00,165,3,#GalaxyS25  
96418189966439575_6411880548,carousel,1/3/2025 21:00,104,2,#GalaxyS25  
47752878579890941_3426615149,reel,2/16/2025 17:00,73,0,#GalaxyS25  
22044986044030070_4445033986,carousel,12/30/2024 4:00,160,3,#GalaxyS25  
18657445071836456_6218824216,reel,1/14/2025 5:00,223,4,#GalaxyS25  
92929427725888076_1750578235,image,11/24/2024 3:00,277,14,#GalaxyS25  
32622849156759584_9962582543,image,12/23/2024 5:00,388,12,#GalaxyS25  
35345014896603017_0325941423,carousel,1/30/2025 20:00,155,5,#GalaxyS25  
60419840345207083_6941965859,reel,1/12/2025 8:00,36,1,#GalaxyS25  
35484792343896510_5156082871,image,1/23/2025 19:00,70,3,#GalaxyS25  
23214615144867503_7945146231,carousel,2/12/2025 4:00,75,3,#GalaxyS25  
41315637839356913_0553973236,image,2/17/2025 11:00,429,16,#GalaxyS25  
25449210097036414_9301677326,carousel,1/30/2025 22:00,48,2,#GalaxyS25  
41580163966620401_6691426351,carousel,12/3/2024 17:00,779,19,#GalaxyS25  
53491938671451342_8434070711,reel,1/13/2025 23:00,209,4,#GalaxyS25  
63213368761068657_6656434110,reel,11/30/2024 5:00,135,7,#GalaxyS25  
10616510957745804_3593534180,carousel,1/9/2025 5:00,63,0,#GalaxyS25  
42043394119045111_8561554461,image,1/15/2025 5:00,0,1,#GalaxyS25  
85896409524988761_8660723997,carousel,1/17/2025 8:00,224,4,#GalaxyS25  
88116147056825607_2471586471,image,11/26/2024 11:00,201,3,#GalaxyS25  
30440609122209600_2726056155,reel,1/31/2025 18:00,743,22,#GalaxyS25  
18331340877413116_2285170162,carousel,2/11/2025 20:00,372,14,#GalaxyS25  
68397797738907400_4917861116,carousel,11/29/2024 14:00,112,4,#GalaxyS25  
90340857526460530_2443526567,carousel,12/2/2024 11:00,369,9,#GalaxyS25  
77237566874214346_8514120197,carousel,1/11/2025 11:00,267,6,#GalaxyS25  
75005099198854586_1967079922,carousel,2/20/2025 5:00,401,15,#GalaxyS25  
02877495018045609_5962438426,image,2/3/2025 4:00,361,8,#GalaxyS25  
21714331284454116_6593069952,reel,12/25/2024 8:00,1359,42,#GalaxyS25  
55143147456657224_9969079445,reel,12/21/2024 1:00,161,5,#GalaxyS25  
33915687571440193_5239494957,carousel,12/5/2024 12:00,133,1,#GalaxyS25  
74335860132965547_0779868389,image,2/13/2025 16:00,398,17,#GalaxyS25  
60737619492179228_9081029823,image,12/21/2024 4:00,129,8,#GalaxyS25  
64643698497116186_6402759593,reel,2/11/2025 7:00,121,1,#GalaxyS25  
23823381976463860_1055489308,image,2/15/2025 11:00,107,0,#GalaxyS25  
41751191198603034_6396312545,carousel,11/25/2024 22:00,345,13,#GalaxyS25  
53786012684996972_5682402276,image,1/26/2025 23:00,328,11,#GalaxyS25  
84270794285586595_6804902090,image,2/9/2025 22:00,269,9,#GalaxyS25  
60172459094684103_1761799949,reel,2/12/2025 17:00,227,8,#GalaxyS25  
72749238927272469_6697808060,carousel,2/1/2025 17:00,88,0,#GalaxyS25  
37323573084237091_0270674224,image,12/10/2024 19:00,219,5,#GalaxyS25  
16226614865664055_2921103640,carousel,1/17/2025 6:00,70,1,#GalaxyS25  
08702125054095334_3076770449,reel,12/11/2024 10:00,439,10,#GalaxyS25  
96984944479335078_7919286076,carousel,2/17/2025 2:00,230,11,#GalaxyS25  
52954012275810372_3392958430,reel,2/14/2025 1:00,101,3,#GalaxyS25  
48508031953065486_9850876202,image,2/9/2025 14:00,256,4,#GalaxyS25  
54613848268859848_9898547624,image,1/5/2025 5:00,114,4,#GalaxyS25  
61994408008282100_9960335573,carousel,1/7/2025 18:00,137,6,#GalaxyS25  
21885802442370587_2661102502,reel,1/21/2025 8:00,289,13,#GalaxyS25  
92420165787212330_3108537735,carousel,12/16/2024 2:00,51,3,#GalaxyS25  
14670385253718523_3590114572,image,1/21/2025 20:00,477,15,#GalaxyS25  
26367572540954356_4952051855,image,1/30/2025 3:00,33,2,#GalaxyS25  
60684264779826748_6905745397,image,11/27/2024,1163,35,#GalaxyS25  
51602982400698274_1524862815,image,12/3/2024 6:00,35,2,#GalaxyS25  
05871222698695806_9840229505,reel,12/9/2024 20:00,93,1,#GalaxyS25  
25996118006585709_6352689221,image,1/27/2025 1:00,67,4,#GalaxyS25  
23675237632185281_1854552761,image,2/1/2025,108,8,#GalaxyS25  
48044703725210969_7933430118,image,2/18/2025 23:00,185,8,#GalaxyS25  
08659864345065179_9542276614,carousel,12/28/2024 18:00,180,9,#GalaxyS25  
28618611503076901_5265955892,image,2/14/2025,516,16,#GalaxyS25  
39512152424807651_7420766540,image,12/13/2024 21:00,204,8,#GalaxyS25  
76917141351870746_8922493515,carousel,1/10/2025 12:00,73,1,#GalaxyS25  
91576521327846594_6254437073,reel,12/28/2024 10:00,223,2,#GalaxyS25  
32897420735496201_7426550185,image,12/8/2024 12:00,37,1,#GalaxyS25  
65088175148910488_9190991659,carousel,2/5/2025 3:00,43,1,#GalaxyS25  
75557938046182130_8123201132,image,12/3/2024 12:00,163,7,#GalaxyS25  
98322250093739388_1249413228,image,12/31/2024 19:00,263,3,#GalaxyS25  
54104474203517424_0062933828,carousel,1/23/2025 8:00,193,5,#GalaxyS25  
83633184819926848_4769012109,image,1/28/2025 22:00,609,27,#GalaxyS25  
04617047977439403_2385351995,carousel,1/13/2025 4:00,459,13,#GalaxyS25  
81940975088531104_3573537888,reel,12/10/2024 13:00,370,14,#GalaxyS25  
73984521439712786_6079249165,reel,1/5/2025 10:00,204,1,#GalaxyS25  
69220255221506016_0457166275,image,11/30/2024 6:00,415,19,#GalaxyS25  
90283578369568211_8788735380,image,1/7/2025 14:00,162,6,#GalaxyS25  
80887741427571577_8115693653,image,11/29/2024 4:00,413,13,#GalaxyS25  
90245981157105077_9801326858,reel,12/26/2024 11:00,316,16,#GalaxyS25  
67879460455037698_3473283863,carousel,12/24/2024 4:00,289,12,#GalaxyS25  
25361713185588158_7968623125,image,12/28/2024 18:00,113,2,#GalaxyS25  
45719969267073124_4434533883,image,12/24/2024 8:00,107,2,#GalaxyS25  
89545536507683809_9835860731,image,2/15/2025 18:00,143,5,#GalaxyS25  
48857382387916391_3085202555,image,12/1/2024 21:00,310,11,#GalaxyS25  
80576772411272498_0366256203,image,1/10/2025 1:00,448,18,#GalaxyS25  
08314934881023761_6186976729,carousel,12/9/2024 1:00,933,0,#GalaxyS25  
24881883582413705_3295151165,carousel,1/24/2025 12:00,538,22,#GalaxyS25  
16721416054952448_2485294895,reel,11/27/2024 10:00,72,1,#GalaxyS25  
46823251734184450_4839445810,image,1/21/2025 23:00,561,12,#GalaxyS25  
04512225013272290_7571339671,image,1/27/2025 17:00,165,6,#GalaxyS25  
84226937266658245_2110568998,image,2/16/2025 19:00,155,8,#GalaxyS25  
00457658549678871_3872421517,image,12/14/2024 18:00,290,3,#GalaxyS25  
05681689954442441_9830173244,image,12/20/2024 2:00,214,10,#GalaxyS25  
38390710884698050_4609470084,image,12/7/2024 10:00,219,10,#GalaxyS25  
23413179850157458_5843572968,image,11/26/2024 2:00,936,28,#GalaxyS25  
62086497106536399_7938756563,reel,2/2/2025 11:00,94,2,#GalaxyS25  
27996833026743593_6261714870,carousel,12/28/2024 10:00,24,3,#GalaxyS25  
55051794658705709_5622934088,image,1/4/2025 8:00,24,0,#GalaxyS25  
22478754942168114_3641218852,carousel,12/16/2024 5:00,21,2,#GalaxyS25  
91355976673367304_7891917207,image,2/2/2025 4:00,188,13,#GalaxyS25  
28365509904667738_4647301330,image,1/12/2025 17:00,79,2,#GalaxyS25  
31401297764218896_6892844625,carousel,12/21/2024 22:00,521,14,#GalaxyS25  
91250076290058097_4105862085,image,1/2/2025,130,3,#GalaxyS25  
79241419079206019_4802172880,image,11/29/2024 10:00,1017,27,#GalaxyS25  
32089730893662712_6570390019,carousel,2/17/2025 3:00,44,1,#GalaxyS25  
91180826665778917_2176426949,image,12/18/2024 19:00,181,4,#GalaxyS25  
50410414441613058_6450416074,image,1/13/2025 10:00,258,8,#GalaxyS25  
77938561138071539_2742718651,carousel,1/18/2025 15:00,98,4,#GalaxyS25  
52373004686913484_4409587760,carousel,12/23/2024 23:00,152,4,#GalaxyS25  
14107025088717639_1630250918,carousel,12/23/2024 2:00,348,8,#GalaxyS25  
91900586118037846_2940622633,image,2/17/2025 12:00,594,9,#GalaxyS25  
80335249776956451_8137555342,image,2/2/2025 11:00,315,6,#GalaxyS25  
00232673833271796_7336032004,image,12/23/2024 22:00,124,2,#GalaxyS25  
11816079772238082_7106444853,image,12/7/2024 11:00,90,5,#GalaxyS25  
42908314531902522_8118443028,carousel,1/10/2025 14:00,361,10,#GalaxyS25  
64069675658129218_6399186938,reel,1/14/2025 16:00,74,3,#GalaxyS25  
99958785598177646_3832723325,carousel,12/22/2024 6:00,420,18,#GalaxyS25  
39715420683696010_2669032948,image,1/14/2025 4:00,135,6,#GalaxyS25  
86634817655763411_4992131266,carousel,12/26/2024 20:00,44,0,#GalaxyS25  
98222998324635587_2840707679,image,2/18/2025 16:00,263,7,#GalaxyS25  
76632006467989728_5033235356,carousel,12/30/2024 11:00,48,2,#GalaxyS25  
46053631563044397_9091814089,carousel,12/28/2024 12:00,33,1,#GalaxyS25  
62642900099065169_8130013554,image,2/6/2025 4:00,388,5,#GalaxyS25  
86947785648557317_1382626979,reel,12/13/2024 14:00,141,5,#GalaxyS25  
03308675140324494_6783282956,carousel,1/9/2025 23:00,254,11,#GalaxyS25  
30635007761207997_1821968449,carousel,12/7/2024 15:00,247,6,#GalaxyS25  
81654001048663581_1484594304,image,2/6/2025 14:00,156,3,#GalaxyS25  
43336567892373318_3160607082,image,12/8/2024 11:00,310,3,#GalaxyS25  
04465477994920354_1467168589,image,1/5/2025 8:00,271,7,#GalaxyS25  
30336526018505263_3936498059,carousel,2/11/2025 15:00,183,8,#GalaxyS25  
51885432264148393_0712503310,image,2/7/2025 18:00,174,1,#GalaxyS25  
82200382738814488_7437016418,image,2/21/2025 6:00,223,5,#GalaxyS25  
31587204533695923_1270046642,reel,12/7/2024 2:00,99,4,#GalaxyS25  
06141309695059872_8716184271,reel,12/31/2024 12:00,399,9,#GalaxyS25  
65741606110385999_4424886195,carousel,12/12/2024 1:00,530,16,#GalaxyS25  
55526212552867343_1027719956,carousel,1/17/2025 22:00,62,3,#GalaxyS25  
29847881837760341_9191210350,reel,1/24/2025 23:00,130,0,#GalaxyS25  
88010311122577408_9635954986,image,12/23/2024,1354,40,#GalaxyS25  
24482723265010258_6221956256,carousel,11/25/2024 17:00,101,5,#GalaxyS25  
78577346824209692_9404804816,reel,12/11/2024 23:00,446,11,#GalaxyS25  
07490227563494660_2456512604,image,12/1/2024 22:00,613,24,#GalaxyS25  
00661176600143587_3816061599,reel,2/16/2025 15:00,418,14,#GalaxyS25  
62991586303396693_4532162110,image,11/25/2024 22:00,194,4,#GalaxyS25  
91717704321988787_0536363830,reel,1/6/2025 22:00,265,13,#GalaxyS25  
07338922725406236_2086815392,reel,1/1/2025 23:00,102,2,#GalaxyS25  
62662793575354341_8734545957,carousel,1/13/2025 21:00,164,5,#GalaxyS25  
18223421911063643_7211332308,reel,1/30/2025 18:00,473,19,#GalaxyS25  
78633198495102492_3392142670,carousel,1/20/2025 1:00,334,10,#GalaxyS25  
95161282178511930_3618483272,image,12/9/2024 18:00,148,4,#GalaxyS25  
48147181395161730_1365092257,image,11/30/2024 4:00,204,4,#GalaxyS25  
36249047691126678_1163498359,carousel,1/26/2025 12:00,100,5,#GalaxyS25  
14782767789556344_7321472441,image,1/22/2025 10:00,39,1,#GalaxyS25  
13889719892289253_2727459650,carousel,12/8/2024 13:00,625,28,#GalaxyS25  
35013074304821226_4450088077,carousel,11/24/2024 6:00,149,4,#GalaxyS25  
47501584160091679_4206514623,reel,2/12/2025 5:00,264,10,#GalaxyS25  
87939061664501753_0633175995,image,2/15/2025 13:00,600,17,#GalaxyS25  
37610821362902172_9645795376,image,2/17/2025 7:00,86,1,#GalaxyS25  
73514370350842314_2734931472,image,12/15/2024 19:00,316,5,#GalaxyS25  
02083759380892873_1041507086,image,1/3/2025 10:00,212,11,#GalaxyS25  
19266082824192081_9981719292,image,2/6/2025 14:00,77,1,#GalaxyS25  
02261293462940635_5213418294,image,11/28/2024 22:00,160,3,#GalaxyS25  
81248866626278465_5704490910,carousel,12/4/2024 17:00,198,5,#GalaxyS25  
66042904609709412_6028680380,reel,12/7/2024 21:00,352,7,#GalaxyS25  
32357235738635101_8655052964,carousel,1/30/2025 6:00,37,1,#GalaxyS25  
55244483081807628_2649412897,image,12/14/2024 23:00,25,0,#GalaxyS25  
18947601215871501_2904340261,reel,12/23/2024 7:00,725,21,#GalaxyS25  
30417803247092989_1515422602,reel,2/17/2025 13:00,82,2,#GalaxyS25  
31315370441299416_4338957412,reel,1/15/2025 8:00,0,11,#GalaxyS25  
54776446556102633_7992741502,image,12/21/2024 2:00,1946,57,#GalaxyS25  
90552581381718826_1302754872,reel,1/16/2025 17:00,194,8,#GalaxyS25  
35362552426476099_1011726792,image,2/5/2025 8:00,108,1,#GalaxyS25  
59325916602913732_3164034401,carousel,2/8/2025 9:00,501,10,#GalaxyS25  
36824662087498679_2242412780,reel,2/2/2025 20:00,21,0,#GalaxyS25  
10728835121396850_4419255676,carousel,2/20/2025 22:00,378,5,#GalaxyS25  
38320892108022091_8672387272,image,2/19/2025 17:00,90,3,#GalaxyS25  
74123179245171097_3501601438,carousel,2/10/2025 15:00,306,5,#GalaxyS25  
64539298156755071_2970804113,reel,1/4/2025 5:00,548,11,#GalaxyS25  
80125429349903441_9464753882,reel,11/27/2024 20:00,183,6,#GalaxyS25  
32919814060159619_0467836195,reel,2/20/2025 7:00,63,1,#GalaxyS25  
67701606229293077_7837736990,image,2/8/2025 15:00,42,3,#GalaxyS25  
86950227662201637_6701650810,carousel,1/10/2025 15:00,594,18,#GalaxyS25  
30095169113194378_3314229587,reel,12/9/2024 10:00,281,11,#GalaxyS25  
12813322025530590_6246393565,reel,1/1/2025 13:00,191,6,#GalaxyS25  
15179878901721826_7611917955,carousel,12/25/2024 1:00,93,2,#GalaxyS25  
73876030564947701_3473593263,carousel,11/26/2024 7:00,126,0,#GalaxyS25  
20539428484491126_8553832142,carousel,2/11/2025 19:00,142,7,#GalaxyS25  
77605824597368741_2459578672,image,12/7/2024 1:00,71,2,#GalaxyS25  
85091108624323349_6176507994,image,2/6/2025 8:00,277,7,#GalaxyS25  
12767219888054374_1963917927,reel,12/27/2024 7:00,403,12,#GalaxyS25  
42675276289206185_8094443867,reel,12/4/2024 12:00,91,1,#GalaxyS25  
73170273499044288_7721901829,carousel,12/4/2024 9:00,1767,84,#GalaxyS25  
20594153213431019_5997189928,image,12/21/2024 13:00,51,2,#GalaxyS25  
00647233477339879_4644040913,carousel,1/24/2025 17:00,81,1,#GalaxyS25  
69600888161526498_4916923381,reel,1/27/2025 4:00,156,5,#GalaxyS25  
57650934635130143_2295096631,image,2/12/2025 5:00,254,8,#GalaxyS25  
76466103375472936_5919970568,image,2/20/2025 19:00,404,13,#GalaxyS25  
10564182340254920_1553873579,image,11/24/2024 13:00,122,3,#GalaxyS25  
26525535021024036_6515391821,carousel,1/6/2025 6:00,94,3,#GalaxyS25  
02888440901749459_2036255862,reel,1/17/2025 23:00,77,1,#GalaxyS25  
88001269426659540_6399291830,carousel,12/9/2024 17:00,305,7,#GalaxyS25  
29216316712935253_8040760017,image,2/15/2025 9:00,96,7,#GalaxyS25  
14240369616564797_6968693113,carousel,1/12/2025,449,10,#GalaxyS25  
78370092398881770_4547499173,carousel,2/12/2025 17:00,55,1,#GalaxyS25  
01014034013050020_6074931730,image,12/25/2024 2:00,135,4,#GalaxyS25  
89773636515495001_7065819174,image,2/18/2025 7:00,110,4,#GalaxyS25  
41688645438702777_0352871027,carousel,1/16/2025 16:00,254,10,#GalaxyS25  
10263221540391576_9698480412,image,1/1/2025 20:00,28,0,#GalaxyS25  
67145547906696359_5259656884,image,2/4/2025 16:00,320,7,#GalaxyS25  
26113894443028028_1662752576,image,12/9/2024 3:00,129,4,#GalaxyS25  
56740602038956364_6446449597,carousel,1/19/2025 7:00,289,8,#GalaxyS25  
95357134668668832_6079061269,reel,1/16/2025 7:00,326,7,#GalaxyS25  
84539595180456860_5944342126,carousel,2/14/2025 13:00,77,5,#GalaxyS25  
17611204749806776_5318034920,image,1/30/2025 8:00,417,13,#GalaxyS25  
03771366462333311_2849467307,carousel,1/26/2025 8:00,409,13,#GalaxyS25  
82441189651546882_3320699912,reel,1/12/2025 6:00,60,0,#GalaxyS25  
87481426086450164_1319227139,reel,11/24/2024 3:00,0,7,#GalaxyS25  
91311658715807511_8377215334,reel,2/10/2025 19:00,41,0,#GalaxyS25  
26393976398644833_2984626353,reel,12/9/2024 3:00,51,1,#GalaxyS25  
66893998615956749_5913405235,image,1/24/2025 20:00,58,1,#GalaxyS25  
63804379018389102_8876371162,image,12/20/2024 12:00,592,18,#GalaxyS25  
68389026770264676_7631648793,carousel,2/11/2025 10:00,0,3,#GalaxyS25  
30611554739578309_5123113718,reel,12/24/2024 9:00,258,10,#GalaxyS25  
64730863618089238_7124233324,image,12/29/2024 14:00,89,1,#GalaxyS25  
18523081358425150_0026791303,image,12/27/2024 2:00,106,5,#GalaxyS25  
65756799142448225_4329732255,image,2/3/2025 16:00,50,1,#GalaxyS25  
65486324577985522_2131519487,carousel,12/28/2024 11:00,137,6,#GalaxyS25  
06511910016043972_4201548544,reel,1/17/2025 1:00,146,3,#GalaxyS25  
82454038048650276_7732600795,reel,11/25/2024 18:00,122,3,#GalaxyS25  
72106550890334110_3473856311,reel,12/21/2024 1:00,189,8,#GalaxyS25  
15772636601291805_5464949355,carousel,1/27/2025 13:00,265,10,#GalaxyS25  
91117533613218438_4293869741,reel,12/17/2024 8:00,518,11,#GalaxyS25  
91802122607810595_3751739873,reel,1/24/2025 20:00,641,22,#GalaxyS25  
27420544559509406_0589993397,reel,1/25/2025 19:00,365,15,#GalaxyS25  
57894795895818908_4565739909,carousel,11/29/2024 9:00,171,3,#GalaxyS25  
95915995809876890_0306742781,reel,12/29/2024 23:00,136,5,#GalaxyS25  
01906367843007174_1318400808,reel,2/18/2025 19:00,116,0,#GalaxyS25  
97266346366494076_4281715877,image,1/18/2025 19:00,63,1,#GalaxyS25  
77724101751200899_9445848159,image,1/30/2025 21:00,51,0,#GalaxyS25  
50508439620436390_0868985062,carousel,1/20/2025 6:00,102,3,#GalaxyS25  
89355781720822022_1108542458,reel,1/4/2025 16:00,288,10,#GalaxyS25  
03100668899296906_2499047954,carousel,1/6/2025 14:00,353,6,#GalaxyS25  
01003417555960591_5531186290,image,1/14/2025 16:00,157,8,#GalaxyS25  
79267672280368490_4918005559,image,1/30/2025 23:00,698,11,#GalaxyS25  
56534634604481533_7712031736,carousel,1/18/2025 18:00,348,7,#GalaxyS25  
42242027728721156_0356093385,image,1/25/2025 1:00,116,4,#GalaxyS25  
18446522599586136_9237166324,carousel,2/7/2025 11:00,119,2,#GalaxyS25  
87396276220179837_2725575327,carousel,12/3/2024 4:00,0,38,#GalaxyS25  
78709788451960925_8629168836,image,11/27/2024 13:00,413,11,#GalaxyS25  
04312020850412782_7928342173,image,11/30/2024 20:00,123,0,#GalaxyS25  
50634859846705613_4636351859,image,2/2/2025 4:00,238,8,#GalaxyS25  
56054588613940571_2090320297,carousel,2/15/2025 17:00,324,17,#GalaxyS25  
64215214012298097_7453064304,carousel,2/15/2025 4:00,289,12,#GalaxyS25  
85839509093283366_4873253903,image,2/6/2025 4:00,13,0,#GalaxyS25  
48124918730713842_2020249247,image,1/29/2025 16:00,175,3,#GalaxyS25  
85933849034042018_6023388204,image,12/1/2024 22:00,159,6,#GalaxyS25  
18636605041305644_0250240129,reel,1/10/2025 18:00,230,8,#GalaxyS25  
71752565251306760_4455830893,carousel,12/12/2024 16:00,136,4,#GalaxyS25  
00013908029511032_4994705965,reel,1/31/2025 20:00,82,5,#GalaxyS25  
06063185835595805_8645235706,image,1/8/2025 8:00,77,5,#GalaxyS25  
36268835864234044_6449838018,image,12/17/2024 20:00,212,8,#GalaxyS25  
65207439107661882_2656591835,image,1/29/2025 23:00,247,11,#GalaxyS25  
30206708857239929_5206333201,reel,12/7/2024 6:00,126,3,#GalaxyS25  
21671854007071168_3885542277,reel,1/6/2025 7:00,46,2,#GalaxyS25  
86506274738708368_7807707800,image,1/12/2025 3:00,122,6,#GalaxyS25  
97031446531803840_8818610120,image,12/19/2024 1:00,129,5,#GalaxyS25  
21534483263151906_9313786452,image,12/23/2024,77,3,#GalaxyS25  
76507176472140299_0584300796,carousel,12/1/2024 13:00,884,25,#GalaxyS25  
34116404851190442_8355581538,carousel,1/23/2025 5:00,853,30,#GalaxyS25  
18940217820600138_1951991960,image,2/12/2025,83,1,#GalaxyS25  
48974826533328526_9006746501,carousel,12/15/2024 6:00,240,3,#GalaxyS25  
32168323906267087_9042535494,image,1/4/2025 12:00,473,15,#GalaxyS25  
58617007123404681_7155316621,reel,12/28/2024 13:00,110,4,#GalaxyS25  
19307350082003091_1622043578,carousel,11/28/2024 14:00,116,4,#GalaxyS25  
94749646748191978_4023985226,carousel,12/5/2024 10:00,593,23,#GalaxyS25  
90665359452242466_7644753873,carousel,12/10/2024 9:00,263,7,#GalaxyS25  
00436594495707713_0616375691,carousel,12/10/2024 22:00,168,9,#GalaxyS25  
53742215673225597_4233697675,reel,1/14/2025 23:00,420,19,#GalaxyS25  
74546000036209094_7962872836,image,12/29/2024 12:00,266,7,#GalaxyS25  
79311655845383283_2425728278,carousel,2/18/2025 23:00,201,6,#GalaxyS25  
88748914244395388_5082443131,carousel,1/31/2025 5:00,130,2,#GalaxyS25  
71329470738446505_5636583972,image,2/9/2025 15:00,336,15,#GalaxyS25  
20101483014381619_8682418752,image,1/3/2025 13:00,286,8,#GalaxyS25  
98775275731453243_2546866040,reel,1/17/2025 23:00,497,17,#GalaxyS25  
80909801760367468_2841613059,reel,12/18/2024 15:00,126,7,#GalaxyS25  
01461486356913293_2398903596,reel,1/21/2025 22:00,238,5,#GalaxyS25  
99863153082375266_6986130031,image,1/30/2025 15:00,998,35,#GalaxyS25  
08352481930170087_7788722195,reel,2/17/2025 11:00,58,3,#GalaxyS25  
30912239861179665_1486320833,image,11/29/2024 1:00,162,6,#GalaxyS25  
93129536352293885_5174076032,reel,1/29/2025 12:00,146,2,#GalaxyS25  
43494792109377454_1125018115,reel,2/15/2025 11:00,299,7,#GalaxyS25  
59251843820096450_3888327851,reel,1/2/2025 17:00,590,0,#GalaxyS25  
24548021545993984_5081757439,carousel,12/24/2024 5:00,194,8,#GalaxyS25  
41439557433078543_1919867959,carousel,12/7/2024 23:00,249,5,#GalaxyS25  
64034965751854636_2907105639,carousel,1/22/2025 6:00,101,5,#GalaxyS25  
60104493270415939_5861027191,image,2/10/2025 12:00,772,13,#GalaxyS25  
39134776930662764_3718284466,reel,12/2/2024 15:00,408,9,#GalaxyS25  
16262370759906325_3167244500,carousel,12/14/2024 6:00,256,7,#GalaxyS25  
56201488941713409_6101949976,image,2/17/2025 11:00,259,10,#GalaxyS25  
78813253075912129_6525839955,carousel,12/5/2024 1:00,83,4,#GalaxyS25  
29040141106900158_4960377341,image,2/21/2025 10:00,361,13,#GalaxyS25  
16786939229886076_7141351706,carousel,12/2/2024 21:00,68,3,#GalaxyS25  
10580912500436647_1564623855,carousel,1/16/2025 4:00,287,5,#GalaxyS25  
91213286933283507_6095366087,carousel,2/9/2025 11:00,120,5,#GalaxyS25  
90703571175821587_5190155873,reel,12/24/2024 2:00,62,3,#GalaxyS25  
34398019320055959_9621533850,image,1/11/2025 18:00,103,1,#GalaxyS25  
23539211625916053_6775404687,carousel,1/9/2025 18:00,9,1,#GalaxyS25  
61370427827392904_8189562659,image,2/1/2025 17:00,124,0,#GalaxyS25  
54771621435326061_4166808089,image,12/20/2024 2:00,182,3,#GalaxyS25  
40327501687342997_9528462244,reel,2/20/2025 10:00,266,10,#GalaxyS25  
06230936452280246_6041545545,carousel,1/13/2025 16:00,448,16,#GalaxyS25  
42993439280805535_3629831777,image,12/24/2024 12:00,221,8,#GalaxyS25  
11887446476933909_6276745085,carousel,12/26/2024 17:00,243,7,#GalaxyS25  
81094736784873847_4826491821,image,1/2/2025 13:00,72,1,#GalaxyS25  
22535049454957050_6208476844,reel,12/25/2024 17:00,100,6,#GalaxyS25  
02555929446401803_9262159654,reel,1/27/2025 11:00,111,6,#GalaxyS25  
01396734641944493_1069925791,reel,1/1/2025 17:00,384,8,#GalaxyS25  
80120149746234999_4099566683,carousel,2/18/2025 3:00,76,1,#GalaxyS25  
20901981974771332_9685501556,image,12/28/2024 7:00,313,8,#GalaxyS25  
20933125991068395_1461143205,image,1/19/2025 22:00,434,10,#GalaxyS25  
14012978498582200_0459270933,image,2/13/2025 5:00,36,1,#GalaxyS25  
74542280256154948_0580162811,carousel,1/29/2025 10:00,135,5,#GalaxyS25  
04854975576073544_9139615268,carousel,1/20/2025 2:00,44,0,#GalaxyS25  
95712143593378061_6993102358,image,11/30/2024 16:00,161,2,#GalaxyS25  
84468356558064948_1812644226,reel,2/20/2025 6:00,360,10,#GalaxyS25  
60043470458905312_7334559142,reel,12/17/2024 17:00,106,4,#GalaxyS25  
18457569486167426_2546825841,image,2/9/2025 5:00,263,4,#GalaxyS25  
94764294870870932_3427990905,image,2/20/2025 13:00,173,5,#GalaxyS25  
84476064028208810_3526998151,image,1/16/2025 8:00,304,9,#GalaxyS25  
09857005533374595_1791386358,carousel,12/9/2024 21:00,66,1,#GalaxyS25  
90542418599088099_0935054442,carousel,1/14/2025 11:00,57,0,#GalaxyS25  
94518857347262297_8530758744,image,12/11/2024 5:00,46,5,#GalaxyS25  
47205346334962343_4336056241,reel,12/12/2024 16:00,533,13,#GalaxyS25  
87566279102008532_0290020968,image,2/20/2025 1:00,470,10,#GalaxyS25  
86516331474328483_1851641045,image,12/24/2024 3:00,276,0,#GalaxyS25  
64262496617288614_5833312560,reel,12/13/2024 16:00,176,7,#GalaxyS25  
59534649108824398_6165456733,carousel,1/14/2025 13:00,132,6,#GalaxyS25  
21194306262742701_0993436664,reel,1/5/2025 10:00,97,3,#GalaxyS25  
98863562002286842_0831155956,image,12/9/2024 6:00,1435,35,#GalaxyS25  
41063282694374774_9916985072,reel,2/5/2025 16:00,422,13,#GalaxyS25  
89219323397579245_9512164902,carousel,12/2/2024 21:00,72,2,#GalaxyS25  
93327655134867354_5074949118,image,12/19/2024 20:00,252,7,#GalaxyS25  
80498448842924794_6698266214,image,2/21/2025 6:00,148,5,#GalaxyS25  
86530758746514002_9185682321,carousel,1/4/2025 12:00,203,2,#GalaxyS25  
78353976426034855_8941031768,reel,12/5/2024,612,18,#GalaxyS25  
32563683048548400_3511177161,reel,11/26/2024 13:00,62,3,#GalaxyS25  
39089016560746622_0509980230,image,1/5/2025 11:00,109,5,#GalaxyS25  
82219795490480129_9873910470,reel,2/13/2025,689,28,#GalaxyS25  
06720074828829347_9037692083,image,12/6/2024 3:00,789,21,#GalaxyS25  
47162705083384414_1597590587,image,1/18/2025 20:00,306,6,#GalaxyS25  
22478308882573130_2775628722,carousel,1/9/2025 1:00,191,4,#GalaxyS25  
77262565391196411_7245913626,carousel,12/8/2024,332,6,#GalaxyS25  
37683132541372187_0478331729,carousel,1/15/2025 21:00,461,22,#GalaxyS25  
81466399519884170_7918109517,image,1/23/2025 13:00,93,3,#GalaxyS25  
12847272693404899_0470226791,image,1/4/2025 1:00,24,1,#GalaxyS25  
81582980138335137_0847650686,carousel,1/7/2025,186,7,#GalaxyS25  
22730747919876811_3320027860,carousel,12/5/2024 8:00,269,9,#GalaxyS25  
38187064553315320_1655167470,image,1/27/2025 6:00,35,3,#GalaxyS25  
89237260971570183_9908127017,carousel,1/30/2025 2:00,75,2,#GalaxyS25  
66210740936180179_4893562749,image,1/11/2025 1:00,246,12,#GalaxyS25  
49070821807511509_4449951644,carousel,2/19/2025 1:00,210,7,#GalaxyS25  
48780351267363554_0083634644,image,12/11/2024 23:00,325,7,#GalaxyS25  
33987581710713733_6378421831,image,11/26/2024,325,15,#GalaxyS25  
07240294640647065_2686714809,carousel,12/17/2024 21:00,501,22,#GalaxyS25  
24510603576751845_6364191221,carousel,12/1/2024 21:00,450,13,#GalaxyS25  
17065379855955518_0026663406,reel,1/29/2025 8:00,162,4,#GalaxyS25  
41119771443901787_1189882302,image,12/18/2024 3:00,440,11,#GalaxyS25  
48438745799832016_9235475069,carousel,12/7/2024 7:00,80,4,#GalaxyS25  
42012343953403265_2961033806,carousel,12/23/2024 13:00,70,3,#GalaxyS25  
30767271067785424_7116704647,image,12/24/2024 9:00,64,2,#GalaxyS25  
61799182578630800_2802498503,carousel,2/5/2025 3:00,43,0,#GalaxyS25  
48825963738835444_9575175016,carousel,1/25/2025 15:00,658,17,#GalaxyS25  
18569591165122694_8155701419,carousel,1/24/2025 18:00,84,0,#GalaxyS25  
60297300852506251_2503131774,carousel,12/4/2024 18:00,187,6,#GalaxyS25  
95374958040083263_7826702907,carousel,11/24/2024 12:00,364,13,#GalaxyS25  
92707426549168364_3150464864,reel,1/27/2025 11:00,256,7,#GalaxyS25  
42183658680834387_9982925510,image,1/26/2025 21:00,161,7,#GalaxyS25  
86840839262009905_4203039288,image,2/4/2025 8:00,503,17,#GalaxyS25  
04649261578898990_0773132332,reel,11/25/2024 2:00,181,6,#GalaxyS25  
27898949560462551_0424609861,carousel,2/6/2025 12:00,336,10,#GalaxyS25  
40215555502688162_6609480000,image,1/4/2025 6:00,15,0,#GalaxyS25  
23358186305311930_8968180020,image,12/15/2024 16:00,417,12,#GalaxyS25  
33174606249974941_5498191810,image,12/7/2024 4:00,304,9,#GalaxyS25  
52459148821555923_3526959284,image,12/6/2024 5:00,92,0,#GalaxyS25  
10460738574744353_6055962128,reel,12/19/2024 20:00,113,6,#GalaxyS25  
79187632913596536_4626402859,reel,2/5/2025 17:00,79,1,#GalaxyS25  
20361558458403122_0188926687,reel,2/17/2025 8:00,131,2,#GalaxyS25  
84345906303725439_0971188866,carousel,12/12/2024 12:00,0,9,#GalaxyS25  
28972980131763851_6234338620,carousel,2/19/2025 4:00,385,11,#GalaxyS25  
61138298675092279_6881667541,image,1/19/2025 18:00,408,12,#GalaxyS25  
99002385601086757_7369795834,image,2/8/2025 19:00,605,15,#GalaxyS25  
87144974885740275_6991746675,reel,12/10/2024 14:00,37,1,#GalaxyS25  
18442870873826559_6681176347,reel,12/14/2024 11:00,883,30,#GalaxyS25  
12983413434863546_0829599110,reel,12/2/2024 12:00,173,6,#GalaxyS25  
92655551573751103_9648345200,image,2/13/2025 11:00,105,2,#GalaxyS25  
85150820745065789_8699359787,carousel,12/11/2024 11:00,231,2,#GalaxyS25  
91939697132815532_1118206948,reel,11/25/2024 18:00,362,9,#GalaxyS25  
38774720391780523_5843592282,image,1/5/2025 2:00,86,4,#GalaxyS25  
17179790925925345_6632593607,carousel,1/26/2025 11:00,0,16,#GalaxyS25  
08925125840348992_6140773355,image,12/9/2024 4:00,260,7,#GalaxyS25  
80331814085068535_4538419990,carousel,12/9/2024 17:00,680,24,#GalaxyS25  
37097089148146847_5090991804,reel,2/19/2025 22:00,255,7,#GalaxyS25  
18867342257349088_4479391960,image,2/3/2025 4:00,39,3,#GalaxyS25  
76222385844049755_3210469688,reel,1/21/2025 15:00,194,10,#GalaxyS25  
76258670018370799_4039303540,image,12/19/2024 3:00,136,5,#GalaxyS25  
79058509380402892_8588467773,carousel,1/11/2025 21:00,646,19,#GalaxyS25  
98296015938863395_9556007691,image,11/26/2024 14:00,313,10,#GalaxyS25  
34309355360506917_7993337156,image,12/23/2024 6:00,47,2,#GalaxyS25  
13119716560127084_8507335338,carousel,1/12/2025 12:00,210,7,#GalaxyS25  
88928917043204008_6899691680,image,12/15/2024,484,14,#GalaxyS25  
17388814032765818_7957591649,image,1/16/2025 1:00,691,0,#GalaxyS25  
75770165087323081_1055998672,image,12/21/2024 1:00,0,19,#GalaxyS25  
13459978128275457_3310964142,reel,12/22/2024 3:00,273,9,#GalaxyS25  
69271925703145564_0355270476,image,12/6/2024 13:00,53,1,#GalaxyS25  
36576083938954940_2031232895,reel,1/4/2025 10:00,51,0,#GalaxyS25  
40081662637534964_3518155250,carousel,1/7/2025 15:00,271,9,#GalaxyS25  
31737914604028196_8488800959,carousel,2/3/2025 18:00,364,11,#GalaxyS25  
41008639480647843_1299363272,image,1/30/2025 5:00,1059,35,#GalaxyS25  
20357021277599081_7863208540,image,1/21/2025 22:00,55,2,#GalaxyS25  
27787279774114397_8830756917,carousel,1/31/2025 12:00,381,18,#GalaxyS25  
47840798403246927_2239667988,image,12/2/2024 7:00,71,5,#GalaxyS25  
02424848592483382_1153563495,image,1/18/2025 3:00,215,10,#GalaxyS25  
75941258687054296_3517829671,image,12/18/2024 20:00,296,9,#GalaxyS25  
88435419528220562_3315764914,image,12/8/2024 5:00,0,7,#GalaxyS25  
97272089144735355_8189685551,reel,1/14/2025 2:00,704,23,#GalaxyS25  
26823883814928423_5783255245,image,2/7/2025 15:00,783,24,#GalaxyS25  
74879127994345252_1710041331,carousel,12/21/2024 15:00,67,1,#GalaxyS25  
84438817365782385_6487709589,image,2/13/2025 8:00,66,2,#GalaxyS25  
60318784074987031_9748766094,reel,11/27/2024 10:00,447,10,#GalaxyS25  
29592265435247225_2643824033,reel,12/4/2024 6:00,202,10,#GalaxyS25  
23941686912050976_4720203168,carousel,2/18/2025 8:00,0,0,#GalaxyS25  
61160281395355042_2755813272,image,1/18/2025 3:00,431,14,#GalaxyS25  
84782910685034035_9670956158,image,12/15/2024 20:00,434,12,#GalaxyS25  
39658377743622849_3598852307,reel,1/5/2025 19:00,101,1,#GalaxyS25  
36489109296757129_4029891650,carousel,12/5/2024 12:00,187,9,#GalaxyS25  
89414082567036209_2197202803,image,1/11/2025 9:00,264,6,#GalaxyS25  
82047631861538730_3992471813,reel,12/12/2024 23:00,255,13,#GalaxyS25  
15820738932563885_8081217562,image,1/24/2025 2:00,402,16,#GalaxyS25  
40137240167106824_2225487146,image,12/17/2024 21:00,152,5,#GalaxyS25  
19443793587692563_9374267754,reel,12/25/2024 11:00,177,7,#GalaxyS25  
09202581603669745_2051392649,image,1/17/2025 8:00,151,6,#GalaxyS25  
98320898861637979_3302682461,image,12/10/2024 13:00,73,5,#GalaxyS25  
12218372206204566_1590289672,carousel,1/28/2025 15:00,649,21,#GalaxyS25  
52560921519105220_9796081803,carousel,1/27/2025 7:00,0,3,#GalaxyS25  
08289716061756589_8370963890,reel,1/11/2025 7:00,100,0,#GalaxyS25  
74588125046024403_1142890529,image,2/8/2025 3:00,115,3,#GalaxyS25  
26963361548797159_0478887553,carousel,12/30/2024 23:00,89,0,#GalaxyS25  
36381071627361721_5957282920,image,1/16/2025 11:00,63,2,#GalaxyS25  
13645737151267286_3791661608,image,2/11/2025 9:00,564,17,#GalaxyS25  
99469699345078415_2970585218,image,2/14/2025 7:00,72,3,#GalaxyS25  
06119685767963578_3754001262,carousel,12/1/2024 22:00,75,6,#GalaxyS25  
30870520802722025_7843241200,carousel,11/28/2024 22:00,133,8,#GalaxyS25  
28855982454989001_4614099728,image,12/11/2024 14:00,250,3,#GalaxyS25  
47441337174688531_3426672166,image,1/16/2025,49,3,#GalaxyS25  
66098588748309289_0160240741,carousel,12/30/2024 12:00,73,0,#GalaxyS25  
58628314334159847_2846673750,image,12/16/2024 12:00,310,11,#GalaxyS25  
85316042162851100_8310050106,image,1/13/2025 23:00,200,5,#GalaxyS25  
13328301317246683_8160931990,image,1/25/2025 11:00,427,8,#GalaxyS25  
42559312798599070_6376932390,carousel,1/1/2025 23:00,1090,33,#GalaxyS25  
51390117810264080_0122508087,carousel,12/24/2024 22:00,332,12,#GalaxyS25  
93804548875489430_3836912128,carousel,12/25/2024 21:00,102,1,#GalaxyS25  
37098760608218362_1675803721,reel,2/19/2025 2:00,188,3,#GalaxyS25  
80365825644008789_8169596079,image,12/12/2024 1:00,174,0,#GalaxyS25  
73742529935648753_6260957896,carousel,2/18/2025 21:00,846,25,#GalaxyS25  
14776538513566792_2719314984,carousel,1/9/2025 9:00,276,9,#GalaxyS25  
91949140913542022_3686917863,image,12/2/2024 22:00,846,26,#GalaxyS25  
83909912545673098_9059945131,image,11/29/2024 22:00,235,5,#GalaxyS25  
13780449815550241_3673726766,reel,11/29/2024 21:00,349,15,#GalaxyS25  
26956701835556350_3075872178,image,1/27/2025 2:00,63,3,#GalaxyS25  
82281715345224858_5401768881,carousel,2/7/2025 22:00,240,6,#GalaxyS25  
80026783939364753_4439656442,image,1/25/2025 6:00,324,9,#GalaxyS25  
01722241109239399_1052651640,image,1/19/2025 17:00,159,6,#GalaxyS25  
32202233884548153_4977928727,image,12/28/2024 20:00,556,14,#GalaxyS25  
54528878030708519_7260343546,carousel,12/16/2024 1:00,397,8,#GalaxyS25  
55762078557161230_1418055936,image,1/6/2025 18:00,113,3,#GalaxyS25  
26423636534437274_4684440739,carousel,2/11/2025 19:00,193,5,#GalaxyS25  
43828236289536722_6684127581,image,12/27/2024 19:00,112,3,#GalaxyS25  
52566456818448896_9586686224,image,12/11/2024 10:00,414,14,#GalaxyS25  
59225731455584961_2041360485,reel,1/13/2025 7:00,323,6,#GalaxyS25  
65880670491563826_0747230217,carousel,1/27/2025 22:00,88,6,#GalaxyS25  
82128018951061332_6686824008,image,12/8/2024 6:00,166,9,#GalaxyS25  
81437277163121276_1600477367,reel,2/16/2025 1:00,201,6,#GalaxyS25  
58881412401873982_8894786762,image,12/17/2024 6:00,350,16,#GalaxyS25  
48151782735177949_5888827988,image,12/10/2024 3:00,805,30,#GalaxyS25  
40650415897607598_7968057565,image,1/6/2025 10:00,503,14,#GalaxyS25  
19614815562235512_2458038007,image,11/27/2024 15:00,310,16,#GalaxyS25  
18607361932223416_4760857363,reel,1/19/2025 10:00,160,8,#GalaxyS25  
53693835978586537_4307062019,image,12/21/2024 18:00,89,0,#GalaxyS25  
86611309347599508_3292985306,carousel,1/3/2025 14:00,78,1,#GalaxyS25  
51308951422639937_8566017911,carousel,2/19/2025 20:00,265,11,#GalaxyS25  
89182185880874092_3187156807,carousel,2/19/2025 7:00,95,4,#GalaxyS25  
62714326724696975_4975588940,carousel,1/12/2025,738,21,#GalaxyS25  
85949843694873076_7066538521,carousel,1/7/2025 5:00,317,9,#GalaxyS25  
59753804530330873_4649029193,carousel,12/6/2024 15:00,1062,34,#GalaxyS25  
63935949797433825_7388151037,reel,2/5/2025 17:00,60,0,#GalaxyS25  
83855292859438930_4526502369,image,1/6/2025 4:00,191,0,#GalaxyS25  
21599038063397197_0102649573,carousel,12/26/2024 15:00,118,3,#GalaxyS25  
56085624445045975_7588258201,carousel,2/20/2025 17:00,556,20,#GalaxyS25  
30702119615800976_8957890336,reel,11/28/2024 2:00,642,25,#GalaxyS25  
85293808409495896_2654980586,image,2/15/2025 20:00,77,1,#GalaxyS25  
63576941777942602_8045656577,image,1/13/2025 2:00,639,12,#GalaxyS25  
39968988567800428_6314882611,reel,12/26/2024 20:00,125,5,#GalaxyS25  
18673826872608070_6608526754,carousel,1/31/2025 18:00,285,7,#GalaxyS25  
18542556424563704_3765107815,reel,2/12/2025 23:00,106,1,#GalaxyS25  
66798419368271134_5065283635,carousel,1/6/2025 21:00,307,8,#GalaxyS25  
40877520382183310_0489936809,reel,2/21/2025 2:00,88,1,#GalaxyS25  
05135890876562117_4813715188,image,12/15/2024 20:00,182,8,#GalaxyS25  
09771037050047787_6868055942,reel,1/7/2025 3:00,195,6,#GalaxyS25  
83040601523219535_9072011015,carousel,12/8/2024 19:00,94,4,#GalaxyS25  
94254161284807939_0916049257,carousel,1/1/2025 11:00,189,0,#GalaxyS25  
91091564063665555_0406349157,reel,1/1/2025 9:00,91,5,#GalaxyS25  
17638995181053004_1905272974,image,2/8/2025 3:00,641,18,#GalaxyS25  
53067836244007936_7672306345,image,12/29/2024 9:00,659,21,#GalaxyS25  
57475512557612326_0513541197,image,11/30/2024 13:00,318,10,#GalaxyS25  
86041070886396623_0908366045,carousel,2/19/2025,305,9,#GalaxyS25  
86160690109282307_7924686325,image,2/3/2025 21:00,466,15,#GalaxyS25  
57458006433361509_9132421790,carousel,1/26/2025 15:00,283,9,#GalaxyS25  
44686113170130641_2240036901,carousel,1/24/2025 4:00,190,3,#GalaxyS25  
69236253015822913_2979938004,image,12/16/2024,399,18,#GalaxyS25  
37814916429792796_1212066859,reel,2/2/2025 19:00,461,17,#GalaxyS25  
72442738644427839_8377763400,carousel,12/30/2024 12:00,123,2,#GalaxyS25  
79938822622362251_5017638042,carousel,1/18/2025 7:00,201,9,#GalaxyS25  
44880102005371840_9936407647,reel,12/23/2024 12:00,174,7,#GalaxyS25  
51036045236438176_4238328701,image,1/6/2025 14:00,260,3,#GalaxyS25  
12967661956976040_4238742261,image,1/23/2025 10:00,195,7,#GalaxyS25  
23487201167739176_7935931247,carousel,1/4/2025 21:00,571,19,#GalaxyS25  
88979136896547753_0710576678,carousel,12/10/2024 21:00,46,4,#GalaxyS25  
10345965152525578_6715754378,carousel,11/29/2024 14:00,443,14,#GalaxyS25  
10654696025662475_7300909385,reel,12/6/2024 21:00,10,3,#GalaxyS25  
66369517952238363_0943286246,carousel,12/29/2024 12:00,36,1,#GalaxyS25  
95553713100282719_5163170925,reel,1/14/2025 11:00,161,0,#GalaxyS25  
56451300288357209_5567875487,reel,12/15/2024 20:00,32,0,#GalaxyS25  
18107722399956533_3979782072,image,2/14/2025 8:00,140,0,#GalaxyS25  
50396650644273129_2775784013,image,1/17/2025 1:00,375,12,#GalaxyS25  
43489462001579826_2500067144,carousel,1/24/2025 18:00,84,3,#GalaxyS25  
71943856916587724_4096754982,carousel,2/13/2025 5:00,49,3,#GalaxyS25  
71411805494761812_2449948539,image,2/7/2025 3:00,204,0,#GalaxyS25  
91293395479074266_4696801712,image,1/10/2025 23:00,293,14,#GalaxyS25  
00851284396160535_1431537198,reel,1/2/2025 6:00,142,4,#GalaxyS25  
44157938576082267_3297436972,image,12/30/2024,289,5,#GalaxyS25  
20776797815211892_5368780611,reel,1/3/2025 2:00,469,11,#GalaxyS25  
27670504230388752_7050714635,image,12/29/2024 19:00,333,6,#GalaxyS25  
36560775692050701_5295490116,image,12/29/2024 12:00,442,8,#GalaxyS25  
57964602184680782_2706744030,image,1/23/2025 16:00,135,4,#GalaxyS25  
48424347345034723_6530046984,image,1/27/2025 14:00,74,5,#GalaxyS25  
60850599086830670_3901887835,image,1/17/2025 5:00,352,12,#GalaxyS25  
81551225759752723_7936411225,image,12/30/2024 18:00,144,3,#GalaxyS25  
85871702513648545_2995124984,carousel,1/19/2025 18:00,52,3,#GalaxyS25  
06288045877111180_8672147730,image,12/4/2024 2:00,209,9,#GalaxyS25  
17287977478551550_2636460769,image,1/25/2025 9:00,266,7,#GalaxyS25  
98307888027656735_3699115991,image,1/25/2025 4:00,98,1,#GalaxyS25  
11444834749539369_1672322559,carousel,12/23/2024 20:00,85,2,#GalaxyS25  
36816566054826487_8165572204,image,12/27/2024 20:00,445,10,#GalaxyS25  
00483750274516331_8482108162,reel,1/13/2025 17:00,131,0,#GalaxyS25  
53231554176024782_9471802744,image,12/22/2024 15:00,135,3,#GalaxyS25  
69618817521466610_0234893281,image,12/24/2024 15:00,14,0,#GalaxyS25  
56670272438022418_0077917477,image,11/24/2024 1:00,410,15,#GalaxyS25  
01678420177818996_6521047153,reel,1/10/2025 20:00,443,10,#GalaxyS25  
28757850729923831_4429949771,reel,1/18/2025 7:00,72,3,#GalaxyS25  
67103467940641401_0278057417,reel,12/29/2024 20:00,141,4,#GalaxyS25  
15182490095812919_6824156104,image,2/18/2025 12:00,223,8,#GalaxyS25  
78762396047795901_4600695613,image,12/10/2024 11:00,103,4,#GalaxyS25  
90272174254578873_2899688186,image,2/5/2025 9:00,194,7,#GalaxyS25  
30006218886202721_6899444774,reel,12/18/2024 14:00,168,4,#GalaxyS25  
93105710071869604_3598074271,image,12/29/2024 18:00,152,4,#GalaxyS25  
90067990504681351_9796667488,reel,11/27/2024 4:00,28,0,#GalaxyS25  
52670878328101596_7420306417,image,1/10/2025 1:00,83,2,#GalaxyS25  
54943878803417468_0174342411,image,1/17/2025 13:00,201,8,#GalaxyS25  
63526454908964517_8437426425,image,1/25/2025 15:00,590,20,#GalaxyS25  
49094100500412870_1892309720,image,1/24/2025 7:00,1278,48,#GalaxyS25  
53185143193879539_7184646414,reel,12/11/2024 19:00,0,3,#GalaxyS25  
24738445823685181_1005180645,carousel,1/16/2025 13:00,134,1,#GalaxyS25  
15017198779360675_1932273131,image,1/12/2025 8:00,82,1,#GalaxyS25  
27781106016913632_3432089255,reel,1/16/2025 12:00,512,9,#GalaxyS25  
06587390932973150_4207069468,reel,1/2/2025 23:00,27,0,#GalaxyS25  
62486719826361713_3947476000,image,12/20/2024 9:00,407,9,#GalaxyS25  
62327524877381192_1686061122,reel,2/17/2025 9:00,226,12,#GalaxyS25  
14148428967959078_1835271874,carousel,12/17/2024 8:00,304,8,#GalaxyS25  
72554259152709618_1753746866,image,12/15/2024,417,16,#GalaxyS25  
66257737210818538_9923593498,carousel,11/24/2024 13:00,111,4,#GalaxyS25  
60384658672928876_4441220353,image,11/25/2024 14:00,310,12,#GalaxyS25  
86513240827021464_3183148166,image,12/17/2024 17:00,235,9,#GalaxyS25  
24951409124328397_4443898488,reel,1/14/2025 20:00,123,1,#GalaxyS25  
96755312766909404_3335003458,reel,1/19/2025 6:00,825,0,#GalaxyS25  
07968346683067136_7698092511,image,1/17/2025 17:00,30,0,#GalaxyS25  
79092913261190271_6936986826,carousel,1/6/2025 19:00,301,12,#GalaxyS25  
03225579067525781_2009480498,image,2/19/2025 3:00,88,2,#GalaxyS25  
17923569565192020_7067395068,reel,12/24/2024 1:00,78,3,#GalaxyS25  
61144312988038506_8082665080,carousel,1/27/2025,791,26,#GalaxyS25  
73184739081397204_0011058016,image,2/5/2025 2:00,635,19,#GalaxyS25  
48584228516313496_8909752103,carousel,1/25/2025 14:00,51,2,#GalaxyS25  
08032894027088500_0164746344,image,2/11/2025,260,11,#GalaxyS25  
38760465946185570_8168329020,carousel,2/10/2025 10:00,75,3,#GalaxyS25  
70238475038091823_6962048059,image,11/26/2024 14:00,64,2,#GalaxyS25  
75716510016175786_7664974157,carousel,2/19/2025 18:00,98,3,#GalaxyS25  
93998471863794605_0143991992,reel,12/29/2024 17:00,96,0,#GalaxyS25  
91069968337771028_2524925533,carousel,2/10/2025 20:00,240,5,#GalaxyS25  
26842564039383084_9686868772,reel,12/26/2024 18:00,134,5,#GalaxyS25  
84637192517886828_1230424598,image,1/18/2025 7:00,193,10,#GalaxyS25  
13861752611334799_1860044149,reel,1/13/2025 19:00,139,3,#GalaxyS25  
71159392750175692_0428176746,reel,2/13/2025 21:00,343,6,#GalaxyS25  
96015275302262609_9671088040,carousel,12/20/2024 15:00,71,0,#GalaxyS25  
66889244342561390_6501745687,carousel,12/24/2024 13:00,100,3,#GalaxyS25  
35548864816169907_8685791443,carousel,1/8/2025 5:00,209,9,#GalaxyS25  
88553848096694412_6669106290,carousel,1/22/2025 4:00,43,0,#GalaxyS25  
30017955603334356_1682739829,image,1/5/2025 3:00,389,11,#GalaxyS25  
84572589771838248_1033060945,image,2/15/2025 19:00,96,3,#GalaxyS25  
46819067236096536_7958139629,carousel,2/12/2025 17:00,84,2,#GalaxyS25  
99822483221647705_1546689866,image,2/6/2025 9:00,250,10,#GalaxyS25  
06703602961501842_0178273886,reel,2/8/2025 20:00,374,9,#GalaxyS25  
17831687554358214_4239802495,reel,2/4/2025 3:00,70,4,#GalaxyS25  
70599811801234126_5495458605,image,1/21/2025 20:00,162,7,#GalaxyS25  
04627233718612992_6339137599,image,11/24/2024,141,5,#GalaxyS25  
05904885182032578_5832417605,image,2/2/2025 16:00,429,12,#GalaxyS25  
56134993645468785_1972906045,carousel,12/30/2024 11:00,203,8,#GalaxyS25  
34732096183975451_7308360627,carousel,1/21/2025 9:00,172,4,#GalaxyS25  
94119917510450398_8842301956,reel,1/4/2025 17:00,137,7,#GalaxyS25  
78070908398144322_2450007759,image,1/13/2025 12:00,114,0,#GalaxyS25  
51668122340286296_7081596380,image,1/17/2025 18:00,150,5,#GalaxyS25  
61468722194647131_8926496128,reel,1/4/2025 23:00,89,2,#GalaxyS25  
03925713064675052_7955657103,carousel,2/12/2025 4:00,68,3,#GalaxyS25  
94110040263209082_2272007032,carousel,1/8/2025 2:00,161,6,#GalaxyS25  
56501652469462788_2657248707,reel,2/16/2025 16:00,326,9,#GalaxyS25  
30412245767685187_8366209450,carousel,1/16/2025 21:00,310,5,#GalaxyS25  
88572104087586526_7556554660,reel,12/27/2024 9:00,400,9,#GalaxyS25  
56772256144765417_2587553991,reel,12/7/2024 16:00,448,17,#GalaxyS25  
57646409584404976_5106453624,image,12/31/2024 4:00,189,11,#GalaxyS25  
96363851102920780_4921564426,reel,11/25/2024 21:00,160,0,#GalaxyS25  
18850238172367826_0155967612,reel,1/2/2025 7:00,234,6,#GalaxyS25  
94141783751961003_3762494061,carousel,2/14/2025 5:00,506,17,#GalaxyS25  
76263242970756896_0776368712,reel,12/31/2024 16:00,44,2,#GalaxyS25  
32342772616792380_6511039693,image,12/31/2024 6:00,246,8,#GalaxyS25  
00902120093421606_0994070566,carousel,2/5/2025 11:00,401,7,#GalaxyS25  
50595529290704261_2605911725,image,1/4/2025 10:00,123,2,#GalaxyS25  
23788318600755065_1938629234,image,12/12/2024,130,6,#GalaxyS25  
90384023223614565_6621599032,carousel,1/31/2025 4:00,74,1,#GalaxyS25  
53932327884795216_2519203482,carousel,2/16/2025 23:00,83,6,#GalaxyS25  
21921663724227372_5367062709,carousel,1/23/2025 2:00,197,10,#GalaxyS25  
90398667054099307_1717778321,reel,1/13/2025 1:00,939,33,#GalaxyS25  
99527687467743959_0660428801,image,2/6/2025 16:00,184,8,#GalaxyS25  
01606343152708353_0295537366,image,1/5/2025 12:00,155,5,#GalaxyS25  
12529060087278178_0093077332,image,1/20/2025 20:00,22,0,#GalaxyS25  
66834089658046321_7033442079,reel,2/7/2025 14:00,156,4,#GalaxyS25  
56964639497910240_9334521005,image,1/5/2025 2:00,41,1,#GalaxyS25  
90039040969318862_3967283906,image,1/28/2025 10:00,218,9,#GalaxyS25  
85194352238433952_9009518132,reel,12/2/2024,643,20,#GalaxyS25  
79168796073643630_5815727771,reel,2/5/2025 2:00,200,10,#GalaxyS25  
06692070409354678_8689700895,reel,1/10/2025 19:00,249,9,#GalaxyS25  
32987951976962276_6951312987,image,2/6/2025 17:00,105,4,#GalaxyS25  
30720780593411412_0475771109,reel,12/23/2024 7:00,135,3,#GalaxyS25  
51405513930427554_6766342497,image,12/13/2024 23:00,202,1,#GalaxyS25  
67621255140522129_0158763196,image,12/8/2024 21:00,76,3,#GalaxyS25  
38245413598558622_5541901110,reel,11/25/2024 11:00,88,4,#GalaxyS25  
42678270110238075_9216129365,carousel,12/8/2024,649,22,#GalaxyS25  
98040325304532441_6445941620,carousel,2/14/2025 14:00,174,5,#GalaxyS25  
36547172828835793_6019008105,carousel,2/5/2025 17:00,334,11,#GalaxyS25  
80439317163506527_1902990999,carousel,12/18/2024 15:00,34,3,#GalaxyS25  
92310306267119780_9478224581,carousel,12/5/2024 8:00,135,2,#GalaxyS25  
29189128529096740_9196533169,carousel,1/9/2025,0,23,#GalaxyS25  
40199017728244929_7364919804,carousel,12/19/2024 23:00,531,11,#GalaxyS25  
98197453524358342_1261130314,image,2/20/2025 11:00,1134,0,#GalaxyS25  
93027450435639761_2125407282,carousel,12/12/2024 12:00,80,3,#GalaxyS25  
35649231260215753_4850418101,carousel,2/21/2025 3:00,152,1,#GalaxyS25  
81234379016401513_4567990655,image,1/22/2025 17:00,85,3,#GalaxyS25  
42802623239285155_9158369398,image,12/27/2024,862,27,#GalaxyS25  
73945176325245941_7952264487,carousel,1/28/2025 16:00,796,20,#GalaxyS25  
58068065187313570_4172890103,carousel,2/11/2025 3:00,364,9,#GalaxyS25  
42220928579577686_0455953860,reel,1/3/2025 15:00,113,3,#GalaxyS25  
34215308806219565_5735832455,image,1/9/2025 13:00,361,15,#GalaxyS25  
78939833601268515_0457569786,image,2/2/2025 8:00,543,13,#GalaxyS25  
26050951953424588_2392267287,carousel,12/26/2024 9:00,160,3,#GalaxyS25  
83140392604669678_6495111483,reel,1/24/2025 12:00,412,20,#GalaxyS25  
11698312299217959_0283253633,carousel,12/5/2024 21:00,413,10,#GalaxyS25  
92126042673605957_8090037867,reel,1/16/2025 8:00,34,2,#GalaxyS25  
73524774626388355_2140611703,carousel,2/17/2025,367,15,#GalaxyS25  
55778348110631287_4378725329,reel,2/15/2025 11:00,611,15,#GalaxyS25  
41965252308921613_2709804110,image,1/4/2025 6:00,101,5,#GalaxyS25  
57366215502041434_2878002444,carousel,12/3/2024,830,32,#GalaxyS25  
33781221913744130_5535648412,image,12/1/2024 4:00,565,20,#GalaxyS25  
26479239994435691_9969970003,carousel,11/29/2024 20:00,372,8,#GalaxyS25  
80840337993497801_4630509274,reel,1/1/2025 6:00,396,11,#GalaxyS25  
35257876230930980_3939338608,reel,1/16/2025 22:00,23,0,#GalaxyS25  
34945903349864239_3847069548,reel,1/18/2025 12:00,84,3,#GalaxyS25  
83491785632642976_2817986311,reel,12/10/2024 2:00,959,0,#GalaxyS25  
84860258639753401_9031147787,image,1/31/2025 2:00,1060,28,#GalaxyS25  
11410715028327451_6614228301,image,1/1/2025 14:00,274,8,#GalaxyS25  
67333932699066841_3969625587,carousel,2/9/2025 2:00,372,12,#GalaxyS25  
36442957646561910_9466102834,carousel,1/11/2025 18:00,72,1,#GalaxyS25  
98115924748189508_8401171346,carousel,2/17/2025,216,6,#GalaxyS25  
61770933285290501_5431129247,carousel,1/2/2025 21:00,504,12,#GalaxyS25  
28125904631225294_0166374738,carousel,1/23/2025 13:00,182,13,#GalaxyS25  
88254167272255311_1991432752,image,12/23/2024 5:00,591,20,#GalaxyS25  
13302080943041681_2551702704,image,2/8/2025 4:00,181,9,#GalaxyS25  
29327118426909865_5136023100,carousel,1/14/2025 9:00,50,3,#GalaxyS25  
44604950423174086_6147547719,carousel,2/14/2025 13:00,68,2,#GalaxyS25  
72327598259028062_8154259284,carousel,12/26/2024 17:00,259,5,#GalaxyS25  
54286181689742928_5001684420,reel,2/13/2025 1:00,127,5,#GalaxyS25  
67620861088322650_1881210325,carousel,11/29/2024 5:00,186,0,#GalaxyS25  
97285303707970348_9698138911,carousel,1/29/2025 20:00,0,0,#GalaxyS25  
57116700145945118_6623443896,carousel,2/7/2025 18:00,465,11,#GalaxyS25  
50060458681340004_6076299886,carousel,1/13/2025 17:00,65,0,#GalaxyS25  
85676985228243810_2931803023,image,11/29/2024 15:00,117,2,#GalaxyS25  
44847788344857480_5874935523,image,2/20/2025 22:00,223,8,#GalaxyS25  
84241305436923673_6053696305,reel,1/15/2025 20:00,67,0,#GalaxyS25  
85572017387940138_0627861283,image,2/21/2025 1:00,235,4,#GalaxyS25  
26019730644223803_5052139286,image,1/28/2025 7:00,127,4,#GalaxyS25  
99014960719257194_7054213294,carousel,12/27/2024 23:00,691,19,#GalaxyS25  
76464696009154430_8768572932,image,11/26/2024 4:00,80,2,#GalaxyS25  
66270619791176967_0064154619,reel,1/16/2025 4:00,176,9,#GalaxyS25  
90827149341830944_9247712703,carousel,2/5/2025 10:00,126,7,#GalaxyS25  
39663751332889127_6137137036,reel,12/28/2024 2:00,479,10,#GalaxyS25  
33505778583272179_2854148121,carousel,2/10/2025 17:00,234,8,#GalaxyS25  
19956629795679479_9951789456,carousel,12/23/2024 4:00,121,2,#GalaxyS25  
45206379733115764_4005799329,reel,12/19/2024 18:00,75,2,#GalaxyS25  
01535238048334641_2492141378,carousel,2/14/2025 6:00,358,10,#GalaxyS25  
91429924351985285_2225158784,reel,12/15/2024 7:00,112,2,#GalaxyS25  
73339042453858527_0978604515,carousel,1/16/2025 15:00,273,12,#GalaxyS25  
31693740434755635_9012588379,carousel,1/3/2025 12:00,204,0,#GalaxyS25  
40244926122849053_8368369998,image,12/28/2024 10:00,426,14,#GalaxyS25  
13215843217701280_6997851949,carousel,12/8/2024 14:00,212,5,#GalaxyS25  
05463497617176809_9878053903,image,12/18/2024 15:00,968,36,#GalaxyS25  
58266386710793509_2349696969,carousel,1/5/2025 5:00,73,3,#GalaxyS25  
91981866860635491_7080477835,image,2/18/2025 10:00,70,2,#GalaxyS25  
39027824150352715_2993047835,image,1/24/2025 8:00,271,3,#GalaxyS25  
37507850285470720_5715625351,reel,1/31/2025 5:00,544,16,#GalaxyS25  
68468451568162071_3598366533,carousel,12/16/2024 16:00,118,2,#GalaxyS25  
58366488520248600_5363361480,carousel,12/17/2024 22:00,72,0,#GalaxyS25  
51760950970350982_2235094365,carousel,1/12/2025 22:00,155,3,#GalaxyS25  
81938063179946455_8714833802,image,12/4/2024,210,7,#GalaxyS25  
04170926880893434_7793199205,reel,1/22/2025 6:00,41,2,#GalaxyS25  
10052942065286866_8364646845,image,2/15/2025 15:00,131,5,#GalaxyS25  
14317918126042802_7060480819,image,12/4/2024 22:00,716,28,#GalaxyS25  
52054747808463259_6102248556,reel,12/11/2024,171,5,#GalaxyS25  
00217972079867923_1850406219,image,1/2/2025 12:00,544,17,#GalaxyS25  
15920886874957445_2252930379,reel,1/21/2025 14:00,74,3,#GalaxyS25  
93822305115614977_7550582914,image,1/2/2025 9:00,348,10,#GalaxyS25  
05757415590170233_2409644273,image,12/9/2024 6:00,273,12,#GalaxyS25  
90019488092619097_1205297867,image,12/18/2024 3:00,655,0,#GalaxyS25  
18727644125655873_5021348204,carousel,1/19/2025 5:00,279,12,#GalaxyS25  
50341674329561916_6372703231,reel,1/14/2025 11:00,60,1,#GalaxyS25  
59343612698035706_9654878447,image,2/2/2025 10:00,1097,36,#GalaxyS25  
18602832774732359_8419051352,reel,11/24/2024 23:00,270,6,#GalaxyS25  
36660769537813353_8785782134,carousel,2/2/2025 8:00,26,3,#GalaxyS25  
64582727050394487_0726473490,image,2/7/2025 18:00,1282,33,#GalaxyS25  
43231463395788975_0074538470,carousel,2/7/2025 21:00,857,29,#GalaxyS25  
31999076262839760_9091825087,carousel,12/21/2024 3:00,317,7,#GalaxyS25  
76684568849616710_5858092141,reel,12/29/2024 12:00,305,9,#GalaxyS25  
52536666177887324_5847339648,image,2/8/2025 4:00,50,0,#GalaxyS25  
88950495443364789_8153972308,reel,12/19/2024 1:00,417,13,#GalaxyS25  
54076040381352333_8041431689,reel,12/28/2024 2:00,58,2,#GalaxyS25  
36843332094747502_1821465255,carousel,12/19/2024 5:00,717,15,#GalaxyS25  
60974556902409547_5172818025,reel,1/4/2025 19:00,203,8,#GalaxyS25  
54798579369000176_1063417844,reel,11/29/2024 11:00,605,16,#GalaxyS25  
35040851219468914_8554968594,carousel,1/16/2025,192,6,#GalaxyS25  
78165447144144166_4504654494,reel,2/16/2025,86,2,#GalaxyS25  
32026853001759864_5371678980,carousel,1/14/2025 18:00,161,6,#GalaxyS25  
19083781242098755_8090658042,carousel,12/23/2024 17:00,430,9,#GalaxyS25  
41914808118891071_1389417785,carousel,2/15/2025 2:00,506,15,#GalaxyS25  
71165284829318887_3814958953,image,12/30/2024 14:00,453,15,#GalaxyS25  
28111535785301535_0906735435,carousel,1/18/2025 11:00,277,10,#GalaxyS25  
32392905252240416_8362550441,image,1/27/2025 2:00,207,4,#GalaxyS25  
80416303100974633_6726283762,image,1/12/2025 10:00,100,2,#GalaxyS25  
17937480751569925_9844474674,carousel,12/2/2024 22:00,72,2,#GalaxyS25  
73214279169760782_7431785742,reel,2/6/2025 6:00,171,5,#GalaxyS25  
61367461305605578_9413853474,carousel,1/23/2025 2:00,215,4,#GalaxyS25  
51957200716124398_3493780554,image,1/13/2025,30,1,#GalaxyS25  
34673437457146062_6294022726,carousel,12/14/2024 17:00,263,5,#GalaxyS25  
81200501348442289_2565063891,carousel,12/18/2024 14:00,175,5,#GalaxyS25  
14100046403629009_2591987823,carousel,2/3/2025 3:00,23,1,#GalaxyS25  
16498294118245123_4129226728,reel,1/5/2025 23:00,616,19,#GalaxyS25  
93845067096518693_4230707820,image,1/4/2025 6:00,187,5,#GalaxyS25  
00177403711113400_0798622325,image,12/22/2024 4:00,386,11,#GalaxyS25  
96512260043532448_3752739120,image,1/24/2025 3:00,519,17,#GalaxyS25  
74539680914865685_1738295208,carousel,2/11/2025 22:00,306,6,#GalaxyS25  
62339154108939143_5075626135,image,1/19/2025 4:00,243,4,#GalaxyS25  
55385115632118935_3183743893,image,12/12/2024 4:00,29,0,#GalaxyS25  
81088321776521786_6171537492,image,1/14/2025 15:00,26,0,#GalaxyS25  
11506090055796818_3328463987,image,11/26/2024 22:00,132,6,#GalaxyS25  
95210411681304810_8550220658,image,12/14/2024 11:00,134,2,#GalaxyS25  
55348883166199135_5444632831,carousel,2/20/2025 16:00,457,12,#GalaxyS25  
34036866991651680_3301310115,reel,11/27/2024 21:00,224,9,#GalaxyS25  
93718814298214568_6327871460,image,1/20/2025 8:00,335,11,#GalaxyS25  
17694614154797601_4427444344,image,11/26/2024 1:00,368,12,#GalaxyS25  
32682242727105046_0230852063,reel,12/25/2024 8:00,240,9,#GalaxyS25  
23629246004038719_1642548787,carousel,1/10/2025 7:00,81,3,#GalaxyS25  
78481473589271902_1956270825,carousel,12/18/2024 7:00,154,3,#GalaxyS25  
41550605669384161_4390488082,carousel,11/29/2024 22:00,526,21,#GalaxyS25  
87290335221997452_9510297010,carousel,1/5/2025 19:00,124,4,#GalaxyS25  
11724842423782370_5445236817,carousel,1/21/2025 14:00,232,0,#GalaxyS25  
18536771245022694_4038497452,carousel,12/28/2024 1:00,274,4,#GalaxyS25  
00106025998533177_5481909677,carousel,1/6/2025 22:00,187,6,#GalaxyS25  
87812804625923809_8144987233,image,1/19/2025 7:00,234,4,#GalaxyS25  
65215669713447509_9826146965,image,1/24/2025 8:00,355,10,#GalaxyS25  
15139158902014364_2112288130,reel,1/31/2025 1:00,492,14,#GalaxyS25  
77603865939515741_3286464311,carousel,2/2/2025 20:00,326,21,#GalaxyS25  
64905426727685275_5164705852,image,1/2/2025 2:00,151,4,#GalaxyS25  
88611198800880257_5764024040,carousel,1/12/2025,213,9,#GalaxyS25  
10435190917537690_5453139263,reel,2/20/2025 5:00,89,6,#GalaxyS25  
93067468893088198_2245436563,image,2/8/2025 3:00,96,1,#GalaxyS25  
98117648804037603_8603717994,carousel,12/12/2024 1:00,64,1,#GalaxyS25  
88339127003919523_1563543038,carousel,1/18/2025 14:00,204,7,#GalaxyS25  
92169887240074583_4663785780,image,1/1/2025 22:00,16,0,#GalaxyS25  
42136917987105310_3741595164,image,1/17/2025 6:00,538,20,#GalaxyS25  
43412300029109235_7031573187,carousel,11/30/2024 22:00,313,7,#GalaxyS25  
87062354836801082_4819338780,image,2/4/2025 11:00,187,4,#GalaxyS25  
59599189679200641_0155166576,carousel,12/29/2024 16:00,726,20,#GalaxyS25  
10552314328082912_8409961579,image,11/26/2024 22:00,695,20,#GalaxyS25  
10196788976007334_4237326088,reel,2/2/2025 20:00,45,2,#GalaxyS25  
13896010556921330_0655832200,carousel,1/1/2025 19:00,469,0,#GalaxyS25  
16779207010766562_6876490382,image,1/29/2025 9:00,37,1,#GalaxyS25  
46304542334721196_8946967354,reel,12/26/2024 12:00,317,0,#GalaxyS25  
84569653108249266_6056273259,carousel,12/15/2024 2:00,106,2,#GalaxyS25  
23939923173735244_0262050900,carousel,2/8/2025,264,7,#GalaxyS25  
15452705091721451_2505009274,image,12/5/2024 23:00,98,3,#GalaxyS25  
93906804027415352_1030730734,carousel,1/24/2025 9:00,1600,48,#GalaxyS25  
65976601487440041_0941954161,image,1/23/2025 8:00,347,0,#GalaxyS25  
11704179558263038_3269104736,reel,2/18/2025 11:00,376,14,#GalaxyS25  
09445852959114186_1514656659,reel,1/3/2025 5:00,51,2,#GalaxyS25  
26831258422043166_2126485578,image,12/26/2024 22:00,299,8,#GalaxyS25  
13223489573706523_5592801292,carousel,12/14/2024 7:00,246,9,#GalaxyS25  
76060522555978559_7644997816,image,2/9/2025 7:00,672,18,#GalaxyS25  
43272983037250917_7500032255,carousel,12/17/2024 19:00,1727,62,#GalaxyS25  
53982246971366879_7907096879,image,1/13/2025 22:00,369,14,#GalaxyS25  
88779577249292629_7885197028,carousel,12/12/2024 11:00,103,1,#GalaxyS25  
57018979940224345_1799055014,image,12/7/2024 10:00,195,3,#GalaxyS25  
71532196921814889_5733105222,image,1/23/2025 5:00,37,0,#GalaxyS25  
20865689669211469_3208120197,carousel,1/9/2025 22:00,226,6,#GalaxyS25  
51797705894392790_8773220829,image,12/27/2024 14:00,314,10,#GalaxyS25  
61800979400106540_5865669348,carousel,12/18/2024 21:00,285,7,#GalaxyS25  
28848877234707269_6630520619,carousel,2/20/2025 4:00,128,2,#GalaxyS25  
97334245207871609_3844148232,reel,2/15/2025 17:00,99,3,#GalaxyS25  
88741958202182953_9678540824,reel,1/6/2025 14:00,1050,27,#GalaxyS25  
75081631881731338_6471880463,reel,1/6/2025 22:00,223,7,#GalaxyS25  
89081695347774018_0404050906,reel,12/12/2024 2:00,130,3,#GalaxyS25  
87900291361792555_2163342422,image,1/30/2025 22:00,123,4,#GalaxyS25  
16030652077156396_4132128164,carousel,1/7/2025 8:00,22,1,#GalaxyS25  
15380169439421104_2920032859,reel,1/21/2025 6:00,494,14,#GalaxyS25  
29303513836826060_5321478654,reel,12/26/2024 12:00,411,10,#GalaxyS25  
68539413403121128_8471390670,reel,1/12/2025 16:00,0,6,#GalaxyS25  
64096143727621396_6816673986,image,1/24/2025 15:00,276,6,#GalaxyS25  
84741382027629388_7793664971,carousel,2/14/2025 15:00,378,8,#GalaxyS25  
34332765140242185_5750649978,image,1/3/2025 10:00,541,13,#GalaxyS25  
36050822549446122_0789561979,carousel,2/16/2025 3:00,550,23,#GalaxyS25  
54179833232387240_1989751076,carousel,1/15/2025 23:00,475,16,#GalaxyS25  
19839861457308709_8258105568,reel,1/14/2025 12:00,667,28,#GalaxyS25  
27281805154237603_1619284891,reel,1/28/2025 21:00,100,2,#GalaxyS25  
50090304537048024_9397439115,carousel,1/24/2025 18:00,138,3,#GalaxyS25  
65088243794270315_5009693901,carousel,2/5/2025 21:00,123,3,#GalaxyS25  
88352066522899131_7485336070,image,12/22/2024 6:00,259,8,#GalaxyS25  
90815125289719607_2252416284,carousel,1/30/2025 14:00,81,3,#GalaxyS25  
18129530348461706_8804834711,image,1/3/2025 21:00,375,5,#GalaxyS25  
58697406450166715_7036324706,reel,11/30/2024 23:00,15,0,#GalaxyS25  
30638679661343637_7315756888,image,11/28/2024 20:00,24,2,#GalaxyS25  
35359255094240038_6624295862,image,1/8/2025 17:00,289,10,#GalaxyS25  
89713030910631340_3794176398,image,2/16/2025 7:00,194,8,#GalaxyS25  
51056859296198370_2156541098,carousel,2/6/2025 14:00,334,11,#GalaxyS25  
90515092398539291_5642264486,image,12/17/2024 2:00,180,7,#GalaxyS25  
45109176126738074_8861738994,image,12/18/2024 15:00,748,17,#GalaxyS25  
20000138293760617_9692500379,carousel,2/5/2025 8:00,275,8,#GalaxyS25  
61930374675316469_9857418213,image,2/14/2025 8:00,64,2,#GalaxyS25  
51917078535645572_1050216416,carousel,12/15/2024 21:00,112,5,#GalaxyS25  
92779902597569478_4829596312,image,2/14/2025 16:00,104,3,#GalaxyS25  
67781771584644808_3103958673,image,1/5/2025,894,25,#GalaxyS25  
86791912361207236_9034090425,carousel,2/2/2025 16:00,93,2,#GalaxyS25  
11109806069959250_3196272994,carousel,2/14/2025 14:00,140,4,#GalaxyS25  
24333186526670529_7396658876,image,1/28/2025,17,0,#GalaxyS25  
73322076092861923_3010220629,image,1/13/2025 2:00,58,1,#GalaxyS25  
51943958097359894_5914976685,carousel,12/3/2024 23:00,783,26,#GalaxyS25  
95990076046137663_6025909680,image,12/13/2024 20:00,133,7,#GalaxyS25  
88974204097815529_8750859049,image,2/16/2025 22:00,532,21,#GalaxyS25  
30027153072324503_2388992701,carousel,11/25/2024 3:00,182,5,#GalaxyS25  
19650844006320842_0033819441,reel,1/4/2025 11:00,85,0,#GalaxyS25  
04970439476308142_4494686706,carousel,1/29/2025 13:00,653,21,#GalaxyS25  
43220888392533163_3773516215,reel,12/21/2024 15:00,409,6,#GalaxyS25  
32863757928060639_7202539484,carousel,2/16/2025 15:00,206,7,#GalaxyS25  
12089723738507432_5326996898,image,12/16/2024 4:00,452,11,#GalaxyS25  
46821775873054709_1661784585,image,2/13/2025 19:00,94,3,#GalaxyS25  
58905374157980206_2885740798,image,12/5/2024,310,14,#GalaxyS25  
87522195817031785_4499822969,carousel,2/10/2025 13:00,98,6,#GalaxyS25  
70484560778011625_6693035360,carousel,2/11/2025 7:00,346,10,#GalaxyS25  
52386420499708238_5073692443,image,12/9/2024 4:00,33,1,#GalaxyS25  
45518951005728746_8114573279,carousel,2/10/2025 1:00,532,9,#GalaxyS25  
53082468253842392_5383580161,image,12/29/2024 21:00,498,18,#GalaxyS25  
95003933979178075_5051836750,image,11/24/2024 8:00,484,21,#GalaxyS25  
24644714043563674_5929486220,carousel,1/20/2025,295,8,#GalaxyS25  
58178294213069671_7077741151,image,1/26/2025 3:00,238,6,#GalaxyS25  
44914558030977740_6349252631,reel,2/19/2025 8:00,51,0,#GalaxyS25  
35833469630836202_7755666337,image,12/22/2024 21:00,208,10,#GalaxyS25  
72018254850271256_2221784028,image,2/18/2025,308,10,#GalaxyS25  
47677531132171787_2332172054,image,2/19/2025,90,1,#GalaxyS25  
35809435272385447_1929713537,image,2/17/2025 4:00,178,4,#GalaxyS25  
85979565026625180_6578065613,carousel,11/25/2024 7:00,369,16,#GalaxyS25  
01500664864933294_2603862385,reel,12/1/2024 7:00,460,14,#GalaxyS25  
94792217092669628_3355647921,image,12/19/2024 21:00,180,5,#GalaxyS25  
35019277898063011_0227817085,carousel,12/1/2024 5:00,513,18,#GalaxyS25  
